line_item_id,product_id,sheet_id,sheet_name,product_name,category,section,source_row,material_name_raw,quantity_raw,unit_raw,unit_price_raw,total_raw,suggested_tipo_escala
1,1,1,CAMA MODELO CHEMBER  (2),CAMA CHEMBER 2X2,Cama,EBANISTA WILMER MANO DE OBRA=,8,MADERA (2),700.0,APAMATE,140.0,98000.0,FORMULA
2,1,1,CAMA MODELO CHEMBER  (2),CAMA CHEMBER 2X2,Cama,EBANISTA WILMER MANO DE OBRA=,9,MDF DE 3,,LAMINA,65000.0,0.0,FORMULA
3,1,1,CAMA MODELO CHEMBER  (2),CAMA CHEMBER 2X2,Cama,EBANISTA WILMER MANO DE OBRA=,10,LAMINA DE 15,0.0,LAMINA,210000.0,0.0,AREA
4,1,1,CAMA MODELO CHEMBER  (2),CAMA CHEMBER 2X2,Cama,EBANISTA WILMER MANO DE OBRA=,11,LAMINA DE 5.5,,LAMINA,130000.0,0.0,FORMULA
5,1,1,CAMA MODELO CHEMBER  (2),CAMA CHEMBER 2X2,Cama,EBANISTA WILMER MANO DE OBRA=,12,COLBON,0.7,LITRO,14000.0,9800.0,VOLUMEN
6,1,1,CAMA MODELO CHEMBER  (2),CAMA CHEMBER 2X2,Cama,EBANISTA WILMER MANO DE OBRA=,13,GRAPAS,0.12,CAJA,12000.0,1440.0,ESPACIADO
7,1,1,CAMA MODELO CHEMBER  (2),CAMA CHEMBER 2X2,Cama,EBANISTA WILMER MANO DE OBRA=,14,GANCHOS,1.0,PAR,,,FIJO
8,1,1,CAMA MODELO CHEMBER  (2),CAMA CHEMBER 2X2,Cama,EBANISTA WILMER MANO DE OBRA=,15,F40,7.0,TIRAS,1000.0,7000.0,FORMULA
9,1,1,CAMA MODELO CHEMBER  (2),CAMA CHEMBER 2X2,Cama,EBANISTA WILMER MANO DE OBRA=,16,"TORNILLOS DE 2""",100.0,Unidad,100.0,10000.0,ESPACIADO
10,1,1,CAMA MODELO CHEMBER  (2),CAMA CHEMBER 2X2,Cama,EBANISTA WILMER MANO DE OBRA=,17,ebanisteria 300.000 x 5% de m.o,,,,315000.0,FORMULA
11,1,1,CAMA MODELO CHEMBER  (2),CAMA CHEMBER 2X2,Cama,EBANISTA WILMER MANO DE OBRA=,19,gastos de Ebanisteria e 10%,,,,44124.0,FORMULA
12,1,1,CAMA MODELO CHEMBER  (2),CAMA CHEMBER 2X2,Cama,EBANISTA WILMER MANO DE OBRA=,23,CORREDERAS 35 NORMAL,,PAR,12000.0,0.0,FIJO
13,1,1,CAMA MODELO CHEMBER  (2),CAMA CHEMBER 2X2,Cama,EBANISTA WILMER MANO DE OBRA=,24,"MDF DE 2,7",,1 PEDAZO DE 1.00X46=46,65000.0,0.0,FORMULA
14,1,1,CAMA MODELO CHEMBER  (2),CAMA CHEMBER 2X2,Cama,EBANISTA WILMER MANO DE OBRA=,25,LAM MDF 5,,1 PEDASO DE 1.50X40=60,130000.0,0.0,FORMULA
15,1,1,CAMA MODELO CHEMBER  (2),CAMA CHEMBER 2X2,Cama,EBANISTA WILMER MANO DE OBRA=,26,LAM MDF 9,,"1 PEDASO DE 1,50X40=60",140.0,21875.0,FORMULA
16,1,1,CAMA MODELO CHEMBER  (2),CAMA CHEMBER 2X2,Cama,EBANISTA WILMER MANO DE OBRA=,27,COLBON,,litros,14000.0,0.0,FORMULA
17,1,1,CAMA MODELO CHEMBER  (2),CAMA CHEMBER 2X2,Cama,EBANISTA WILMER MANO DE OBRA=,28,GRAPAS,,Unidad,600.0,0.0,FIJO
18,1,1,CAMA MODELO CHEMBER  (2),CAMA CHEMBER 2X2,Cama,EBANISTA WILMER MANO DE OBRA=,29,CLAVILLOS N F 40,,TIRA,1000.0,0.0,FIJO
19,1,1,CAMA MODELO CHEMBER  (2),CAMA CHEMBER 2X2,Cama,EBANISTA WILMER MANO DE OBRA=,30,HECHURA,,PAR,157500.0,0.0,FIJO
20,1,1,CAMA MODELO CHEMBER  (2),CAMA CHEMBER 2X2,Cama,EBANISTA WILMER MANO DE OBRA=,31,"TORNILLOS DE 2""",,Unidad,100.0,0.0,FIJO
21,1,1,CAMA MODELO CHEMBER  (2),CAMA CHEMBER 2X2,Cama,EBANISTA WILMER MANO DE OBRA=,34,gastos de Ebanisteria e 5%,,,,26294.75,FORMULA
22,1,1,CAMA MODELO CHEMBER  (2),CAMA CHEMBER 2X2,Cama,SECCION PINTURA Y PREPARADA DE NOCHERO,36,SECCION PINTURA Y PREPARADA,DE NOCHERO,,,,FORMULA
23,1,1,CAMA MODELO CHEMBER  (2),CAMA CHEMBER 2X2,Cama,SECCION PINTURA Y PREPARADA DE NOCHERO,37,PREPARADO JOTA,,CON EL 5%,36750.0,0.0,FORMULA
24,1,1,CAMA MODELO CHEMBER  (2),CAMA CHEMBER 2X2,Cama,SECCION PINTURA Y PREPARADA DE NOCHERO,38,PINTURA ALEX,,CON EL 5%,36750.0,0.0,FORMULA
25,1,1,CAMA MODELO CHEMBER  (2),CAMA CHEMBER 2X2,Cama,SECCION PINTURA Y PREPARADA DE NOCHERO,39,SELLADOR,,PISTOLADAS,18000.0,0.0,FORMULA
26,1,1,CAMA MODELO CHEMBER  (2),CAMA CHEMBER 2X2,Cama,SECCION PINTURA Y PREPARADA DE NOCHERO,40,LIJA 400,,unidades,2000.0,0.0,FORMULA
27,1,1,CAMA MODELO CHEMBER  (2),CAMA CHEMBER 2X2,Cama,SECCION PINTURA Y PREPARADA DE NOCHERO,41,NITRO,,galon,70000.0,0.0,FORMULA
28,1,1,CAMA MODELO CHEMBER  (2),CAMA CHEMBER 2X2,Cama,SECCION PINTURA Y PREPARADA DE NOCHERO,42,VIDRIOS,,unidad,45000.0,0.0,FORMULA
29,1,1,CAMA MODELO CHEMBER  (2),CAMA CHEMBER 2X2,Cama,SECCION PINTURA Y PREPARADA DE NOCHERO,43,TALCO,,unidad,2500.0,0.0,FORMULA
30,1,1,CAMA MODELO CHEMBER  (2),CAMA CHEMBER 2X2,Cama,SECCION PINTURA Y PREPARADA DE NOCHERO,44,TINER,,GALON,34000.0,0.0,FORMULA
31,1,1,CAMA MODELO CHEMBER  (2),CAMA CHEMBER 2X2,Cama,SECCION PINTURA Y PREPARADA DE NOCHERO,45,TOPES,,JALADORES,3000.0,0.0,FORMULA
32,1,1,CAMA MODELO CHEMBER  (2),CAMA CHEMBER 2X2,Cama,SECCION PINTURA Y PREPARADA DE NOCHERO,46,BLANCO POLIURETANO,,PISTOLADA,57500.0,0.0,FORMULA
33,1,1,CAMA MODELO CHEMBER  (2),CAMA CHEMBER 2X2,Cama,SECCION PINTURA Y PREPARADA DE NOCHERO,47,COLOR,,PISTOLADA,22000.0,0.0,FORMULA
34,1,1,CAMA MODELO CHEMBER  (2),CAMA CHEMBER 2X2,Cama,SECCION PINTURA Y PREPARADA DE NOCHERO,48,ENCINA,,galon,160000.0,0.0,FORMULA
35,1,1,CAMA MODELO CHEMBER  (2),CAMA CHEMBER 2X2,Cama,SECCION PINTURA Y PREPARADA DE NOCHERO,49,GASOLINA,,ML,4500.0,0.0,FORMULA
36,1,1,CAMA MODELO CHEMBER  (2),CAMA CHEMBER 2X2,Cama,SECCION PINTURA Y PREPARADA DE NOCHERO,50,RESANE,,LITRO,20000.0,0.0,FORMULA
37,1,1,CAMA MODELO CHEMBER  (2),CAMA CHEMBER 2X2,Cama,SECCION PINTURA Y PREPARADA DE NOCHERO,51,LACA S/M,,PISTOLADA,23000.0,0.0,FORMULA
38,1,1,CAMA MODELO CHEMBER  (2),CAMA CHEMBER 2X2,Cama,SECCION PINTURA Y PREPARADA DE NOCHERO,53,Gastos de Pintura 10%,,,,0.0,FORMULA
39,1,1,CAMA MODELO CHEMBER  (2),CAMA CHEMBER 2X2,Cama,SECCION PINTURA Y PREPARADA PATAS,55,SECCION PINTURA Y PREPARADA,PATAS ,,,,FORMULA
40,1,1,CAMA MODELO CHEMBER  (2),CAMA CHEMBER 2X2,Cama,SECCION PINTURA Y PREPARADA PATAS,56,PREPARADO JOTA,,CON EL 5%,63000.0,0.0,FORMULA
41,1,1,CAMA MODELO CHEMBER  (2),CAMA CHEMBER 2X2,Cama,SECCION PINTURA Y PREPARADA PATAS,57,PINTURA ALEX,,CON EL 5%,26250.0,0.0,FORMULA
42,1,1,CAMA MODELO CHEMBER  (2),CAMA CHEMBER 2X2,Cama,SECCION PINTURA Y PREPARADA PATAS,58,PINTURA DE PATAS ALEX,,,2100.0,0.0,FIJO
43,1,1,CAMA MODELO CHEMBER  (2),CAMA CHEMBER 2X2,Cama,SECCION PINTURA Y PREPARADA PATAS,59,SELLADOR,,PISTOLADAS,18000.0,0.0,FORMULA
44,1,1,CAMA MODELO CHEMBER  (2),CAMA CHEMBER 2X2,Cama,SECCION PINTURA Y PREPARADA PATAS,60,LIJA 400,,unidades,2000.0,0.0,FORMULA
45,1,1,CAMA MODELO CHEMBER  (2),CAMA CHEMBER 2X2,Cama,SECCION PINTURA Y PREPARADA PATAS,61,NITRO,,galon,,0.0,FORMULA
46,1,1,CAMA MODELO CHEMBER  (2),CAMA CHEMBER 2X2,Cama,SECCION PINTURA Y PREPARADA PATAS,62,lija 220,,unidad,2000.0,0.0,FORMULA
47,1,1,CAMA MODELO CHEMBER  (2),CAMA CHEMBER 2X2,Cama,SECCION PINTURA Y PREPARADA PATAS,63,lija 120,,unidad,2000.0,0.0,FORMULA
48,1,1,CAMA MODELO CHEMBER  (2),CAMA CHEMBER 2X2,Cama,SECCION PINTURA Y PREPARADA PATAS,64,LACA SEMIMATE,,GALON,23000.0,0.0,FORMULA
49,1,1,CAMA MODELO CHEMBER  (2),CAMA CHEMBER 2X2,Cama,SECCION PINTURA Y PREPARADA PATAS,65,kerosen,,litro,18000.0,0.0,FORMULA
50,1,1,CAMA MODELO CHEMBER  (2),CAMA CHEMBER 2X2,Cama,SECCION PINTURA Y PREPARADA PATAS,66,COLOR,,PISTOLADA,20000.0,0.0,FORMULA
51,1,1,CAMA MODELO CHEMBER  (2),CAMA CHEMBER 2X2,Cama,SECCION PINTURA Y PREPARADA PATAS,67,TINTE MIEL,,galon,,0.0,FORMULA
52,1,1,CAMA MODELO CHEMBER  (2),CAMA CHEMBER 2X2,Cama,SECCION PINTURA Y PREPARADA PATAS,68,GASOLINA,,LITRO,4.5,0.0,FORMULA
53,1,1,CAMA MODELO CHEMBER  (2),CAMA CHEMBER 2X2,Cama,SECCION PINTURA Y PREPARADA PATAS,69,RESANE,,LITRO,23000.0,0.0,FORMULA
54,1,1,CAMA MODELO CHEMBER  (2),CAMA CHEMBER 2X2,Cama,SECCION PINTURA Y PREPARADA PATAS,70,LACA BRILLANTE,,PISTOLADA,23000.0,0.0,FORMULA
55,1,1,CAMA MODELO CHEMBER  (2),CAMA CHEMBER 2X2,Cama,SECCION PINTURA Y PREPARADA PATAS,72,Gastos de Pintura 10%,,,,32095.1,FORMULA
56,1,1,CAMA MODELO CHEMBER  (2),CAMA CHEMBER 2X2,Cama,SECCION TERMINACION,75,TOMAS NEGROS,,UNIDAD,10500.0,0.0,FORMULA
57,1,1,CAMA MODELO CHEMBER  (2),CAMA CHEMBER 2X2,Cama,SECCION TERMINACION,76,REGLETA ANCHA,,UNIDAD,20000.0,0.0,FORMULA
58,1,1,CAMA MODELO CHEMBER  (2),CAMA CHEMBER 2X2,Cama,SECCION TERMINACION,77,REGLETA DELGADA,,UNIDAD,20000.0,0.0,FORMULA
59,1,1,CAMA MODELO CHEMBER  (2),CAMA CHEMBER 2X2,Cama,SECCION TERMINACION,78,LAMPARAS DE LUZ,,UNIDADES,100000.0,0.0,FORMULA
60,1,1,CAMA MODELO CHEMBER  (2),CAMA CHEMBER 2X2,Cama,SECCION TERMINACION,79,CABLE DE 12,,METROS,3000.0,0.0,FORMULA
61,1,1,CAMA MODELO CHEMBER  (2),CAMA CHEMBER 2X2,Cama,SECCION TERMINACION,80,APAGADORES,,PAR,1500.0,0.0,FORMULA
62,1,1,CAMA MODELO CHEMBER  (2),CAMA CHEMBER 2X2,Cama,SECCION TERMINACION,81,ENCHUFLES BLANCO MACHO,,UNIDADES,2000.0,0.0,FORMULA
63,1,1,CAMA MODELO CHEMBER  (2),CAMA CHEMBER 2X2,Cama,SECCION TERMINACION,82,HERRAJES DE CAMA,,PAR,160000.0,0.0,FORMULA
64,1,1,CAMA MODELO CHEMBER  (2),CAMA CHEMBER 2X2,Cama,SECCION TERMINACION,83,JALADORES,,UNIDAD,26800.0,0.0,FIJO
65,1,1,CAMA MODELO CHEMBER  (2),CAMA CHEMBER 2X2,Cama,SECCION TERMINACION,84,MULTIUSOS,,UNIDADES,3000.0,0.0,FORMULA
66,1,1,CAMA MODELO CHEMBER  (2),CAMA CHEMBER 2X2,Cama,SECCION TERMINACION,85,CORREDERAS,,unidades,8000.0,0.0,FIJO
67,1,1,CAMA MODELO CHEMBER  (2),CAMA CHEMBER 2X2,Cama,SECCION TERMINACION,86,EMBALADA,,unidades,150000.0,0.0,FORMULA
68,1,1,CAMA MODELO CHEMBER  (2),CAMA CHEMBER 2X2,Cama,SECCION TERMINACION,89,SECCION TENDIDO,,,,0.0,FORMULA
69,1,1,CAMA MODELO CHEMBER  (2),CAMA CHEMBER 2X2,Cama,SECCION TERMINACION,90,MADERA 60X1X4,614.0,APAMATE,140.0,85960.0,FORMULA
70,1,1,CAMA MODELO CHEMBER  (2),CAMA CHEMBER 2X2,Cama,PATA DE TENDIDO,92,GRAPAS,0.1,CAJA,12000.0,1200.0,ESPACIADO
71,1,1,CAMA MODELO CHEMBER  (2),CAMA CHEMBER 2X2,Cama,PATA DE TENDIDO,93,MDF DE 9,1.0,LAMINA,140000.0,140000.0,AREA
72,1,1,CAMA MODELO CHEMBER  (2),CAMA CHEMBER 2X2,Cama,PATA DE TENDIDO,94,COLBON,0.2,LITRO,14000.0,2800.0,VOLUMEN
73,1,1,CAMA MODELO CHEMBER  (2),CAMA CHEMBER 2X2,Cama,PATA DE TENDIDO,95,"TORNILLOS DE 2""",30.0,UNIDAD,100.0,3000.0,ESPACIADO
74,1,1,CAMA MODELO CHEMBER  (2),CAMA CHEMBER 2X2,Cama,PATA DE TENDIDO,96,CLAVILLO,2.0,TIRA,1000.0,2000.0,ESPACIADO
75,1,1,CAMA MODELO CHEMBER  (2),CAMA CHEMBER 2X2,Cama,PATA DE TENDIDO,97,HECHURA,1.0,UNIDAD,60000.0,60000.0,FIJO
76,1,1,CAMA MODELO CHEMBER  (2),CAMA CHEMBER 2X2,Cama,SECCION TAPICERIA MANO DE OBRA=,100,SECCION TAPICERIA,,MANO DE OBRA=,,,FORMULA
77,1,1,CAMA MODELO CHEMBER  (2),CAMA CHEMBER 2X2,Cama,SECCION TAPICERIA MANO DE OBRA=,101,TELA DIVERSA BEIS,12.0,METROS,29899.0,358788.0,AREA
78,1,1,CAMA MODELO CHEMBER  (2),CAMA CHEMBER 2X2,Cama,SECCION TAPICERIA MANO DE OBRA=,102,ESPUMA 1/2 ROSADA,0.5,LAMINA,6630.0,3315.0,AREA
79,1,1,CAMA MODELO CHEMBER  (2),CAMA CHEMBER 2X2,Cama,SECCION TAPICERIA MANO DE OBRA=,103,GRAPAS,0.4,CAJA DE GRAPAS,12000.0,4800.0,ESPACIADO
80,1,1,CAMA MODELO CHEMBER  (2),CAMA CHEMBER 2X2,Cama,SECCION TAPICERIA MANO DE OBRA=,104,PATAS L PLATEADAS,,UNIDADES,8000.0,0.0,FIJO
81,1,1,CAMA MODELO CHEMBER  (2),CAMA CHEMBER 2X2,Cama,SECCION TAPICERIA MANO DE OBRA=,105,TORNILLOS,,UNIDADES,100.0,0.0,FIJO
82,1,1,CAMA MODELO CHEMBER  (2),CAMA CHEMBER 2X2,Cama,SECCION TAPICERIA MANO DE OBRA=,106,ESPUMA DE 1 1/2'' ROSADA,1.0,UNIDADES,26000.0,26000.0,AREA
83,1,1,CAMA MODELO CHEMBER  (2),CAMA CHEMBER 2X2,Cama,SECCION TAPICERIA MANO DE OBRA=,107,ESPUMA 2 AZUL,2.5,LAMINA,41340.0,103350.0,AREA
84,1,1,CAMA MODELO CHEMBER  (2),CAMA CHEMBER 2X2,Cama,SECCION TAPICERIA MANO DE OBRA=,108,ESPUMA 1 1/2'' AZUL,,MTS,1000.0,0.0,FORMULA
85,1,1,CAMA MODELO CHEMBER  (2),CAMA CHEMBER 2X2,Cama,SECCION TAPICERIA MANO DE OBRA=,109,COSTAL,5.0,METROS,4000.0,20000.0,AREA
86,1,1,CAMA MODELO CHEMBER  (2),CAMA CHEMBER 2X2,Cama,SECCION TAPICERIA MANO DE OBRA=,110,HILO,,UNIDAD,25000.0,0.0,FORMULA
87,1,1,CAMA MODELO CHEMBER  (2),CAMA CHEMBER 2X2,Cama,SECCION TAPICERIA MANO DE OBRA=,111,CABUYA,0.5,ROLLO,12000.0,6000.0,FORMULA
88,1,1,CAMA MODELO CHEMBER  (2),CAMA CHEMBER 2X2,Cama,SECCION TAPICERIA MANO DE OBRA=,112,SUPER,0.4,LITRO,19000.0,7600.0,VOLUMEN
89,1,1,CAMA MODELO CHEMBER  (2),CAMA CHEMBER 2X2,Cama,SECCION TAPICERIA MANO DE OBRA=,113,CARTON,,UNIDADES,5000.0,0.0,FORMULA
90,1,1,CAMA MODELO CHEMBER  (2),CAMA CHEMBER 2X2,Cama,SECCION TAPICERIA MANO DE OBRA=,114,HECHURA,1.0,CAMA,210000.0,210000.0,FIJO
91,1,1,CAMA MODELO CHEMBER  (2),CAMA CHEMBER 2X2,Cama,SECCION TAPICERIA MANO DE OBRA=,115,LENCILLO,,METROS,2650.0,0.0,FORMULA
92,2,3,27-2-25 CAMA ROMANA CAPIT (2),"CAMA ROMANA ""CAPITONEADA 2*2",Cama,,10,MADERA,1.5,CMS,135000.0,202500.0,LINEAL
93,2,3,27-2-25 CAMA ROMANA CAPIT (2),"CAMA ROMANA ""CAPITONEADA 2*2",Cama,,11,COLBON,1.0,LITRO,14000.0,14000.0,VOLUMEN
94,2,3,27-2-25 CAMA ROMANA CAPIT (2),"CAMA ROMANA ""CAPITONEADA 2*2",Cama,,12,PARES DE GANCHOS MULTIUSO,4.0,Unidad,3000.0,12000.0,FORMULA
95,2,3,27-2-25 CAMA ROMANA CAPIT (2),"CAMA ROMANA ""CAPITONEADA 2*2",Cama,,13,CLAVILLOS,10.0,TIRA F30,1000.0,10000.0,ESPACIADO
96,2,3,27-2-25 CAMA ROMANA CAPIT (2),"CAMA ROMANA ""CAPITONEADA 2*2",Cama,,14,"TORNILLOS DE 2""",150.0,Unidad,100.0,15000.0,ESPACIADO
97,2,3,27-2-25 CAMA ROMANA CAPIT (2),"CAMA ROMANA ""CAPITONEADA 2*2",Cama,,16,GRAPAS,0.8,TIRA,500.0,400.0,ESPACIADO
98,2,3,27-2-25 CAMA ROMANA CAPIT (2),"CAMA ROMANA ""CAPITONEADA 2*2",Cama,,17,CLAVILLOS,10.0,TIRA F40,1000.0,10000.0,ESPACIADO
99,2,3,27-2-25 CAMA ROMANA CAPIT (2),"CAMA ROMANA ""CAPITONEADA 2*2",Cama,,18,GANCHOS PARA CAMA,1.0,PAR,20000.0,20000.0,FIJO
100,2,3,27-2-25 CAMA ROMANA CAPIT (2),"CAMA ROMANA ""CAPITONEADA 2*2",Cama,TENDIDO DE REJAS,24,MADERA,1.1,CMS,135000.0,148500.0,LINEAL
101,2,3,27-2-25 CAMA ROMANA CAPIT (2),"CAMA ROMANA ""CAPITONEADA 2*2",Cama,TENDIDO DE REJAS,25,GRAPAS,0.7,TIRA,500.0,350.0,ESPACIADO
102,2,3,27-2-25 CAMA ROMANA CAPIT (2),"CAMA ROMANA ""CAPITONEADA 2*2",Cama,TENDIDO DE REJAS,26,CLAVILLOS,6.0,TIRA F30,1000.0,6000.0,ESPACIADO
103,2,3,27-2-25 CAMA ROMANA CAPIT (2),"CAMA ROMANA ""CAPITONEADA 2*2",Cama,TENDIDO DE REJAS,27,"TORNILLOS DE 2""",40.0,Unidad,100.0,4000.0,ESPACIADO
104,2,3,27-2-25 CAMA ROMANA CAPIT (2),"CAMA ROMANA ""CAPITONEADA 2*2",Cama,TENDIDO DE REJAS,28,COLBON,0.5,litro,14000.0,7000.0,VOLUMEN
105,2,3,27-2-25 CAMA ROMANA CAPIT (2),"CAMA ROMANA ""CAPITONEADA 2*2",Cama,TENDIDO DE REJAS,29,LIENCILLO,2.0,METROS,3000.0,6000.0,LINEAL
106,2,3,27-2-25 CAMA ROMANA CAPIT (2),"CAMA ROMANA ""CAPITONEADA 2*2",Cama,TENDIDO DE REJAS,30,HECHURA DEL TENDIDO,1.0,* 5%,40000.0,42000.0,FIJO
107,2,3,27-2-25 CAMA ROMANA CAPIT (2),"CAMA ROMANA ""CAPITONEADA 2*2",Cama,TENDIDO DE REJAS,36,MADERA,0.12,CMS,135000.0,16200.0,LINEAL
108,2,3,27-2-25 CAMA ROMANA CAPIT (2),"CAMA ROMANA ""CAPITONEADA 2*2",Cama,TENDIDO DE REJAS,37,"TORNILLOS DE 2""",10.0,Unidad,100.0,1000.0,ESPACIADO
109,2,3,27-2-25 CAMA ROMANA CAPIT (2),"CAMA ROMANA ""CAPITONEADA 2*2",Cama,TENDIDO DE REJAS,38,COLBON,0.1,litro,14000.0,1400.0,VOLUMEN
110,2,3,27-2-25 CAMA ROMANA CAPIT (2),"CAMA ROMANA ""CAPITONEADA 2*2",Cama,SECCION TAPICERIA,45,ESPUMA ROSADA 2,1.0,* UNIDADES,48000.0,48000.0,AREA
111,2,3,27-2-25 CAMA ROMANA CAPIT (2),"CAMA ROMANA ""CAPITONEADA 2*2",Cama,SECCION TAPICERIA,46,ESPUMA ROSADA DE 1 1/2,2.5,* UNIDADES,33000.0,82500.0,AREA
112,2,3,27-2-25 CAMA ROMANA CAPIT (2),"CAMA ROMANA ""CAPITONEADA 2*2",Cama,SECCION TAPICERIA,47,COSTAL,2.3,* METRO,25000.0,57500.0,AREA
113,2,3,27-2-25 CAMA ROMANA CAPIT (2),"CAMA ROMANA ""CAPITONEADA 2*2",Cama,SECCION TAPICERIA,48,ESPUMA ROSADA DE 2P,1.0,* UNIDADES,29000.0,29000.0,AREA
114,2,3,27-2-25 CAMA ROMANA CAPIT (2),"CAMA ROMANA ""CAPITONEADA 2*2",Cama,SECCION TAPICERIA,49,CASQUETES,215.0,* UNIDADES,170.0,36550.0,FORMULA
115,2,3,27-2-25 CAMA ROMANA CAPIT (2),"CAMA ROMANA ""CAPITONEADA 2*2",Cama,SECCION TAPICERIA,50,CANAMO,1.0,* UNIDADES,30000.0,30000.0,FIJO
116,2,3,27-2-25 CAMA ROMANA CAPIT (2),"CAMA ROMANA ""CAPITONEADA 2*2",Cama,SECCION TAPICERIA,51,TELA,10.0,* METRO,25000.0,250000.0,AREA
117,2,3,27-2-25 CAMA ROMANA CAPIT (2),"CAMA ROMANA ""CAPITONEADA 2*2",Cama,SECCION TAPICERIA,52,SUPER,1.0,PISTOLADA,19000.0,19000.0,VOLUMEN
118,2,3,27-2-25 CAMA ROMANA CAPIT (2),"CAMA ROMANA ""CAPITONEADA 2*2",Cama,SECCION TAPICERIA,53,HILO,1.0,* UNIDADES,5000.0,5000.0,FIJO
119,2,3,27-2-25 CAMA ROMANA CAPIT (2),"CAMA ROMANA ""CAPITONEADA 2*2",Cama,SECCION TAPICERIA,54,CAJA DE GRAPAS,1.0,CAJA,10000.0,10000.0,ESPACIADO
120,2,3,27-2-25 CAMA ROMANA CAPIT (2),"CAMA ROMANA ""CAPITONEADA 2*2",Cama,SECCION TAPICERIA,55,FIELTRO,1.2,* METRO,3000.0,3600.0,LINEAL
121,2,3,27-2-25 CAMA ROMANA CAPIT (2),"CAMA ROMANA ""CAPITONEADA 2*2",Cama,SECCION TAPICERIA,58,Gastos deTapiceria el 10%,,,,78115.0,FORMULA
122,2,3,27-2-25 CAMA ROMANA CAPIT (2),"CAMA ROMANA ""CAPITONEADA 2*2",Cama,PINTURA DE 4 PATAS,61,COLOR BEIS O BEIGE,0.2,* LITRO,18000.0,3600.0,VOLUMEN
123,2,3,27-2-25 CAMA ROMANA CAPIT (2),"CAMA ROMANA ""CAPITONEADA 2*2",Cama,PINTURA DE 4 PATAS,62,LACA SEMI MATE,0.2,* LITRO,24000.0,4800.0,VOLUMEN
124,2,3,27-2-25 CAMA ROMANA CAPIT (2),"CAMA ROMANA ""CAPITONEADA 2*2",Cama,PINTURA DE 4 PATAS,63,SELLADOR,0.2,* LITRO,18000.0,3600.0,VOLUMEN
125,2,3,27-2-25 CAMA ROMANA CAPIT (2),"CAMA ROMANA ""CAPITONEADA 2*2",Cama,PINTURA DE 4 PATAS,64,PREPARADA(JOTA) PINTURA,4.0,* 5%,4000.0,4200.0,FORMULA
126,2,3,27-2-25 CAMA ROMANA CAPIT (2),"CAMA ROMANA ""CAPITONEADA 2*2",Cama,PINTURA DE 4 PATAS,65,PINTURA ( ALEX),4.0,* 5%,2800.0,2940.0,FORMULA
127,2,3,27-2-25 CAMA ROMANA CAPIT (2),"CAMA ROMANA ""CAPITONEADA 2*2",Cama,PINTURA DE 4 PATAS,67,Gastos de PINTURA el 10%,,,,1914.0,FORMULA
128,3,4,28-2-25  CAMA  DINASTIA ,CAMA DINASTIA 2*2,Cama,,10,MADERA,1.3,CMS,135000.0,175500.0,LINEAL
129,3,4,28-2-25  CAMA  DINASTIA ,CAMA DINASTIA 2*2,Cama,,11,COLBON,0.5,LITRO,14000.0,7000.0,VOLUMEN
130,3,4,28-2-25  CAMA  DINASTIA ,CAMA DINASTIA 2*2,Cama,,12,UNDUPLAC,0.0,LAMINA ( 55*56),13750.0,0.0,AREA
131,3,4,28-2-25  CAMA  DINASTIA ,CAMA DINASTIA 2*2,Cama,,13,PARES DE GANCHOS,2.0,MULTIUSOS,3000.0,6000.0,FORMULA
132,3,4,28-2-25  CAMA  DINASTIA ,CAMA DINASTIA 2*2,Cama,,14,CLAVILLOS,5.0,TIRA F15,1000.0,5000.0,ESPACIADO
133,3,4,28-2-25  CAMA  DINASTIA ,CAMA DINASTIA 2*2,Cama,,15,CLAVILLOS,10.0,TIRA F30,1000.0,10000.0,ESPACIADO
134,3,4,28-2-25  CAMA  DINASTIA ,CAMA DINASTIA 2*2,Cama,,16,"TORNILLOS DE 2""",125.0,Unidad,100.0,12500.0,ESPACIADO
135,3,4,28-2-25  CAMA  DINASTIA ,CAMA DINASTIA 2*2,Cama,,18,GRAPAS,15.0,TIRA,500.0,7500.0,ESPACIADO
136,3,4,28-2-25  CAMA  DINASTIA ,CAMA DINASTIA 2*2,Cama,,19,CLAVILLOS,5.0,TIRA F40,1000.0,5000.0,ESPACIADO
137,3,4,28-2-25  CAMA  DINASTIA ,CAMA DINASTIA 2*2,Cama,,20,CLAVILLOS,10.0,TIRA F50,1000.0,10000.0,ESPACIADO
138,3,4,28-2-25  CAMA  DINASTIA ,CAMA DINASTIA 2*2,Cama,,21,GANCHOS CAMA,1.0,PAR,20000.0,20000.0,FIJO
139,3,4,28-2-25  CAMA  DINASTIA ,CAMA DINASTIA 2*2,Cama,,23,MDF DE 9MM,0.0,RETAL,46000.0,23000.0,AREA
140,3,4,28-2-25  CAMA  DINASTIA ,CAMA DINASTIA 2*2,Cama,,26,GASOS DEL 10 %,,,,59650.0,FORMULA
141,3,4,28-2-25  CAMA  DINASTIA ,CAMA DINASTIA 2*2,Cama,TENDIDOS,29,MADERA,1.1,CMS,135000.0,148500.0,LINEAL
142,3,4,28-2-25  CAMA  DINASTIA ,CAMA DINASTIA 2*2,Cama,TENDIDOS,30,GRAPAS,0.7,TIRA,500.0,350.0,ESPACIADO
143,3,4,28-2-25  CAMA  DINASTIA ,CAMA DINASTIA 2*2,Cama,TENDIDOS,31,CLAVILLOS,6.0,TIRA F30,1000.0,6000.0,ESPACIADO
144,3,4,28-2-25  CAMA  DINASTIA ,CAMA DINASTIA 2*2,Cama,TENDIDOS,32,"TORNILLOS DE 2""",40.0,Unidad,100.0,4000.0,ESPACIADO
145,3,4,28-2-25  CAMA  DINASTIA ,CAMA DINASTIA 2*2,Cama,TENDIDOS,33,COLBON,0.5,litro,14000.0,7000.0,VOLUMEN
146,3,4,28-2-25  CAMA  DINASTIA ,CAMA DINASTIA 2*2,Cama,TENDIDOS,34,LIENCILLO,2.0,METROS,3000.0,6000.0,LINEAL
147,3,4,28-2-25  CAMA  DINASTIA ,CAMA DINASTIA 2*2,Cama,TENDIDOS,35,HECHURA DEL TENDIDO,,* 5%,40000.0,42000.0,FIJO
148,3,4,28-2-25  CAMA  DINASTIA ,CAMA DINASTIA 2*2,Cama,TENDIDOS,38,Gastos de Ebanisteria el 10%,,,,22435.0,FORMULA
149,3,4,28-2-25  CAMA  DINASTIA ,CAMA DINASTIA 2*2,Cama,TENDIDOS,41,MADERA,0.12,CMS,135000.0,16200.0,LINEAL
150,3,4,28-2-25  CAMA  DINASTIA ,CAMA DINASTIA 2*2,Cama,TENDIDOS,42,"TORNILLOS DE 2""",10.0,Unidad,100.0,1000.0,ESPACIADO
151,3,4,28-2-25  CAMA  DINASTIA ,CAMA DINASTIA 2*2,Cama,TENDIDOS,43,COLBON,0.1,litro,14000.0,1400.0,VOLUMEN
152,3,4,28-2-25  CAMA  DINASTIA ,CAMA DINASTIA 2*2,Cama,TENDIDOS,46,Gastos de Ebanisteria el 10%,,,,3435.0,FORMULA
153,3,4,28-2-25  CAMA  DINASTIA ,CAMA DINASTIA 2*2,Cama,SECCION TAPICERIA,50,ESPUMA AZUL DE 1 P,2.0,* UNIDADES,18000.0,36000.0,AREA
154,3,4,28-2-25  CAMA  DINASTIA ,CAMA DINASTIA 2*2,Cama,SECCION TAPICERIA,51,ESPUMA ROSADA DE 1 1/2,,* UNIDADES,33000.0,0.0,FORMULA
155,3,4,28-2-25  CAMA  DINASTIA ,CAMA DINASTIA 2*2,Cama,SECCION TAPICERIA,52,ESPUMA AZUL DE 1 Y 1/2 P,,* UNIDADES,26500.0,0.0,FORMULA
156,3,4,28-2-25  CAMA  DINASTIA ,CAMA DINASTIA 2*2,Cama,SECCION TAPICERIA,53,ESPUMA GRIS DE 1 Y 1/2 P,,* UNIDADES,,,FORMULA
157,3,4,28-2-25  CAMA  DINASTIA ,CAMA DINASTIA 2*2,Cama,SECCION TAPICERIA,54,CAZATA,0.2,* METRO,64000.0,12800.0,LINEAL
158,3,4,28-2-25  CAMA  DINASTIA ,CAMA DINASTIA 2*2,Cama,SECCION TAPICERIA,55,COSTAL,5.0,* METRO,3000.0,15000.0,AREA
159,3,4,28-2-25  CAMA  DINASTIA ,CAMA DINASTIA 2*2,Cama,SECCION TAPICERIA,56,ESPUMA ROSADA DE 2P,0.0,* UNIDADES,29000.0,0.0,AREA
160,3,4,28-2-25  CAMA  DINASTIA ,CAMA DINASTIA 2*2,Cama,SECCION TAPICERIA,57,LENCILLOO,2.0,METROS,3000.0,6000.0,LINEAL
161,3,4,28-2-25  CAMA  DINASTIA ,CAMA DINASTIA 2*2,Cama,SECCION TAPICERIA,58,CANAMO,,* UNIDADES,30000.0,0.0,FORMULA
162,3,4,28-2-25  CAMA  DINASTIA ,CAMA DINASTIA 2*2,Cama,SECCION TAPICERIA,59,TELA,9.0,* METRO,28000.0,252000.0,AREA
163,3,4,28-2-25  CAMA  DINASTIA ,CAMA DINASTIA 2*2,Cama,SECCION TAPICERIA,60,SUPER,0.2,PISTOLADAML,19000.0,3800.0,LINEAL
164,3,4,28-2-25  CAMA  DINASTIA ,CAMA DINASTIA 2*2,Cama,SECCION TAPICERIA,61,GUATA 300,4.2,* METRO,18500.0,77700.0,LINEAL
165,3,4,28-2-25  CAMA  DINASTIA ,CAMA DINASTIA 2*2,Cama,SECCION TAPICERIA,62,HILO,0.2,* UNIDADES,27000.0,5400.0,FORMULA
166,3,4,28-2-25  CAMA  DINASTIA ,CAMA DINASTIA 2*2,Cama,SECCION TAPICERIA,63,CAJA DE GRAPAS,0.5,CAJA,10000.0,5000.0,ESPACIADO
167,3,4,28-2-25  CAMA  DINASTIA ,CAMA DINASTIA 2*2,Cama,SECCION TAPICERIA,64,"TORNILLOS DE 2""",15.0,Unidad,100.0,1500.0,ESPACIADO
168,3,4,28-2-25  CAMA  DINASTIA ,CAMA DINASTIA 2*2,Cama,SECCION TAPICERIA,65,ALGODON,3.0,KILOS,14000.0,42000.0,FORMULA
169,3,4,28-2-25  CAMA  DINASTIA ,CAMA DINASTIA 2*2,Cama,SECCION TAPICERIA,66,FIELTRO,1.0,* METRO,17000.0,17000.0,LINEAL
170,3,4,28-2-25  CAMA  DINASTIA ,CAMA DINASTIA 2*2,Cama,SECCION TAPICERIA,70,CILINDRICAS DE 15 CM ALTO,2.0,* UNIDADES,18000.0,36000.0,FORMULA
171,3,4,28-2-25  CAMA  DINASTIA ,CAMA DINASTIA 2*2,Cama,SECCION TAPICERIA,71,LACA SEMI MATE,0.0,* LITRO,24000.0,0.0,VOLUMEN
172,3,4,28-2-25  CAMA  DINASTIA ,CAMA DINASTIA 2*2,Cama,SECCION TAPICERIA,72,SELLADOR,0.0,* LITRO,18000.0,0.0,VOLUMEN
173,3,4,28-2-25  CAMA  DINASTIA ,CAMA DINASTIA 2*2,Cama,SECCION TAPICERIA,73,"TORNILLOS DE 2""",8.0,Unidad,100.0,800.0,ESPACIADO
174,3,4,28-2-25  CAMA  DINASTIA ,CAMA DINASTIA 2*2,Cama,SECCION TAPICERIA,74,PREPARADA(JOTA) PINTURA,0.0,* 5%,0.0,0.0,FORMULA
175,3,4,28-2-25  CAMA  DINASTIA ,CAMA DINASTIA 2*2,Cama,SECCION TAPICERIA,75,PINTURA ( ALEX),0.0,* 5%,0.0,0.0,FORMULA
176,3,4,28-2-25  CAMA  DINASTIA ,CAMA DINASTIA 2*2,Cama,SECCION TAPICERIA,77,Gastos de PINTURA el 10%,,,,0.0,FORMULA
177,4,5,CAMA CADENETA ,cama del modelo cadeneta,Cama,,6,MADERA,1502.0,CMS,135.0,202770.0,LINEAL
178,4,5,CAMA CADENETA ,cama del modelo cadeneta,Cama,,7,LAM MDF 9,2.0,Unidad,136000.0,272000.0,AREA
179,4,5,CAMA CADENETA ,cama del modelo cadeneta,Cama,,8,LAM MDF 15,0.25,Unidad,207000.0,51750.0,AREA
180,4,5,CAMA CADENETA ,cama del modelo cadeneta,Cama,,9,LAM MDF 2.7,2.0,Unidad,65000.0,130000.0,AREA
181,4,5,CAMA CADENETA ,cama del modelo cadeneta,Cama,,10,COLBON,1.75,litros,14000.0,24500.0,VOLUMEN
182,4,5,CAMA CADENETA ,cama del modelo cadeneta,Cama,,11,GRAPAS,0.25,Unidad,20000.0,5000.0,ESPACIADO
183,4,5,CAMA CADENETA ,cama del modelo cadeneta,Cama,,12,CLAVILLOS,2.0,TIRA,1000.0,2000.0,ESPACIADO
184,4,5,CAMA CADENETA ,cama del modelo cadeneta,Cama,,13,CLAVILLOS,4.0,TIRA,1000.0,4000.0,ESPACIADO
185,4,5,CAMA CADENETA ,cama del modelo cadeneta,Cama,,14,CLAVILLOS,15.0,TIRA,1000.0,15000.0,ESPACIADO
186,4,5,CAMA CADENETA ,cama del modelo cadeneta,Cama,,15,SUPER,,LITRO,,0.0,FORMULA
187,4,5,CAMA CADENETA ,cama del modelo cadeneta,Cama,,16,"TORNILLOS DE 2""",200.0,Unidad,100.0,20000.0,ESPACIADO
188,4,5,CAMA CADENETA ,cama del modelo cadeneta,Cama,,17,FABRICACION x5%,,,,420000.0,FORMULA
189,4,5,CAMA CADENETA ,cama del modelo cadeneta,Cama,,19,gastos de Ebanisteria e 10%,,,,114702.0,FORMULA
190,4,5,CAMA CADENETA ,cama del modelo cadeneta,Cama,SECCION PINTURA,22,PREPARADO,1.0,CON EL 5%,60000.0,63000.0,FIJO
191,4,5,CAMA CADENETA ,cama del modelo cadeneta,Cama,SECCION PINTURA,23,PINTURA,1.0,CON EL 5%,30000.0,31500.0,FIJO
192,4,5,CAMA CADENETA ,cama del modelo cadeneta,Cama,SECCION PINTURA,24,SELLADOR,2.0,PISTOLADAS,19000.0,38000.0,VOLUMEN
193,4,5,CAMA CADENETA ,cama del modelo cadeneta,Cama,SECCION PINTURA,25,LIJA,2.0,unidades,2000.0,4000.0,FORMULA
194,4,5,CAMA CADENETA ,cama del modelo cadeneta,Cama,SECCION PINTURA,26,PATAS,4.0,PATAS,5000.0,20000.0,FORMULA
195,4,5,CAMA CADENETA ,cama del modelo cadeneta,Cama,SECCION PINTURA,27,TALCO,,KILOS,5000.0,0.0,FORMULA
196,4,5,CAMA CADENETA ,cama del modelo cadeneta,Cama,SECCION PINTURA,28,ESMALTE NEGRO,,GALON,13000.0,0.0,FORMULA
197,4,5,CAMA CADENETA ,cama del modelo cadeneta,Cama,SECCION PINTURA,29,ENCINA,0.0,GALON,100000.0,0.0,VOLUMEN
198,4,5,CAMA CADENETA ,cama del modelo cadeneta,Cama,SECCION PINTURA,30,TINER,2.0,LITRO,8500.0,17000.0,VOLUMEN
199,4,5,CAMA CADENETA ,cama del modelo cadeneta,Cama,SECCION PINTURA,31,COLOR,1.75,PISTOLADA,20000.0,35000.0,VOLUMEN
200,4,5,CAMA CADENETA ,cama del modelo cadeneta,Cama,SECCION PINTURA,32,TINTE MIEL,0.0,galon,28000.0,0.0,VOLUMEN
201,4,5,CAMA CADENETA ,cama del modelo cadeneta,Cama,SECCION PINTURA,33,GASOLINA,1.0,,5000.0,5000.0,FIJO
202,4,5,CAMA CADENETA ,cama del modelo cadeneta,Cama,SECCION PINTURA,34,RESANE,0.5,LITRO,10000.0,5000.0,VOLUMEN
203,4,5,CAMA CADENETA ,cama del modelo cadeneta,Cama,SECCION PINTURA,35,LACA,1.5,PISTOLADA,21000.0,31500.0,VOLUMEN
204,4,5,CAMA CADENETA ,cama del modelo cadeneta,Cama,SECCION PINTURA,37,Gastos de Pintura 10%,,,,25000.0,FORMULA
205,4,5,CAMA CADENETA ,cama del modelo cadeneta,Cama,SECCION TERMINACION,40,ESPEJOS DE CAMA,1.0,unidades,580000.0,580000.0,FIJO
206,4,5,CAMA CADENETA ,cama del modelo cadeneta,Cama,SECCION TERMINACION,41,GANCHOS,1.0,PAR,20000.0,20000.0,FIJO
207,4,5,CAMA CADENETA ,cama del modelo cadeneta,Cama,SECCION TERMINACION,42,CORREDERAS DE PEINADORA,,unidades,20000.0,0.0,FIJO
208,4,5,CAMA CADENETA ,cama del modelo cadeneta,Cama,SECCION TERMINACION,43,CORREDERAS DE NOCHERO,0.0,unidades,20000.0,0.0,FORMULA
209,4,5,CAMA CADENETA ,cama del modelo cadeneta,Cama,SECCION TERMINACION,44,EMBALADA,1.0,unidades,100000.0,100000.0,FIJO
210,4,5,CAMA CADENETA ,cama del modelo cadeneta,Cama,SECCION TERMINACION,46,COLAPATO,1.0,,50000.0,50000.0,FIJO
211,4,5,CAMA CADENETA ,cama del modelo cadeneta,Cama,SECCION TERMINACION,47,SECCION TENDIDO,,,,0.0,FORMULA
212,4,5,CAMA CADENETA ,cama del modelo cadeneta,Cama,SECCION TERMINACION,48,MADERA 60X1X4,924.0,CMS,135.0,124740.0,LINEAL
213,4,5,CAMA CADENETA ,cama del modelo cadeneta,Cama,SECCION TERMINACION,49,TENDIDO,1.0,DE 2X2,63000.0,63000.0,FIJO
214,4,5,CAMA CADENETA ,cama del modelo cadeneta,Cama,SECCION TERMINACION,50,lamina de 9 mdf,1.0,unidades,136000.0,136000.0,AREA
215,4,5,CAMA CADENETA ,cama del modelo cadeneta,Cama,SECCION TERMINACION,51,COLBON,200.0,unidades,100.0,20000.0,FORMULA
216,4,5,CAMA CADENETA ,cama del modelo cadeneta,Cama,SECCION TERMINACION,52,"TORNILLOS DE 2""",10.0,,100.0,1000.0,ESPACIADO
217,4,5,CAMA CADENETA ,cama del modelo cadeneta,Cama,SECCION TERMINACION,53,CLAVILLO f.50,2.0,,1000.0,2000.0,ESPACIADO
218,4,5,CAMA CADENETA ,cama del modelo cadeneta,Cama,SECCION TERMINACION,54,CLAVILLO f.40,4.0,TIRAS,2000.0,8000.0,ESPACIADO
219,4,5,CAMA CADENETA ,cama del modelo cadeneta,Cama,SECCION TERMINACION,55,CLAVILLO f.20,2.0,METROS,5000.0,10000.0,ESPACIADO
220,4,5,CAMA CADENETA ,cama del modelo cadeneta,Cama,SECCION TERMINACION,56,grapas,5.0,,1000.0,5000.0,ESPACIADO
221,4,5,CAMA CADENETA ,cama del modelo cadeneta,Cama,SECCION TERMINACION,57,pop,2.0,metros,3000.0,6000.0,LINEAL
222,4,5,CAMA CADENETA ,cama del modelo cadeneta,Cama,SECCION TERMINACION,58,postura,1.0,UNI,10500.0,10500.0,FIJO
223,4,5,CAMA CADENETA ,cama del modelo cadeneta,Cama,SECCION TAPICERIA,62,TELA,8.0,,20000.0,160000.0,AREA
224,4,5,CAMA CADENETA ,cama del modelo cadeneta,Cama,SECCION TAPICERIA,63,ESTOPEROLES,,METROS,1800.0,0.0,FORMULA
225,4,5,CAMA CADENETA ,cama del modelo cadeneta,Cama,SECCION TAPICERIA,64,ESPUMA DE1. 1/5,1.0,AZUL,26500.0,26500.0,AREA
226,4,5,CAMA CADENETA ,cama del modelo cadeneta,Cama,SECCION TAPICERIA,65,GRAPAS,1.0,CAJA DE GRAPAS,10000.0,10000.0,ESPACIADO
227,4,5,CAMA CADENETA ,cama del modelo cadeneta,Cama,SECCION TAPICERIA,66,"ESPUMA AZUL 2""",1.0,UNIDADES,39000.0,39000.0,AREA
228,4,5,CAMA CADENETA ,cama del modelo cadeneta,Cama,SECCION TAPICERIA,67,"TORNILLOS DE 1 1/2""",100.0,ROSADA,100.0,10000.0,ESPACIADO
229,4,5,CAMA CADENETA ,cama del modelo cadeneta,Cama,SECCION TAPICERIA,68,ESPUMA DE 1 PULGADA,1.0,AZUL,18000.0,18000.0,AREA
230,4,5,CAMA CADENETA ,cama del modelo cadeneta,Cama,SECCION TAPICERIA,69,CANAMO,,CMS,,0.0,FORMULA
231,4,5,CAMA CADENETA ,cama del modelo cadeneta,Cama,SECCION TAPICERIA,70,PEOPE,4.0,METROS,3000.0,12000.0,LINEAL
232,4,5,CAMA CADENETA ,cama del modelo cadeneta,Cama,SECCION TAPICERIA,71,COSTAL,2.0,METROS,3000.0,6000.0,AREA
233,4,5,CAMA CADENETA ,cama del modelo cadeneta,Cama,SECCION TAPICERIA,72,HILO,1.0,UNIIDAD,27000.0,27000.0,FIJO
234,4,5,CAMA CADENETA ,cama del modelo cadeneta,Cama,SECCION TAPICERIA,74,SUPER,0.5,LITRO,16000.0,8000.0,VOLUMEN
235,4,5,CAMA CADENETA ,cama del modelo cadeneta,Cama,SECCION TAPICERIA,75,hechura,1.0,,210000.0,210000.0,FIJO
236,4,5,CAMA CADENETA ,cama del modelo cadeneta,Cama,SECCION TAPICERIA,76,CABULLA,1.0,,9000.0,9000.0,FIJO
237,5,6,CAMA DE2X2 CON GAVETA ,cama del modelo cadeneta,Cama,,6,MADERA,1.502,CMS,140000.0,210280.0,LINEAL
238,5,6,CAMA DE2X2 CON GAVETA ,cama del modelo cadeneta,Cama,,7,LAM MDF 9,3.0,Unidad,140000.0,420000.0,AREA
239,5,6,CAMA DE2X2 CON GAVETA ,cama del modelo cadeneta,Cama,,8,LAM MDF 15,0.25,Unidad,210000.0,52500.0,AREA
240,5,6,CAMA DE2X2 CON GAVETA ,cama del modelo cadeneta,Cama,,9,LAM MDF 2.7,2.0,Unidad,65000.0,130000.0,AREA
241,5,6,CAMA DE2X2 CON GAVETA ,cama del modelo cadeneta,Cama,,10,COLBON,1.75,litros,14000.0,24500.0,VOLUMEN
242,5,6,CAMA DE2X2 CON GAVETA ,cama del modelo cadeneta,Cama,,11,GRAPAS,0.25,Unidad,20000.0,5000.0,ESPACIADO
243,5,6,CAMA DE2X2 CON GAVETA ,cama del modelo cadeneta,Cama,,12,CLAVILLOS,2.0,TIRA,1000.0,2000.0,ESPACIADO
244,5,6,CAMA DE2X2 CON GAVETA ,cama del modelo cadeneta,Cama,,13,CLAVILLOS,4.0,TIRA,1000.0,4000.0,ESPACIADO
245,5,6,CAMA DE2X2 CON GAVETA ,cama del modelo cadeneta,Cama,,14,CLAVILLOS,15.0,TIRA,1000.0,15000.0,ESPACIADO
246,5,6,CAMA DE2X2 CON GAVETA ,cama del modelo cadeneta,Cama,,15,CORREDREAS,2.0,LITRO,28000.0,56000.0,VOLUMEN
247,5,6,CAMA DE2X2 CON GAVETA ,cama del modelo cadeneta,Cama,,16,"TORNILLOS DE 2""",200.0,Unidad,100.0,20000.0,ESPACIADO
248,5,6,CAMA DE2X2 CON GAVETA ,cama del modelo cadeneta,Cama,,17,FABRICACION x5%,,,,420000.0,FORMULA
249,5,6,CAMA DE2X2 CON GAVETA ,cama del modelo cadeneta,Cama,,19,gastos de Ebanisteria e 10%,,,,135928.0,FORMULA
250,5,6,CAMA DE2X2 CON GAVETA ,cama del modelo cadeneta,Cama,SECCION PINTURA,22,PREPARADO,1.0,CON EL 5%,60000.0,63000.0,FIJO
251,5,6,CAMA DE2X2 CON GAVETA ,cama del modelo cadeneta,Cama,SECCION PINTURA,23,PINTURA,1.0,CON EL 5%,30000.0,31500.0,FIJO
252,5,6,CAMA DE2X2 CON GAVETA ,cama del modelo cadeneta,Cama,SECCION PINTURA,24,SELLADOR,2.0,PISTOLADAS,19000.0,38000.0,VOLUMEN
253,5,6,CAMA DE2X2 CON GAVETA ,cama del modelo cadeneta,Cama,SECCION PINTURA,25,LIJA,2.0,unidades,2000.0,4000.0,FORMULA
254,5,6,CAMA DE2X2 CON GAVETA ,cama del modelo cadeneta,Cama,SECCION PINTURA,26,PATAS,4.0,PATAS,5000.0,20000.0,FORMULA
255,5,6,CAMA DE2X2 CON GAVETA ,cama del modelo cadeneta,Cama,SECCION PINTURA,27,TALCO,,KILOS,5000.0,0.0,FORMULA
256,5,6,CAMA DE2X2 CON GAVETA ,cama del modelo cadeneta,Cama,SECCION PINTURA,28,ESMALTE NEGRO,,GALON,13000.0,0.0,FORMULA
257,5,6,CAMA DE2X2 CON GAVETA ,cama del modelo cadeneta,Cama,SECCION PINTURA,29,ENCINA,0.0,GALON,100000.0,0.0,VOLUMEN
258,5,6,CAMA DE2X2 CON GAVETA ,cama del modelo cadeneta,Cama,SECCION PINTURA,30,TINER,2.0,LITRO,8500.0,17000.0,VOLUMEN
259,5,6,CAMA DE2X2 CON GAVETA ,cama del modelo cadeneta,Cama,SECCION PINTURA,31,COLOR,1.75,PISTOLADA,20000.0,35000.0,VOLUMEN
260,5,6,CAMA DE2X2 CON GAVETA ,cama del modelo cadeneta,Cama,SECCION PINTURA,32,TINTE MIEL,0.0,galon,28000.0,0.0,VOLUMEN
261,5,6,CAMA DE2X2 CON GAVETA ,cama del modelo cadeneta,Cama,SECCION PINTURA,33,GASOLINA,1.0,,5000.0,5000.0,FIJO
262,5,6,CAMA DE2X2 CON GAVETA ,cama del modelo cadeneta,Cama,SECCION PINTURA,34,RESANE,0.5,LITRO,10000.0,5000.0,VOLUMEN
263,5,6,CAMA DE2X2 CON GAVETA ,cama del modelo cadeneta,Cama,SECCION PINTURA,35,LACA,1.5,PISTOLADA,21000.0,31500.0,VOLUMEN
264,5,6,CAMA DE2X2 CON GAVETA ,cama del modelo cadeneta,Cama,SECCION PINTURA,37,Gastos de Pintura 10%,,,,25000.0,FORMULA
265,5,6,CAMA DE2X2 CON GAVETA ,cama del modelo cadeneta,Cama,SECCION TERMINACION,40,ESPEJOS DE CAMA,1.0,unidades,580000.0,580000.0,FIJO
266,5,6,CAMA DE2X2 CON GAVETA ,cama del modelo cadeneta,Cama,SECCION TERMINACION,41,GANCHOS,1.0,PAR,20000.0,20000.0,FIJO
267,5,6,CAMA DE2X2 CON GAVETA ,cama del modelo cadeneta,Cama,SECCION TERMINACION,42,CORREDERAS DE,,unidades,20000.0,0.0,FIJO
268,5,6,CAMA DE2X2 CON GAVETA ,cama del modelo cadeneta,Cama,SECCION TERMINACION,43,CORREDERAS DE NOCHERO,0.0,unidades,20000.0,0.0,FORMULA
269,5,6,CAMA DE2X2 CON GAVETA ,cama del modelo cadeneta,Cama,SECCION TERMINACION,44,EMBALADA,1.0,unidades,100000.0,100000.0,FIJO
270,5,6,CAMA DE2X2 CON GAVETA ,cama del modelo cadeneta,Cama,SECCION TERMINACION,46,COLAPATO,1.0,,50000.0,50000.0,FIJO
271,5,6,CAMA DE2X2 CON GAVETA ,cama del modelo cadeneta,Cama,SECCION TERMINACION,47,SECCION TENDIDO,,,,0.0,FORMULA
272,5,6,CAMA DE2X2 CON GAVETA ,cama del modelo cadeneta,Cama,SECCION TERMINACION,48,MADERA 60X1X4,924.0,CMS,135.0,124740.0,LINEAL
273,5,6,CAMA DE2X2 CON GAVETA ,cama del modelo cadeneta,Cama,SECCION TERMINACION,49,FABRICACION TENDIDO,1.0,DE 2X2,63000.0,63000.0,FIJO
274,5,6,CAMA DE2X2 CON GAVETA ,cama del modelo cadeneta,Cama,SECCION TERMINACION,50,lamina de 9 mdf,1.0,unidades,136000.0,136000.0,AREA
275,5,6,CAMA DE2X2 CON GAVETA ,cama del modelo cadeneta,Cama,SECCION TERMINACION,51,COLBON,200.0,unidades,100.0,20000.0,FORMULA
276,5,6,CAMA DE2X2 CON GAVETA ,cama del modelo cadeneta,Cama,SECCION TERMINACION,52,"TORNILLOS DE 2""",10.0,,100.0,1000.0,ESPACIADO
277,5,6,CAMA DE2X2 CON GAVETA ,cama del modelo cadeneta,Cama,SECCION TERMINACION,53,CLAVILLO f.50,2.0,,1000.0,2000.0,ESPACIADO
278,5,6,CAMA DE2X2 CON GAVETA ,cama del modelo cadeneta,Cama,SECCION TERMINACION,54,CLAVILLO f.40,4.0,TIRAS,2000.0,8000.0,ESPACIADO
279,5,6,CAMA DE2X2 CON GAVETA ,cama del modelo cadeneta,Cama,SECCION TERMINACION,55,CLAVILLO f.20,2.0,METROS,5000.0,10000.0,ESPACIADO
280,5,6,CAMA DE2X2 CON GAVETA ,cama del modelo cadeneta,Cama,SECCION TERMINACION,56,grapas,5.0,,1000.0,5000.0,ESPACIADO
281,5,6,CAMA DE2X2 CON GAVETA ,cama del modelo cadeneta,Cama,SECCION TERMINACION,57,pop,2.0,metros,3000.0,6000.0,LINEAL
282,5,6,CAMA DE2X2 CON GAVETA ,cama del modelo cadeneta,Cama,SECCION TERMINACION,58,postura,1.0,UNI,10500.0,10500.0,FIJO
283,5,6,CAMA DE2X2 CON GAVETA ,cama del modelo cadeneta,Cama,SECCION TAPICERIA,62,TELA,5.0,,38000.0,190000.0,AREA
284,5,6,CAMA DE2X2 CON GAVETA ,cama del modelo cadeneta,Cama,SECCION TAPICERIA,63,ESTOPEROLES,,METROS,1800.0,0.0,FORMULA
285,5,6,CAMA DE2X2 CON GAVETA ,cama del modelo cadeneta,Cama,SECCION TAPICERIA,64,ESPUMA DE1. 1/5,1.0,AZUL,26500.0,26500.0,AREA
286,5,6,CAMA DE2X2 CON GAVETA ,cama del modelo cadeneta,Cama,SECCION TAPICERIA,65,GRAPAS,1.0,CAJA DE GRAPAS,10000.0,10000.0,ESPACIADO
287,5,6,CAMA DE2X2 CON GAVETA ,cama del modelo cadeneta,Cama,SECCION TAPICERIA,66,"ESPUMA AZUL 2""",1.0,UNIDADES,39000.0,39000.0,AREA
288,5,6,CAMA DE2X2 CON GAVETA ,cama del modelo cadeneta,Cama,SECCION TAPICERIA,67,"TORNILLOS DE 1 1/2""",100.0,ROSADA,100.0,10000.0,ESPACIADO
289,5,6,CAMA DE2X2 CON GAVETA ,cama del modelo cadeneta,Cama,SECCION TAPICERIA,68,ESPUMA DE 1 PULGADA,1.0,AZUL,18000.0,18000.0,AREA
290,5,6,CAMA DE2X2 CON GAVETA ,cama del modelo cadeneta,Cama,SECCION TAPICERIA,69,CANAMO,,CMS,,0.0,FORMULA
291,5,6,CAMA DE2X2 CON GAVETA ,cama del modelo cadeneta,Cama,SECCION TAPICERIA,70,PEOPE,4.0,METROS,3000.0,12000.0,LINEAL
292,5,6,CAMA DE2X2 CON GAVETA ,cama del modelo cadeneta,Cama,SECCION TAPICERIA,71,COSTAL,2.0,METROS,3000.0,6000.0,AREA
293,5,6,CAMA DE2X2 CON GAVETA ,cama del modelo cadeneta,Cama,SECCION TAPICERIA,72,HILO,1.0,UNIIDAD,27000.0,27000.0,FIJO
294,5,6,CAMA DE2X2 CON GAVETA ,cama del modelo cadeneta,Cama,SECCION TAPICERIA,74,SUPER,0.5,LITRO,16000.0,8000.0,VOLUMEN
295,5,6,CAMA DE2X2 CON GAVETA ,cama del modelo cadeneta,Cama,SECCION TAPICERIA,75,hechura,1.0,,105000.0,105000.0,FIJO
296,5,6,CAMA DE2X2 CON GAVETA ,cama del modelo cadeneta,Cama,SECCION TAPICERIA,76,CABULLA,1.0,,9000.0,9000.0,FIJO
297,6,7,28-2-2025 CAMA  CANada (3),"CAMA ""CANADA 2*2",Cama,,10,MADERA,1.3,CMS,135000.0,175500.0,LINEAL
298,6,7,28-2-2025 CAMA  CANada (3),"CAMA ""CANADA 2*2",Cama,,11,COLBON,1.0,LITRO,14000.0,14000.0,VOLUMEN
299,6,7,28-2-2025 CAMA  CANada (3),"CAMA ""CANADA 2*2",Cama,,12,UNDUPLAC,1.0,LAMINA ( 55*56),13750.0,13750.0,AREA
300,6,7,28-2-2025 CAMA  CANada (3),"CAMA ""CANADA 2*2",Cama,,13,PARES DE GANCHOS MULTIUSO,2.0,Unidad,3000.0,6000.0,FORMULA
301,6,7,28-2-2025 CAMA  CANada (3),"CAMA ""CANADA 2*2",Cama,,14,CLAVILLOS,5.0,TIRA F15,1000.0,5000.0,ESPACIADO
302,6,7,28-2-2025 CAMA  CANada (3),"CAMA ""CANADA 2*2",Cama,,15,CLAVILLOS,10.0,TIRA F30,1000.0,10000.0,ESPACIADO
303,6,7,28-2-2025 CAMA  CANada (3),"CAMA ""CANADA 2*2",Cama,,16,"TORNILLOS DE 2""",100.0,Unidad,100.0,10000.0,ESPACIADO
304,6,7,28-2-2025 CAMA  CANada (3),"CAMA ""CANADA 2*2",Cama,,18,GRAPAS,0.8,TIRA,500.0,400.0,ESPACIADO
305,6,7,28-2-2025 CAMA  CANada (3),"CAMA ""CANADA 2*2",Cama,,19,CLAVILLOS,0.0,TIRA F40,1000.0,0.0,ESPACIADO
306,6,7,28-2-2025 CAMA  CANada (3),"CAMA ""CANADA 2*2",Cama,,20,CLAVILLOS,10.0,TIRA F50,1000.0,10000.0,ESPACIADO
307,6,7,28-2-2025 CAMA  CANada (3),"CAMA ""CANADA 2*2",Cama,,21,GANCHOS PARA CAMA,1.0,PAR,20000.0,20000.0,FIJO
308,6,7,28-2-2025 CAMA  CANada (3),"CAMA ""CANADA 2*2",Cama,,22,"tablas de 1,00 de 10*2",2.0,tablas,8000.0,16000.0,FORMULA
309,6,7,28-2-2025 CAMA  CANada (3),"CAMA ""CANADA 2*2",Cama,,23,MDF DE 9MM,1.0,RETAL,46000.0,23000.0,AREA
310,6,7,28-2-2025 CAMA  CANada (3),"CAMA ""CANADA 2*2",Cama,,26,Gastos de Ebanisteria el 10%,,,,61865.0,FORMULA
311,6,7,28-2-2025 CAMA  CANada (3),"CAMA ""CANADA 2*2",Cama,TENDIDO DE REJAS,29,MADERA,1.25,CMS,135000.0,168750.0,LINEAL
312,6,7,28-2-2025 CAMA  CANada (3),"CAMA ""CANADA 2*2",Cama,TENDIDO DE REJAS,30,GRAPAS,0.7,TIRA,500.0,350.0,ESPACIADO
313,6,7,28-2-2025 CAMA  CANada (3),"CAMA ""CANADA 2*2",Cama,TENDIDO DE REJAS,31,CLAVILLOS,6.0,TIRA F30,1000.0,6000.0,ESPACIADO
314,6,7,28-2-2025 CAMA  CANada (3),"CAMA ""CANADA 2*2",Cama,TENDIDO DE REJAS,32,"TORNILLOS DE 2""",40.0,Unidad,100.0,4000.0,ESPACIADO
315,6,7,28-2-2025 CAMA  CANada (3),"CAMA ""CANADA 2*2",Cama,TENDIDO DE REJAS,33,COLBON,0.5,litro,14000.0,7000.0,VOLUMEN
316,6,7,28-2-2025 CAMA  CANada (3),"CAMA ""CANADA 2*2",Cama,TENDIDO DE REJAS,34,LIENCILLO,2.0,METROS,3000.0,6000.0,LINEAL
317,6,7,28-2-2025 CAMA  CANada (3),"CAMA ""CANADA 2*2",Cama,TENDIDO DE REJAS,35,HECHURA DEL TENDIDO,,* 5%,40000.0,42000.0,FIJO
318,6,7,28-2-2025 CAMA  CANada (3),"CAMA ""CANADA 2*2",Cama,TENDIDO DE REJAS,38,Gastos de Ebanisteria el 10%,,,,24460.0,FORMULA
319,6,7,28-2-2025 CAMA  CANada (3),"CAMA ""CANADA 2*2",Cama,TENDIDO DE REJAS,41,MADERA,0.12,CMS,135000.0,16200.0,LINEAL
320,6,7,28-2-2025 CAMA  CANada (3),"CAMA ""CANADA 2*2",Cama,TENDIDO DE REJAS,42,"TORNILLOS DE 2""",10.0,Unidad,100.0,1000.0,ESPACIADO
321,6,7,28-2-2025 CAMA  CANada (3),"CAMA ""CANADA 2*2",Cama,TENDIDO DE REJAS,43,COLBON,0.1,litro,14000.0,1400.0,VOLUMEN
322,6,7,28-2-2025 CAMA  CANada (3),"CAMA ""CANADA 2*2",Cama,TENDIDO DE REJAS,46,Gastos de Ebanisteria el 10%,,,,3435.0,FORMULA
323,6,7,28-2-2025 CAMA  CANada (3),"CAMA ""CANADA 2*2",Cama,SECCION TAPICERIA,50,ESPUMA AZUL DE 1 P,0.5,* UNIDADES,18000.0,9000.0,AREA
324,6,7,28-2-2025 CAMA  CANada (3),"CAMA ""CANADA 2*2",Cama,SECCION TAPICERIA,51,ESPUMA ROSADA DE 1 1/2,0.75,* UNIDADES,33000.0,24750.0,AREA
325,6,7,28-2-2025 CAMA  CANada (3),"CAMA ""CANADA 2*2",Cama,SECCION TAPICERIA,52,ESPUMA AZUL DE 1 Y 1/2 P,0.5,* UNIDADES,26500.0,13250.0,AREA
326,6,7,28-2-2025 CAMA  CANada (3),"CAMA ""CANADA 2*2",Cama,SECCION TAPICERIA,53,ESPUMA GRIS DE 1 Y 1/2 P,1.0,* UNIDADES,46000.0,46000.0,AREA
327,6,7,28-2-2025 CAMA  CANada (3),"CAMA ""CANADA 2*2",Cama,SECCION TAPICERIA,54,CAZATA,0.2,* METRO,64000.0,12800.0,LINEAL
328,6,7,28-2-2025 CAMA  CANada (3),"CAMA ""CANADA 2*2",Cama,SECCION TAPICERIA,55,COSTAL,2.5,* METRO,25000.0,62500.0,AREA
329,6,7,28-2-2025 CAMA  CANada (3),"CAMA ""CANADA 2*2",Cama,SECCION TAPICERIA,56,ESPUMA ROSADA DE 2P,0.0,* UNIDADES,29000.0,0.0,AREA
330,6,7,28-2-2025 CAMA  CANada (3),"CAMA ""CANADA 2*2",Cama,SECCION TAPICERIA,57,ALGODON,2.0,* UNIDADES,14000.0,28000.0,FORMULA
331,6,7,28-2-2025 CAMA  CANada (3),"CAMA ""CANADA 2*2",Cama,SECCION TAPICERIA,58,CANAMO,0.1,* UNIDADES,30000.0,3000.0,FORMULA
332,6,7,28-2-2025 CAMA  CANada (3),"CAMA ""CANADA 2*2",Cama,SECCION TAPICERIA,59,TELA,8.0,* METRO,25000.0,200000.0,AREA
333,6,7,28-2-2025 CAMA  CANada (3),"CAMA ""CANADA 2*2",Cama,SECCION TAPICERIA,60,SUPER PARA PISTOLADA,1.0,PISTOLADA,19000.0,19000.0,VOLUMEN
334,6,7,28-2-2025 CAMA  CANada (3),"CAMA ""CANADA 2*2",Cama,SECCION TAPICERIA,61,GUATA 300,1.2,* METRO,18500.0,22200.0,LINEAL
335,6,7,28-2-2025 CAMA  CANada (3),"CAMA ""CANADA 2*2",Cama,SECCION TAPICERIA,62,HILO,1.0,* UNIDADES,5000.0,5000.0,FIJO
336,6,7,28-2-2025 CAMA  CANada (3),"CAMA ""CANADA 2*2",Cama,SECCION TAPICERIA,63,CAJA DE GRAPAS,0.5,CAJA,10000.0,5000.0,ESPACIADO
337,6,7,28-2-2025 CAMA  CANada (3),"CAMA ""CANADA 2*2",Cama,SECCION TAPICERIA,64,"TORNILLOS DE 2""",15.0,Unidad,100.0,1500.0,ESPACIADO
338,6,7,28-2-2025 CAMA  CANada (3),"CAMA ""CANADA 2*2",Cama,SECCION TAPICERIA,65,FIELTRO,0.55,* METRO,17000.0,9350.0,LINEAL
339,6,7,28-2-2025 CAMA  CANada (3),"CAMA ""CANADA 2*2",Cama,SECCION TAPICERIA,68,Gastos deTapiceria el 10%,,,,67135.0,FORMULA
340,6,7,28-2-2025 CAMA  CANada (3),"CAMA ""CANADA 2*2",Cama,SECCION TAPICERIA,71,CILINDRICAS DE 15 CM ALTO,2.0,* UNIDADES,18000.0,36000.0,FORMULA
341,6,7,28-2-2025 CAMA  CANada (3),"CAMA ""CANADA 2*2",Cama,SECCION TAPICERIA,72,LACA SEMI MATE,0.0,* LITRO,24000.0,0.0,VOLUMEN
342,6,7,28-2-2025 CAMA  CANada (3),"CAMA ""CANADA 2*2",Cama,SECCION TAPICERIA,73,SELLADOR,0.0,* LITRO,18000.0,0.0,VOLUMEN
343,6,7,28-2-2025 CAMA  CANada (3),"CAMA ""CANADA 2*2",Cama,SECCION TAPICERIA,74,"TORNILLOS DE 2""",8.0,Unidad,100.0,800.0,ESPACIADO
344,6,7,28-2-2025 CAMA  CANada (3),"CAMA ""CANADA 2*2",Cama,SECCION TAPICERIA,75,PREPARADA(JOTA) PINTURA,0.0,* 5%,0.0,0.0,FORMULA
345,6,7,28-2-2025 CAMA  CANada (3),"CAMA ""CANADA 2*2",Cama,SECCION TAPICERIA,76,PINTURA ( ALEX),0.0,* 5%,0.0,0.0,FORMULA
346,6,7,28-2-2025 CAMA  CANada (3),"CAMA ""CANADA 2*2",Cama,SECCION TAPICERIA,78,Gastos de PINTURA el 10%,,,,0.0,FORMULA
347,7,8,CAMA FRANYER ,CAMA MODELO FRANYER DE 2X2 10/06/2025,Cama,,7,MADERA (2),1500.0,APAMATE,140.0,210000.0,FORMULA
348,7,8,CAMA FRANYER ,CAMA MODELO FRANYER DE 2X2 10/06/2025,Cama,,8,"MDF DE 2,7",,3 PEASOS DE 49X49,65000.0,0.0,FORMULA
349,7,8,CAMA FRANYER ,CAMA MODELO FRANYER DE 2X2 10/06/2025,Cama,,9,INDUPLAX,0.0,Unidad,160000.0,0.0,AREA
350,7,8,CAMA FRANYER ,CAMA MODELO FRANYER DE 2X2 10/06/2025,Cama,,10,LAMINA DE 9,1.0,Unidad,140000.0,140000.0,AREA
351,7,8,CAMA FRANYER ,CAMA MODELO FRANYER DE 2X2 10/06/2025,Cama,,11,SUPER,,LITROS,19000.0,0.0,FORMULA
352,7,8,CAMA FRANYER ,CAMA MODELO FRANYER DE 2X2 10/06/2025,Cama,,12,COLBON,1.0,LITROS,14000.0,14000.0,VOLUMEN
353,7,8,CAMA FRANYER ,CAMA MODELO FRANYER DE 2X2 10/06/2025,Cama,,13,GRAPAS,15.0,Unidad,600.0,9000.0,ESPACIADO
354,7,8,CAMA FRANYER ,CAMA MODELO FRANYER DE 2X2 10/06/2025,Cama,,14,CORREDERAS,,UNITARIO,30000.0,0.0,FIJO
355,7,8,CAMA FRANYER ,CAMA MODELO FRANYER DE 2X2 10/06/2025,Cama,,15,CLAVILLOS,15.0,TIRA,1000.0,15000.0,ESPACIADO
356,7,8,CAMA FRANYER ,CAMA MODELO FRANYER DE 2X2 10/06/2025,Cama,,16,GANCHOS,1.0,PAR,20000.0,20000.0,FIJO
357,7,8,CAMA FRANYER ,CAMA MODELO FRANYER DE 2X2 10/06/2025,Cama,,17,MDF DE 9,,,136000.0,0.0,FORMULA
358,7,8,CAMA FRANYER ,CAMA MODELO FRANYER DE 2X2 10/06/2025,Cama,,18,"TORNILLOS DE 2""",220.0,Unidad,100.0,22000.0,ESPACIADO
359,7,8,CAMA FRANYER ,CAMA MODELO FRANYER DE 2X2 10/06/2025,Cama,,19,ebanisteria 300.000 x 5% de m.o,,,,315000.0,FORMULA
360,7,8,CAMA FRANYER ,CAMA MODELO FRANYER DE 2X2 10/06/2025,Cama,,21,gastos de Ebanisteria e 10%,,,,74500.0,FORMULA
361,7,8,CAMA FRANYER ,CAMA MODELO FRANYER DE 2X2 10/06/2025,Cama,,25,MADERA (2),468.0,"2,10X22X18= 832 2,10X20X15=630",140.0,65520.0,FORMULA
362,7,8,CAMA FRANYER ,CAMA MODELO FRANYER DE 2X2 10/06/2025,Cama,,26,MDF DE 3,200.0,"1 PEDAZO DE 1,20X45=54",65.0,13000.0,AREA
363,7,8,CAMA FRANYER ,CAMA MODELO FRANYER DE 2X2 10/06/2025,Cama,,27,LAM MDF 15,250.0,"1 PEDASO DE 1.25 X55=68,75",210.0,52500.0,AREA
364,7,8,CAMA FRANYER ,CAMA MODELO FRANYER DE 2X2 10/06/2025,Cama,,28,LAM MDF 7,175.0,"1 PEDASO DE 1,50X40=60",130.0,21875.0,AREA
365,7,8,CAMA FRANYER ,CAMA MODELO FRANYER DE 2X2 10/06/2025,Cama,,29,COLBON,2.0,litros,14000.0,28000.0,VOLUMEN
366,7,8,CAMA FRANYER ,CAMA MODELO FRANYER DE 2X2 10/06/2025,Cama,,30,GRAPAS,10.0,Unidad,600.0,6000.0,ESPACIADO
367,7,8,CAMA FRANYER ,CAMA MODELO FRANYER DE 2X2 10/06/2025,Cama,,31,CLAVILLOS N F 40,6.0,TIRA,1000.0,6000.0,ESPACIADO
368,7,8,CAMA FRANYER ,CAMA MODELO FRANYER DE 2X2 10/06/2025,Cama,,32,HECHURA,2.0,PAR,105000.0,210000.0,FORMULA
369,7,8,CAMA FRANYER ,CAMA MODELO FRANYER DE 2X2 10/06/2025,Cama,,33,"TORNILLOS DE 2""",30.0,Unidad,100.0,3000.0,ESPACIADO
370,7,8,CAMA FRANYER ,CAMA MODELO FRANYER DE 2X2 10/06/2025,Cama,,34,CORREDERAS,4.0,DE CIERRELENTO,30000.0,120000.0,FORMULA
371,7,8,CAMA FRANYER ,CAMA MODELO FRANYER DE 2X2 10/06/2025,Cama,,36,gastos de Ebanisteria e 5%,,,,26294.75,FORMULA
372,7,8,CAMA FRANYER ,CAMA MODELO FRANYER DE 2X2 10/06/2025,Cama,SECCION PINTURA Y PREPARADA DE 2 NOCHEROS,38,SECCION PINTURA Y PREPARADA,DE 2 NOCHEROS ,,,,FORMULA
373,7,8,CAMA FRANYER ,CAMA MODELO FRANYER DE 2X2 10/06/2025,Cama,SECCION PINTURA Y PREPARADA DE 2 NOCHEROS,39,PREPARADO JOTA,2.0,CON EL 5%,50000.0,52500.0,FORMULA
374,7,8,CAMA FRANYER ,CAMA MODELO FRANYER DE 2X2 10/06/2025,Cama,SECCION PINTURA Y PREPARADA DE 2 NOCHEROS,40,PINTURA ALEX,2.0,CON EL 5%,36750.0,73500.0,FORMULA
375,7,8,CAMA FRANYER ,CAMA MODELO FRANYER DE 2X2 10/06/2025,Cama,SECCION PINTURA Y PREPARADA DE 2 NOCHEROS,41,SELLADOR,3.0,PISTOLADAS,18000.0,54000.0,VOLUMEN
376,7,8,CAMA FRANYER ,CAMA MODELO FRANYER DE 2X2 10/06/2025,Cama,SECCION PINTURA Y PREPARADA DE 2 NOCHEROS,42,LIJA 400,2.0,unidades,2000.0,4000.0,FORMULA
377,7,8,CAMA FRANYER ,CAMA MODELO FRANYER DE 2X2 10/06/2025,Cama,SECCION PINTURA Y PREPARADA DE 2 NOCHEROS,43,NITRO,0.1,galon,70000.0,7000.0,VOLUMEN
378,7,8,CAMA FRANYER ,CAMA MODELO FRANYER DE 2X2 10/06/2025,Cama,SECCION PINTURA Y PREPARADA DE 2 NOCHEROS,44,lija 240,2.0,unidad,2000.0,4000.0,FORMULA
379,7,8,CAMA FRANYER ,CAMA MODELO FRANYER DE 2X2 10/06/2025,Cama,SECCION PINTURA Y PREPARADA DE 2 NOCHEROS,45,TALCO,0.3,unidad,2500.0,750.0,FORMULA
380,7,8,CAMA FRANYER ,CAMA MODELO FRANYER DE 2X2 10/06/2025,Cama,SECCION PINTURA Y PREPARADA DE 2 NOCHEROS,46,TINER,0.2,GALON,34000.0,6800.0,VOLUMEN
381,7,8,CAMA FRANYER ,CAMA MODELO FRANYER DE 2X2 10/06/2025,Cama,SECCION PINTURA Y PREPARADA DE 2 NOCHEROS,47,BOTONES,4.0,JALADORES,5000.0,20000.0,FORMULA
382,7,8,CAMA FRANYER ,CAMA MODELO FRANYER DE 2X2 10/06/2025,Cama,SECCION PINTURA Y PREPARADA DE 2 NOCHEROS,48,COLOR GRIS,2.5,PISTOLADA,22000.0,55000.0,VOLUMEN
383,7,8,CAMA FRANYER ,CAMA MODELO FRANYER DE 2X2 10/06/2025,Cama,SECCION PINTURA Y PREPARADA DE 2 NOCHEROS,49,ENCINA,0.1,galon,160000.0,16000.0,VOLUMEN
384,7,8,CAMA FRANYER ,CAMA MODELO FRANYER DE 2X2 10/06/2025,Cama,SECCION PINTURA Y PREPARADA DE 2 NOCHEROS,50,GASOLINA,0.2,ML,4500.0,900.0,LINEAL
385,7,8,CAMA FRANYER ,CAMA MODELO FRANYER DE 2X2 10/06/2025,Cama,SECCION PINTURA Y PREPARADA DE 2 NOCHEROS,51,RESANE,0.2,LITRO,20000.0,4000.0,VOLUMEN
386,7,8,CAMA FRANYER ,CAMA MODELO FRANYER DE 2X2 10/06/2025,Cama,SECCION PINTURA Y PREPARADA DE 2 NOCHEROS,52,LACA,2.0,PISTOLADA,23000.0,46000.0,VOLUMEN
387,7,8,CAMA FRANYER ,CAMA MODELO FRANYER DE 2X2 10/06/2025,Cama,SECCION PINTURA Y PREPARADA DE 2 NOCHEROS,54,Gastos de Pintura 10%,,,,32445.0,FORMULA
388,7,8,CAMA FRANYER ,CAMA MODELO FRANYER DE 2X2 10/06/2025,Cama,SECCION PINTURA Y PREPARADA DE CAMA,56,SECCION PINTURA Y PREPARADA,DE CAMA ,,,,FORMULA
389,7,8,CAMA FRANYER ,CAMA MODELO FRANYER DE 2X2 10/06/2025,Cama,SECCION PINTURA Y PREPARADA DE CAMA,57,PREPARADO JOTA,,CON EL 5%,30000.0,,FORMULA
390,7,8,CAMA FRANYER ,CAMA MODELO FRANYER DE 2X2 10/06/2025,Cama,SECCION PINTURA Y PREPARADA DE CAMA,58,PINTURA ALEX,,CON EL 5%,20000.0,,FORMULA
391,7,8,CAMA FRANYER ,CAMA MODELO FRANYER DE 2X2 10/06/2025,Cama,SECCION PINTURA Y PREPARADA DE CAMA,59,PINTURA DE PATAS ALEX,12.0,,2000.0,24000.0,FORMULA
392,7,8,CAMA FRANYER ,CAMA MODELO FRANYER DE 2X2 10/06/2025,Cama,SECCION PINTURA Y PREPARADA DE CAMA,60,SELLADOR,,PISTOLADAS,18000.0,0.0,FORMULA
393,7,8,CAMA FRANYER ,CAMA MODELO FRANYER DE 2X2 10/06/2025,Cama,SECCION PINTURA Y PREPARADA DE CAMA,61,LIJA 400,,unidades,2000.0,0.0,FORMULA
394,7,8,CAMA FRANYER ,CAMA MODELO FRANYER DE 2X2 10/06/2025,Cama,SECCION PINTURA Y PREPARADA DE CAMA,62,NITRO,,galon,,0.0,FORMULA
395,7,8,CAMA FRANYER ,CAMA MODELO FRANYER DE 2X2 10/06/2025,Cama,SECCION PINTURA Y PREPARADA DE CAMA,63,lija 240,,unidad,2000.0,0.0,FORMULA
396,7,8,CAMA FRANYER ,CAMA MODELO FRANYER DE 2X2 10/06/2025,Cama,SECCION PINTURA Y PREPARADA DE CAMA,64,lija 150,,unidad,2000.0,0.0,FORMULA
397,7,8,CAMA FRANYER ,CAMA MODELO FRANYER DE 2X2 10/06/2025,Cama,SECCION PINTURA Y PREPARADA DE CAMA,65,laca semimate,,GALON,23000.0,0.0,FORMULA
398,7,8,CAMA FRANYER ,CAMA MODELO FRANYER DE 2X2 10/06/2025,Cama,SECCION PINTURA Y PREPARADA DE CAMA,66,kerosen,,litro,18000.0,0.0,FORMULA
399,7,8,CAMA FRANYER ,CAMA MODELO FRANYER DE 2X2 10/06/2025,Cama,SECCION PINTURA Y PREPARADA DE CAMA,67,COLOR GRIS,,PISTOLADA,19000.0,0.0,FORMULA
400,7,8,CAMA FRANYER ,CAMA MODELO FRANYER DE 2X2 10/06/2025,Cama,SECCION PINTURA Y PREPARADA DE CAMA,68,TINTE MIEL,,galon,,0.0,FORMULA
401,7,8,CAMA FRANYER ,CAMA MODELO FRANYER DE 2X2 10/06/2025,Cama,SECCION PINTURA Y PREPARADA DE CAMA,69,GASOLINA,,LITRO,4.5,0.0,FORMULA
402,7,8,CAMA FRANYER ,CAMA MODELO FRANYER DE 2X2 10/06/2025,Cama,SECCION PINTURA Y PREPARADA DE CAMA,70,RESANE,,LITRO,,0.0,FORMULA
403,7,8,CAMA FRANYER ,CAMA MODELO FRANYER DE 2X2 10/06/2025,Cama,SECCION PINTURA Y PREPARADA DE CAMA,71,LACA,,PISTOLADA,22000.0,0.0,FORMULA
404,7,8,CAMA FRANYER ,CAMA MODELO FRANYER DE 2X2 10/06/2025,Cama,SECCION TERMINACION,76,COLAPATO,,,35000.0,0.0,FORMULA
405,7,8,CAMA FRANYER ,CAMA MODELO FRANYER DE 2X2 10/06/2025,Cama,SECCION TERMINACION,77,MULTIUSO,,PAR,,0.0,FORMULA
406,7,8,CAMA FRANYER ,CAMA MODELO FRANYER DE 2X2 10/06/2025,Cama,SECCION TERMINACION,78,PATAS DE CAMAS,,unidades,11000.0,0.0,FIJO
407,7,8,CAMA FRANYER ,CAMA MODELO FRANYER DE 2X2 10/06/2025,Cama,SECCION TERMINACION,79,PATAS DE NOCHEROS,,UNIDADES,8000.0,0.0,FIJO
408,7,8,CAMA FRANYER ,CAMA MODELO FRANYER DE 2X2 10/06/2025,Cama,SECCION TERMINACION,80,TORNILLOS,,unidades,100.0,0.0,FIJO
409,7,8,CAMA FRANYER ,CAMA MODELO FRANYER DE 2X2 10/06/2025,Cama,SECCION TERMINACION,81,EMBALADA,1.0,unidades,150000.0,150000.0,FIJO
410,7,8,CAMA FRANYER ,CAMA MODELO FRANYER DE 2X2 10/06/2025,Cama,SECCION TERMINACION,84,SECCION TENDIDO DE PATAS,,,,0.0,FIJO
411,7,8,CAMA FRANYER ,CAMA MODELO FRANYER DE 2X2 10/06/2025,Cama,SECCION TERMINACION,85,MADERA 60X1X4,750.0,2X25X15,140.0,105000.0,FORMULA
412,7,8,CAMA FRANYER ,CAMA MODELO FRANYER DE 2X2 10/06/2025,Cama,SECCION TERMINACION,87,FABRICACION TENDIDO,1.0,DE 2X2,63000.0,63000.0,FIJO
413,7,8,CAMA FRANYER ,CAMA MODELO FRANYER DE 2X2 10/06/2025,Cama,SECCION TERMINACION,88,MDF DE 9,1.0,unidades,140000.0,140000.0,AREA
414,7,8,CAMA FRANYER ,CAMA MODELO FRANYER DE 2X2 10/06/2025,Cama,SECCION TERMINACION,89,COLBON,0.5,LITRO,14000.0,7000.0,VOLUMEN
415,7,8,CAMA FRANYER ,CAMA MODELO FRANYER DE 2X2 10/06/2025,Cama,SECCION TERMINACION,90,"TORNILLOS DE 2""",50.0,unidades,100.0,5000.0,ESPACIADO
416,7,8,CAMA FRANYER ,CAMA MODELO FRANYER DE 2X2 10/06/2025,Cama,SECCION TERMINACION,91,CLAVILLO,2.0,TIRAS,600.0,1200.0,ESPACIADO
417,7,8,CAMA FRANYER ,CAMA MODELO FRANYER DE 2X2 10/06/2025,Cama,SECCION TERMINACION,92,PEOPE,2.0,METROS,3500.0,7000.0,LINEAL
418,7,8,CAMA FRANYER ,CAMA MODELO FRANYER DE 2X2 10/06/2025,Cama,SECCION TAPICERIA,96,TELA,10.0,METROS,38000.0,380000.0,AREA
419,7,8,CAMA FRANYER ,CAMA MODELO FRANYER DE 2X2 10/06/2025,Cama,SECCION TAPICERIA,97,BARILLA TRIPA POLLO,,,15000.0,0.0,FORMULA
420,7,8,CAMA FRANYER ,CAMA MODELO FRANYER DE 2X2 10/06/2025,Cama,SECCION TAPICERIA,98,CAZATA,0.4,METROS,56000.0,22400.0,LINEAL
421,7,8,CAMA FRANYER ,CAMA MODELO FRANYER DE 2X2 10/06/2025,Cama,SECCION TAPICERIA,99,GRAPAS,0.5,CAJA DE GRAPAS,12000.0,6000.0,ESPACIADO
422,7,8,CAMA FRANYER ,CAMA MODELO FRANYER DE 2X2 10/06/2025,Cama,SECCION TAPICERIA,100,ESPUMA AZUL DE 2 PULGADAS,1.0,LAMINA,39000.0,39000.0,AREA
423,7,8,CAMA FRANYER ,CAMA MODELO FRANYER DE 2X2 10/06/2025,Cama,SECCION TAPICERIA,101,"TORNILLOS DE 1 1/2""",60.0,UNIDADES,100.0,6000.0,ESPACIADO
424,7,8,CAMA FRANYER ,CAMA MODELO FRANYER DE 2X2 10/06/2025,Cama,SECCION TAPICERIA,102,ESPUMA DE 1 1/2PULGADA AZUL,3.0,UNIDADES,33000.0,99000.0,AREA
425,7,8,CAMA FRANYER ,CAMA MODELO FRANYER DE 2X2 10/06/2025,Cama,SECCION TAPICERIA,103,ESPUMA BLANCA DE 1/2,0.5,UNIDAD,19900.0,9950.0,AREA
426,7,8,CAMA FRANYER ,CAMA MODELO FRANYER DE 2X2 10/06/2025,Cama,SECCION TAPICERIA,104,CABULLA,0.5,MTS,16000.0,8000.0,LINEAL
427,7,8,CAMA FRANYER ,CAMA MODELO FRANYER DE 2X2 10/06/2025,Cama,SECCION TAPICERIA,105,COSTAL,4.5,METROS,3000.0,13500.0,AREA
428,7,8,CAMA FRANYER ,CAMA MODELO FRANYER DE 2X2 10/06/2025,Cama,SECCION TAPICERIA,106,HILO,0.2,,27000.0,5400.0,FORMULA
429,7,8,CAMA FRANYER ,CAMA MODELO FRANYER DE 2X2 10/06/2025,Cama,SECCION TAPICERIA,107,ESPUMA AZUL 1CM,1.0,UNIIDAD,18000.0,18000.0,AREA
430,7,8,CAMA FRANYER ,CAMA MODELO FRANYER DE 2X2 10/06/2025,Cama,SECCION TAPICERIA,108,SUPER,0.75,LITRO,16250.0,12187.5,VOLUMEN
431,7,8,CAMA FRANYER ,CAMA MODELO FRANYER DE 2X2 10/06/2025,Cama,SECCION TAPICERIA,109,FIELTRO,1.1,CM,4000.0,4400.0,LINEAL
432,7,8,CAMA FRANYER ,CAMA MODELO FRANYER DE 2X2 10/06/2025,Cama,SECCION TAPICERIA,110,HECHURA,1.0,,210000.0,210000.0,FIJO
433,7,8,CAMA FRANYER ,CAMA MODELO FRANYER DE 2X2 10/06/2025,Cama,SECCION TAPICERIA,111,COLARATA,6.0,KG,2000.0,12000.0,FORMULA
434,8,9,CAMA CHOCOLATINA ,CAMA MODELO CHOCOLATINA DE 2X2 10/06/2025,Cama,,7,MADERA (2),1656.0,APAMATE,140.0,231840.0,FORMULA
435,8,9,CAMA CHOCOLATINA ,CAMA MODELO CHOCOLATINA DE 2X2 10/06/2025,Cama,,8,"MDF DE 2,7",,3 PEASOS DE 49X49,65000.0,0.0,FORMULA
436,8,9,CAMA CHOCOLATINA ,CAMA MODELO CHOCOLATINA DE 2X2 10/06/2025,Cama,,9,INDUPLAX,0.0,Unidad,160000.0,0.0,AREA
437,8,9,CAMA CHOCOLATINA ,CAMA MODELO CHOCOLATINA DE 2X2 10/06/2025,Cama,,10,LAMINA DE 9,,Unidad,140000.0,0.0,FORMULA
438,8,9,CAMA CHOCOLATINA ,CAMA MODELO CHOCOLATINA DE 2X2 10/06/2025,Cama,,11,SUPER,,LITROS,19000.0,0.0,FORMULA
439,8,9,CAMA CHOCOLATINA ,CAMA MODELO CHOCOLATINA DE 2X2 10/06/2025,Cama,,12,COLBON,1.0,LITROS,14000.0,14000.0,VOLUMEN
440,8,9,CAMA CHOCOLATINA ,CAMA MODELO CHOCOLATINA DE 2X2 10/06/2025,Cama,,13,GRAPAS,15.0,Unidad,600.0,9000.0,ESPACIADO
441,8,9,CAMA CHOCOLATINA ,CAMA MODELO CHOCOLATINA DE 2X2 10/06/2025,Cama,,14,CORREDERAS,,UNITARIO,30000.0,0.0,FIJO
442,8,9,CAMA CHOCOLATINA ,CAMA MODELO CHOCOLATINA DE 2X2 10/06/2025,Cama,,15,CLAVILLOS,15.0,TIRA,1000.0,15000.0,ESPACIADO
443,8,9,CAMA CHOCOLATINA ,CAMA MODELO CHOCOLATINA DE 2X2 10/06/2025,Cama,,16,GANCHOS,1.0,PAR,20000.0,20000.0,FIJO
444,8,9,CAMA CHOCOLATINA ,CAMA MODELO CHOCOLATINA DE 2X2 10/06/2025,Cama,,17,MDF DE 9,,,136000.0,0.0,FORMULA
445,8,9,CAMA CHOCOLATINA ,CAMA MODELO CHOCOLATINA DE 2X2 10/06/2025,Cama,,18,"TORNILLOS DE 2""",150.0,Unidad,100.0,15000.0,ESPACIADO
446,8,9,CAMA CHOCOLATINA ,CAMA MODELO CHOCOLATINA DE 2X2 10/06/2025,Cama,,19,ebanisteria 300.000 x 5% de m.o,,,,315000.0,FORMULA
447,8,9,CAMA CHOCOLATINA ,CAMA MODELO CHOCOLATINA DE 2X2 10/06/2025,Cama,,21,gastos de Ebanisteria e 10%,,,,60364.0,FORMULA
448,8,9,CAMA CHOCOLATINA ,CAMA MODELO CHOCOLATINA DE 2X2 10/06/2025,Cama,,25,MADERA (2),468.0,"2,10X22X18= 832 2,10X20X15=630",140.0,65520.0,FORMULA
449,8,9,CAMA CHOCOLATINA ,CAMA MODELO CHOCOLATINA DE 2X2 10/06/2025,Cama,,26,MDF DE 3,200.0,"1 PEDAZO DE 1,20X45=54",65.0,13000.0,AREA
450,8,9,CAMA CHOCOLATINA ,CAMA MODELO CHOCOLATINA DE 2X2 10/06/2025,Cama,,27,LAM MDF 15,250.0,"1 PEDASO DE 1.25 X55=68,75",210.0,52500.0,AREA
451,8,9,CAMA CHOCOLATINA ,CAMA MODELO CHOCOLATINA DE 2X2 10/06/2025,Cama,,28,LAM MDF 7,175.0,"1 PEDASO DE 1,50X40=60",130.0,21875.0,AREA
452,8,9,CAMA CHOCOLATINA ,CAMA MODELO CHOCOLATINA DE 2X2 10/06/2025,Cama,,29,COLBON,2.0,litros,14000.0,28000.0,VOLUMEN
453,8,9,CAMA CHOCOLATINA ,CAMA MODELO CHOCOLATINA DE 2X2 10/06/2025,Cama,,30,GRAPAS,10.0,Unidad,600.0,6000.0,ESPACIADO
454,8,9,CAMA CHOCOLATINA ,CAMA MODELO CHOCOLATINA DE 2X2 10/06/2025,Cama,,31,CLAVILLOS N F 40,6.0,TIRA,1000.0,6000.0,ESPACIADO
455,8,9,CAMA CHOCOLATINA ,CAMA MODELO CHOCOLATINA DE 2X2 10/06/2025,Cama,,32,HECHURA,2.0,PAR,105000.0,210000.0,FORMULA
456,8,9,CAMA CHOCOLATINA ,CAMA MODELO CHOCOLATINA DE 2X2 10/06/2025,Cama,,33,"TORNILLOS DE 2""",30.0,Unidad,100.0,3000.0,ESPACIADO
457,8,9,CAMA CHOCOLATINA ,CAMA MODELO CHOCOLATINA DE 2X2 10/06/2025,Cama,,34,CORREDERAS,4.0,DE CIERRELENTO,30000.0,120000.0,FORMULA
458,8,9,CAMA CHOCOLATINA ,CAMA MODELO CHOCOLATINA DE 2X2 10/06/2025,Cama,,36,gastos de Ebanisteria e 5%,,,,26294.75,FORMULA
459,8,9,CAMA CHOCOLATINA ,CAMA MODELO CHOCOLATINA DE 2X2 10/06/2025,Cama,SECCION PINTURA Y PREPARADA DE 2 NOCHEROS,38,SECCION PINTURA Y PREPARADA,DE 2 NOCHEROS ,,,,FORMULA
460,8,9,CAMA CHOCOLATINA ,CAMA MODELO CHOCOLATINA DE 2X2 10/06/2025,Cama,SECCION PINTURA Y PREPARADA DE 2 NOCHEROS,39,PREPARADO JOTA,2.0,CON EL 5%,50000.0,52500.0,FORMULA
461,8,9,CAMA CHOCOLATINA ,CAMA MODELO CHOCOLATINA DE 2X2 10/06/2025,Cama,SECCION PINTURA Y PREPARADA DE 2 NOCHEROS,40,PINTURA ALEX,2.0,CON EL 5%,36750.0,73500.0,FORMULA
462,8,9,CAMA CHOCOLATINA ,CAMA MODELO CHOCOLATINA DE 2X2 10/06/2025,Cama,SECCION PINTURA Y PREPARADA DE 2 NOCHEROS,41,SELLADOR,3.0,PISTOLADAS,18000.0,54000.0,VOLUMEN
463,8,9,CAMA CHOCOLATINA ,CAMA MODELO CHOCOLATINA DE 2X2 10/06/2025,Cama,SECCION PINTURA Y PREPARADA DE 2 NOCHEROS,42,LIJA 400,2.0,unidades,2000.0,4000.0,FORMULA
464,8,9,CAMA CHOCOLATINA ,CAMA MODELO CHOCOLATINA DE 2X2 10/06/2025,Cama,SECCION PINTURA Y PREPARADA DE 2 NOCHEROS,43,NITRO,0.1,galon,70000.0,7000.0,VOLUMEN
465,8,9,CAMA CHOCOLATINA ,CAMA MODELO CHOCOLATINA DE 2X2 10/06/2025,Cama,SECCION PINTURA Y PREPARADA DE 2 NOCHEROS,44,lija 240,2.0,unidad,2000.0,4000.0,FORMULA
466,8,9,CAMA CHOCOLATINA ,CAMA MODELO CHOCOLATINA DE 2X2 10/06/2025,Cama,SECCION PINTURA Y PREPARADA DE 2 NOCHEROS,45,TALCO,0.3,unidad,2500.0,750.0,FORMULA
467,8,9,CAMA CHOCOLATINA ,CAMA MODELO CHOCOLATINA DE 2X2 10/06/2025,Cama,SECCION PINTURA Y PREPARADA DE 2 NOCHEROS,46,TINER,0.2,GALON,34000.0,6800.0,VOLUMEN
468,8,9,CAMA CHOCOLATINA ,CAMA MODELO CHOCOLATINA DE 2X2 10/06/2025,Cama,SECCION PINTURA Y PREPARADA DE 2 NOCHEROS,47,BOTONES,4.0,JALADORES,5000.0,20000.0,FORMULA
469,8,9,CAMA CHOCOLATINA ,CAMA MODELO CHOCOLATINA DE 2X2 10/06/2025,Cama,SECCION PINTURA Y PREPARADA DE 2 NOCHEROS,48,COLOR GRIS,2.5,PISTOLADA,22000.0,55000.0,VOLUMEN
470,8,9,CAMA CHOCOLATINA ,CAMA MODELO CHOCOLATINA DE 2X2 10/06/2025,Cama,SECCION PINTURA Y PREPARADA DE 2 NOCHEROS,49,ENCINA,0.1,galon,160000.0,16000.0,VOLUMEN
471,8,9,CAMA CHOCOLATINA ,CAMA MODELO CHOCOLATINA DE 2X2 10/06/2025,Cama,SECCION PINTURA Y PREPARADA DE 2 NOCHEROS,50,GASOLINA,0.2,ML,4500.0,900.0,LINEAL
472,8,9,CAMA CHOCOLATINA ,CAMA MODELO CHOCOLATINA DE 2X2 10/06/2025,Cama,SECCION PINTURA Y PREPARADA DE 2 NOCHEROS,51,RESANE,0.2,LITRO,20000.0,4000.0,VOLUMEN
473,8,9,CAMA CHOCOLATINA ,CAMA MODELO CHOCOLATINA DE 2X2 10/06/2025,Cama,SECCION PINTURA Y PREPARADA DE 2 NOCHEROS,52,LACA,2.0,PISTOLADA,23000.0,46000.0,VOLUMEN
474,8,9,CAMA CHOCOLATINA ,CAMA MODELO CHOCOLATINA DE 2X2 10/06/2025,Cama,SECCION PINTURA Y PREPARADA DE 2 NOCHEROS,54,Gastos de Pintura 10%,,,,32445.0,FORMULA
475,8,9,CAMA CHOCOLATINA ,CAMA MODELO CHOCOLATINA DE 2X2 10/06/2025,Cama,SECCION PINTURA Y PREPARADA DE CAMA,56,SECCION PINTURA Y PREPARADA,DE CAMA ,,,,FORMULA
476,8,9,CAMA CHOCOLATINA ,CAMA MODELO CHOCOLATINA DE 2X2 10/06/2025,Cama,SECCION PINTURA Y PREPARADA DE CAMA,57,PREPARADO JOTA,,CON EL 5%,30000.0,,FORMULA
477,8,9,CAMA CHOCOLATINA ,CAMA MODELO CHOCOLATINA DE 2X2 10/06/2025,Cama,SECCION PINTURA Y PREPARADA DE CAMA,58,PINTURA ALEX,,CON EL 5%,20000.0,,FORMULA
478,8,9,CAMA CHOCOLATINA ,CAMA MODELO CHOCOLATINA DE 2X2 10/06/2025,Cama,SECCION PINTURA Y PREPARADA DE CAMA,59,PINTURA DE PATAS ALEX,4.0,,2000.0,8000.0,FORMULA
479,8,9,CAMA CHOCOLATINA ,CAMA MODELO CHOCOLATINA DE 2X2 10/06/2025,Cama,SECCION PINTURA Y PREPARADA DE CAMA,60,SELLADOR,,PISTOLADAS,18000.0,0.0,FORMULA
480,8,9,CAMA CHOCOLATINA ,CAMA MODELO CHOCOLATINA DE 2X2 10/06/2025,Cama,SECCION PINTURA Y PREPARADA DE CAMA,61,LIJA 400,,unidades,2000.0,0.0,FORMULA
481,8,9,CAMA CHOCOLATINA ,CAMA MODELO CHOCOLATINA DE 2X2 10/06/2025,Cama,SECCION PINTURA Y PREPARADA DE CAMA,62,NITRO,,galon,,0.0,FORMULA
482,8,9,CAMA CHOCOLATINA ,CAMA MODELO CHOCOLATINA DE 2X2 10/06/2025,Cama,SECCION PINTURA Y PREPARADA DE CAMA,63,lija 240,,unidad,2000.0,0.0,FORMULA
483,8,9,CAMA CHOCOLATINA ,CAMA MODELO CHOCOLATINA DE 2X2 10/06/2025,Cama,SECCION PINTURA Y PREPARADA DE CAMA,64,lija 150,,unidad,2000.0,0.0,FORMULA
484,8,9,CAMA CHOCOLATINA ,CAMA MODELO CHOCOLATINA DE 2X2 10/06/2025,Cama,SECCION PINTURA Y PREPARADA DE CAMA,65,laca semimate,,GALON,23000.0,0.0,FORMULA
485,8,9,CAMA CHOCOLATINA ,CAMA MODELO CHOCOLATINA DE 2X2 10/06/2025,Cama,SECCION PINTURA Y PREPARADA DE CAMA,66,kerosen,,litro,18000.0,0.0,FORMULA
486,8,9,CAMA CHOCOLATINA ,CAMA MODELO CHOCOLATINA DE 2X2 10/06/2025,Cama,SECCION PINTURA Y PREPARADA DE CAMA,67,COLOR GRIS,,PISTOLADA,19000.0,0.0,FORMULA
487,8,9,CAMA CHOCOLATINA ,CAMA MODELO CHOCOLATINA DE 2X2 10/06/2025,Cama,SECCION PINTURA Y PREPARADA DE CAMA,68,TINTE MIEL,,galon,,0.0,FORMULA
488,8,9,CAMA CHOCOLATINA ,CAMA MODELO CHOCOLATINA DE 2X2 10/06/2025,Cama,SECCION PINTURA Y PREPARADA DE CAMA,69,GASOLINA,,LITRO,4.5,0.0,FORMULA
489,8,9,CAMA CHOCOLATINA ,CAMA MODELO CHOCOLATINA DE 2X2 10/06/2025,Cama,SECCION PINTURA Y PREPARADA DE CAMA,70,RESANE,,LITRO,,0.0,FORMULA
490,8,9,CAMA CHOCOLATINA ,CAMA MODELO CHOCOLATINA DE 2X2 10/06/2025,Cama,SECCION PINTURA Y PREPARADA DE CAMA,71,LACA,,PISTOLADA,22000.0,0.0,FORMULA
491,8,9,CAMA CHOCOLATINA ,CAMA MODELO CHOCOLATINA DE 2X2 10/06/2025,Cama,SECCION TERMINACION,76,COLAPATO,1.0,2X7X5+1X7X5=105,35000.0,35000.0,FIJO
492,8,9,CAMA CHOCOLATINA ,CAMA MODELO CHOCOLATINA DE 2X2 10/06/2025,Cama,SECCION TERMINACION,77,MULTIUSO,1.0,PAR,6000.0,6000.0,FIJO
493,8,9,CAMA CHOCOLATINA ,CAMA MODELO CHOCOLATINA DE 2X2 10/06/2025,Cama,SECCION TERMINACION,78,PATAS DE CAMAS,4.0,unidades,11000.0,44000.0,FORMULA
494,8,9,CAMA CHOCOLATINA ,CAMA MODELO CHOCOLATINA DE 2X2 10/06/2025,Cama,SECCION TERMINACION,79,PATAS DE NOCHEROS,8.0,UNIDADES,8000.0,64000.0,FORMULA
495,8,9,CAMA CHOCOLATINA ,CAMA MODELO CHOCOLATINA DE 2X2 10/06/2025,Cama,SECCION TERMINACION,80,TORNILLOS,48.0,unidades,100.0,4800.0,ESPACIADO
496,8,9,CAMA CHOCOLATINA ,CAMA MODELO CHOCOLATINA DE 2X2 10/06/2025,Cama,SECCION TERMINACION,81,EMBALADA,1.0,unidades,150000.0,150000.0,FIJO
497,8,9,CAMA CHOCOLATINA ,CAMA MODELO CHOCOLATINA DE 2X2 10/06/2025,Cama,SECCION TERMINACION,84,SECCION TENDIDO DE REJAS,,,,0.0,FORMULA
498,8,9,CAMA CHOCOLATINA ,CAMA MODELO CHOCOLATINA DE 2X2 10/06/2025,Cama,SECCION TERMINACION,85,MADERA 60X1X4,750.0,2X25X15,140.0,105000.0,FORMULA
499,8,9,CAMA CHOCOLATINA ,CAMA MODELO CHOCOLATINA DE 2X2 10/06/2025,Cama,SECCION TERMINACION,87,FABRICACION TENDIDO,1.0,DE 2X2,42000.0,42000.0,FIJO
500,8,9,CAMA CHOCOLATINA ,CAMA MODELO CHOCOLATINA DE 2X2 10/06/2025,Cama,SECCION TERMINACION,88,MDF DE 9,1.0,unidades,140000.0,140000.0,AREA
501,8,9,CAMA CHOCOLATINA ,CAMA MODELO CHOCOLATINA DE 2X2 10/06/2025,Cama,SECCION TERMINACION,89,COLBON,0.5,LITRO,14000.0,7000.0,VOLUMEN
502,8,9,CAMA CHOCOLATINA ,CAMA MODELO CHOCOLATINA DE 2X2 10/06/2025,Cama,SECCION TERMINACION,90,"TORNILLOS DE 2""",50.0,unidades,100.0,5000.0,ESPACIADO
503,8,9,CAMA CHOCOLATINA ,CAMA MODELO CHOCOLATINA DE 2X2 10/06/2025,Cama,SECCION TERMINACION,91,CLAVILLO,2.0,TIRAS,600.0,1200.0,ESPACIADO
504,8,9,CAMA CHOCOLATINA ,CAMA MODELO CHOCOLATINA DE 2X2 10/06/2025,Cama,SECCION TERMINACION,92,PEOPE,2.0,METROS,3500.0,7000.0,LINEAL
505,8,9,CAMA CHOCOLATINA ,CAMA MODELO CHOCOLATINA DE 2X2 10/06/2025,Cama,SECCION TAPICERIA,96,TELA,10.0,METROS,34000.0,340000.0,AREA
506,8,9,CAMA CHOCOLATINA ,CAMA MODELO CHOCOLATINA DE 2X2 10/06/2025,Cama,SECCION TAPICERIA,97,BARILLA TRIPA POLLO,,,15000.0,0.0,FORMULA
507,8,9,CAMA CHOCOLATINA ,CAMA MODELO CHOCOLATINA DE 2X2 10/06/2025,Cama,SECCION TAPICERIA,98,CAZATA,0.3,METROS,56000.0,16800.0,LINEAL
508,8,9,CAMA CHOCOLATINA ,CAMA MODELO CHOCOLATINA DE 2X2 10/06/2025,Cama,SECCION TAPICERIA,99,GRAPAS,0.5,CAJA DE GRAPAS,12000.0,6000.0,ESPACIADO
509,8,9,CAMA CHOCOLATINA ,CAMA MODELO CHOCOLATINA DE 2X2 10/06/2025,Cama,SECCION TAPICERIA,100,ESPUMA AZUL DE 2 PULGADAS,1.0,LAMINA,39000.0,39000.0,AREA
510,8,9,CAMA CHOCOLATINA ,CAMA MODELO CHOCOLATINA DE 2X2 10/06/2025,Cama,SECCION TAPICERIA,101,"TORNILLOS DE 1 1/2""",30.0,UNIDADES,100.0,3000.0,ESPACIADO
511,8,9,CAMA CHOCOLATINA ,CAMA MODELO CHOCOLATINA DE 2X2 10/06/2025,Cama,SECCION TAPICERIA,102,ESPUMA DE 1 1/2PULGADA ROSADA,1.33,UNIDADES,33000.0,43890.0,AREA
512,8,9,CAMA CHOCOLATINA ,CAMA MODELO CHOCOLATINA DE 2X2 10/06/2025,Cama,SECCION TAPICERIA,103,ESPUMA BLANCA DE 1/2,0.5,UNIDAD,19900.0,9950.0,AREA
513,8,9,CAMA CHOCOLATINA ,CAMA MODELO CHOCOLATINA DE 2X2 10/06/2025,Cama,SECCION TAPICERIA,104,CARTON,4.0,MTS,5000.0,20000.0,LINEAL
514,8,9,CAMA CHOCOLATINA ,CAMA MODELO CHOCOLATINA DE 2X2 10/06/2025,Cama,SECCION TAPICERIA,105,COSTAL,3.0,METROS,3000.0,9000.0,AREA
515,8,9,CAMA CHOCOLATINA ,CAMA MODELO CHOCOLATINA DE 2X2 10/06/2025,Cama,SECCION TAPICERIA,106,HILO,0.5,,4000.0,2000.0,FORMULA
516,8,9,CAMA CHOCOLATINA ,CAMA MODELO CHOCOLATINA DE 2X2 10/06/2025,Cama,SECCION TAPICERIA,107,ESPUMA NARANJA 1CM,,UNIIDAD,,0.0,FORMULA
517,8,9,CAMA CHOCOLATINA ,CAMA MODELO CHOCOLATINA DE 2X2 10/06/2025,Cama,SECCION TAPICERIA,108,SUPER,0.75,LITRO,16250.0,12187.5,VOLUMEN
518,8,9,CAMA CHOCOLATINA ,CAMA MODELO CHOCOLATINA DE 2X2 10/06/2025,Cama,SECCION TAPICERIA,109,FIELTRO,,CM,14000.0,0.0,FORMULA
519,8,9,CAMA CHOCOLATINA ,CAMA MODELO CHOCOLATINA DE 2X2 10/06/2025,Cama,SECCION TAPICERIA,110,HECHURA,1.0,,210000.0,210000.0,FIJO
520,8,9,CAMA CHOCOLATINA ,CAMA MODELO CHOCOLATINA DE 2X2 10/06/2025,Cama,SECCION TAPICERIA,111,COLARATA,6.0,KG,2000.0,12000.0,FORMULA
521,9,10,CAMA NAUTICA ,CAMA MODEO NAUTICA DE 2X2 10/06/2025,Cama,,7,MADERA (2),2450.0,APAMATE,140.0,343000.0,FORMULA
522,9,10,CAMA NAUTICA ,CAMA MODEO NAUTICA DE 2X2 10/06/2025,Cama,,8,"MDF DE 2,7",,3 PEASOS DE 49X49,65000.0,0.0,FORMULA
523,9,10,CAMA NAUTICA ,CAMA MODEO NAUTICA DE 2X2 10/06/2025,Cama,,9,INDUPLAX,0.0,Unidad,160000.0,0.0,AREA
524,9,10,CAMA NAUTICA ,CAMA MODEO NAUTICA DE 2X2 10/06/2025,Cama,,10,LAMINA DE 9,0.5,Unidad,140000.0,70000.0,AREA
525,9,10,CAMA NAUTICA ,CAMA MODEO NAUTICA DE 2X2 10/06/2025,Cama,,11,SUPER,,LITROS,19000.0,0.0,FORMULA
526,9,10,CAMA NAUTICA ,CAMA MODEO NAUTICA DE 2X2 10/06/2025,Cama,,12,COLBON,1.0,LITROS,14000.0,14000.0,VOLUMEN
527,9,10,CAMA NAUTICA ,CAMA MODEO NAUTICA DE 2X2 10/06/2025,Cama,,13,GRAPAS,24.0,Unidad,600.0,14400.0,ESPACIADO
528,9,10,CAMA NAUTICA ,CAMA MODEO NAUTICA DE 2X2 10/06/2025,Cama,,14,CORREDERAS,,UNITARIO,30000.0,0.0,FIJO
529,9,10,CAMA NAUTICA ,CAMA MODEO NAUTICA DE 2X2 10/06/2025,Cama,,15,CLAVILLOS,15.0,TIRA,1000.0,15000.0,ESPACIADO
530,9,10,CAMA NAUTICA ,CAMA MODEO NAUTICA DE 2X2 10/06/2025,Cama,,16,GANCHOS,1.0,PAR,20000.0,20000.0,FIJO
531,9,10,CAMA NAUTICA ,CAMA MODEO NAUTICA DE 2X2 10/06/2025,Cama,,17,MDF DE 9,,,136000.0,0.0,FORMULA
532,9,10,CAMA NAUTICA ,CAMA MODEO NAUTICA DE 2X2 10/06/2025,Cama,,18,"TORNILLOS DE 2""",167.0,Unidad,100.0,16700.0,ESPACIADO
533,9,10,CAMA NAUTICA ,CAMA MODEO NAUTICA DE 2X2 10/06/2025,Cama,,19,ebanisteria 300.000 x 5% de m.o,,,,315000.0,FORMULA
534,9,10,CAMA NAUTICA ,CAMA MODEO NAUTICA DE 2X2 10/06/2025,Cama,,21,gastos de Ebanisteria e 10%,,,,60364.0,FORMULA
535,9,10,CAMA NAUTICA ,CAMA MODEO NAUTICA DE 2X2 10/06/2025,Cama,,25,MADERA (2),468.0,"2,10X22X18= 832 2,10X20X15=630",140.0,65520.0,FORMULA
536,9,10,CAMA NAUTICA ,CAMA MODEO NAUTICA DE 2X2 10/06/2025,Cama,,26,MDF DE 3,200.0,"1 PEDAZO DE 1,20X45=54",65.0,13000.0,AREA
537,9,10,CAMA NAUTICA ,CAMA MODEO NAUTICA DE 2X2 10/06/2025,Cama,,27,LAM MDF 15,250.0,"1 PEDASO DE 1.25 X55=68,75",210.0,52500.0,AREA
538,9,10,CAMA NAUTICA ,CAMA MODEO NAUTICA DE 2X2 10/06/2025,Cama,,28,LAM MDF 7,175.0,"1 PEDASO DE 1,50X40=60",130.0,21875.0,AREA
539,9,10,CAMA NAUTICA ,CAMA MODEO NAUTICA DE 2X2 10/06/2025,Cama,,29,COLBON,2.0,litros,14000.0,28000.0,VOLUMEN
540,9,10,CAMA NAUTICA ,CAMA MODEO NAUTICA DE 2X2 10/06/2025,Cama,,30,GRAPAS,10.0,Unidad,600.0,6000.0,ESPACIADO
541,9,10,CAMA NAUTICA ,CAMA MODEO NAUTICA DE 2X2 10/06/2025,Cama,,31,CLAVILLOS N F 40,6.0,TIRA,1000.0,6000.0,ESPACIADO
542,9,10,CAMA NAUTICA ,CAMA MODEO NAUTICA DE 2X2 10/06/2025,Cama,,32,HECHURA,2.0,PAR,105000.0,210000.0,FORMULA
543,9,10,CAMA NAUTICA ,CAMA MODEO NAUTICA DE 2X2 10/06/2025,Cama,,33,"TORNILLOS DE 2""",30.0,Unidad,100.0,3000.0,ESPACIADO
544,9,10,CAMA NAUTICA ,CAMA MODEO NAUTICA DE 2X2 10/06/2025,Cama,,34,CORREDERAS,4.0,DE CIERRELENTO,30000.0,120000.0,FORMULA
545,9,10,CAMA NAUTICA ,CAMA MODEO NAUTICA DE 2X2 10/06/2025,Cama,,36,gastos de Ebanisteria e 5%,,,,26294.75,FORMULA
546,9,10,CAMA NAUTICA ,CAMA MODEO NAUTICA DE 2X2 10/06/2025,Cama,SECCION PINTURA Y PREPARADA DE 2 NOCHEROS,38,SECCION PINTURA Y PREPARADA,DE 2 NOCHEROS ,,,,FORMULA
547,9,10,CAMA NAUTICA ,CAMA MODEO NAUTICA DE 2X2 10/06/2025,Cama,SECCION PINTURA Y PREPARADA DE 2 NOCHEROS,39,PREPARADO JOTA,2.0,CON EL 5%,50000.0,52500.0,FORMULA
548,9,10,CAMA NAUTICA ,CAMA MODEO NAUTICA DE 2X2 10/06/2025,Cama,SECCION PINTURA Y PREPARADA DE 2 NOCHEROS,40,PINTURA ALEX,2.0,CON EL 5%,36750.0,73500.0,FORMULA
549,9,10,CAMA NAUTICA ,CAMA MODEO NAUTICA DE 2X2 10/06/2025,Cama,SECCION PINTURA Y PREPARADA DE 2 NOCHEROS,41,SELLADOR,3.0,PISTOLADAS,18000.0,54000.0,VOLUMEN
550,9,10,CAMA NAUTICA ,CAMA MODEO NAUTICA DE 2X2 10/06/2025,Cama,SECCION PINTURA Y PREPARADA DE 2 NOCHEROS,42,LIJA 400,2.0,unidades,2000.0,4000.0,FORMULA
551,9,10,CAMA NAUTICA ,CAMA MODEO NAUTICA DE 2X2 10/06/2025,Cama,SECCION PINTURA Y PREPARADA DE 2 NOCHEROS,43,NITRO,0.1,galon,70000.0,7000.0,VOLUMEN
552,9,10,CAMA NAUTICA ,CAMA MODEO NAUTICA DE 2X2 10/06/2025,Cama,SECCION PINTURA Y PREPARADA DE 2 NOCHEROS,44,lija 240,2.0,unidad,2000.0,4000.0,FORMULA
553,9,10,CAMA NAUTICA ,CAMA MODEO NAUTICA DE 2X2 10/06/2025,Cama,SECCION PINTURA Y PREPARADA DE 2 NOCHEROS,45,TALCO,0.3,unidad,2500.0,750.0,FORMULA
554,9,10,CAMA NAUTICA ,CAMA MODEO NAUTICA DE 2X2 10/06/2025,Cama,SECCION PINTURA Y PREPARADA DE 2 NOCHEROS,46,TINER,0.2,GALON,34000.0,6800.0,VOLUMEN
555,9,10,CAMA NAUTICA ,CAMA MODEO NAUTICA DE 2X2 10/06/2025,Cama,SECCION PINTURA Y PREPARADA DE 2 NOCHEROS,47,BOTONES,4.0,JALADORES,5000.0,20000.0,FORMULA
556,9,10,CAMA NAUTICA ,CAMA MODEO NAUTICA DE 2X2 10/06/2025,Cama,SECCION PINTURA Y PREPARADA DE 2 NOCHEROS,48,COLOR GRIS,2.5,PISTOLADA,22000.0,55000.0,VOLUMEN
557,9,10,CAMA NAUTICA ,CAMA MODEO NAUTICA DE 2X2 10/06/2025,Cama,SECCION PINTURA Y PREPARADA DE 2 NOCHEROS,49,ENCINA,0.1,galon,160000.0,16000.0,VOLUMEN
558,9,10,CAMA NAUTICA ,CAMA MODEO NAUTICA DE 2X2 10/06/2025,Cama,SECCION PINTURA Y PREPARADA DE 2 NOCHEROS,50,GASOLINA,0.2,ML,4500.0,900.0,LINEAL
559,9,10,CAMA NAUTICA ,CAMA MODEO NAUTICA DE 2X2 10/06/2025,Cama,SECCION PINTURA Y PREPARADA DE 2 NOCHEROS,51,RESANE,0.2,LITRO,20000.0,4000.0,VOLUMEN
560,9,10,CAMA NAUTICA ,CAMA MODEO NAUTICA DE 2X2 10/06/2025,Cama,SECCION PINTURA Y PREPARADA DE 2 NOCHEROS,52,LACA,2.0,PISTOLADA,23000.0,46000.0,VOLUMEN
561,9,10,CAMA NAUTICA ,CAMA MODEO NAUTICA DE 2X2 10/06/2025,Cama,SECCION PINTURA Y PREPARADA DE 2 NOCHEROS,54,Gastos de Pintura 10%,,,,32445.0,FORMULA
562,9,10,CAMA NAUTICA ,CAMA MODEO NAUTICA DE 2X2 10/06/2025,Cama,SECCION PINTURA Y PREPARADA DE CAMA,56,SECCION PINTURA Y PREPARADA,DE CAMA ,,,,FORMULA
563,9,10,CAMA NAUTICA ,CAMA MODEO NAUTICA DE 2X2 10/06/2025,Cama,SECCION PINTURA Y PREPARADA DE CAMA,57,PREPARADO JOTA,,CON EL 5%,30000.0,,FORMULA
564,9,10,CAMA NAUTICA ,CAMA MODEO NAUTICA DE 2X2 10/06/2025,Cama,SECCION PINTURA Y PREPARADA DE CAMA,58,PINTURA ALEX,,CON EL 5%,20000.0,,FORMULA
565,9,10,CAMA NAUTICA ,CAMA MODEO NAUTICA DE 2X2 10/06/2025,Cama,SECCION PINTURA Y PREPARADA DE CAMA,59,PINTURA DE PATAS ALEX,20.0,,2000.0,40000.0,FORMULA
566,9,10,CAMA NAUTICA ,CAMA MODEO NAUTICA DE 2X2 10/06/2025,Cama,SECCION PINTURA Y PREPARADA DE CAMA,60,SELLADOR,,PISTOLADAS,18000.0,0.0,FORMULA
567,9,10,CAMA NAUTICA ,CAMA MODEO NAUTICA DE 2X2 10/06/2025,Cama,SECCION PINTURA Y PREPARADA DE CAMA,61,LIJA 400,,unidades,2000.0,0.0,FORMULA
568,9,10,CAMA NAUTICA ,CAMA MODEO NAUTICA DE 2X2 10/06/2025,Cama,SECCION PINTURA Y PREPARADA DE CAMA,62,NITRO,,galon,,0.0,FORMULA
569,9,10,CAMA NAUTICA ,CAMA MODEO NAUTICA DE 2X2 10/06/2025,Cama,SECCION PINTURA Y PREPARADA DE CAMA,63,lija 240,,unidad,2000.0,0.0,FORMULA
570,9,10,CAMA NAUTICA ,CAMA MODEO NAUTICA DE 2X2 10/06/2025,Cama,SECCION PINTURA Y PREPARADA DE CAMA,64,lija 150,,unidad,2000.0,0.0,FORMULA
571,9,10,CAMA NAUTICA ,CAMA MODEO NAUTICA DE 2X2 10/06/2025,Cama,SECCION PINTURA Y PREPARADA DE CAMA,65,laca semimate,,GALON,23000.0,0.0,FORMULA
572,9,10,CAMA NAUTICA ,CAMA MODEO NAUTICA DE 2X2 10/06/2025,Cama,SECCION PINTURA Y PREPARADA DE CAMA,66,kerosen,,litro,18000.0,0.0,FORMULA
573,9,10,CAMA NAUTICA ,CAMA MODEO NAUTICA DE 2X2 10/06/2025,Cama,SECCION PINTURA Y PREPARADA DE CAMA,67,COLOR GRIS,,PISTOLADA,19000.0,0.0,FORMULA
574,9,10,CAMA NAUTICA ,CAMA MODEO NAUTICA DE 2X2 10/06/2025,Cama,SECCION PINTURA Y PREPARADA DE CAMA,68,TINTE MIEL,,galon,,0.0,FORMULA
575,9,10,CAMA NAUTICA ,CAMA MODEO NAUTICA DE 2X2 10/06/2025,Cama,SECCION PINTURA Y PREPARADA DE CAMA,69,GASOLINA,,LITRO,4.5,0.0,FORMULA
576,9,10,CAMA NAUTICA ,CAMA MODEO NAUTICA DE 2X2 10/06/2025,Cama,SECCION PINTURA Y PREPARADA DE CAMA,70,RESANE,,LITRO,,0.0,FORMULA
577,9,10,CAMA NAUTICA ,CAMA MODEO NAUTICA DE 2X2 10/06/2025,Cama,SECCION PINTURA Y PREPARADA DE CAMA,71,LACA,,PISTOLADA,22000.0,0.0,FORMULA
578,9,10,CAMA NAUTICA ,CAMA MODEO NAUTICA DE 2X2 10/06/2025,Cama,SECCION TERMINACION,76,COLAPATO,,2X7X5+1X7X5=105,35000.0,0.0,FORMULA
579,9,10,CAMA NAUTICA ,CAMA MODEO NAUTICA DE 2X2 10/06/2025,Cama,SECCION TERMINACION,77,MULTIUSO,,PAR,6000.0,0.0,FORMULA
580,9,10,CAMA NAUTICA ,CAMA MODEO NAUTICA DE 2X2 10/06/2025,Cama,SECCION TERMINACION,78,PATAS DE CAMAS,,unidades,11000.0,0.0,FIJO
581,9,10,CAMA NAUTICA ,CAMA MODEO NAUTICA DE 2X2 10/06/2025,Cama,SECCION TERMINACION,79,TORNILLOS,,unidades,100.0,0.0,FIJO
582,9,10,CAMA NAUTICA ,CAMA MODEO NAUTICA DE 2X2 10/06/2025,Cama,SECCION TERMINACION,80,EMBALADA,1.0,unidades,150000.0,150000.0,FIJO
583,9,10,CAMA NAUTICA ,CAMA MODEO NAUTICA DE 2X2 10/06/2025,Cama,SECCION TERMINACION,83,SECCION TENDIDO,,,,0.0,FORMULA
584,9,10,CAMA NAUTICA ,CAMA MODEO NAUTICA DE 2X2 10/06/2025,Cama,SECCION TERMINACION,84,MADERA 60X1X4,750.0,2X25X15,140.0,105000.0,FORMULA
585,9,10,CAMA NAUTICA ,CAMA MODEO NAUTICA DE 2X2 10/06/2025,Cama,SECCION TERMINACION,86,FABRICACION TENDIDO,1.0,DE 2X2,63000.0,63000.0,FIJO
586,9,10,CAMA NAUTICA ,CAMA MODEO NAUTICA DE 2X2 10/06/2025,Cama,SECCION TERMINACION,87,MDF DE 9,1.0,unidades,140000.0,140000.0,AREA
587,9,10,CAMA NAUTICA ,CAMA MODEO NAUTICA DE 2X2 10/06/2025,Cama,SECCION TERMINACION,88,COLBON,0.5,LITRO,14000.0,7000.0,VOLUMEN
588,9,10,CAMA NAUTICA ,CAMA MODEO NAUTICA DE 2X2 10/06/2025,Cama,SECCION TERMINACION,89,"TORNILLOS DE 2""",50.0,unidades,100.0,5000.0,ESPACIADO
589,9,10,CAMA NAUTICA ,CAMA MODEO NAUTICA DE 2X2 10/06/2025,Cama,SECCION TERMINACION,90,CLAVILLO,2.0,TIRAS,600.0,1200.0,ESPACIADO
590,9,10,CAMA NAUTICA ,CAMA MODEO NAUTICA DE 2X2 10/06/2025,Cama,SECCION TERMINACION,91,PEOPE,2.0,METROS,3500.0,7000.0,LINEAL
591,9,10,CAMA NAUTICA ,CAMA MODEO NAUTICA DE 2X2 10/06/2025,Cama,SECCION TAPICERIA,95,TELA,10.0,METROS,34000.0,340000.0,AREA
592,9,10,CAMA NAUTICA ,CAMA MODEO NAUTICA DE 2X2 10/06/2025,Cama,SECCION TAPICERIA,96,BARILLA TRIPA POLLO,0.3,,15000.0,4500.0,FORMULA
593,9,10,CAMA NAUTICA ,CAMA MODEO NAUTICA DE 2X2 10/06/2025,Cama,SECCION TAPICERIA,97,CAZATA,0.3,METROS,56000.0,16800.0,LINEAL
594,9,10,CAMA NAUTICA ,CAMA MODEO NAUTICA DE 2X2 10/06/2025,Cama,SECCION TAPICERIA,98,GRAPAS,0.5,CAJA DE GRAPAS,12000.0,6000.0,ESPACIADO
595,9,10,CAMA NAUTICA ,CAMA MODEO NAUTICA DE 2X2 10/06/2025,Cama,SECCION TAPICERIA,99,ESPUMA AZUL DE 2 PULGADAS,1.0,LAMINA,39000.0,39000.0,AREA
596,9,10,CAMA NAUTICA ,CAMA MODEO NAUTICA DE 2X2 10/06/2025,Cama,SECCION TAPICERIA,100,"TORNILLOS DE 1 1/2""",30.0,UNIDADES,100.0,3000.0,ESPACIADO
597,9,10,CAMA NAUTICA ,CAMA MODEO NAUTICA DE 2X2 10/06/2025,Cama,SECCION TAPICERIA,101,ESPUMA DE 1 1/2PULGADA ROSADA,1.0,UNIDADES,33000.0,33000.0,AREA
598,9,10,CAMA NAUTICA ,CAMA MODEO NAUTICA DE 2X2 10/06/2025,Cama,SECCION TAPICERIA,102,ESPUMA BLANCA DE 1/2,1.0,UNIDAD,19900.0,19900.0,AREA
599,9,10,CAMA NAUTICA ,CAMA MODEO NAUTICA DE 2X2 10/06/2025,Cama,SECCION TAPICERIA,103,CARTON,4.3,MTS,5000.0,21500.0,LINEAL
600,9,10,CAMA NAUTICA ,CAMA MODEO NAUTICA DE 2X2 10/06/2025,Cama,SECCION TAPICERIA,104,COSTAL,3.0,METROS,3000.0,9000.0,AREA
601,9,10,CAMA NAUTICA ,CAMA MODEO NAUTICA DE 2X2 10/06/2025,Cama,SECCION TAPICERIA,105,HILO,0.5,,4000.0,2000.0,FORMULA
602,9,10,CAMA NAUTICA ,CAMA MODEO NAUTICA DE 2X2 10/06/2025,Cama,SECCION TAPICERIA,106,ESPUMA NARANJA 1CM,,UNIIDAD,,0.0,FORMULA
603,9,10,CAMA NAUTICA ,CAMA MODEO NAUTICA DE 2X2 10/06/2025,Cama,SECCION TAPICERIA,107,SUPER,0.75,LITRO,16250.0,12187.5,VOLUMEN
604,9,10,CAMA NAUTICA ,CAMA MODEO NAUTICA DE 2X2 10/06/2025,Cama,SECCION TAPICERIA,108,GUATA,1.1,CM,14000.0,15400.0,LINEAL
605,9,10,CAMA NAUTICA ,CAMA MODEO NAUTICA DE 2X2 10/06/2025,Cama,SECCION TAPICERIA,109,HECHURA,1.0,,210000.0,210000.0,FIJO
606,9,10,CAMA NAUTICA ,CAMA MODEO NAUTICA DE 2X2 10/06/2025,Cama,SECCION TAPICERIA,110,COLARATA,6.0,KG,2000.0,12000.0,FORMULA
607,10,11,CAMA MODELO VENECIA ,CAMA MODELO VENECIA DE 2X2 10/06/2025,Cama,,7,MADERA (2),1651.0,APAMATE,140.0,231140.0,FORMULA
608,10,11,CAMA MODELO VENECIA ,CAMA MODELO VENECIA DE 2X2 10/06/2025,Cama,,8,"MDF DE 2,7",,3 PEASOS DE 49X49,65000.0,0.0,FORMULA
609,10,11,CAMA MODELO VENECIA ,CAMA MODELO VENECIA DE 2X2 10/06/2025,Cama,,9,INDUPLAX,0.0,Unidad,160000.0,0.0,AREA
610,10,11,CAMA MODELO VENECIA ,CAMA MODELO VENECIA DE 2X2 10/06/2025,Cama,,10,LAMINA DE 9,0.34,Unidad,140000.0,47600.0,AREA
611,10,11,CAMA MODELO VENECIA ,CAMA MODELO VENECIA DE 2X2 10/06/2025,Cama,,11,SUPER,,LITROS,19000.0,0.0,FORMULA
612,10,11,CAMA MODELO VENECIA ,CAMA MODELO VENECIA DE 2X2 10/06/2025,Cama,,12,COLBON,1.0,LITROS,14000.0,14000.0,VOLUMEN
613,10,11,CAMA MODELO VENECIA ,CAMA MODELO VENECIA DE 2X2 10/06/2025,Cama,,13,GRAPAS,15.0,Unidad,600.0,9000.0,ESPACIADO
614,10,11,CAMA MODELO VENECIA ,CAMA MODELO VENECIA DE 2X2 10/06/2025,Cama,,14,CORREDERAS,,UNITARIO,30000.0,0.0,FIJO
615,10,11,CAMA MODELO VENECIA ,CAMA MODELO VENECIA DE 2X2 10/06/2025,Cama,,15,CLAVILLOS,15.0,TIRA,1000.0,15000.0,ESPACIADO
616,10,11,CAMA MODELO VENECIA ,CAMA MODELO VENECIA DE 2X2 10/06/2025,Cama,,16,GANCHOS,1.0,PAR,20000.0,20000.0,FIJO
617,10,11,CAMA MODELO VENECIA ,CAMA MODELO VENECIA DE 2X2 10/06/2025,Cama,,17,MDF DE 9,,,136000.0,0.0,FORMULA
618,10,11,CAMA MODELO VENECIA ,CAMA MODELO VENECIA DE 2X2 10/06/2025,Cama,,18,"TORNILLOS DE 2""",100.0,Unidad,100.0,10000.0,ESPACIADO
619,10,11,CAMA MODELO VENECIA ,CAMA MODELO VENECIA DE 2X2 10/06/2025,Cama,,19,ebanisteria 300.000 x 5% de m.o,,,,315000.0,FORMULA
620,10,11,CAMA MODELO VENECIA ,CAMA MODELO VENECIA DE 2X2 10/06/2025,Cama,,21,gastos de Ebanisteria e 10%,,,,66174.0,FORMULA
621,10,11,CAMA MODELO VENECIA ,CAMA MODELO VENECIA DE 2X2 10/06/2025,Cama,,25,MADERA (2),468.0,"2,10X22X18= 832 2,10X20X15=630",140.0,65520.0,FORMULA
622,10,11,CAMA MODELO VENECIA ,CAMA MODELO VENECIA DE 2X2 10/06/2025,Cama,,26,MDF DE 3,200.0,"1 PEDAZO DE 1,20X45=54",65.0,13000.0,AREA
623,10,11,CAMA MODELO VENECIA ,CAMA MODELO VENECIA DE 2X2 10/06/2025,Cama,,27,LAM MDF 15,250.0,"1 PEDASO DE 1.25 X55=68,75",210.0,52500.0,AREA
624,10,11,CAMA MODELO VENECIA ,CAMA MODELO VENECIA DE 2X2 10/06/2025,Cama,,28,LAM MDF 7,175.0,"1 PEDASO DE 1,50X40=60",130.0,21875.0,AREA
625,10,11,CAMA MODELO VENECIA ,CAMA MODELO VENECIA DE 2X2 10/06/2025,Cama,,29,COLBON,2.0,litros,14000.0,28000.0,VOLUMEN
626,10,11,CAMA MODELO VENECIA ,CAMA MODELO VENECIA DE 2X2 10/06/2025,Cama,,30,GRAPAS,10.0,Unidad,600.0,6000.0,ESPACIADO
627,10,11,CAMA MODELO VENECIA ,CAMA MODELO VENECIA DE 2X2 10/06/2025,Cama,,31,CLAVILLOS N F 40,6.0,TIRA,1000.0,6000.0,ESPACIADO
628,10,11,CAMA MODELO VENECIA ,CAMA MODELO VENECIA DE 2X2 10/06/2025,Cama,,32,HECHURA,2.0,PAR,105000.0,210000.0,FORMULA
629,10,11,CAMA MODELO VENECIA ,CAMA MODELO VENECIA DE 2X2 10/06/2025,Cama,,33,"TORNILLOS DE 2""",30.0,Unidad,100.0,3000.0,ESPACIADO
630,10,11,CAMA MODELO VENECIA ,CAMA MODELO VENECIA DE 2X2 10/06/2025,Cama,,34,CORREDERAS,4.0,DE CIERRELENTO,30000.0,120000.0,FORMULA
631,10,11,CAMA MODELO VENECIA ,CAMA MODELO VENECIA DE 2X2 10/06/2025,Cama,,36,gastos de Ebanisteria e 5%,,,,26294.75,FORMULA
632,10,11,CAMA MODELO VENECIA ,CAMA MODELO VENECIA DE 2X2 10/06/2025,Cama,SECCION PINTURA Y PREPARADA DE 2 NOCHEROS,38,SECCION PINTURA Y PREPARADA,DE 2 NOCHEROS ,,,,FORMULA
633,10,11,CAMA MODELO VENECIA ,CAMA MODELO VENECIA DE 2X2 10/06/2025,Cama,SECCION PINTURA Y PREPARADA DE 2 NOCHEROS,39,PREPARADO JOTA,2.0,CON EL 5%,50000.0,52500.0,FORMULA
634,10,11,CAMA MODELO VENECIA ,CAMA MODELO VENECIA DE 2X2 10/06/2025,Cama,SECCION PINTURA Y PREPARADA DE 2 NOCHEROS,40,PINTURA ALEX,2.0,CON EL 5%,36750.0,73500.0,FORMULA
635,10,11,CAMA MODELO VENECIA ,CAMA MODELO VENECIA DE 2X2 10/06/2025,Cama,SECCION PINTURA Y PREPARADA DE 2 NOCHEROS,41,SELLADOR,3.0,PISTOLADAS,18000.0,54000.0,VOLUMEN
636,10,11,CAMA MODELO VENECIA ,CAMA MODELO VENECIA DE 2X2 10/06/2025,Cama,SECCION PINTURA Y PREPARADA DE 2 NOCHEROS,42,LIJA 400,2.0,unidades,2000.0,4000.0,FORMULA
637,10,11,CAMA MODELO VENECIA ,CAMA MODELO VENECIA DE 2X2 10/06/2025,Cama,SECCION PINTURA Y PREPARADA DE 2 NOCHEROS,43,NITRO,0.1,galon,70000.0,7000.0,VOLUMEN
638,10,11,CAMA MODELO VENECIA ,CAMA MODELO VENECIA DE 2X2 10/06/2025,Cama,SECCION PINTURA Y PREPARADA DE 2 NOCHEROS,44,VIDRIOS,2.0,unidad,45000.0,90000.0,FORMULA
639,10,11,CAMA MODELO VENECIA ,CAMA MODELO VENECIA DE 2X2 10/06/2025,Cama,SECCION PINTURA Y PREPARADA DE 2 NOCHEROS,45,TALCO,0.3,unidad,2500.0,750.0,FORMULA
640,10,11,CAMA MODELO VENECIA ,CAMA MODELO VENECIA DE 2X2 10/06/2025,Cama,SECCION PINTURA Y PREPARADA DE 2 NOCHEROS,46,TINER,0.2,GALON,34000.0,6800.0,VOLUMEN
641,10,11,CAMA MODELO VENECIA ,CAMA MODELO VENECIA DE 2X2 10/06/2025,Cama,SECCION PINTURA Y PREPARADA DE 2 NOCHEROS,47,TOPES,8.0,JALADORES,3000.0,24000.0,FORMULA
642,10,11,CAMA MODELO VENECIA ,CAMA MODELO VENECIA DE 2X2 10/06/2025,Cama,SECCION PINTURA Y PREPARADA DE 2 NOCHEROS,48,COLOR GRIS,2.5,PISTOLADA,22000.0,55000.0,VOLUMEN
643,10,11,CAMA MODELO VENECIA ,CAMA MODELO VENECIA DE 2X2 10/06/2025,Cama,SECCION PINTURA Y PREPARADA DE 2 NOCHEROS,49,ENCINA,0.1,galon,160000.0,16000.0,VOLUMEN
644,10,11,CAMA MODELO VENECIA ,CAMA MODELO VENECIA DE 2X2 10/06/2025,Cama,SECCION PINTURA Y PREPARADA DE 2 NOCHEROS,50,GASOLINA,0.2,ML,4500.0,900.0,LINEAL
645,10,11,CAMA MODELO VENECIA ,CAMA MODELO VENECIA DE 2X2 10/06/2025,Cama,SECCION PINTURA Y PREPARADA DE 2 NOCHEROS,51,RESANE,0.2,LITRO,20000.0,4000.0,VOLUMEN
646,10,11,CAMA MODELO VENECIA ,CAMA MODELO VENECIA DE 2X2 10/06/2025,Cama,SECCION PINTURA Y PREPARADA DE 2 NOCHEROS,52,LACA,2.0,PISTOLADA,23000.0,46000.0,VOLUMEN
647,10,11,CAMA MODELO VENECIA ,CAMA MODELO VENECIA DE 2X2 10/06/2025,Cama,SECCION PINTURA Y PREPARADA DE 2 NOCHEROS,54,Gastos de Pintura 10%,,,,43445.0,FORMULA
648,10,11,CAMA MODELO VENECIA ,CAMA MODELO VENECIA DE 2X2 10/06/2025,Cama,SECCION PINTURA Y PREPARADA DE CAMA,56,SECCION PINTURA Y PREPARADA,DE CAMA ,,,,FORMULA
649,10,11,CAMA MODELO VENECIA ,CAMA MODELO VENECIA DE 2X2 10/06/2025,Cama,SECCION PINTURA Y PREPARADA DE CAMA,57,PREPARADO JOTA,,CON EL 5%,30000.0,,FORMULA
650,10,11,CAMA MODELO VENECIA ,CAMA MODELO VENECIA DE 2X2 10/06/2025,Cama,SECCION PINTURA Y PREPARADA DE CAMA,58,PINTURA ALEX,,CON EL 5%,20000.0,,FORMULA
651,10,11,CAMA MODELO VENECIA ,CAMA MODELO VENECIA DE 2X2 10/06/2025,Cama,SECCION PINTURA Y PREPARADA DE CAMA,59,PINTURA DE PATAS ALEX,4.0,,2000.0,8000.0,FORMULA
652,10,11,CAMA MODELO VENECIA ,CAMA MODELO VENECIA DE 2X2 10/06/2025,Cama,SECCION PINTURA Y PREPARADA DE CAMA,60,SELLADOR,,PISTOLADAS,18000.0,0.0,FORMULA
653,10,11,CAMA MODELO VENECIA ,CAMA MODELO VENECIA DE 2X2 10/06/2025,Cama,SECCION PINTURA Y PREPARADA DE CAMA,61,LIJA 400,,unidades,2000.0,0.0,FORMULA
654,10,11,CAMA MODELO VENECIA ,CAMA MODELO VENECIA DE 2X2 10/06/2025,Cama,SECCION PINTURA Y PREPARADA DE CAMA,62,NITRO,,galon,,0.0,FORMULA
655,10,11,CAMA MODELO VENECIA ,CAMA MODELO VENECIA DE 2X2 10/06/2025,Cama,SECCION PINTURA Y PREPARADA DE CAMA,63,lija 240,,unidad,2000.0,0.0,FORMULA
656,10,11,CAMA MODELO VENECIA ,CAMA MODELO VENECIA DE 2X2 10/06/2025,Cama,SECCION PINTURA Y PREPARADA DE CAMA,64,lija 150,,unidad,2000.0,0.0,FORMULA
657,10,11,CAMA MODELO VENECIA ,CAMA MODELO VENECIA DE 2X2 10/06/2025,Cama,SECCION PINTURA Y PREPARADA DE CAMA,65,laca semimate,,GALON,23000.0,0.0,FORMULA
658,10,11,CAMA MODELO VENECIA ,CAMA MODELO VENECIA DE 2X2 10/06/2025,Cama,SECCION PINTURA Y PREPARADA DE CAMA,66,kerosen,,litro,18000.0,0.0,FORMULA
659,10,11,CAMA MODELO VENECIA ,CAMA MODELO VENECIA DE 2X2 10/06/2025,Cama,SECCION PINTURA Y PREPARADA DE CAMA,67,COLOR GRIS,,PISTOLADA,19000.0,0.0,FORMULA
660,10,11,CAMA MODELO VENECIA ,CAMA MODELO VENECIA DE 2X2 10/06/2025,Cama,SECCION PINTURA Y PREPARADA DE CAMA,68,TINTE MIEL,,galon,,0.0,FORMULA
661,10,11,CAMA MODELO VENECIA ,CAMA MODELO VENECIA DE 2X2 10/06/2025,Cama,SECCION PINTURA Y PREPARADA DE CAMA,69,GASOLINA,,LITRO,4.5,0.0,FORMULA
662,10,11,CAMA MODELO VENECIA ,CAMA MODELO VENECIA DE 2X2 10/06/2025,Cama,SECCION PINTURA Y PREPARADA DE CAMA,70,RESANE,,LITRO,,0.0,FORMULA
663,10,11,CAMA MODELO VENECIA ,CAMA MODELO VENECIA DE 2X2 10/06/2025,Cama,SECCION PINTURA Y PREPARADA DE CAMA,71,LACA,,PISTOLADA,22000.0,0.0,FORMULA
664,10,11,CAMA MODELO VENECIA ,CAMA MODELO VENECIA DE 2X2 10/06/2025,Cama,SECCION TERMINACION,76,COLAPATO,1.0,2X7X5+1X7X5=105,35000.0,35000.0,FIJO
665,10,11,CAMA MODELO VENECIA ,CAMA MODELO VENECIA DE 2X2 10/06/2025,Cama,SECCION TERMINACION,77,MULTIUSO,1.0,PAR,6000.0,6000.0,FIJO
666,10,11,CAMA MODELO VENECIA ,CAMA MODELO VENECIA DE 2X2 10/06/2025,Cama,SECCION TERMINACION,78,PATAS DE CAMAS,4.0,unidades,11000.0,44000.0,FORMULA
667,10,11,CAMA MODELO VENECIA ,CAMA MODELO VENECIA DE 2X2 10/06/2025,Cama,SECCION TERMINACION,79,TORNILLOS,16.0,unidades,100.0,1600.0,ESPACIADO
668,10,11,CAMA MODELO VENECIA ,CAMA MODELO VENECIA DE 2X2 10/06/2025,Cama,SECCION TERMINACION,80,EMBALADA,1.0,unidades,150000.0,150000.0,FIJO
669,10,11,CAMA MODELO VENECIA ,CAMA MODELO VENECIA DE 2X2 10/06/2025,Cama,SECCION TERMINACION,83,SECCION TENDIDO,,,,0.0,FORMULA
670,10,11,CAMA MODELO VENECIA ,CAMA MODELO VENECIA DE 2X2 10/06/2025,Cama,SECCION TERMINACION,84,MADERA 60X1X4,750.0,2X25X15,140.0,105000.0,FORMULA
671,10,11,CAMA MODELO VENECIA ,CAMA MODELO VENECIA DE 2X2 10/06/2025,Cama,SECCION TERMINACION,86,FABRICACION TENDIDO,1.0,DE 2X2,42000.0,42000.0,FIJO
672,10,11,CAMA MODELO VENECIA ,CAMA MODELO VENECIA DE 2X2 10/06/2025,Cama,SECCION TERMINACION,87,MDF DE 9,1.0,unidades,140000.0,140000.0,AREA
673,10,11,CAMA MODELO VENECIA ,CAMA MODELO VENECIA DE 2X2 10/06/2025,Cama,SECCION TERMINACION,88,COLBON,0.5,LITRO,14000.0,7000.0,VOLUMEN
674,10,11,CAMA MODELO VENECIA ,CAMA MODELO VENECIA DE 2X2 10/06/2025,Cama,SECCION TERMINACION,89,"TORNILLOS DE 2""",50.0,unidades,100.0,5000.0,ESPACIADO
675,10,11,CAMA MODELO VENECIA ,CAMA MODELO VENECIA DE 2X2 10/06/2025,Cama,SECCION TERMINACION,90,CLAVILLO,2.0,TIRAS,600.0,1200.0,ESPACIADO
676,10,11,CAMA MODELO VENECIA ,CAMA MODELO VENECIA DE 2X2 10/06/2025,Cama,SECCION TERMINACION,91,PEOPE,2.0,METROS,3500.0,7000.0,LINEAL
677,10,11,CAMA MODELO VENECIA ,CAMA MODELO VENECIA DE 2X2 10/06/2025,Cama,SECCION TAPICERIA,95,TELA,9.0,METROS,34000.0,306000.0,AREA
678,10,11,CAMA MODELO VENECIA ,CAMA MODELO VENECIA DE 2X2 10/06/2025,Cama,SECCION TAPICERIA,96,BARILLA TRIPA POLLO,0.3,,15000.0,4500.0,FORMULA
679,10,11,CAMA MODELO VENECIA ,CAMA MODELO VENECIA DE 2X2 10/06/2025,Cama,SECCION TAPICERIA,97,CAZATA,0.3,METROS,56000.0,16800.0,LINEAL
680,10,11,CAMA MODELO VENECIA ,CAMA MODELO VENECIA DE 2X2 10/06/2025,Cama,SECCION TAPICERIA,98,GRAPAS,0.5,CAJA DE GRAPAS,12000.0,6000.0,ESPACIADO
681,10,11,CAMA MODELO VENECIA ,CAMA MODELO VENECIA DE 2X2 10/06/2025,Cama,SECCION TAPICERIA,99,ESPUMA AZUL DE 2 PULGADAS,1.3,LAMINA,39000.0,50700.0,AREA
682,10,11,CAMA MODELO VENECIA ,CAMA MODELO VENECIA DE 2X2 10/06/2025,Cama,SECCION TAPICERIA,100,"TORNILLOS DE 1 1/2""",30.0,UNIDADES,100.0,3000.0,ESPACIADO
683,10,11,CAMA MODELO VENECIA ,CAMA MODELO VENECIA DE 2X2 10/06/2025,Cama,SECCION TAPICERIA,101,ESPUMA DE 1 1/2PULGADA ROSADA,2.0,UNIDADES,33000.0,66000.0,AREA
684,10,11,CAMA MODELO VENECIA ,CAMA MODELO VENECIA DE 2X2 10/06/2025,Cama,SECCION TAPICERIA,102,ESPUMA BLANCA DE 1/2,0.66,UNIDAD,19900.0,13134.0,AREA
685,10,11,CAMA MODELO VENECIA ,CAMA MODELO VENECIA DE 2X2 10/06/2025,Cama,SECCION TAPICERIA,103,CARTON,4.0,MTS,5000.0,20000.0,LINEAL
686,10,11,CAMA MODELO VENECIA ,CAMA MODELO VENECIA DE 2X2 10/06/2025,Cama,SECCION TAPICERIA,104,COSTAL,3.0,METROS,3000.0,9000.0,AREA
687,10,11,CAMA MODELO VENECIA ,CAMA MODELO VENECIA DE 2X2 10/06/2025,Cama,SECCION TAPICERIA,105,HILO,0.5,,4000.0,2000.0,FORMULA
688,10,11,CAMA MODELO VENECIA ,CAMA MODELO VENECIA DE 2X2 10/06/2025,Cama,SECCION TAPICERIA,106,CAUCHO,1.6,UNIIDAD,1500.0,2400.0,FORMULA
689,10,11,CAMA MODELO VENECIA ,CAMA MODELO VENECIA DE 2X2 10/06/2025,Cama,SECCION TAPICERIA,107,SUPER,0.75,LITRO,16250.0,12187.5,VOLUMEN
690,10,11,CAMA MODELO VENECIA ,CAMA MODELO VENECIA DE 2X2 10/06/2025,Cama,SECCION TAPICERIA,108,FIELTRO,0.7,CM,4000.0,2800.0,LINEAL
691,10,11,CAMA MODELO VENECIA ,CAMA MODELO VENECIA DE 2X2 10/06/2025,Cama,SECCION TAPICERIA,109,HECHURA,1.0,,210000.0,210000.0,FIJO
692,10,11,CAMA MODELO VENECIA ,CAMA MODELO VENECIA DE 2X2 10/06/2025,Cama,SECCION TAPICERIA,110,COLARATA,6.0,KG,2000.0,12000.0,FORMULA
693,11,12,CAMA FILIPINA ,CAMA MODELOFILIPINA DE 2X2 10/06/2025,Cama,,7,MADERA (2),1576.0,APAMATE,140.0,220640.0,FORMULA
694,11,12,CAMA FILIPINA ,CAMA MODELOFILIPINA DE 2X2 10/06/2025,Cama,,8,"MDF DE 2,7",,3 PEASOS DE 49X49,65000.0,0.0,FORMULA
695,11,12,CAMA FILIPINA ,CAMA MODELOFILIPINA DE 2X2 10/06/2025,Cama,,9,INDUPLAX,0.0,Unidad,160000.0,0.0,AREA
696,11,12,CAMA FILIPINA ,CAMA MODELOFILIPINA DE 2X2 10/06/2025,Cama,,10,LAMINA DE 9,,Unidad,140000.0,0.0,FORMULA
697,11,12,CAMA FILIPINA ,CAMA MODELOFILIPINA DE 2X2 10/06/2025,Cama,,11,SUPER,,LITROS,19000.0,0.0,FORMULA
698,11,12,CAMA FILIPINA ,CAMA MODELOFILIPINA DE 2X2 10/06/2025,Cama,,12,COLBON,1.0,LITROS,14000.0,14000.0,VOLUMEN
699,11,12,CAMA FILIPINA ,CAMA MODELOFILIPINA DE 2X2 10/06/2025,Cama,,13,GRAPAS,15.0,Unidad,600.0,9000.0,ESPACIADO
700,11,12,CAMA FILIPINA ,CAMA MODELOFILIPINA DE 2X2 10/06/2025,Cama,,14,CORREDERAS,,UNITARIO,30000.0,0.0,FIJO
701,11,12,CAMA FILIPINA ,CAMA MODELOFILIPINA DE 2X2 10/06/2025,Cama,,15,CLAVILLOS,15.0,TIRA,1000.0,15000.0,ESPACIADO
702,11,12,CAMA FILIPINA ,CAMA MODELOFILIPINA DE 2X2 10/06/2025,Cama,,16,GANCHOS,1.0,PAR,20000.0,20000.0,FIJO
703,11,12,CAMA FILIPINA ,CAMA MODELOFILIPINA DE 2X2 10/06/2025,Cama,,17,MDF DE 9,,,136000.0,0.0,FORMULA
704,11,12,CAMA FILIPINA ,CAMA MODELOFILIPINA DE 2X2 10/06/2025,Cama,,18,"TORNILLOS DE 2""",100.0,Unidad,100.0,10000.0,ESPACIADO
705,11,12,CAMA FILIPINA ,CAMA MODELOFILIPINA DE 2X2 10/06/2025,Cama,,19,ebanisteria 300.000 x 5% de m.o,,,,315000.0,FORMULA
706,11,12,CAMA FILIPINA ,CAMA MODELOFILIPINA DE 2X2 10/06/2025,Cama,,21,gastos de Ebanisteria e 10%,,,,60364.0,FORMULA
707,11,12,CAMA FILIPINA ,CAMA MODELOFILIPINA DE 2X2 10/06/2025,Cama,,25,MADERA (2),468.0,"2,10X22X18= 832 2,10X20X15=630",140.0,65520.0,FORMULA
708,11,12,CAMA FILIPINA ,CAMA MODELOFILIPINA DE 2X2 10/06/2025,Cama,,26,MDF DE 3,200.0,"1 PEDAZO DE 1,20X45=54",65.0,13000.0,AREA
709,11,12,CAMA FILIPINA ,CAMA MODELOFILIPINA DE 2X2 10/06/2025,Cama,,27,LAM MDF 15,250.0,"1 PEDASO DE 1.25 X55=68,75",210.0,52500.0,AREA
710,11,12,CAMA FILIPINA ,CAMA MODELOFILIPINA DE 2X2 10/06/2025,Cama,,28,LAM MDF 7,175.0,"1 PEDASO DE 1,50X40=60",130.0,21875.0,AREA
711,11,12,CAMA FILIPINA ,CAMA MODELOFILIPINA DE 2X2 10/06/2025,Cama,,29,COLBON,2.0,litros,14000.0,28000.0,VOLUMEN
712,11,12,CAMA FILIPINA ,CAMA MODELOFILIPINA DE 2X2 10/06/2025,Cama,,30,GRAPAS,10.0,Unidad,600.0,6000.0,ESPACIADO
713,11,12,CAMA FILIPINA ,CAMA MODELOFILIPINA DE 2X2 10/06/2025,Cama,,31,CLAVILLOS N F 40,6.0,TIRA,1000.0,6000.0,ESPACIADO
714,11,12,CAMA FILIPINA ,CAMA MODELOFILIPINA DE 2X2 10/06/2025,Cama,,32,HECHURA,2.0,PAR,105000.0,210000.0,FORMULA
715,11,12,CAMA FILIPINA ,CAMA MODELOFILIPINA DE 2X2 10/06/2025,Cama,,33,"TORNILLOS DE 2""",30.0,Unidad,100.0,3000.0,ESPACIADO
716,11,12,CAMA FILIPINA ,CAMA MODELOFILIPINA DE 2X2 10/06/2025,Cama,,34,CORREDERAS,4.0,DE CIERRELENTO,30000.0,120000.0,FORMULA
717,11,12,CAMA FILIPINA ,CAMA MODELOFILIPINA DE 2X2 10/06/2025,Cama,,36,gastos de Ebanisteria e 5%,,,,26294.75,FORMULA
718,11,12,CAMA FILIPINA ,CAMA MODELOFILIPINA DE 2X2 10/06/2025,Cama,SECCION PINTURA Y PREPARADA DE 2 NOCHEROS,38,SECCION PINTURA Y PREPARADA,DE 2 NOCHEROS ,,,,FORMULA
719,11,12,CAMA FILIPINA ,CAMA MODELOFILIPINA DE 2X2 10/06/2025,Cama,SECCION PINTURA Y PREPARADA DE 2 NOCHEROS,39,PREPARADO JOTA,2.0,CON EL 5%,50000.0,52500.0,FORMULA
720,11,12,CAMA FILIPINA ,CAMA MODELOFILIPINA DE 2X2 10/06/2025,Cama,SECCION PINTURA Y PREPARADA DE 2 NOCHEROS,40,PINTURA ALEX,2.0,CON EL 5%,36750.0,73500.0,FORMULA
721,11,12,CAMA FILIPINA ,CAMA MODELOFILIPINA DE 2X2 10/06/2025,Cama,SECCION PINTURA Y PREPARADA DE 2 NOCHEROS,41,SELLADOR,3.0,PISTOLADAS,18000.0,54000.0,VOLUMEN
722,11,12,CAMA FILIPINA ,CAMA MODELOFILIPINA DE 2X2 10/06/2025,Cama,SECCION PINTURA Y PREPARADA DE 2 NOCHEROS,42,LIJA 400,2.0,unidades,2000.0,4000.0,FORMULA
723,11,12,CAMA FILIPINA ,CAMA MODELOFILIPINA DE 2X2 10/06/2025,Cama,SECCION PINTURA Y PREPARADA DE 2 NOCHEROS,43,NITRO,0.1,galon,70000.0,7000.0,VOLUMEN
724,11,12,CAMA FILIPINA ,CAMA MODELOFILIPINA DE 2X2 10/06/2025,Cama,SECCION PINTURA Y PREPARADA DE 2 NOCHEROS,44,lija 240,2.0,unidad,2000.0,4000.0,FORMULA
725,11,12,CAMA FILIPINA ,CAMA MODELOFILIPINA DE 2X2 10/06/2025,Cama,SECCION PINTURA Y PREPARADA DE 2 NOCHEROS,45,TALCO,0.3,unidad,2500.0,750.0,FORMULA
726,11,12,CAMA FILIPINA ,CAMA MODELOFILIPINA DE 2X2 10/06/2025,Cama,SECCION PINTURA Y PREPARADA DE 2 NOCHEROS,46,TINER,0.2,GALON,34000.0,6800.0,VOLUMEN
727,11,12,CAMA FILIPINA ,CAMA MODELOFILIPINA DE 2X2 10/06/2025,Cama,SECCION PINTURA Y PREPARADA DE 2 NOCHEROS,47,BOTONES,4.0,JALADORES,5000.0,20000.0,FORMULA
728,11,12,CAMA FILIPINA ,CAMA MODELOFILIPINA DE 2X2 10/06/2025,Cama,SECCION PINTURA Y PREPARADA DE 2 NOCHEROS,48,COLOR GRIS,2.5,PISTOLADA,22000.0,55000.0,VOLUMEN
729,11,12,CAMA FILIPINA ,CAMA MODELOFILIPINA DE 2X2 10/06/2025,Cama,SECCION PINTURA Y PREPARADA DE 2 NOCHEROS,49,ENCINA,0.1,galon,160000.0,16000.0,VOLUMEN
730,11,12,CAMA FILIPINA ,CAMA MODELOFILIPINA DE 2X2 10/06/2025,Cama,SECCION PINTURA Y PREPARADA DE 2 NOCHEROS,50,GASOLINA,0.2,ML,4500.0,900.0,LINEAL
731,11,12,CAMA FILIPINA ,CAMA MODELOFILIPINA DE 2X2 10/06/2025,Cama,SECCION PINTURA Y PREPARADA DE 2 NOCHEROS,51,RESANE,0.2,LITRO,20000.0,4000.0,VOLUMEN
732,11,12,CAMA FILIPINA ,CAMA MODELOFILIPINA DE 2X2 10/06/2025,Cama,SECCION PINTURA Y PREPARADA DE 2 NOCHEROS,52,LACA,2.0,PISTOLADA,23000.0,46000.0,VOLUMEN
733,11,12,CAMA FILIPINA ,CAMA MODELOFILIPINA DE 2X2 10/06/2025,Cama,SECCION PINTURA Y PREPARADA DE 2 NOCHEROS,54,Gastos de Pintura 10%,,,,32445.0,FORMULA
734,11,12,CAMA FILIPINA ,CAMA MODELOFILIPINA DE 2X2 10/06/2025,Cama,SECCION PINTURA Y PREPARADA DE CAMA,56,SECCION PINTURA Y PREPARADA,DE CAMA ,,,,FORMULA
735,11,12,CAMA FILIPINA ,CAMA MODELOFILIPINA DE 2X2 10/06/2025,Cama,SECCION PINTURA Y PREPARADA DE CAMA,57,PREPARADO JOTA,,CON EL 5%,30000.0,,FORMULA
736,11,12,CAMA FILIPINA ,CAMA MODELOFILIPINA DE 2X2 10/06/2025,Cama,SECCION PINTURA Y PREPARADA DE CAMA,58,PINTURA ALEX,,CON EL 5%,20000.0,,FORMULA
737,11,12,CAMA FILIPINA ,CAMA MODELOFILIPINA DE 2X2 10/06/2025,Cama,SECCION PINTURA Y PREPARADA DE CAMA,59,PINTURA DE PATAS ALEX,4.0,,2000.0,8000.0,FORMULA
738,11,12,CAMA FILIPINA ,CAMA MODELOFILIPINA DE 2X2 10/06/2025,Cama,SECCION PINTURA Y PREPARADA DE CAMA,60,SELLADOR,,PISTOLADAS,18000.0,0.0,FORMULA
739,11,12,CAMA FILIPINA ,CAMA MODELOFILIPINA DE 2X2 10/06/2025,Cama,SECCION PINTURA Y PREPARADA DE CAMA,61,LIJA 400,,unidades,2000.0,0.0,FORMULA
740,11,12,CAMA FILIPINA ,CAMA MODELOFILIPINA DE 2X2 10/06/2025,Cama,SECCION PINTURA Y PREPARADA DE CAMA,62,NITRO,,galon,,0.0,FORMULA
741,11,12,CAMA FILIPINA ,CAMA MODELOFILIPINA DE 2X2 10/06/2025,Cama,SECCION PINTURA Y PREPARADA DE CAMA,63,lija 240,,unidad,2000.0,0.0,FORMULA
742,11,12,CAMA FILIPINA ,CAMA MODELOFILIPINA DE 2X2 10/06/2025,Cama,SECCION PINTURA Y PREPARADA DE CAMA,64,lija 150,,unidad,2000.0,0.0,FORMULA
743,11,12,CAMA FILIPINA ,CAMA MODELOFILIPINA DE 2X2 10/06/2025,Cama,SECCION PINTURA Y PREPARADA DE CAMA,65,laca semimate,,GALON,23000.0,0.0,FORMULA
744,11,12,CAMA FILIPINA ,CAMA MODELOFILIPINA DE 2X2 10/06/2025,Cama,SECCION PINTURA Y PREPARADA DE CAMA,66,kerosen,,litro,18000.0,0.0,FORMULA
745,11,12,CAMA FILIPINA ,CAMA MODELOFILIPINA DE 2X2 10/06/2025,Cama,SECCION PINTURA Y PREPARADA DE CAMA,67,COLOR GRIS,,PISTOLADA,19000.0,0.0,FORMULA
746,11,12,CAMA FILIPINA ,CAMA MODELOFILIPINA DE 2X2 10/06/2025,Cama,SECCION PINTURA Y PREPARADA DE CAMA,68,TINTE MIEL,,galon,,0.0,FORMULA
747,11,12,CAMA FILIPINA ,CAMA MODELOFILIPINA DE 2X2 10/06/2025,Cama,SECCION PINTURA Y PREPARADA DE CAMA,69,GASOLINA,,LITRO,4.5,0.0,FORMULA
748,11,12,CAMA FILIPINA ,CAMA MODELOFILIPINA DE 2X2 10/06/2025,Cama,SECCION PINTURA Y PREPARADA DE CAMA,70,RESANE,,LITRO,,0.0,FORMULA
749,11,12,CAMA FILIPINA ,CAMA MODELOFILIPINA DE 2X2 10/06/2025,Cama,SECCION PINTURA Y PREPARADA DE CAMA,71,LACA,,PISTOLADA,22000.0,0.0,FORMULA
750,11,12,CAMA FILIPINA ,CAMA MODELOFILIPINA DE 2X2 10/06/2025,Cama,SECCION TERMINACION,76,COLAPATO,1.0,2X7X5+1X7X5=105,35000.0,35000.0,FIJO
751,11,12,CAMA FILIPINA ,CAMA MODELOFILIPINA DE 2X2 10/06/2025,Cama,SECCION TERMINACION,77,MULTIUSO,1.0,PAR,6000.0,6000.0,FIJO
752,11,12,CAMA FILIPINA ,CAMA MODELOFILIPINA DE 2X2 10/06/2025,Cama,SECCION TERMINACION,78,PATAS DE CAMAS,4.0,unidades,11000.0,44000.0,FORMULA
753,11,12,CAMA FILIPINA ,CAMA MODELOFILIPINA DE 2X2 10/06/2025,Cama,SECCION TERMINACION,79,TORNILLOS,16.0,unidades,100.0,1600.0,ESPACIADO
754,11,12,CAMA FILIPINA ,CAMA MODELOFILIPINA DE 2X2 10/06/2025,Cama,SECCION TERMINACION,80,EMBALADA,1.0,unidades,150000.0,150000.0,FIJO
755,11,12,CAMA FILIPINA ,CAMA MODELOFILIPINA DE 2X2 10/06/2025,Cama,SECCION TERMINACION,83,SECCION TENDIDO,,,,0.0,FORMULA
756,11,12,CAMA FILIPINA ,CAMA MODELOFILIPINA DE 2X2 10/06/2025,Cama,SECCION TERMINACION,84,MADERA 60X1X4,750.0,2X25X15,140.0,105000.0,FORMULA
757,11,12,CAMA FILIPINA ,CAMA MODELOFILIPINA DE 2X2 10/06/2025,Cama,SECCION TERMINACION,86,FABRICACION TENDIDO,1.0,DE 2X2,63000.0,63000.0,FIJO
758,11,12,CAMA FILIPINA ,CAMA MODELOFILIPINA DE 2X2 10/06/2025,Cama,SECCION TERMINACION,87,MDF DE 9,1.0,unidades,140000.0,140000.0,AREA
759,11,12,CAMA FILIPINA ,CAMA MODELOFILIPINA DE 2X2 10/06/2025,Cama,SECCION TERMINACION,88,COLBON,0.5,LITRO,14000.0,7000.0,VOLUMEN
760,11,12,CAMA FILIPINA ,CAMA MODELOFILIPINA DE 2X2 10/06/2025,Cama,SECCION TERMINACION,89,"TORNILLOS DE 2""",50.0,unidades,100.0,5000.0,ESPACIADO
761,11,12,CAMA FILIPINA ,CAMA MODELOFILIPINA DE 2X2 10/06/2025,Cama,SECCION TERMINACION,90,CLAVILLO,2.0,TIRAS,600.0,1200.0,ESPACIADO
762,11,12,CAMA FILIPINA ,CAMA MODELOFILIPINA DE 2X2 10/06/2025,Cama,SECCION TERMINACION,91,PEOPE,2.0,METROS,3500.0,7000.0,LINEAL
763,11,12,CAMA FILIPINA ,CAMA MODELOFILIPINA DE 2X2 10/06/2025,Cama,SECCION TAPICERIA,95,TELA,10.0,METROS,34000.0,340000.0,AREA
764,11,12,CAMA FILIPINA ,CAMA MODELOFILIPINA DE 2X2 10/06/2025,Cama,SECCION TAPICERIA,96,BARILLA TRIPA POLLO,0.3,,15000.0,4500.0,FORMULA
765,11,12,CAMA FILIPINA ,CAMA MODELOFILIPINA DE 2X2 10/06/2025,Cama,SECCION TAPICERIA,97,CAZATA,0.3,METROS,56000.0,16800.0,LINEAL
766,11,12,CAMA FILIPINA ,CAMA MODELOFILIPINA DE 2X2 10/06/2025,Cama,SECCION TAPICERIA,98,GRAPAS,0.5,CAJA DE GRAPAS,12000.0,6000.0,ESPACIADO
767,11,12,CAMA FILIPINA ,CAMA MODELOFILIPINA DE 2X2 10/06/2025,Cama,SECCION TAPICERIA,99,ESPUMA AZUL DE 2 PULGADAS,1.0,LAMINA,39000.0,39000.0,AREA
768,11,12,CAMA FILIPINA ,CAMA MODELOFILIPINA DE 2X2 10/06/2025,Cama,SECCION TAPICERIA,100,"TORNILLOS DE 1 1/2""",30.0,UNIDADES,100.0,3000.0,ESPACIADO
769,11,12,CAMA FILIPINA ,CAMA MODELOFILIPINA DE 2X2 10/06/2025,Cama,SECCION TAPICERIA,101,ESPUMA DE 1 1/2PULGADA ROSADA,0.67,UNIDADES,33000.0,22110.0,AREA
770,11,12,CAMA FILIPINA ,CAMA MODELOFILIPINA DE 2X2 10/06/2025,Cama,SECCION TAPICERIA,102,ESPUMA BLANCA DE 1/2,1.0,UNIDAD,19900.0,19900.0,AREA
771,11,12,CAMA FILIPINA ,CAMA MODELOFILIPINA DE 2X2 10/06/2025,Cama,SECCION TAPICERIA,103,CARTON,4.0,MTS,5000.0,20000.0,LINEAL
772,11,12,CAMA FILIPINA ,CAMA MODELOFILIPINA DE 2X2 10/06/2025,Cama,SECCION TAPICERIA,104,COSTAL,3.0,METROS,3000.0,9000.0,AREA
773,11,12,CAMA FILIPINA ,CAMA MODELOFILIPINA DE 2X2 10/06/2025,Cama,SECCION TAPICERIA,105,HILO,0.5,,4000.0,2000.0,FORMULA
774,11,12,CAMA FILIPINA ,CAMA MODELOFILIPINA DE 2X2 10/06/2025,Cama,SECCION TAPICERIA,106,ESPUMA NARANJA 1CM,,UNIIDAD,,0.0,FORMULA
775,11,12,CAMA FILIPINA ,CAMA MODELOFILIPINA DE 2X2 10/06/2025,Cama,SECCION TAPICERIA,107,SUPER,0.75,LITRO,16250.0,12187.5,VOLUMEN
776,11,12,CAMA FILIPINA ,CAMA MODELOFILIPINA DE 2X2 10/06/2025,Cama,SECCION TAPICERIA,108,FIELTRO,,CM,14000.0,0.0,FORMULA
777,11,12,CAMA FILIPINA ,CAMA MODELOFILIPINA DE 2X2 10/06/2025,Cama,SECCION TAPICERIA,109,HECHURA,1.0,,210000.0,210000.0,FIJO
778,11,12,CAMA FILIPINA ,CAMA MODELOFILIPINA DE 2X2 10/06/2025,Cama,SECCION TAPICERIA,110,COLARATA,6.0,KG,2000.0,12000.0,FORMULA
779,12,13,CAMA EXAGONAL ,CAMA MODELO EZAGONAL DE 2X2 10/06/2025,Cama,,7,MADERA (2),931.0,APAMATE,140.0,130340.0,FORMULA
780,12,13,CAMA EXAGONAL ,CAMA MODELO EZAGONAL DE 2X2 10/06/2025,Cama,,8,"MDF DE 2,7",1.0,3 PEASOS DE 49X49,65000.0,65000.0,AREA
781,12,13,CAMA EXAGONAL ,CAMA MODELO EZAGONAL DE 2X2 10/06/2025,Cama,,9,INDUPLAX,0.0,Unidad,160000.0,0.0,AREA
782,12,13,CAMA EXAGONAL ,CAMA MODELO EZAGONAL DE 2X2 10/06/2025,Cama,,10,LAMINA DE 9,1.0,Unidad,140000.0,140000.0,AREA
783,12,13,CAMA EXAGONAL ,CAMA MODELO EZAGONAL DE 2X2 10/06/2025,Cama,,11,SUPER,,LITROS,19000.0,0.0,FORMULA
784,12,13,CAMA EXAGONAL ,CAMA MODELO EZAGONAL DE 2X2 10/06/2025,Cama,,12,COLBON,1.5,LITROS,13000.0,19500.0,VOLUMEN
785,12,13,CAMA EXAGONAL ,CAMA MODELO EZAGONAL DE 2X2 10/06/2025,Cama,,13,GRAPAS,15.0,Unidad,600.0,9000.0,ESPACIADO
786,12,13,CAMA EXAGONAL ,CAMA MODELO EZAGONAL DE 2X2 10/06/2025,Cama,,14,CORREDERAS,,UNITARIO,30000.0,0.0,FIJO
787,12,13,CAMA EXAGONAL ,CAMA MODELO EZAGONAL DE 2X2 10/06/2025,Cama,,15,CLAVILLOS,15.0,TIRA,1000.0,15000.0,ESPACIADO
788,12,13,CAMA EXAGONAL ,CAMA MODELO EZAGONAL DE 2X2 10/06/2025,Cama,,16,GANCHOS,1.0,PAR,20000.0,20000.0,FIJO
789,12,13,CAMA EXAGONAL ,CAMA MODELO EZAGONAL DE 2X2 10/06/2025,Cama,,17,MDF DE 9,,,136000.0,0.0,FORMULA
790,12,13,CAMA EXAGONAL ,CAMA MODELO EZAGONAL DE 2X2 10/06/2025,Cama,,18,"TORNILLOS DE 2""",100.0,Unidad,100.0,10000.0,ESPACIADO
791,12,13,CAMA EXAGONAL ,CAMA MODELO EZAGONAL DE 2X2 10/06/2025,Cama,,19,ebanisteria 300.000 x 5% de m.o,,,,315000.0,FORMULA
792,12,13,CAMA EXAGONAL ,CAMA MODELO EZAGONAL DE 2X2 10/06/2025,Cama,,21,gastos de Ebanisteria e 10%,,,,68984.0,FORMULA
793,12,13,CAMA EXAGONAL ,CAMA MODELO EZAGONAL DE 2X2 10/06/2025,Cama,,25,MADERA (2),468.0,"2,10X22X18= 832 2,10X20X15=630",140.0,65520.0,FORMULA
794,12,13,CAMA EXAGONAL ,CAMA MODELO EZAGONAL DE 2X2 10/06/2025,Cama,,26,MDF DE 3,200.0,"1 PEDAZO DE 1,20X45=54",65.0,13000.0,AREA
795,12,13,CAMA EXAGONAL ,CAMA MODELO EZAGONAL DE 2X2 10/06/2025,Cama,,27,LAM MDF 15,250.0,"1 PEDASO DE 1.25 X55=68,75",210.0,52500.0,AREA
796,12,13,CAMA EXAGONAL ,CAMA MODELO EZAGONAL DE 2X2 10/06/2025,Cama,,28,LAM MDF 7,175.0,"1 PEDASO DE 1,50X40=60",130.0,21875.0,AREA
797,12,13,CAMA EXAGONAL ,CAMA MODELO EZAGONAL DE 2X2 10/06/2025,Cama,,29,COLBON,2.0,litros,14000.0,28000.0,VOLUMEN
798,12,13,CAMA EXAGONAL ,CAMA MODELO EZAGONAL DE 2X2 10/06/2025,Cama,,30,GRAPAS,10.0,Unidad,600.0,6000.0,ESPACIADO
799,12,13,CAMA EXAGONAL ,CAMA MODELO EZAGONAL DE 2X2 10/06/2025,Cama,,31,CLAVILLOS N F 40,6.0,TIRA,1000.0,6000.0,ESPACIADO
800,12,13,CAMA EXAGONAL ,CAMA MODELO EZAGONAL DE 2X2 10/06/2025,Cama,,32,HECHURA,2.0,PAR,105000.0,210000.0,FORMULA
801,12,13,CAMA EXAGONAL ,CAMA MODELO EZAGONAL DE 2X2 10/06/2025,Cama,,33,"TORNILLOS DE 2""",30.0,Unidad,100.0,3000.0,ESPACIADO
802,12,13,CAMA EXAGONAL ,CAMA MODELO EZAGONAL DE 2X2 10/06/2025,Cama,,34,CORREDERAS,4.0,DE CIERRELENTO,30000.0,120000.0,FORMULA
803,12,13,CAMA EXAGONAL ,CAMA MODELO EZAGONAL DE 2X2 10/06/2025,Cama,,36,gastos de Ebanisteria e 5%,,,,26294.75,FORMULA
804,12,13,CAMA EXAGONAL ,CAMA MODELO EZAGONAL DE 2X2 10/06/2025,Cama,SECCION PINTURA Y PREPARADA DE 2 NOCHEROS,38,SECCION PINTURA Y PREPARADA,DE 2 NOCHEROS ,,,,FORMULA
805,12,13,CAMA EXAGONAL ,CAMA MODELO EZAGONAL DE 2X2 10/06/2025,Cama,SECCION PINTURA Y PREPARADA DE 2 NOCHEROS,39,PREPARADO JOTA,2.0,CON EL 5%,50000.0,52500.0,FORMULA
806,12,13,CAMA EXAGONAL ,CAMA MODELO EZAGONAL DE 2X2 10/06/2025,Cama,SECCION PINTURA Y PREPARADA DE 2 NOCHEROS,40,PINTURA ALEX,2.0,CON EL 5%,36750.0,73500.0,FORMULA
807,12,13,CAMA EXAGONAL ,CAMA MODELO EZAGONAL DE 2X2 10/06/2025,Cama,SECCION PINTURA Y PREPARADA DE 2 NOCHEROS,41,SELLADOR,3.0,PISTOLADAS,18000.0,54000.0,VOLUMEN
808,12,13,CAMA EXAGONAL ,CAMA MODELO EZAGONAL DE 2X2 10/06/2025,Cama,SECCION PINTURA Y PREPARADA DE 2 NOCHEROS,42,LIJA 400,2.0,unidades,2000.0,4000.0,FORMULA
809,12,13,CAMA EXAGONAL ,CAMA MODELO EZAGONAL DE 2X2 10/06/2025,Cama,SECCION PINTURA Y PREPARADA DE 2 NOCHEROS,43,NITRO,0.1,galon,70000.0,7000.0,VOLUMEN
810,12,13,CAMA EXAGONAL ,CAMA MODELO EZAGONAL DE 2X2 10/06/2025,Cama,SECCION PINTURA Y PREPARADA DE 2 NOCHEROS,44,lija 240,2.0,unidad,2000.0,4000.0,FORMULA
811,12,13,CAMA EXAGONAL ,CAMA MODELO EZAGONAL DE 2X2 10/06/2025,Cama,SECCION PINTURA Y PREPARADA DE 2 NOCHEROS,45,TALCO,0.3,unidad,2500.0,750.0,FORMULA
812,12,13,CAMA EXAGONAL ,CAMA MODELO EZAGONAL DE 2X2 10/06/2025,Cama,SECCION PINTURA Y PREPARADA DE 2 NOCHEROS,46,TINER,0.2,GALON,34000.0,6800.0,VOLUMEN
813,12,13,CAMA EXAGONAL ,CAMA MODELO EZAGONAL DE 2X2 10/06/2025,Cama,SECCION PINTURA Y PREPARADA DE 2 NOCHEROS,47,kerosen,,litro,18000.0,0.0,FORMULA
814,12,13,CAMA EXAGONAL ,CAMA MODELO EZAGONAL DE 2X2 10/06/2025,Cama,SECCION PINTURA Y PREPARADA DE 2 NOCHEROS,48,COLOR GRIS,2.5,PISTOLADA,22000.0,55000.0,VOLUMEN
815,12,13,CAMA EXAGONAL ,CAMA MODELO EZAGONAL DE 2X2 10/06/2025,Cama,SECCION PINTURA Y PREPARADA DE 2 NOCHEROS,49,ENCINA,0.1,galon,160000.0,16000.0,VOLUMEN
816,12,13,CAMA EXAGONAL ,CAMA MODELO EZAGONAL DE 2X2 10/06/2025,Cama,SECCION PINTURA Y PREPARADA DE 2 NOCHEROS,50,GASOLINA,0.2,ML,4500.0,900.0,LINEAL
817,12,13,CAMA EXAGONAL ,CAMA MODELO EZAGONAL DE 2X2 10/06/2025,Cama,SECCION PINTURA Y PREPARADA DE 2 NOCHEROS,51,RESANE,0.2,LITRO,20000.0,4000.0,VOLUMEN
818,12,13,CAMA EXAGONAL ,CAMA MODELO EZAGONAL DE 2X2 10/06/2025,Cama,SECCION PINTURA Y PREPARADA DE 2 NOCHEROS,52,LACA,2.0,PISTOLADA,23000.0,46000.0,VOLUMEN
819,12,13,CAMA EXAGONAL ,CAMA MODELO EZAGONAL DE 2X2 10/06/2025,Cama,SECCION PINTURA Y PREPARADA DE 2 NOCHEROS,54,Gastos de Pintura 10%,,,,32445.0,FORMULA
820,12,13,CAMA EXAGONAL ,CAMA MODELO EZAGONAL DE 2X2 10/06/2025,Cama,SECCION PINTURA Y PREPARADA DE CAMA,56,SECCION PINTURA Y PREPARADA,DE CAMA ,,,,FORMULA
821,12,13,CAMA EXAGONAL ,CAMA MODELO EZAGONAL DE 2X2 10/06/2025,Cama,SECCION PINTURA Y PREPARADA DE CAMA,57,PREPARADO JOTA,1.0,CON EL 5%,30000.0,31500.0,FIJO
822,12,13,CAMA EXAGONAL ,CAMA MODELO EZAGONAL DE 2X2 10/06/2025,Cama,SECCION PINTURA Y PREPARADA DE CAMA,58,PINTURA ALEX,1.0,CON EL 5%,20000.0,21000.0,FIJO
823,12,13,CAMA EXAGONAL ,CAMA MODELO EZAGONAL DE 2X2 10/06/2025,Cama,SECCION PINTURA Y PREPARADA DE CAMA,59,PINTURA DE PATAS ALEX,4.0,,1050.0,4200.0,FORMULA
824,12,13,CAMA EXAGONAL ,CAMA MODELO EZAGONAL DE 2X2 10/06/2025,Cama,SECCION PINTURA Y PREPARADA DE CAMA,60,SELLADOR,3.0,PISTOLADAS,18000.0,54000.0,VOLUMEN
825,12,13,CAMA EXAGONAL ,CAMA MODELO EZAGONAL DE 2X2 10/06/2025,Cama,SECCION PINTURA Y PREPARADA DE CAMA,61,LIJA 400,2.0,unidades,2000.0,4000.0,FORMULA
826,12,13,CAMA EXAGONAL ,CAMA MODELO EZAGONAL DE 2X2 10/06/2025,Cama,SECCION PINTURA Y PREPARADA DE CAMA,62,NITRO,,galon,,0.0,FORMULA
827,12,13,CAMA EXAGONAL ,CAMA MODELO EZAGONAL DE 2X2 10/06/2025,Cama,SECCION PINTURA Y PREPARADA DE CAMA,63,lija 240,,unidad,2000.0,0.0,FORMULA
828,12,13,CAMA EXAGONAL ,CAMA MODELO EZAGONAL DE 2X2 10/06/2025,Cama,SECCION PINTURA Y PREPARADA DE CAMA,64,lija 150,,unidad,2000.0,0.0,FORMULA
829,12,13,CAMA EXAGONAL ,CAMA MODELO EZAGONAL DE 2X2 10/06/2025,Cama,SECCION PINTURA Y PREPARADA DE CAMA,65,laca semimate,2.0,GALON,23000.0,46000.0,VOLUMEN
830,12,13,CAMA EXAGONAL ,CAMA MODELO EZAGONAL DE 2X2 10/06/2025,Cama,SECCION PINTURA Y PREPARADA DE CAMA,66,kerosen,1.0,litro,18000.0,18000.0,VOLUMEN
831,12,13,CAMA EXAGONAL ,CAMA MODELO EZAGONAL DE 2X2 10/06/2025,Cama,SECCION PINTURA Y PREPARADA DE CAMA,67,COLOR GRIS,2.0,PISTOLADA,19000.0,38000.0,VOLUMEN
832,12,13,CAMA EXAGONAL ,CAMA MODELO EZAGONAL DE 2X2 10/06/2025,Cama,SECCION PINTURA Y PREPARADA DE CAMA,68,TINTE MIEL,,galon,,0.0,FORMULA
833,12,13,CAMA EXAGONAL ,CAMA MODELO EZAGONAL DE 2X2 10/06/2025,Cama,SECCION PINTURA Y PREPARADA DE CAMA,69,GASOLINA,300.0,LITRO,4.5,1350.0,VOLUMEN
834,12,13,CAMA EXAGONAL ,CAMA MODELO EZAGONAL DE 2X2 10/06/2025,Cama,SECCION PINTURA Y PREPARADA DE CAMA,70,RESANE,,LITRO,,0.0,FORMULA
835,12,13,CAMA EXAGONAL ,CAMA MODELO EZAGONAL DE 2X2 10/06/2025,Cama,SECCION PINTURA Y PREPARADA DE CAMA,71,LACA,,PISTOLADA,22000.0,0.0,FORMULA
836,12,13,CAMA EXAGONAL ,CAMA MODELO EZAGONAL DE 2X2 10/06/2025,Cama,SECCION PINTURA Y PREPARADA DE CAMA,73,Gastos de Pintura 10%,,,,21805.0,FORMULA
837,12,13,CAMA EXAGONAL ,CAMA MODELO EZAGONAL DE 2X2 10/06/2025,Cama,SECCION TERMINACION,76,GATO DE LA CAMA,,unidades,150000.0,0.0,FORMULA
838,12,13,CAMA EXAGONAL ,CAMA MODELO EZAGONAL DE 2X2 10/06/2025,Cama,SECCION TERMINACION,77,LATA DE CIERRE,,PAR,2500.0,0.0,FORMULA
839,12,13,CAMA EXAGONAL ,CAMA MODELO EZAGONAL DE 2X2 10/06/2025,Cama,SECCION TERMINACION,78,PATAS DE CAMAS Y NOCHEROS,,unidades,9000.0,0.0,FIJO
840,12,13,CAMA EXAGONAL ,CAMA MODELO EZAGONAL DE 2X2 10/06/2025,Cama,SECCION TERMINACION,79,TORNILLOS,,unidades,100.0,0.0,FIJO
841,12,13,CAMA EXAGONAL ,CAMA MODELO EZAGONAL DE 2X2 10/06/2025,Cama,SECCION TERMINACION,80,EMBALADA,1.0,unidades,150000.0,150000.0,FIJO
842,12,13,CAMA EXAGONAL ,CAMA MODELO EZAGONAL DE 2X2 10/06/2025,Cama,SECCION TERMINACION,83,SECCION TENDIDO,,,,0.0,FORMULA
843,12,13,CAMA EXAGONAL ,CAMA MODELO EZAGONAL DE 2X2 10/06/2025,Cama,SECCION TERMINACION,84,MADERA 60X1X4,750.0,2X25X15,140.0,105000.0,FORMULA
844,12,13,CAMA EXAGONAL ,CAMA MODELO EZAGONAL DE 2X2 10/06/2025,Cama,SECCION TERMINACION,86,FABRICACION TENDIDO,1.0,DE 2X2,63000.0,63000.0,FIJO
845,12,13,CAMA EXAGONAL ,CAMA MODELO EZAGONAL DE 2X2 10/06/2025,Cama,SECCION TERMINACION,87,MDF DE 9,1.0,unidades,140000.0,140000.0,AREA
846,12,13,CAMA EXAGONAL ,CAMA MODELO EZAGONAL DE 2X2 10/06/2025,Cama,SECCION TERMINACION,88,COLBON,0.5,LITRO,14000.0,7000.0,VOLUMEN
847,12,13,CAMA EXAGONAL ,CAMA MODELO EZAGONAL DE 2X2 10/06/2025,Cama,SECCION TERMINACION,89,"TORNILLOS DE 2""",50.0,unidades,100.0,5000.0,ESPACIADO
848,12,13,CAMA EXAGONAL ,CAMA MODELO EZAGONAL DE 2X2 10/06/2025,Cama,SECCION TERMINACION,90,CLAVILLO,2.0,TIRAS,600.0,1200.0,ESPACIADO
849,12,13,CAMA EXAGONAL ,CAMA MODELO EZAGONAL DE 2X2 10/06/2025,Cama,SECCION TERMINACION,91,PEOPE,2.0,METROS,3500.0,7000.0,LINEAL
850,12,13,CAMA EXAGONAL ,CAMA MODELO EZAGONAL DE 2X2 10/06/2025,Cama,SECCION TAPICERIA,95,TELA,8.0,METROS,34000.0,272000.0,AREA
851,12,13,CAMA EXAGONAL ,CAMA MODELO EZAGONAL DE 2X2 10/06/2025,Cama,SECCION TAPICERIA,96,ESTOPEROLES,,,500.0,0.0,FORMULA
852,12,13,CAMA EXAGONAL ,CAMA MODELO EZAGONAL DE 2X2 10/06/2025,Cama,SECCION TAPICERIA,97,CAZATA,0.2,METROS,56000.0,11200.0,LINEAL
853,12,13,CAMA EXAGONAL ,CAMA MODELO EZAGONAL DE 2X2 10/06/2025,Cama,SECCION TAPICERIA,98,GRAPAS,0.5,CAJA DE GRAPAS,12000.0,6000.0,ESPACIADO
854,12,13,CAMA EXAGONAL ,CAMA MODELO EZAGONAL DE 2X2 10/06/2025,Cama,SECCION TAPICERIA,99,ESPUMA NARANJA 1CM,,METROS,18000.0,0.0,FORMULA
855,12,13,CAMA EXAGONAL ,CAMA MODELO EZAGONAL DE 2X2 10/06/2025,Cama,SECCION TAPICERIA,100,"TORNILLOS DE 1 1/2""",30.0,UNIDADES,100.0,3000.0,ESPACIADO
856,12,13,CAMA EXAGONAL ,CAMA MODELO EZAGONAL DE 2X2 10/06/2025,Cama,SECCION TAPICERIA,101,ESPUMA DE 1 PULGADA ROSADA,2.5,UNIDADES,27000.0,67500.0,AREA
857,12,13,CAMA EXAGONAL ,CAMA MODELO EZAGONAL DE 2X2 10/06/2025,Cama,SECCION TAPICERIA,102,CANAMO,,ROLLO,15000.0,0.0,FORMULA
858,12,13,CAMA EXAGONAL ,CAMA MODELO EZAGONAL DE 2X2 10/06/2025,Cama,SECCION TAPICERIA,103,CARTON,4.0,MTS,5000.0,20000.0,LINEAL
859,12,13,CAMA EXAGONAL ,CAMA MODELO EZAGONAL DE 2X2 10/06/2025,Cama,SECCION TAPICERIA,104,COSTAL,,METROS,3000.0,0.0,FORMULA
860,12,13,CAMA EXAGONAL ,CAMA MODELO EZAGONAL DE 2X2 10/06/2025,Cama,SECCION TAPICERIA,105,HILO,0.5,,4000.0,2000.0,FORMULA
861,12,13,CAMA EXAGONAL ,CAMA MODELO EZAGONAL DE 2X2 10/06/2025,Cama,SECCION TAPICERIA,106,ESPUMA NARANJA 1CM,,UNIIDAD,,0.0,FORMULA
862,12,13,CAMA EXAGONAL ,CAMA MODELO EZAGONAL DE 2X2 10/06/2025,Cama,SECCION TAPICERIA,107,SUPER,0.5,LITRO,16250.0,8125.0,VOLUMEN
863,12,13,CAMA EXAGONAL ,CAMA MODELO EZAGONAL DE 2X2 10/06/2025,Cama,SECCION TAPICERIA,108,FIELTRO,,CM,14000.0,0.0,FORMULA
864,12,13,CAMA EXAGONAL ,CAMA MODELO EZAGONAL DE 2X2 10/06/2025,Cama,SECCION TAPICERIA,109,HECHURA,1.0,,210000.0,210000.0,FIJO
865,12,13,CAMA EXAGONAL ,CAMA MODELO EZAGONAL DE 2X2 10/06/2025,Cama,SECCION TAPICERIA,110,RELLENO,,KG,14000.0,0.0,FORMULA
866,13,14,CAMA DE MELAMINA DE 1.60,CAMA DE 1.60 CON MESA DE NOCHE 2/10/2025,Cama,,7,MADERA (2),1445.0,"2,10X22X18= 832 2,10X20X15=630",140.0,202300.0,FORMULA
867,13,14,CAMA DE MELAMINA DE 1.60,CAMA DE 1.60 CON MESA DE NOCHE 2/10/2025,Cama,,8,"MDF DE 2,7",,6 PEDASOS DE 49X49,20000.0,0.0,FORMULA
868,13,14,CAMA DE MELAMINA DE 1.60,CAMA DE 1.60 CON MESA DE NOCHE 2/10/2025,Cama,,10,LAM MDF 9,0.5,Unidad BASTIDORES,140000.0,70000.0,AREA
869,13,14,CAMA DE MELAMINA DE 1.60,CAMA DE 1.60 CON MESA DE NOCHE 2/10/2025,Cama,,12,COLBON,1.0,LITRO,13000.0,13000.0,VOLUMEN
870,13,14,CAMA DE MELAMINA DE 1.60,CAMA DE 1.60 CON MESA DE NOCHE 2/10/2025,Cama,,13,GRAPAS,,Unidad,10000.0,0.0,FIJO
871,13,14,CAMA DE MELAMINA DE 1.60,CAMA DE 1.60 CON MESA DE NOCHE 2/10/2025,Cama,,14,CORREDERAS 45,4.0,UNITARIO,30000.0,120000.0,FORMULA
872,13,14,CAMA DE MELAMINA DE 1.60,CAMA DE 1.60 CON MESA DE NOCHE 2/10/2025,Cama,,15,CORREDERAS DE 40,4.0,UNIDAD,22000.0,88000.0,FORMULA
873,13,14,CAMA DE MELAMINA DE 1.60,CAMA DE 1.60 CON MESA DE NOCHE 2/10/2025,Cama,,16,GANCHOS,1.0,PAR,20000.0,20000.0,FIJO
874,13,14,CAMA DE MELAMINA DE 1.60,CAMA DE 1.60 CON MESA DE NOCHE 2/10/2025,Cama,,17,PL SUPER,1.0,LITRO,17000.0,17000.0,VOLUMEN
875,13,14,CAMA DE MELAMINA DE 1.60,CAMA DE 1.60 CON MESA DE NOCHE 2/10/2025,Cama,,18,"TORNILLOS DE 2""",,Unidad,100.0,0.0,FIJO
876,13,14,CAMA DE MELAMINA DE 1.60,CAMA DE 1.60 CON MESA DE NOCHE 2/10/2025,Cama,ebanisteria 700.000 x 5% de m.o Corte,21,gastos de Ebanisteria e 10%,,,,150637.0,FORMULA
877,13,14,CAMA DE MELAMINA DE 1.60,CAMA DE 1.60 CON MESA DE NOCHE 2/10/2025,Cama,ebanisteria 700.000 x 5% de m.o Corte,25,GATOS,2.0,UNIDAD,4500.0,9000.0,FORMULA
878,13,14,CAMA DE MELAMINA DE 1.60,CAMA DE 1.60 CON MESA DE NOCHE 2/10/2025,Cama,ebanisteria 700.000 x 5% de m.o Corte,26,LAMINA DE 6,3.4,LAMINA,220000.0,748000.0,AREA
879,13,14,CAMA DE MELAMINA DE 1.60,CAMA DE 1.60 CON MESA DE NOCHE 2/10/2025,Cama,ebanisteria 700.000 x 5% de m.o Corte,27,LAM MDF 15,2.0,MELAMINA FLORMORADO,340000.0,680000.0,AREA
880,13,14,CAMA DE MELAMINA DE 1.60,CAMA DE 1.60 CON MESA DE NOCHE 2/10/2025,Cama,ebanisteria 700.000 x 5% de m.o Corte,28,PASADA DE LAMINA,2.0,LAMINA,40000.0,80000.0,AREA
881,13,14,CAMA DE MELAMINA DE 1.60,CAMA DE 1.60 CON MESA DE NOCHE 2/10/2025,Cama,ebanisteria 700.000 x 5% de m.o Corte,29,PASADA DE LAMINA,3.4,UNIDAD DE 6,20000.0,68000.0,AREA
882,13,14,CAMA DE MELAMINA DE 1.60,CAMA DE 1.60 CON MESA DE NOCHE 2/10/2025,Cama,ebanisteria 700.000 x 5% de m.o Corte,30,METROS DE TAPA CANTO,100.0,DE 19,770.0,77000.0,FORMULA
883,13,14,CAMA DE MELAMINA DE 1.60,CAMA DE 1.60 CON MESA DE NOCHE 2/10/2025,Cama,ebanisteria 700.000 x 5% de m.o Corte,31,METROS DE TAPA CANTO,50.0,DE 40,2000.0,100000.0,FORMULA
884,13,14,CAMA DE MELAMINA DE 1.60,CAMA DE 1.60 CON MESA DE NOCHE 2/10/2025,Cama,ebanisteria 700.000 x 5% de m.o Corte,32,HECHURA,1.0,PAR,850000.0,850000.0,FIJO
885,13,14,CAMA DE MELAMINA DE 1.60,CAMA DE 1.60 CON MESA DE NOCHE 2/10/2025,Cama,ebanisteria 700.000 x 5% de m.o Corte,33,"TORNILLOS DE 2""",50.0,Unidad,100.0,5000.0,ESPACIADO
886,13,14,CAMA DE MELAMINA DE 1.60,CAMA DE 1.60 CON MESA DE NOCHE 2/10/2025,Cama,ebanisteria 700.000 x 5% de m.o Corte,34,PU,0.4,UNIDADES,30000.0,12000.0,FORMULA
887,13,14,CAMA DE MELAMINA DE 1.60,CAMA DE 1.60 CON MESA DE NOCHE 2/10/2025,Cama,ebanisteria 700.000 x 5% de m.o Corte,36,gastos de Ebanisteria e 5%,,,,2629000.0,FORMULA
888,13,14,CAMA DE MELAMINA DE 1.60,CAMA DE 1.60 CON MESA DE NOCHE 2/10/2025,Cama,SECCION PINTURA Y PREPARADA DE 2 NOCHEROS,38,SECCION PINTURA Y PREPARADA,DE 2 NOCHEROS ,,,,FORMULA
889,13,14,CAMA DE MELAMINA DE 1.60,CAMA DE 1.60 CON MESA DE NOCHE 2/10/2025,Cama,SECCION PINTURA Y PREPARADA DE 2 NOCHEROS,39,PREPARADO JOTA,,CON EL 5%,50000.0,,FORMULA
890,13,14,CAMA DE MELAMINA DE 1.60,CAMA DE 1.60 CON MESA DE NOCHE 2/10/2025,Cama,SECCION PINTURA Y PREPARADA DE 2 NOCHEROS,40,PINTURA ALEX,,CON EL 5%,30000.0,,FORMULA
891,13,14,CAMA DE MELAMINA DE 1.60,CAMA DE 1.60 CON MESA DE NOCHE 2/10/2025,Cama,SECCION PINTURA Y PREPARADA DE 2 NOCHEROS,41,SELLADOR,,PISTOLADAS,18000.0,0.0,FORMULA
892,13,14,CAMA DE MELAMINA DE 1.60,CAMA DE 1.60 CON MESA DE NOCHE 2/10/2025,Cama,SECCION PINTURA Y PREPARADA DE 2 NOCHEROS,42,LIJA 400,,unidades,2000.0,0.0,FORMULA
893,13,14,CAMA DE MELAMINA DE 1.60,CAMA DE 1.60 CON MESA DE NOCHE 2/10/2025,Cama,SECCION PINTURA Y PREPARADA DE 2 NOCHEROS,43,NITRO,,galon,70000.0,0.0,FORMULA
894,13,14,CAMA DE MELAMINA DE 1.60,CAMA DE 1.60 CON MESA DE NOCHE 2/10/2025,Cama,SECCION PINTURA Y PREPARADA DE 2 NOCHEROS,44,lija 240,,unidad,2000.0,0.0,FORMULA
895,13,14,CAMA DE MELAMINA DE 1.60,CAMA DE 1.60 CON MESA DE NOCHE 2/10/2025,Cama,SECCION PINTURA Y PREPARADA DE 2 NOCHEROS,45,TALCO,,unidad,2500.0,0.0,FORMULA
896,13,14,CAMA DE MELAMINA DE 1.60,CAMA DE 1.60 CON MESA DE NOCHE 2/10/2025,Cama,SECCION PINTURA Y PREPARADA DE 2 NOCHEROS,46,TINER,,GALON,34000.0,0.0,FORMULA
897,13,14,CAMA DE MELAMINA DE 1.60,CAMA DE 1.60 CON MESA DE NOCHE 2/10/2025,Cama,SECCION PINTURA Y PREPARADA DE 2 NOCHEROS,47,kerosen,,litro,18000.0,0.0,FORMULA
898,13,14,CAMA DE MELAMINA DE 1.60,CAMA DE 1.60 CON MESA DE NOCHE 2/10/2025,Cama,SECCION PINTURA Y PREPARADA DE 2 NOCHEROS,48,COLOR GRIS,,PISTOLADA,22000.0,0.0,FORMULA
899,13,14,CAMA DE MELAMINA DE 1.60,CAMA DE 1.60 CON MESA DE NOCHE 2/10/2025,Cama,SECCION PINTURA Y PREPARADA DE 2 NOCHEROS,49,ENCINA,,galon,160000.0,0.0,FORMULA
900,13,14,CAMA DE MELAMINA DE 1.60,CAMA DE 1.60 CON MESA DE NOCHE 2/10/2025,Cama,SECCION PINTURA Y PREPARADA DE 2 NOCHEROS,50,GASOLINA,,LITRO,4500.0,0.0,FORMULA
901,13,14,CAMA DE MELAMINA DE 1.60,CAMA DE 1.60 CON MESA DE NOCHE 2/10/2025,Cama,SECCION PINTURA Y PREPARADA DE 2 NOCHEROS,51,RESANE,,LITRO,20000.0,0.0,FORMULA
902,13,14,CAMA DE MELAMINA DE 1.60,CAMA DE 1.60 CON MESA DE NOCHE 2/10/2025,Cama,SECCION PINTURA Y PREPARADA DE 2 NOCHEROS,52,LACA,,PISTOLADA,22000.0,0.0,FORMULA
903,13,14,CAMA DE MELAMINA DE 1.60,CAMA DE 1.60 CON MESA DE NOCHE 2/10/2025,Cama,SECCION PINTURA Y PREPARADA DE 2 NOCHEROS,54,Gastos de Pintura 10%,,,,0.0,FORMULA
904,13,14,CAMA DE MELAMINA DE 1.60,CAMA DE 1.60 CON MESA DE NOCHE 2/10/2025,Cama,SECCION PINTURA Y PREPARADA DE CAMA,56,SECCION PINTURA Y PREPARADA,DE CAMA ,,,,FORMULA
905,13,14,CAMA DE MELAMINA DE 1.60,CAMA DE 1.60 CON MESA DE NOCHE 2/10/2025,Cama,SECCION PINTURA Y PREPARADA DE CAMA,57,PREPARADO JOTA,,CON EL 5%,60000.0,,FORMULA
906,13,14,CAMA DE MELAMINA DE 1.60,CAMA DE 1.60 CON MESA DE NOCHE 2/10/2025,Cama,SECCION PINTURA Y PREPARADA DE CAMA,58,PINTURA ALEX,,CON EL 5%,30000.0,,FORMULA
907,13,14,CAMA DE MELAMINA DE 1.60,CAMA DE 1.60 CON MESA DE NOCHE 2/10/2025,Cama,SECCION PINTURA Y PREPARADA DE CAMA,59,SELLADOR,,GALON,55000.0,0.0,FORMULA
908,13,14,CAMA DE MELAMINA DE 1.60,CAMA DE 1.60 CON MESA DE NOCHE 2/10/2025,Cama,SECCION PINTURA Y PREPARADA DE CAMA,60,LIJA 400,,unidades,2000.0,0.0,FORMULA
909,13,14,CAMA DE MELAMINA DE 1.60,CAMA DE 1.60 CON MESA DE NOCHE 2/10/2025,Cama,SECCION PINTURA Y PREPARADA DE CAMA,61,NITRO,,galon,,0.0,FORMULA
910,13,14,CAMA DE MELAMINA DE 1.60,CAMA DE 1.60 CON MESA DE NOCHE 2/10/2025,Cama,SECCION PINTURA Y PREPARADA DE CAMA,62,lija 240,,unidad,2000.0,0.0,FORMULA
911,13,14,CAMA DE MELAMINA DE 1.60,CAMA DE 1.60 CON MESA DE NOCHE 2/10/2025,Cama,SECCION PINTURA Y PREPARADA DE CAMA,63,lija 150,,unidad,2000.0,0.0,FORMULA
912,13,14,CAMA DE MELAMINA DE 1.60,CAMA DE 1.60 CON MESA DE NOCHE 2/10/2025,Cama,SECCION PINTURA Y PREPARADA DE CAMA,64,laca semimate,,GALON,21000.0,0.0,FORMULA
913,13,14,CAMA DE MELAMINA DE 1.60,CAMA DE 1.60 CON MESA DE NOCHE 2/10/2025,Cama,SECCION PINTURA Y PREPARADA DE CAMA,65,kerosen,,litro,18000.0,0.0,FORMULA
914,13,14,CAMA DE MELAMINA DE 1.60,CAMA DE 1.60 CON MESA DE NOCHE 2/10/2025,Cama,SECCION PINTURA Y PREPARADA DE CAMA,66,COLOR GRIS,,PISTOLADA,19000.0,0.0,FORMULA
915,13,14,CAMA DE MELAMINA DE 1.60,CAMA DE 1.60 CON MESA DE NOCHE 2/10/2025,Cama,SECCION PINTURA Y PREPARADA DE CAMA,67,TINTE MIEL,,galon,,0.0,FORMULA
916,13,14,CAMA DE MELAMINA DE 1.60,CAMA DE 1.60 CON MESA DE NOCHE 2/10/2025,Cama,SECCION PINTURA Y PREPARADA DE CAMA,68,GASOLINA,,LITRO,,0.0,FORMULA
917,13,14,CAMA DE MELAMINA DE 1.60,CAMA DE 1.60 CON MESA DE NOCHE 2/10/2025,Cama,SECCION PINTURA Y PREPARADA DE CAMA,69,RESANE,,LITRO,,0.0,FORMULA
918,13,14,CAMA DE MELAMINA DE 1.60,CAMA DE 1.60 CON MESA DE NOCHE 2/10/2025,Cama,SECCION PINTURA Y PREPARADA DE CAMA,70,LACA,,PISTOLADA,22000.0,0.0,FORMULA
919,13,14,CAMA DE MELAMINA DE 1.60,CAMA DE 1.60 CON MESA DE NOCHE 2/10/2025,Cama,SECCION PINTURA Y PREPARADA DE CAMA,72,Gastos de Pintura 10%,,,,0.0,FORMULA
920,13,14,CAMA DE MELAMINA DE 1.60,CAMA DE 1.60 CON MESA DE NOCHE 2/10/2025,Cama,TERMINACION,75,REGLETA,1.0,unidades,10000.0,10000.0,FIJO
921,13,14,CAMA DE MELAMINA DE 1.60,CAMA DE 1.60 CON MESA DE NOCHE 2/10/2025,Cama,TERMINACION,76,LUZ LET,1.0,UNIDAD,9000.0,9000.0,FIJO
922,13,14,CAMA DE MELAMINA DE 1.60,CAMA DE 1.60 CON MESA DE NOCHE 2/10/2025,Cama,TERMINACION,77,CAFETERO,,UNIDAD,30000.0,0.0,FORMULA
923,13,14,CAMA DE MELAMINA DE 1.60,CAMA DE 1.60 CON MESA DE NOCHE 2/10/2025,Cama,TERMINACION,78,POSTURA DE LA LUZ 1,1.0,unidades,30000.0,30000.0,FIJO
924,13,14,CAMA DE MELAMINA DE 1.60,CAMA DE 1.60 CON MESA DE NOCHE 2/10/2025,Cama,TERMINACION,79,ENCHUFE,2.0,UNIDAD,5000.0,5000.0,FORMULA
925,13,14,CAMA DE MELAMINA DE 1.60,CAMA DE 1.60 CON MESA DE NOCHE 2/10/2025,Cama,TERMINACION,80,TOMA,2.0,UNIDAD,15000.0,30000.0,FORMULA
926,13,14,CAMA DE MELAMINA DE 1.60,CAMA DE 1.60 CON MESA DE NOCHE 2/10/2025,Cama,TERMINACION,81,CABLE,6.0,METROS,3000.0,18000.0,LINEAL
927,13,14,CAMA DE MELAMINA DE 1.60,CAMA DE 1.60 CON MESA DE NOCHE 2/10/2025,Cama,TERMINACION,82,EMBALADA,1.0,unidades,150000.0,150000.0,FIJO
928,13,14,CAMA DE MELAMINA DE 1.60,CAMA DE 1.60 CON MESA DE NOCHE 2/10/2025,Cama,TERMINACION,85,SECCION TENDIDO,,,,0.0,FORMULA
929,13,14,CAMA DE MELAMINA DE 1.60,CAMA DE 1.60 CON MESA DE NOCHE 2/10/2025,Cama,TERMINACION,86,MADERA 60X1X4,750.0,CMS,140.0,105000.0,LINEAL
930,13,14,CAMA DE MELAMINA DE 1.60,CAMA DE 1.60 CON MESA DE NOCHE 2/10/2025,Cama,TERMINACION,87,FABRICACION TENDIDO,1.0,DE 2X2,63000.0,63000.0,FIJO
931,13,14,CAMA DE MELAMINA DE 1.60,CAMA DE 1.60 CON MESA DE NOCHE 2/10/2025,Cama,TERMINACION,88,MDF DE 9,1.0,unidades,140000.0,140000.0,AREA
932,13,14,CAMA DE MELAMINA DE 1.60,CAMA DE 1.60 CON MESA DE NOCHE 2/10/2025,Cama,TERMINACION,89,GRAPAS,5.0,TIRAS,550.0,2750.0,ESPACIADO
933,13,14,CAMA DE MELAMINA DE 1.60,CAMA DE 1.60 CON MESA DE NOCHE 2/10/2025,Cama,TERMINACION,90,COLBON,0.5,LITRO,12000.0,6000.0,VOLUMEN
934,13,14,CAMA DE MELAMINA DE 1.60,CAMA DE 1.60 CON MESA DE NOCHE 2/10/2025,Cama,TERMINACION,91,"TORNILLOS DE 2""",50.0,unidades,100.0,5000.0,ESPACIADO
935,13,14,CAMA DE MELAMINA DE 1.60,CAMA DE 1.60 CON MESA DE NOCHE 2/10/2025,Cama,TERMINACION,92,CLAVILLO,5.0,TIRAS,2000.0,10000.0,ESPACIADO
936,13,14,CAMA DE MELAMINA DE 1.60,CAMA DE 1.60 CON MESA DE NOCHE 2/10/2025,Cama,TERMINACION,93,PEOPE,2.0,METROS,4000.0,8000.0,LINEAL
937,13,14,CAMA DE MELAMINA DE 1.60,CAMA DE 1.60 CON MESA DE NOCHE 2/10/2025,Cama,SECCION TAPICERIA,97,TELA,2.6,METROS,40000.0,104000.0,AREA
938,13,14,CAMA DE MELAMINA DE 1.60,CAMA DE 1.60 CON MESA DE NOCHE 2/10/2025,Cama,SECCION TAPICERIA,98,ESTOPEROLES,,,500.0,0.0,FORMULA
939,13,14,CAMA DE MELAMINA DE 1.60,CAMA DE 1.60 CON MESA DE NOCHE 2/10/2025,Cama,SECCION TAPICERIA,99,COLARATA,,METROS,600.0,0.0,FORMULA
940,13,14,CAMA DE MELAMINA DE 1.60,CAMA DE 1.60 CON MESA DE NOCHE 2/10/2025,Cama,SECCION TAPICERIA,100,GRAPAS,0.5,CAJA DE GRAPAS,10000.0,5000.0,ESPACIADO
941,13,14,CAMA DE MELAMINA DE 1.60,CAMA DE 1.60 CON MESA DE NOCHE 2/10/2025,Cama,SECCION TAPICERIA,101,ESPUMA NARANJA 1CM,,METROS,18000.0,0.0,FORMULA
942,13,14,CAMA DE MELAMINA DE 1.60,CAMA DE 1.60 CON MESA DE NOCHE 2/10/2025,Cama,SECCION TAPICERIA,102,"TORNILLOS DE 1 1/2""",,UNIDADES,100.0,0.0,FIJO
943,13,14,CAMA DE MELAMINA DE 1.60,CAMA DE 1.60 CON MESA DE NOCHE 2/10/2025,Cama,SECCION TAPICERIA,103,EPUMA AZUL DE 11/2,1.0,UNIDADES,26000.0,26000.0,FIJO
944,13,14,CAMA DE MELAMINA DE 1.60,CAMA DE 1.60 CON MESA DE NOCHE 2/10/2025,Cama,SECCION TAPICERIA,104,CANAMO,,ROLLO,15000.0,0.0,FORMULA
945,13,14,CAMA DE MELAMINA DE 1.60,CAMA DE 1.60 CON MESA DE NOCHE 2/10/2025,Cama,SECCION TAPICERIA,105,COLA DE RATA,,MTS,1000.0,0.0,FORMULA
946,13,14,CAMA DE MELAMINA DE 1.60,CAMA DE 1.60 CON MESA DE NOCHE 2/10/2025,Cama,SECCION TAPICERIA,106,COSTAL,2.0,METROS,3000.0,6000.0,AREA
947,13,14,CAMA DE MELAMINA DE 1.60,CAMA DE 1.60 CON MESA DE NOCHE 2/10/2025,Cama,SECCION TAPICERIA,107,HILO,,,4000.0,0.0,FORMULA
948,13,14,CAMA DE MELAMINA DE 1.60,CAMA DE 1.60 CON MESA DE NOCHE 2/10/2025,Cama,SECCION TAPICERIA,108,ESPUMA NARANJA 1CM,,UNIIDAD,,0.0,FORMULA
949,13,14,CAMA DE MELAMINA DE 1.60,CAMA DE 1.60 CON MESA DE NOCHE 2/10/2025,Cama,SECCION TAPICERIA,109,SUPER,0.5,LITRO,19000.0,9500.0,VOLUMEN
950,13,14,CAMA DE MELAMINA DE 1.60,CAMA DE 1.60 CON MESA DE NOCHE 2/10/2025,Cama,SECCION TAPICERIA,110,FIELTRO,,CM,4000.0,0.0,FORMULA
951,13,14,CAMA DE MELAMINA DE 1.60,CAMA DE 1.60 CON MESA DE NOCHE 2/10/2025,Cama,SECCION TAPICERIA,111,HECHURA,1.0,,84000.0,84000.0,FIJO
952,13,14,CAMA DE MELAMINA DE 1.60,CAMA DE 1.60 CON MESA DE NOCHE 2/10/2025,Cama,SECCION TAPICERIA,112,RELLENO,,KG,14000.0,0.0,FORMULA
953,14,15,CAMA DE MELAMINA DE 1.40 CON N ,CAMA DE 1.40 CON MESA DE NOCHE 7/07/2025,Cama,,7,MADERA (2),1013.0,"2,10X22X18= 832 2,10X20X15=630",140.0,141820.0,FORMULA
954,14,15,CAMA DE MELAMINA DE 1.40 CON N ,CAMA DE 1.40 CON MESA DE NOCHE 7/07/2025,Cama,,8,"MDF DE 2,7",,6 PEDASOS DE 49X49,20000.0,0.0,FORMULA
955,14,15,CAMA DE MELAMINA DE 1.40 CON N ,CAMA DE 1.40 CON MESA DE NOCHE 7/07/2025,Cama,,9,INDUPLAX,,Unidad,160000.0,,FORMULA
956,14,15,CAMA DE MELAMINA DE 1.40 CON N ,CAMA DE 1.40 CON MESA DE NOCHE 7/07/2025,Cama,,10,LAM MDF 15,1.0,Unidad BASTIDORES,210000.0,210000.0,AREA
957,14,15,CAMA DE MELAMINA DE 1.40 CON N ,CAMA DE 1.40 CON MESA DE NOCHE 7/07/2025,Cama,,11,SUPER,,LITROS,19000.0,0.0,FORMULA
958,14,15,CAMA DE MELAMINA DE 1.40 CON N ,CAMA DE 1.40 CON MESA DE NOCHE 7/07/2025,Cama,,12,COLBON,1.0,LITRO,13000.0,13000.0,VOLUMEN
959,14,15,CAMA DE MELAMINA DE 1.40 CON N ,CAMA DE 1.40 CON MESA DE NOCHE 7/07/2025,Cama,,13,GRAPAS,0.5,Unidad,10000.0,5000.0,ESPACIADO
960,14,15,CAMA DE MELAMINA DE 1.40 CON N ,CAMA DE 1.40 CON MESA DE NOCHE 7/07/2025,Cama,,14,CORREDERAS 45,4.0,UNITARIO,30000.0,120000.0,FORMULA
961,14,15,CAMA DE MELAMINA DE 1.40 CON N ,CAMA DE 1.40 CON MESA DE NOCHE 7/07/2025,Cama,,15,CORREDERAS DE 35,1.0,UNIDAD,31000.0,31000.0,FIJO
962,14,15,CAMA DE MELAMINA DE 1.40 CON N ,CAMA DE 1.40 CON MESA DE NOCHE 7/07/2025,Cama,,16,GANCHOS,1.0,PAR,20000.0,20000.0,FIJO
963,14,15,CAMA DE MELAMINA DE 1.40 CON N ,CAMA DE 1.40 CON MESA DE NOCHE 7/07/2025,Cama,,17,PL SUPER,1.0,LITRO,17000.0,17000.0,VOLUMEN
964,14,15,CAMA DE MELAMINA DE 1.40 CON N ,CAMA DE 1.40 CON MESA DE NOCHE 7/07/2025,Cama,,18,"TORNILLOS DE 2""",100.0,Unidad,100.0,10000.0,ESPACIADO
965,14,15,CAMA DE MELAMINA DE 1.40 CON N ,CAMA DE 1.40 CON MESA DE NOCHE 7/07/2025,Cama,,19,ebanisteria 700.000 x 5% de m.o,,,,700000.0,FORMULA
966,14,15,CAMA DE MELAMINA DE 1.40 CON N ,CAMA DE 1.40 CON MESA DE NOCHE 7/07/2025,Cama,,21,gastos de Ebanisteria e 10%,,,,150637.0,FORMULA
967,14,15,CAMA DE MELAMINA DE 1.40 CON N ,CAMA DE 1.40 CON MESA DE NOCHE 7/07/2025,Cama,,25,MADERA (2),,"2,10X22X18= 832 2,10X20X15=630",140.0,0.0,FORMULA
968,14,15,CAMA DE MELAMINA DE 1.40 CON N ,CAMA DE 1.40 CON MESA DE NOCHE 7/07/2025,Cama,,26,LAMINA DE 6,2.0,LAMINA,216000.0,432000.0,AREA
969,14,15,CAMA DE MELAMINA DE 1.40 CON N ,CAMA DE 1.40 CON MESA DE NOCHE 7/07/2025,Cama,,27,LAM MDF 15,1.0,MELAMINA FLORMORADO,340000.0,340000.0,AREA
970,14,15,CAMA DE MELAMINA DE 1.40 CON N ,CAMA DE 1.40 CON MESA DE NOCHE 7/07/2025,Cama,,28,PASADA DE LAMINA,1.0,LAMINA,40000.0,40000.0,AREA
971,14,15,CAMA DE MELAMINA DE 1.40 CON N ,CAMA DE 1.40 CON MESA DE NOCHE 7/07/2025,Cama,,29,PASADA DE LAMINA,2.0,UNIDAD DE 6,20000.0,40000.0,AREA
972,14,15,CAMA DE MELAMINA DE 1.40 CON N ,CAMA DE 1.40 CON MESA DE NOCHE 7/07/2025,Cama,,30,SERVICIO,1.0,Unidad,80000.0,80000.0,FIJO
973,14,15,CAMA DE MELAMINA DE 1.40 CON N ,CAMA DE 1.40 CON MESA DE NOCHE 7/07/2025,Cama,,31,CLAVILLOS N F 40,8.0,TIRA,1000.0,8000.0,ESPACIADO
974,14,15,CAMA DE MELAMINA DE 1.40 CON N ,CAMA DE 1.40 CON MESA DE NOCHE 7/07/2025,Cama,,32,HECHURA,,PAR,105000.0,0.0,FIJO
975,14,15,CAMA DE MELAMINA DE 1.40 CON N ,CAMA DE 1.40 CON MESA DE NOCHE 7/07/2025,Cama,,33,"TORNILLOS DE 2""",,Unidad,100.0,0.0,FIJO
976,14,15,CAMA DE MELAMINA DE 1.40 CON N ,CAMA DE 1.40 CON MESA DE NOCHE 7/07/2025,Cama,,34,CORREDERAS,,UNIDADES,30000.0,0.0,FIJO
977,14,15,CAMA DE MELAMINA DE 1.40 CON N ,CAMA DE 1.40 CON MESA DE NOCHE 7/07/2025,Cama,,36,gastos de Ebanisteria e 5%,,,,940000.0,FORMULA
978,14,15,CAMA DE MELAMINA DE 1.40 CON N ,CAMA DE 1.40 CON MESA DE NOCHE 7/07/2025,Cama,SECCION PINTURA Y PREPARADA DE 2 NOCHEROS,38,SECCION PINTURA Y PREPARADA,DE 2 NOCHEROS ,,,,FORMULA
979,14,15,CAMA DE MELAMINA DE 1.40 CON N ,CAMA DE 1.40 CON MESA DE NOCHE 7/07/2025,Cama,SECCION PINTURA Y PREPARADA DE 2 NOCHEROS,39,PREPARADO JOTA,,CON EL 5%,50000.0,,FORMULA
980,14,15,CAMA DE MELAMINA DE 1.40 CON N ,CAMA DE 1.40 CON MESA DE NOCHE 7/07/2025,Cama,SECCION PINTURA Y PREPARADA DE 2 NOCHEROS,40,PINTURA ALEX,,CON EL 5%,30000.0,,FORMULA
981,14,15,CAMA DE MELAMINA DE 1.40 CON N ,CAMA DE 1.40 CON MESA DE NOCHE 7/07/2025,Cama,SECCION PINTURA Y PREPARADA DE 2 NOCHEROS,41,SELLADOR,,PISTOLADAS,18000.0,0.0,FORMULA
982,14,15,CAMA DE MELAMINA DE 1.40 CON N ,CAMA DE 1.40 CON MESA DE NOCHE 7/07/2025,Cama,SECCION PINTURA Y PREPARADA DE 2 NOCHEROS,42,LIJA 400,,unidades,2000.0,0.0,FORMULA
983,14,15,CAMA DE MELAMINA DE 1.40 CON N ,CAMA DE 1.40 CON MESA DE NOCHE 7/07/2025,Cama,SECCION PINTURA Y PREPARADA DE 2 NOCHEROS,43,NITRO,,galon,70000.0,0.0,FORMULA
984,14,15,CAMA DE MELAMINA DE 1.40 CON N ,CAMA DE 1.40 CON MESA DE NOCHE 7/07/2025,Cama,SECCION PINTURA Y PREPARADA DE 2 NOCHEROS,44,lija 240,,unidad,2000.0,0.0,FORMULA
985,14,15,CAMA DE MELAMINA DE 1.40 CON N ,CAMA DE 1.40 CON MESA DE NOCHE 7/07/2025,Cama,SECCION PINTURA Y PREPARADA DE 2 NOCHEROS,45,TALCO,,unidad,2500.0,0.0,FORMULA
986,14,15,CAMA DE MELAMINA DE 1.40 CON N ,CAMA DE 1.40 CON MESA DE NOCHE 7/07/2025,Cama,SECCION PINTURA Y PREPARADA DE 2 NOCHEROS,46,TINER,,GALON,34000.0,0.0,FORMULA
987,14,15,CAMA DE MELAMINA DE 1.40 CON N ,CAMA DE 1.40 CON MESA DE NOCHE 7/07/2025,Cama,SECCION PINTURA Y PREPARADA DE 2 NOCHEROS,47,kerosen,,litro,18000.0,0.0,FORMULA
988,14,15,CAMA DE MELAMINA DE 1.40 CON N ,CAMA DE 1.40 CON MESA DE NOCHE 7/07/2025,Cama,SECCION PINTURA Y PREPARADA DE 2 NOCHEROS,48,COLOR GRIS,,PISTOLADA,22000.0,0.0,FORMULA
989,14,15,CAMA DE MELAMINA DE 1.40 CON N ,CAMA DE 1.40 CON MESA DE NOCHE 7/07/2025,Cama,SECCION PINTURA Y PREPARADA DE 2 NOCHEROS,49,ENCINA,,galon,160000.0,0.0,FORMULA
990,14,15,CAMA DE MELAMINA DE 1.40 CON N ,CAMA DE 1.40 CON MESA DE NOCHE 7/07/2025,Cama,SECCION PINTURA Y PREPARADA DE 2 NOCHEROS,50,GASOLINA,,LITRO,4500.0,0.0,FORMULA
991,14,15,CAMA DE MELAMINA DE 1.40 CON N ,CAMA DE 1.40 CON MESA DE NOCHE 7/07/2025,Cama,SECCION PINTURA Y PREPARADA DE 2 NOCHEROS,51,RESANE,,LITRO,20000.0,0.0,FORMULA
992,14,15,CAMA DE MELAMINA DE 1.40 CON N ,CAMA DE 1.40 CON MESA DE NOCHE 7/07/2025,Cama,SECCION PINTURA Y PREPARADA DE 2 NOCHEROS,52,LACA,,PISTOLADA,22000.0,0.0,FORMULA
993,14,15,CAMA DE MELAMINA DE 1.40 CON N ,CAMA DE 1.40 CON MESA DE NOCHE 7/07/2025,Cama,SECCION PINTURA Y PREPARADA DE 2 NOCHEROS,54,Gastos de Pintura 10%,,,,0.0,FORMULA
994,14,15,CAMA DE MELAMINA DE 1.40 CON N ,CAMA DE 1.40 CON MESA DE NOCHE 7/07/2025,Cama,SECCION PINTURA Y PREPARADA DE CAMA,56,SECCION PINTURA Y PREPARADA,DE CAMA ,,,,FORMULA
995,14,15,CAMA DE MELAMINA DE 1.40 CON N ,CAMA DE 1.40 CON MESA DE NOCHE 7/07/2025,Cama,SECCION PINTURA Y PREPARADA DE CAMA,57,PREPARADO JOTA,,CON EL 5%,60000.0,,FORMULA
996,14,15,CAMA DE MELAMINA DE 1.40 CON N ,CAMA DE 1.40 CON MESA DE NOCHE 7/07/2025,Cama,SECCION PINTURA Y PREPARADA DE CAMA,58,PINTURA ALEX,,CON EL 5%,30000.0,,FORMULA
997,14,15,CAMA DE MELAMINA DE 1.40 CON N ,CAMA DE 1.40 CON MESA DE NOCHE 7/07/2025,Cama,SECCION PINTURA Y PREPARADA DE CAMA,59,SELLADOR,,GALON,55000.0,0.0,FORMULA
998,14,15,CAMA DE MELAMINA DE 1.40 CON N ,CAMA DE 1.40 CON MESA DE NOCHE 7/07/2025,Cama,SECCION PINTURA Y PREPARADA DE CAMA,60,LIJA 400,,unidades,2000.0,0.0,FORMULA
999,14,15,CAMA DE MELAMINA DE 1.40 CON N ,CAMA DE 1.40 CON MESA DE NOCHE 7/07/2025,Cama,SECCION PINTURA Y PREPARADA DE CAMA,61,NITRO,,galon,,0.0,FORMULA
1000,14,15,CAMA DE MELAMINA DE 1.40 CON N ,CAMA DE 1.40 CON MESA DE NOCHE 7/07/2025,Cama,SECCION PINTURA Y PREPARADA DE CAMA,62,lija 240,,unidad,2000.0,0.0,FORMULA
1001,14,15,CAMA DE MELAMINA DE 1.40 CON N ,CAMA DE 1.40 CON MESA DE NOCHE 7/07/2025,Cama,SECCION PINTURA Y PREPARADA DE CAMA,63,lija 150,,unidad,2000.0,0.0,FORMULA
1002,14,15,CAMA DE MELAMINA DE 1.40 CON N ,CAMA DE 1.40 CON MESA DE NOCHE 7/07/2025,Cama,SECCION PINTURA Y PREPARADA DE CAMA,64,laca semimate,,GALON,21000.0,0.0,FORMULA
1003,14,15,CAMA DE MELAMINA DE 1.40 CON N ,CAMA DE 1.40 CON MESA DE NOCHE 7/07/2025,Cama,SECCION PINTURA Y PREPARADA DE CAMA,65,kerosen,,litro,18000.0,0.0,FORMULA
1004,14,15,CAMA DE MELAMINA DE 1.40 CON N ,CAMA DE 1.40 CON MESA DE NOCHE 7/07/2025,Cama,SECCION PINTURA Y PREPARADA DE CAMA,66,COLOR GRIS,,PISTOLADA,19000.0,0.0,FORMULA
1005,14,15,CAMA DE MELAMINA DE 1.40 CON N ,CAMA DE 1.40 CON MESA DE NOCHE 7/07/2025,Cama,SECCION PINTURA Y PREPARADA DE CAMA,67,TINTE MIEL,,galon,,0.0,FORMULA
1006,14,15,CAMA DE MELAMINA DE 1.40 CON N ,CAMA DE 1.40 CON MESA DE NOCHE 7/07/2025,Cama,SECCION PINTURA Y PREPARADA DE CAMA,68,GASOLINA,,LITRO,,0.0,FORMULA
1007,14,15,CAMA DE MELAMINA DE 1.40 CON N ,CAMA DE 1.40 CON MESA DE NOCHE 7/07/2025,Cama,SECCION PINTURA Y PREPARADA DE CAMA,69,RESANE,,LITRO,,0.0,FORMULA
1008,14,15,CAMA DE MELAMINA DE 1.40 CON N ,CAMA DE 1.40 CON MESA DE NOCHE 7/07/2025,Cama,SECCION PINTURA Y PREPARADA DE CAMA,70,LACA,,PISTOLADA,22000.0,0.0,FORMULA
1009,14,15,CAMA DE MELAMINA DE 1.40 CON N ,CAMA DE 1.40 CON MESA DE NOCHE 7/07/2025,Cama,SECCION PINTURA Y PREPARADA DE CAMA,72,Gastos de Pintura 10%,,,,0.0,FORMULA
1010,14,15,CAMA DE MELAMINA DE 1.40 CON N ,CAMA DE 1.40 CON MESA DE NOCHE 7/07/2025,Cama,TERMINACION,75,REGLETA,1.0,unidades,10000.0,10000.0,FIJO
1011,14,15,CAMA DE MELAMINA DE 1.40 CON N ,CAMA DE 1.40 CON MESA DE NOCHE 7/07/2025,Cama,TERMINACION,76,LUZ LET,1.0,UNIDAD,9000.0,9000.0,FIJO
1012,14,15,CAMA DE MELAMINA DE 1.40 CON N ,CAMA DE 1.40 CON MESA DE NOCHE 7/07/2025,Cama,TERMINACION,77,CAFETERO,1.0,UNIDAD,30000.0,30000.0,FIJO
1013,14,15,CAMA DE MELAMINA DE 1.40 CON N ,CAMA DE 1.40 CON MESA DE NOCHE 7/07/2025,Cama,TERMINACION,78,POSTURA DE LA LUZ 1,1.0,unidades,30000.0,30000.0,FIJO
1014,14,15,CAMA DE MELAMINA DE 1.40 CON N ,CAMA DE 1.40 CON MESA DE NOCHE 7/07/2025,Cama,TERMINACION,79,ENCHUFE,1.0,UNIDAD,5000.0,5000.0,FIJO
1015,14,15,CAMA DE MELAMINA DE 1.40 CON N ,CAMA DE 1.40 CON MESA DE NOCHE 7/07/2025,Cama,TERMINACION,80,TOMA,1.0,UNIDAD,28000.0,28000.0,FIJO
1016,14,15,CAMA DE MELAMINA DE 1.40 CON N ,CAMA DE 1.40 CON MESA DE NOCHE 7/07/2025,Cama,TERMINACION,81,CABLE,3.0,METROS,3000.0,9000.0,LINEAL
1017,14,15,CAMA DE MELAMINA DE 1.40 CON N ,CAMA DE 1.40 CON MESA DE NOCHE 7/07/2025,Cama,TERMINACION,82,EMBALADA,1.0,unidades,150000.0,150000.0,FIJO
1018,14,15,CAMA DE MELAMINA DE 1.40 CON N ,CAMA DE 1.40 CON MESA DE NOCHE 7/07/2025,Cama,TERMINACION,85,SECCION TENDIDO,,,,0.0,FORMULA
1019,14,15,CAMA DE MELAMINA DE 1.40 CON N ,CAMA DE 1.40 CON MESA DE NOCHE 7/07/2025,Cama,TERMINACION,86,MADERA 60X1X4,750.0,CMS,140.0,105000.0,LINEAL
1020,14,15,CAMA DE MELAMINA DE 1.40 CON N ,CAMA DE 1.40 CON MESA DE NOCHE 7/07/2025,Cama,TERMINACION,87,FABRICACION TENDIDO,1.0,DE 2X2,63000.0,63000.0,FIJO
1021,14,15,CAMA DE MELAMINA DE 1.40 CON N ,CAMA DE 1.40 CON MESA DE NOCHE 7/07/2025,Cama,TERMINACION,88,MDF DE 9,1.0,unidades,140000.0,140000.0,AREA
1022,14,15,CAMA DE MELAMINA DE 1.40 CON N ,CAMA DE 1.40 CON MESA DE NOCHE 7/07/2025,Cama,TERMINACION,89,GRAPAS,5.0,TIRAS,550.0,2750.0,ESPACIADO
1023,14,15,CAMA DE MELAMINA DE 1.40 CON N ,CAMA DE 1.40 CON MESA DE NOCHE 7/07/2025,Cama,TERMINACION,90,COLBON,0.5,LITRO,12000.0,6000.0,VOLUMEN
1024,14,15,CAMA DE MELAMINA DE 1.40 CON N ,CAMA DE 1.40 CON MESA DE NOCHE 7/07/2025,Cama,TERMINACION,91,"TORNILLOS DE 2""",50.0,unidades,100.0,5000.0,ESPACIADO
1025,14,15,CAMA DE MELAMINA DE 1.40 CON N ,CAMA DE 1.40 CON MESA DE NOCHE 7/07/2025,Cama,TERMINACION,92,CLAVILLO,5.0,TIRAS,2000.0,10000.0,ESPACIADO
1026,14,15,CAMA DE MELAMINA DE 1.40 CON N ,CAMA DE 1.40 CON MESA DE NOCHE 7/07/2025,Cama,TERMINACION,93,PEOPE,2.0,METROS,4000.0,8000.0,LINEAL
1027,14,15,CAMA DE MELAMINA DE 1.40 CON N ,CAMA DE 1.40 CON MESA DE NOCHE 7/07/2025,Cama,SECCION TAPICERIA,97,TELA,2.0,METROS,40000.0,80000.0,AREA
1028,14,15,CAMA DE MELAMINA DE 1.40 CON N ,CAMA DE 1.40 CON MESA DE NOCHE 7/07/2025,Cama,SECCION TAPICERIA,98,ESTOPEROLES,,,500.0,0.0,FORMULA
1029,14,15,CAMA DE MELAMINA DE 1.40 CON N ,CAMA DE 1.40 CON MESA DE NOCHE 7/07/2025,Cama,SECCION TAPICERIA,99,COLARATA,,METROS,600.0,0.0,FORMULA
1030,14,15,CAMA DE MELAMINA DE 1.40 CON N ,CAMA DE 1.40 CON MESA DE NOCHE 7/07/2025,Cama,SECCION TAPICERIA,100,GRAPAS,0.5,CAJA DE GRAPAS,10000.0,5000.0,ESPACIADO
1031,14,15,CAMA DE MELAMINA DE 1.40 CON N ,CAMA DE 1.40 CON MESA DE NOCHE 7/07/2025,Cama,SECCION TAPICERIA,101,ESPUMA NARANJA 1CM,,METROS,18000.0,0.0,FORMULA
1032,14,15,CAMA DE MELAMINA DE 1.40 CON N ,CAMA DE 1.40 CON MESA DE NOCHE 7/07/2025,Cama,SECCION TAPICERIA,102,"TORNILLOS DE 1 1/2""",,UNIDADES,100.0,0.0,FIJO
1033,14,15,CAMA DE MELAMINA DE 1.40 CON N ,CAMA DE 1.40 CON MESA DE NOCHE 7/07/2025,Cama,SECCION TAPICERIA,103,EPUMA AZUL DE 2,1.0,UNIDADES,41000.0,41000.0,FIJO
1034,14,15,CAMA DE MELAMINA DE 1.40 CON N ,CAMA DE 1.40 CON MESA DE NOCHE 7/07/2025,Cama,SECCION TAPICERIA,104,CANAMO,,ROLLO,15000.0,0.0,FORMULA
1035,14,15,CAMA DE MELAMINA DE 1.40 CON N ,CAMA DE 1.40 CON MESA DE NOCHE 7/07/2025,Cama,SECCION TAPICERIA,105,COLA DE RATA,,MTS,1000.0,0.0,FORMULA
1036,14,15,CAMA DE MELAMINA DE 1.40 CON N ,CAMA DE 1.40 CON MESA DE NOCHE 7/07/2025,Cama,SECCION TAPICERIA,106,COSTAL,2.0,METROS,3000.0,6000.0,AREA
1037,14,15,CAMA DE MELAMINA DE 1.40 CON N ,CAMA DE 1.40 CON MESA DE NOCHE 7/07/2025,Cama,SECCION TAPICERIA,107,HILO,,,4000.0,0.0,FORMULA
1038,14,15,CAMA DE MELAMINA DE 1.40 CON N ,CAMA DE 1.40 CON MESA DE NOCHE 7/07/2025,Cama,SECCION TAPICERIA,108,ESPUMA NARANJA 1CM,,UNIIDAD,,0.0,FORMULA
1039,14,15,CAMA DE MELAMINA DE 1.40 CON N ,CAMA DE 1.40 CON MESA DE NOCHE 7/07/2025,Cama,SECCION TAPICERIA,109,SUPER,0.25,LITRO,19000.0,4750.0,VOLUMEN
1040,14,15,CAMA DE MELAMINA DE 1.40 CON N ,CAMA DE 1.40 CON MESA DE NOCHE 7/07/2025,Cama,SECCION TAPICERIA,110,FIELTRO,1.5,CM,4000.0,6000.0,LINEAL
1041,14,15,CAMA DE MELAMINA DE 1.40 CON N ,CAMA DE 1.40 CON MESA DE NOCHE 7/07/2025,Cama,SECCION TAPICERIA,111,HECHURA,1.0,,84000.0,84000.0,FIJO
1042,14,15,CAMA DE MELAMINA DE 1.40 CON N ,CAMA DE 1.40 CON MESA DE NOCHE 7/07/2025,Cama,SECCION TAPICERIA,112,RELLENO,,KG,14000.0,0.0,FORMULA
1043,15,16,CAMA CON HERRAJES ,CAMA MODELO HERRAJE EN CRUDO DE 2X2,Cama,,7,MADERA (2),1462.0,"2,10X22X18= 832 2,10X20X15=630",135.0,197370.0,FORMULA
1044,15,16,CAMA CON HERRAJES ,CAMA MODELO HERRAJE EN CRUDO DE 2X2,Cama,,8,"MDF DE 2,7",0.25,3 PEASOS DE 49X49,65000.0,16250.0,AREA
1045,15,16,CAMA CON HERRAJES ,CAMA MODELO HERRAJE EN CRUDO DE 2X2,Cama,,9,INDUPLAX,1.5,Unidad,160000.0,240000.0,AREA
1046,15,16,CAMA CON HERRAJES ,CAMA MODELO HERRAJE EN CRUDO DE 2X2,Cama,,10,LAM MDF 15,1.0,Unidad,207000.0,207000.0,AREA
1047,15,16,CAMA CON HERRAJES ,CAMA MODELO HERRAJE EN CRUDO DE 2X2,Cama,,11,SUPER,0.25,LITROS,19000.0,4750.0,VOLUMEN
1048,15,16,CAMA CON HERRAJES ,CAMA MODELO HERRAJE EN CRUDO DE 2X2,Cama,,12,COLBON,0.5,GALON,49000.0,24500.0,VOLUMEN
1049,15,16,CAMA CON HERRAJES ,CAMA MODELO HERRAJE EN CRUDO DE 2X2,Cama,,13,GRAPAS,0.5,Unidad,10000.0,5000.0,ESPACIADO
1050,15,16,CAMA CON HERRAJES ,CAMA MODELO HERRAJE EN CRUDO DE 2X2,Cama,,14,CORREDERAS,3.0,UNITARIO,30000.0,90000.0,FORMULA
1051,15,16,CAMA CON HERRAJES ,CAMA MODELO HERRAJE EN CRUDO DE 2X2,Cama,,15,CLAVILLOS,15.0,TIRA,1000.0,15000.0,ESPACIADO
1052,15,16,CAMA CON HERRAJES ,CAMA MODELO HERRAJE EN CRUDO DE 2X2,Cama,,16,GANCHOS,1.0,PAR,20000.0,20000.0,FIJO
1053,15,16,CAMA CON HERRAJES ,CAMA MODELO HERRAJE EN CRUDO DE 2X2,Cama,,17,MDF DE 9,1.25,,136000.0,170000.0,AREA
1054,15,16,CAMA CON HERRAJES ,CAMA MODELO HERRAJE EN CRUDO DE 2X2,Cama,,18,"TORNILLOS DE 2""",125.0,Unidad,100.0,12500.0,ESPACIADO
1055,15,16,CAMA CON HERRAJES ,CAMA MODELO HERRAJE EN CRUDO DE 2X2,Cama,,19,ebanisteria 200.000 x 5% de m.o,,,,504000.0,FORMULA
1056,15,16,CAMA CON HERRAJES ,CAMA MODELO HERRAJE EN CRUDO DE 2X2,Cama,,21,gastos de Ebanisteria e 10%,,,,150637.0,FORMULA
1057,15,16,CAMA CON HERRAJES ,CAMA MODELO HERRAJE EN CRUDO DE 2X2,Cama,,25,MADERA (2),468.0,"2,10X22X18= 832 2,10X20X15=630",140.0,65520.0,FORMULA
1058,15,16,CAMA CON HERRAJES ,CAMA MODELO HERRAJE EN CRUDO DE 2X2,Cama,,26,MDF DE 3,200.0,"1 PEDAZO DE 1,20X45=54",65.0,13000.0,AREA
1059,15,16,CAMA CON HERRAJES ,CAMA MODELO HERRAJE EN CRUDO DE 2X2,Cama,,27,LAM MDF 15,250.0,"1 PEDASO DE 1.25 X55=68,75",207.0,51750.0,AREA
1060,15,16,CAMA CON HERRAJES ,CAMA MODELO HERRAJE EN CRUDO DE 2X2,Cama,,28,LAM MDF 7,175.0,"1 PEDASO DE 1,50X40=60",130.0,21875.0,AREA
1061,15,16,CAMA CON HERRAJES ,CAMA MODELO HERRAJE EN CRUDO DE 2X2,Cama,,29,COLBON,2.0,litros,14000.0,28000.0,VOLUMEN
1062,15,16,CAMA CON HERRAJES ,CAMA MODELO HERRAJE EN CRUDO DE 2X2,Cama,,30,GRAPAS,10.0,Unidad,500.0,5000.0,ESPACIADO
1063,15,16,CAMA CON HERRAJES ,CAMA MODELO HERRAJE EN CRUDO DE 2X2,Cama,,31,CLAVILLOS N F 40,6.0,TIRA,1000.0,6000.0,ESPACIADO
1064,15,16,CAMA CON HERRAJES ,CAMA MODELO HERRAJE EN CRUDO DE 2X2,Cama,,32,HECHURA,2.0,PAR,105000.0,210000.0,FORMULA
1065,15,16,CAMA CON HERRAJES ,CAMA MODELO HERRAJE EN CRUDO DE 2X2,Cama,,33,"TORNILLOS DE 2""",30.0,Unidad,100.0,3000.0,ESPACIADO
1066,15,16,CAMA CON HERRAJES ,CAMA MODELO HERRAJE EN CRUDO DE 2X2,Cama,,34,CORREDERAS,4.0,UNIDADES,30000.0,120000.0,FORMULA
1067,15,16,CAMA CON HERRAJES ,CAMA MODELO HERRAJE EN CRUDO DE 2X2,Cama,SECCION PINTURA Y PREPARADA DE 2 NOCHEROS,38,SECCION PINTURA Y PREPARADA,DE 2 NOCHEROS ,,,,FORMULA
1068,15,16,CAMA CON HERRAJES ,CAMA MODELO HERRAJE EN CRUDO DE 2X2,Cama,SECCION PINTURA Y PREPARADA DE 2 NOCHEROS,39,PREPARADO JOTA,2.0,CON EL 5%,36750.0,73500.0,FORMULA
1069,15,16,CAMA CON HERRAJES ,CAMA MODELO HERRAJE EN CRUDO DE 2X2,Cama,SECCION PINTURA Y PREPARADA DE 2 NOCHEROS,40,PINTURA ALEX,2.0,CON EL 5%,36750.0,73500.0,FORMULA
1070,15,16,CAMA CON HERRAJES ,CAMA MODELO HERRAJE EN CRUDO DE 2X2,Cama,SECCION PINTURA Y PREPARADA DE 2 NOCHEROS,41,SELLADOR,3.0,PISTOLADAS,18000.0,54000.0,VOLUMEN
1071,15,16,CAMA CON HERRAJES ,CAMA MODELO HERRAJE EN CRUDO DE 2X2,Cama,SECCION PINTURA Y PREPARADA DE 2 NOCHEROS,42,LIJA 400,2.0,unidades,2000.0,4000.0,FORMULA
1072,15,16,CAMA CON HERRAJES ,CAMA MODELO HERRAJE EN CRUDO DE 2X2,Cama,SECCION PINTURA Y PREPARADA DE 2 NOCHEROS,43,NITRO,0.1,galon,70000.0,7000.0,VOLUMEN
1073,15,16,CAMA CON HERRAJES ,CAMA MODELO HERRAJE EN CRUDO DE 2X2,Cama,SECCION PINTURA Y PREPARADA DE 2 NOCHEROS,44,lija 240,2.0,unidad,2000.0,4000.0,FORMULA
1074,15,16,CAMA CON HERRAJES ,CAMA MODELO HERRAJE EN CRUDO DE 2X2,Cama,SECCION PINTURA Y PREPARADA DE 2 NOCHEROS,45,TALCO,0.3,unidad,2500.0,750.0,FORMULA
1075,15,16,CAMA CON HERRAJES ,CAMA MODELO HERRAJE EN CRUDO DE 2X2,Cama,SECCION PINTURA Y PREPARADA DE 2 NOCHEROS,46,TINER,0.2,GALON,34000.0,6800.0,VOLUMEN
1076,15,16,CAMA CON HERRAJES ,CAMA MODELO HERRAJE EN CRUDO DE 2X2,Cama,SECCION PINTURA Y PREPARADA DE 2 NOCHEROS,47,kerosen,,litro,18000.0,0.0,FORMULA
1077,15,16,CAMA CON HERRAJES ,CAMA MODELO HERRAJE EN CRUDO DE 2X2,Cama,SECCION PINTURA Y PREPARADA DE 2 NOCHEROS,48,COLOR GRIS,2.0,PISTOLADA,22000.0,44000.0,VOLUMEN
1078,15,16,CAMA CON HERRAJES ,CAMA MODELO HERRAJE EN CRUDO DE 2X2,Cama,SECCION PINTURA Y PREPARADA DE 2 NOCHEROS,49,ENCINA,0.1,galon,160000.0,16000.0,VOLUMEN
1079,15,16,CAMA CON HERRAJES ,CAMA MODELO HERRAJE EN CRUDO DE 2X2,Cama,SECCION PINTURA Y PREPARADA DE 2 NOCHEROS,50,GASOLINA,1.0,LITRO,4500.0,4500.0,VOLUMEN
1080,15,16,CAMA CON HERRAJES ,CAMA MODELO HERRAJE EN CRUDO DE 2X2,Cama,SECCION PINTURA Y PREPARADA DE 2 NOCHEROS,51,RESANE,0.2,LITRO,20000.0,4000.0,VOLUMEN
1081,15,16,CAMA CON HERRAJES ,CAMA MODELO HERRAJE EN CRUDO DE 2X2,Cama,SECCION PINTURA Y PREPARADA DE 2 NOCHEROS,52,LACA,4.0,PISTOLADA,22000.0,88000.0,VOLUMEN
1082,15,16,CAMA CON HERRAJES ,CAMA MODELO HERRAJE EN CRUDO DE 2X2,Cama,SECCION PINTURA Y PREPARADA DE 2 NOCHEROS,54,Gastos de Pintura 10%,,,,38005.0,FORMULA
1083,15,16,CAMA CON HERRAJES ,CAMA MODELO HERRAJE EN CRUDO DE 2X2,Cama,SECCION PINTURA Y PREPARADA DE CAMA,56,SECCION PINTURA Y PREPARADA,DE CAMA ,,,,FORMULA
1084,15,16,CAMA CON HERRAJES ,CAMA MODELO HERRAJE EN CRUDO DE 2X2,Cama,SECCION PINTURA Y PREPARADA DE CAMA,57,PREPARADO JOTA,1.0,CON EL 5%,60000.0,63000.0,FIJO
1085,15,16,CAMA CON HERRAJES ,CAMA MODELO HERRAJE EN CRUDO DE 2X2,Cama,SECCION PINTURA Y PREPARADA DE CAMA,58,PINTURA ALEX,1.0,CON EL 5%,30000.0,31500.0,FIJO
1086,15,16,CAMA CON HERRAJES ,CAMA MODELO HERRAJE EN CRUDO DE 2X2,Cama,SECCION PINTURA Y PREPARADA DE CAMA,59,SELLADOR,1.0,GALON,55000.0,55000.0,VOLUMEN
1087,15,16,CAMA CON HERRAJES ,CAMA MODELO HERRAJE EN CRUDO DE 2X2,Cama,SECCION PINTURA Y PREPARADA DE CAMA,60,LIJA 400,1.0,unidades,2000.0,2000.0,FIJO
1088,15,16,CAMA CON HERRAJES ,CAMA MODELO HERRAJE EN CRUDO DE 2X2,Cama,SECCION PINTURA Y PREPARADA DE CAMA,61,NITRO,,galon,,0.0,FORMULA
1089,15,16,CAMA CON HERRAJES ,CAMA MODELO HERRAJE EN CRUDO DE 2X2,Cama,SECCION PINTURA Y PREPARADA DE CAMA,62,lija 240,1.0,unidad,2000.0,2000.0,FIJO
1090,15,16,CAMA CON HERRAJES ,CAMA MODELO HERRAJE EN CRUDO DE 2X2,Cama,SECCION PINTURA Y PREPARADA DE CAMA,63,lija 150,1.0,unidad,2000.0,2000.0,FIJO
1091,15,16,CAMA CON HERRAJES ,CAMA MODELO HERRAJE EN CRUDO DE 2X2,Cama,SECCION PINTURA Y PREPARADA DE CAMA,64,laca semimate,4.5,GALON,21000.0,94500.0,VOLUMEN
1092,15,16,CAMA CON HERRAJES ,CAMA MODELO HERRAJE EN CRUDO DE 2X2,Cama,SECCION PINTURA Y PREPARADA DE CAMA,65,kerosen,1.0,litro,18000.0,18000.0,VOLUMEN
1093,15,16,CAMA CON HERRAJES ,CAMA MODELO HERRAJE EN CRUDO DE 2X2,Cama,SECCION PINTURA Y PREPARADA DE CAMA,66,COLOR GRIS,5.0,PISTOLADA,19000.0,95000.0,VOLUMEN
1094,15,16,CAMA CON HERRAJES ,CAMA MODELO HERRAJE EN CRUDO DE 2X2,Cama,SECCION PINTURA Y PREPARADA DE CAMA,67,TINTE MIEL,,galon,,0.0,FORMULA
1095,15,16,CAMA CON HERRAJES ,CAMA MODELO HERRAJE EN CRUDO DE 2X2,Cama,SECCION PINTURA Y PREPARADA DE CAMA,68,GASOLINA,,LITRO,,0.0,FORMULA
1096,15,16,CAMA CON HERRAJES ,CAMA MODELO HERRAJE EN CRUDO DE 2X2,Cama,SECCION PINTURA Y PREPARADA DE CAMA,69,RESANE,,LITRO,,0.0,FORMULA
1097,15,16,CAMA CON HERRAJES ,CAMA MODELO HERRAJE EN CRUDO DE 2X2,Cama,SECCION PINTURA Y PREPARADA DE CAMA,70,LACA,,PISTOLADA,22000.0,0.0,FORMULA
1098,15,16,CAMA CON HERRAJES ,CAMA MODELO HERRAJE EN CRUDO DE 2X2,Cama,SECCION PINTURA Y PREPARADA DE CAMA,72,Gastos de Pintura 10%,,,,36300.0,FORMULA
1099,15,16,CAMA CON HERRAJES ,CAMA MODELO HERRAJE EN CRUDO DE 2X2,Cama,SECCION TERMINACION,75,GATO DE LA CAMA,1.0,unidades,160000.0,160000.0,FIJO
1100,15,16,CAMA CON HERRAJES ,CAMA MODELO HERRAJE EN CRUDO DE 2X2,Cama,SECCION TERMINACION,76,LATA DE CIERRE,1.0,PAR,2500.0,2500.0,FIJO
1101,15,16,CAMA CON HERRAJES ,CAMA MODELO HERRAJE EN CRUDO DE 2X2,Cama,SECCION TERMINACION,77,PATAS DE CAMAS Y NOCHEROS,15.0,unidades,9000.0,135000.0,FORMULA
1102,15,16,CAMA CON HERRAJES ,CAMA MODELO HERRAJE EN CRUDO DE 2X2,Cama,SECCION TERMINACION,78,TORNILLOS,64.0,unidades,100.0,6400.0,ESPACIADO
1103,15,16,CAMA CON HERRAJES ,CAMA MODELO HERRAJE EN CRUDO DE 2X2,Cama,SECCION TERMINACION,79,EMBALADA,1.0,unidades,150000.0,150000.0,FIJO
1104,15,16,CAMA CON HERRAJES ,CAMA MODELO HERRAJE EN CRUDO DE 2X2,Cama,SECCION TERMINACION,82,SECCION TENDIDO,,,,0.0,FORMULA
1105,15,16,CAMA CON HERRAJES ,CAMA MODELO HERRAJE EN CRUDO DE 2X2,Cama,SECCION TERMINACION,83,MADERA 60X1X4,,CMS,140.0,0.0,FORMULA
1106,15,16,CAMA CON HERRAJES ,CAMA MODELO HERRAJE EN CRUDO DE 2X2,Cama,SECCION TERMINACION,84,FABRICACION TENDIDO,,DE 2X2,42000.0,0.0,FORMULA
1107,15,16,CAMA CON HERRAJES ,CAMA MODELO HERRAJE EN CRUDO DE 2X2,Cama,SECCION TERMINACION,85,TABLAS,,unidades,40000.0,0.0,FORMULA
1108,15,16,CAMA CON HERRAJES ,CAMA MODELO HERRAJE EN CRUDO DE 2X2,Cama,SECCION TERMINACION,86,COLBON,,LITRO,19000.0,0.0,FORMULA
1109,15,16,CAMA CON HERRAJES ,CAMA MODELO HERRAJE EN CRUDO DE 2X2,Cama,SECCION TERMINACION,87,"TORNILLOS DE 2""",,unidades,100.0,0.0,FIJO
1110,15,16,CAMA CON HERRAJES ,CAMA MODELO HERRAJE EN CRUDO DE 2X2,Cama,SECCION TERMINACION,88,CLAVILLO,,TIRAS,2000.0,0.0,FIJO
1111,15,16,CAMA CON HERRAJES ,CAMA MODELO HERRAJE EN CRUDO DE 2X2,Cama,SECCION TERMINACION,89,PEOPE,,METROS,5000.0,0.0,FORMULA
1112,15,16,CAMA CON HERRAJES ,CAMA MODELO HERRAJE EN CRUDO DE 2X2,Cama,SECCION TAPICERIA,93,TELA,5.5,METROS,38000.0,209000.0,AREA
1113,15,16,CAMA CON HERRAJES ,CAMA MODELO HERRAJE EN CRUDO DE 2X2,Cama,SECCION TAPICERIA,94,ESTOPEROLES,,,500.0,0.0,FORMULA
1114,15,16,CAMA CON HERRAJES ,CAMA MODELO HERRAJE EN CRUDO DE 2X2,Cama,SECCION TAPICERIA,95,COLARATA,5.0,METROS,600.0,3000.0,LINEAL
1115,15,16,CAMA CON HERRAJES ,CAMA MODELO HERRAJE EN CRUDO DE 2X2,Cama,SECCION TAPICERIA,96,GRAPAS,0.5,CAJA DE GRAPAS,10000.0,5000.0,ESPACIADO
1116,15,16,CAMA CON HERRAJES ,CAMA MODELO HERRAJE EN CRUDO DE 2X2,Cama,SECCION TAPICERIA,97,ESPUMA NARANJA 1CM,1.0,METROS,18000.0,18000.0,AREA
1117,15,16,CAMA CON HERRAJES ,CAMA MODELO HERRAJE EN CRUDO DE 2X2,Cama,SECCION TAPICERIA,98,"TORNILLOS DE 1 1/2""",,UNIDADES,100.0,0.0,FIJO
1118,15,16,CAMA CON HERRAJES ,CAMA MODELO HERRAJE EN CRUDO DE 2X2,Cama,SECCION TAPICERIA,99,ESPUMA DE 1 PULGADA ROSADA,,UNIDADES,20000.0,0.0,FORMULA
1119,15,16,CAMA CON HERRAJES ,CAMA MODELO HERRAJE EN CRUDO DE 2X2,Cama,SECCION TAPICERIA,100,CANAMO,,ROLLO,15000.0,0.0,FORMULA
1120,15,16,CAMA CON HERRAJES ,CAMA MODELO HERRAJE EN CRUDO DE 2X2,Cama,SECCION TAPICERIA,101,COLA DE RATA,4.0,MTS,1000.0,4000.0,LINEAL
1121,15,16,CAMA CON HERRAJES ,CAMA MODELO HERRAJE EN CRUDO DE 2X2,Cama,SECCION TAPICERIA,102,COSTAL,4.0,METROS,3000.0,12000.0,AREA
1122,15,16,CAMA CON HERRAJES ,CAMA MODELO HERRAJE EN CRUDO DE 2X2,Cama,SECCION TAPICERIA,103,HILO,1.0,,4000.0,4000.0,FIJO
1123,15,16,CAMA CON HERRAJES ,CAMA MODELO HERRAJE EN CRUDO DE 2X2,Cama,SECCION TAPICERIA,104,ESPUMA NARANJA 1CM,,UNIIDAD,,0.0,FORMULA
1124,15,16,CAMA CON HERRAJES ,CAMA MODELO HERRAJE EN CRUDO DE 2X2,Cama,SECCION TAPICERIA,105,SUPER,1.0,LITRO,16250.0,16250.0,VOLUMEN
1125,15,16,CAMA CON HERRAJES ,CAMA MODELO HERRAJE EN CRUDO DE 2X2,Cama,SECCION TAPICERIA,106,FIELTRO,1.5,CM,14000.0,21000.0,LINEAL
1126,15,16,CAMA CON HERRAJES ,CAMA MODELO HERRAJE EN CRUDO DE 2X2,Cama,SECCION TAPICERIA,107,HECHURA,1.0,,84000.0,84000.0,FIJO
1127,15,16,CAMA CON HERRAJES ,CAMA MODELO HERRAJE EN CRUDO DE 2X2,Cama,SECCION TAPICERIA,108,RELLENO,3.0,KG,14000.0,42000.0,FORMULA
1128,16,17,NOCHERO 3 D SOLO (2),NOCHERO 3 D EN COLOR CHAMPANA,Nochero,,6,MADERA,232.0,CMS,135.0,31320.0,LINEAL
1129,16,17,NOCHERO 3 D SOLO (2),NOCHERO 3 D EN COLOR CHAMPANA,Nochero,,7,LAM MDF 9,0.225,Unidad,136000.0,30600.0,AREA
1130,16,17,NOCHERO 3 D SOLO (2),NOCHERO 3 D EN COLOR CHAMPANA,Nochero,,8,LAM MDF 15,0.25,Unidad,207000.0,51750.0,AREA
1131,16,17,NOCHERO 3 D SOLO (2),NOCHERO 3 D EN COLOR CHAMPANA,Nochero,,9,"LAM MDF 3,2.7",0.2,Unidad,65000.0,13000.0,AREA
1132,16,17,NOCHERO 3 D SOLO (2),NOCHERO 3 D EN COLOR CHAMPANA,Nochero,,10,COLBON,0.3,Unidad,14000.0,4200.0,FORMULA
1133,16,17,NOCHERO 3 D SOLO (2),NOCHERO 3 D EN COLOR CHAMPANA,Nochero,,11,GRAPAS,1.0,Unidad,540.0,540.0,ESPACIADO
1134,16,17,NOCHERO 3 D SOLO (2),NOCHERO 3 D EN COLOR CHAMPANA,Nochero,,12,CLAVILLOS,1.0,TIRA,1000.0,1000.0,ESPACIADO
1135,16,17,NOCHERO 3 D SOLO (2),NOCHERO 3 D EN COLOR CHAMPANA,Nochero,,13,"TORNILLOS DE 2""",15.0,Unidad,100.0,1500.0,ESPACIADO
1136,16,17,NOCHERO 3 D SOLO (2),NOCHERO 3 D EN COLOR CHAMPANA,Nochero,,14,EBANISTERIA,1.0,0.05,100000.0,105000.0,FIJO
1137,16,17,NOCHERO 3 D SOLO (2),NOCHERO 3 D EN COLOR CHAMPANA,Nochero,,17,gastos de Ebanisteria e 5%,,,,23891.0,FORMULA
1138,16,17,NOCHERO 3 D SOLO (2),NOCHERO 3 D EN COLOR CHAMPANA,Nochero,SECCION PINTURA,20,PREPARADO,1.0,CON EL 5%,35000.0,36750.0,FIJO
1139,16,17,NOCHERO 3 D SOLO (2),NOCHERO 3 D EN COLOR CHAMPANA,Nochero,SECCION PINTURA,21,PINTURA,1.0,CON EL 5%,35000.0,36750.0,FIJO
1140,16,17,NOCHERO 3 D SOLO (2),NOCHERO 3 D EN COLOR CHAMPANA,Nochero,SECCION PINTURA,22,SELLADOR,2.0,PISTOLADA,18000.0,36000.0,VOLUMEN
1141,16,17,NOCHERO 3 D SOLO (2),NOCHERO 3 D EN COLOR CHAMPANA,Nochero,SECCION PINTURA,23,LIJA,1.5,unidades,2000.0,3000.0,FORMULA
1142,16,17,NOCHERO 3 D SOLO (2),NOCHERO 3 D EN COLOR CHAMPANA,Nochero,SECCION PINTURA,24,NITRO,0.1,galon,70000.0,7000.0,VOLUMEN
1143,16,17,NOCHERO 3 D SOLO (2),NOCHERO 3 D EN COLOR CHAMPANA,Nochero,SECCION PINTURA,25,TALCO,0.3,KILOS,2500.0,750.0,FORMULA
1144,16,17,NOCHERO 3 D SOLO (2),NOCHERO 3 D EN COLOR CHAMPANA,Nochero,SECCION PINTURA,26,ESMALTE NEGRO,,,13000.0,0.0,FORMULA
1145,16,17,NOCHERO 3 D SOLO (2),NOCHERO 3 D EN COLOR CHAMPANA,Nochero,SECCION PINTURA,27,ENCINA,0.1,UN POQUITO,160000.0,16000.0,FORMULA
1146,16,17,NOCHERO 3 D SOLO (2),NOCHERO 3 D EN COLOR CHAMPANA,Nochero,SECCION PINTURA,28,TINER,0.2,galon,34000.0,6800.0,VOLUMEN
1147,16,17,NOCHERO 3 D SOLO (2),NOCHERO 3 D EN COLOR CHAMPANA,Nochero,SECCION PINTURA,29,NEGRO MESCLA,,,100000.0,,FORMULA
1148,16,17,NOCHERO 3 D SOLO (2),NOCHERO 3 D EN COLOR CHAMPANA,Nochero,SECCION PINTURA,30,COLOR,1.0,PISTOLADA,18000.0,18000.0,VOLUMEN
1149,16,17,NOCHERO 3 D SOLO (2),NOCHERO 3 D EN COLOR CHAMPANA,Nochero,SECCION PINTURA,31,GASOLINA,0.2,,5000.0,5000.0,FORMULA
1150,16,17,NOCHERO 3 D SOLO (2),NOCHERO 3 D EN COLOR CHAMPANA,Nochero,SECCION PINTURA,32,RESANE,0.2,,20000.0,4000.0,FORMULA
1151,16,17,NOCHERO 3 D SOLO (2),NOCHERO 3 D EN COLOR CHAMPANA,Nochero,SECCION PINTURA,33,LACA,1.0,PISTOLADA,24000.0,24000.0,VOLUMEN
1152,16,17,NOCHERO 3 D SOLO (2),NOCHERO 3 D EN COLOR CHAMPANA,Nochero,SECCION PINTURA,35,Gastos de Pintura 10%,,,,19405.0,FORMULA
1153,16,17,NOCHERO 3 D SOLO (2),NOCHERO 3 D EN COLOR CHAMPANA,Nochero,SECCION TERMINACION,38,CABLE # 12,,METROS,2500.0,,FORMULA
1154,16,17,NOCHERO 3 D SOLO (2),NOCHERO 3 D EN COLOR CHAMPANA,Nochero,SECCION TERMINACION,39,LUS LET,,unidades,9000.0,,FORMULA
1155,16,17,NOCHERO 3 D SOLO (2),NOCHERO 3 D EN COLOR CHAMPANA,Nochero,SECCION TERMINACION,40,CAFETERO,,unidades,,0.0,FORMULA
1156,16,17,NOCHERO 3 D SOLO (2),NOCHERO 3 D EN COLOR CHAMPANA,Nochero,SECCION TERMINACION,41,TERMICOINGIBLE,,METROS,1000.0,,FORMULA
1157,16,17,NOCHERO 3 D SOLO (2),NOCHERO 3 D EN COLOR CHAMPANA,Nochero,SECCION TERMINACION,42,POSTURA DE LUZ,,unidades,27000.0,,FORMULA
1158,16,17,NOCHERO 3 D SOLO (2),NOCHERO 3 D EN COLOR CHAMPANA,Nochero,SECCION TERMINACION,43,CAPACITADORES,,unidades,,0.0,FORMULA
1159,16,17,NOCHERO 3 D SOLO (2),NOCHERO 3 D EN COLOR CHAMPANA,Nochero,SECCION TERMINACION,44,ESPEJOS DE NOCHERO,,unidades,60000.0,0.0,FORMULA
1160,16,17,NOCHERO 3 D SOLO (2),NOCHERO 3 D EN COLOR CHAMPANA,Nochero,SECCION TERMINACION,45,APAGADORES,0.0,unidades,5000.0,,FORMULA
1161,16,17,NOCHERO 3 D SOLO (2),NOCHERO 3 D EN COLOR CHAMPANA,Nochero,SECCION TERMINACION,46,ESPEJO,,1 X 1,50000.0,,FORMULA
1162,16,17,NOCHERO 3 D SOLO (2),NOCHERO 3 D EN COLOR CHAMPANA,Nochero,SECCION TERMINACION,47,POSTURA DE ESPEJO,,unidades,2000.0,,FORMULA
1163,16,17,NOCHERO 3 D SOLO (2),NOCHERO 3 D EN COLOR CHAMPANA,Nochero,SECCION TERMINACION,48,GANCHOS,,PAR,20000.0,,FIJO
1164,16,17,NOCHERO 3 D SOLO (2),NOCHERO 3 D EN COLOR CHAMPANA,Nochero,SECCION TERMINACION,49,CORREDERAS,,unidades,20000.0,,FIJO
1165,16,17,NOCHERO 3 D SOLO (2),NOCHERO 3 D EN COLOR CHAMPANA,Nochero,SECCION TERMINACION,51,INTERRUPTORES,,unidades,2000.0,,FORMULA
1166,16,17,NOCHERO 3 D SOLO (2),NOCHERO 3 D EN COLOR CHAMPANA,Nochero,SECCION TERMINACION,52,EMBALADA,1.0,unidades,20000.0,20000.0,FIJO
1167,16,17,NOCHERO 3 D SOLO (2),NOCHERO 3 D EN COLOR CHAMPANA,Nochero,SECCION TERMINACION,54,SECCION TENDIDO,,,,0.0,FORMULA
1168,17,18,CAMA YISED   8-08-25 (5),CAMA MODELO YISED DE 2X2 8/08/2025,Cama,,7,MADERA (2),1300.0,APAMATE,140.0,182000.0,FORMULA
1169,17,18,CAMA YISED   8-08-25 (5),CAMA MODELO YISED DE 2X2 8/08/2025,Cama,,8,"MDF DE 2,7",0.4,3 PEASOS DE 49X49,65000.0,26000.0,AREA
1170,17,18,CAMA YISED   8-08-25 (5),CAMA MODELO YISED DE 2X2 8/08/2025,Cama,,9,INDUPLAX,0.0,Unidad,160000.0,0.0,AREA
1171,17,18,CAMA YISED   8-08-25 (5),CAMA MODELO YISED DE 2X2 8/08/2025,Cama,,10,LAMINA DE 15,,Unidad,210000.0,0.0,FORMULA
1172,17,18,CAMA YISED   8-08-25 (5),CAMA MODELO YISED DE 2X2 8/08/2025,Cama,,11,SUPER,,LITROS,19000.0,0.0,FORMULA
1173,17,18,CAMA YISED   8-08-25 (5),CAMA MODELO YISED DE 2X2 8/08/2025,Cama,,12,COLBON,1.0,LITROS,14000.0,14000.0,VOLUMEN
1174,17,18,CAMA YISED   8-08-25 (5),CAMA MODELO YISED DE 2X2 8/08/2025,Cama,,13,GRAPAS,15.0,Unidad,600.0,9000.0,ESPACIADO
1175,17,18,CAMA YISED   8-08-25 (5),CAMA MODELO YISED DE 2X2 8/08/2025,Cama,,14,CORREDERAS,,UNITARIO,30000.0,0.0,FIJO
1176,17,18,CAMA YISED   8-08-25 (5),CAMA MODELO YISED DE 2X2 8/08/2025,Cama,,15,CLAVILLOS,15.0,TIRA,1000.0,15000.0,ESPACIADO
1177,17,18,CAMA YISED   8-08-25 (5),CAMA MODELO YISED DE 2X2 8/08/2025,Cama,,16,GANCHOS,1.0,PAR,20000.0,20000.0,FIJO
1178,17,18,CAMA YISED   8-08-25 (5),CAMA MODELO YISED DE 2X2 8/08/2025,Cama,,17,MDF DE 9,,,136000.0,0.0,FORMULA
1179,17,18,CAMA YISED   8-08-25 (5),CAMA MODELO YISED DE 2X2 8/08/2025,Cama,,18,"TORNILLOS DE 2""",197.0,Unidad,100.0,19700.0,ESPACIADO
1180,17,18,CAMA YISED   8-08-25 (5),CAMA MODELO YISED DE 2X2 8/08/2025,Cama,,19,ebanisteria 300.000 x 5% de m.o,,,,315000.0,FORMULA
1181,17,18,CAMA YISED   8-08-25 (5),CAMA MODELO YISED DE 2X2 8/08/2025,Cama,,21,gastos de Ebanisteria e 10%,,,,73814.0,FORMULA
1182,17,18,CAMA YISED   8-08-25 (5),CAMA MODELO YISED DE 2X2 8/08/2025,Cama,,25,MADERA (2),468.0,"2,10X22X18= 832 2,10X20X15=630",140.0,65520.0,FORMULA
1183,17,18,CAMA YISED   8-08-25 (5),CAMA MODELO YISED DE 2X2 8/08/2025,Cama,,26,MDF DE 3,200.0,"1 PEDAZO DE 1,20X45=54",65.0,13000.0,AREA
1184,17,18,CAMA YISED   8-08-25 (5),CAMA MODELO YISED DE 2X2 8/08/2025,Cama,,27,LAM MDF 15,250.0,"1 PEDASO DE 1.25 X55=68,75",210.0,52500.0,AREA
1185,17,18,CAMA YISED   8-08-25 (5),CAMA MODELO YISED DE 2X2 8/08/2025,Cama,,28,LAM MDF 7,175.0,"1 PEDASO DE 1,50X40=60",130.0,21875.0,AREA
1186,17,18,CAMA YISED   8-08-25 (5),CAMA MODELO YISED DE 2X2 8/08/2025,Cama,,29,COLBON,2.0,litros,14000.0,28000.0,VOLUMEN
1187,17,18,CAMA YISED   8-08-25 (5),CAMA MODELO YISED DE 2X2 8/08/2025,Cama,,30,GRAPAS,10.0,Unidad,600.0,6000.0,ESPACIADO
1188,17,18,CAMA YISED   8-08-25 (5),CAMA MODELO YISED DE 2X2 8/08/2025,Cama,,31,CLAVILLOS N F 40,6.0,TIRA,1000.0,6000.0,ESPACIADO
1189,17,18,CAMA YISED   8-08-25 (5),CAMA MODELO YISED DE 2X2 8/08/2025,Cama,,32,HECHURA,2.0,PAR,105000.0,210000.0,FORMULA
1190,17,18,CAMA YISED   8-08-25 (5),CAMA MODELO YISED DE 2X2 8/08/2025,Cama,,33,"TORNILLOS DE 2""",30.0,Unidad,100.0,3000.0,ESPACIADO
1191,17,18,CAMA YISED   8-08-25 (5),CAMA MODELO YISED DE 2X2 8/08/2025,Cama,,34,CORREDERAS,4.0,DE CIERRELENTO,30000.0,120000.0,FORMULA
1192,17,18,CAMA YISED   8-08-25 (5),CAMA MODELO YISED DE 2X2 8/08/2025,Cama,,36,gastos de Ebanisteria e 5%,,,,26294.75,FORMULA
1193,17,18,CAMA YISED   8-08-25 (5),CAMA MODELO YISED DE 2X2 8/08/2025,Cama,SECCION PINTURA Y PREPARADA DE 2 NOCHEROS,38,SECCION PINTURA Y PREPARADA,DE 2 NOCHEROS ,,,,FORMULA
1194,17,18,CAMA YISED   8-08-25 (5),CAMA MODELO YISED DE 2X2 8/08/2025,Cama,SECCION PINTURA Y PREPARADA DE 2 NOCHEROS,39,PREPARADO JOTA,2.0,CON EL 5%,36750.0,73500.0,FORMULA
1195,17,18,CAMA YISED   8-08-25 (5),CAMA MODELO YISED DE 2X2 8/08/2025,Cama,SECCION PINTURA Y PREPARADA DE 2 NOCHEROS,40,PINTURA ALEX,2.0,CON EL 5%,36750.0,73500.0,FORMULA
1196,17,18,CAMA YISED   8-08-25 (5),CAMA MODELO YISED DE 2X2 8/08/2025,Cama,SECCION PINTURA Y PREPARADA DE 2 NOCHEROS,41,SELLADOR,3.0,PISTOLADAS,18000.0,54000.0,VOLUMEN
1197,17,18,CAMA YISED   8-08-25 (5),CAMA MODELO YISED DE 2X2 8/08/2025,Cama,SECCION PINTURA Y PREPARADA DE 2 NOCHEROS,42,LIJA 400,2.0,unidades,2000.0,4000.0,FORMULA
1198,17,18,CAMA YISED   8-08-25 (5),CAMA MODELO YISED DE 2X2 8/08/2025,Cama,SECCION PINTURA Y PREPARADA DE 2 NOCHEROS,43,NITRO,0.1,galon,70000.0,7000.0,VOLUMEN
1199,17,18,CAMA YISED   8-08-25 (5),CAMA MODELO YISED DE 2X2 8/08/2025,Cama,SECCION PINTURA Y PREPARADA DE 2 NOCHEROS,44,VIDRIOS,,unidad,45000.0,0.0,FORMULA
1200,17,18,CAMA YISED   8-08-25 (5),CAMA MODELO YISED DE 2X2 8/08/2025,Cama,SECCION PINTURA Y PREPARADA DE 2 NOCHEROS,45,TALCO,0.3,unidad,2500.0,750.0,FORMULA
1201,17,18,CAMA YISED   8-08-25 (5),CAMA MODELO YISED DE 2X2 8/08/2025,Cama,SECCION PINTURA Y PREPARADA DE 2 NOCHEROS,46,TINER,0.2,GALON,34000.0,6800.0,VOLUMEN
1202,17,18,CAMA YISED   8-08-25 (5),CAMA MODELO YISED DE 2X2 8/08/2025,Cama,SECCION PINTURA Y PREPARADA DE 2 NOCHEROS,47,TOPES,,JALADORES,3000.0,0.0,FORMULA
1203,17,18,CAMA YISED   8-08-25 (5),CAMA MODELO YISED DE 2X2 8/08/2025,Cama,SECCION PINTURA Y PREPARADA DE 2 NOCHEROS,48,COLOR GRIS,2.5,PISTOLADA,22000.0,55000.0,VOLUMEN
1204,17,18,CAMA YISED   8-08-25 (5),CAMA MODELO YISED DE 2X2 8/08/2025,Cama,SECCION PINTURA Y PREPARADA DE 2 NOCHEROS,49,ENCINA,0.1,galon,160000.0,16000.0,VOLUMEN
1205,17,18,CAMA YISED   8-08-25 (5),CAMA MODELO YISED DE 2X2 8/08/2025,Cama,SECCION PINTURA Y PREPARADA DE 2 NOCHEROS,50,GASOLINA,0.2,ML,4500.0,900.0,LINEAL
1206,17,18,CAMA YISED   8-08-25 (5),CAMA MODELO YISED DE 2X2 8/08/2025,Cama,SECCION PINTURA Y PREPARADA DE 2 NOCHEROS,51,RESANE,0.2,LITRO,20000.0,4000.0,VOLUMEN
1207,17,18,CAMA YISED   8-08-25 (5),CAMA MODELO YISED DE 2X2 8/08/2025,Cama,SECCION PINTURA Y PREPARADA DE 2 NOCHEROS,52,LACA,2.0,PISTOLADA,23000.0,46000.0,VOLUMEN
1208,17,18,CAMA YISED   8-08-25 (5),CAMA MODELO YISED DE 2X2 8/08/2025,Cama,SECCION PINTURA Y PREPARADA DE 2 NOCHEROS,54,Gastos de Pintura 10%,,,,34145.0,FORMULA
1209,17,18,CAMA YISED   8-08-25 (5),CAMA MODELO YISED DE 2X2 8/08/2025,Cama,SECCION PINTURA Y PREPARADA DE CAMA,56,SECCION PINTURA Y PREPARADA,DE CAMA ,,,,FORMULA
1210,17,18,CAMA YISED   8-08-25 (5),CAMA MODELO YISED DE 2X2 8/08/2025,Cama,SECCION PINTURA Y PREPARADA DE CAMA,57,PREPARADO JOTA,,CON EL 5%,30000.0,,FORMULA
1211,17,18,CAMA YISED   8-08-25 (5),CAMA MODELO YISED DE 2X2 8/08/2025,Cama,SECCION PINTURA Y PREPARADA DE CAMA,58,PINTURA ALEX,,CON EL 5%,20000.0,,FORMULA
1212,17,18,CAMA YISED   8-08-25 (5),CAMA MODELO YISED DE 2X2 8/08/2025,Cama,SECCION PINTURA Y PREPARADA DE CAMA,59,PINTURA DE PATAS ALEX,4.0,,2100.0,8400.0,FORMULA
1213,17,18,CAMA YISED   8-08-25 (5),CAMA MODELO YISED DE 2X2 8/08/2025,Cama,SECCION PINTURA Y PREPARADA DE CAMA,60,SELLADOR,,PISTOLADAS,18000.0,0.0,FORMULA
1214,17,18,CAMA YISED   8-08-25 (5),CAMA MODELO YISED DE 2X2 8/08/2025,Cama,SECCION PINTURA Y PREPARADA DE CAMA,61,LIJA 400,,unidades,2000.0,0.0,FORMULA
1215,17,18,CAMA YISED   8-08-25 (5),CAMA MODELO YISED DE 2X2 8/08/2025,Cama,SECCION PINTURA Y PREPARADA DE CAMA,62,NITRO,,galon,,0.0,FORMULA
1216,17,18,CAMA YISED   8-08-25 (5),CAMA MODELO YISED DE 2X2 8/08/2025,Cama,SECCION PINTURA Y PREPARADA DE CAMA,63,lija 240,,unidad,2000.0,0.0,FORMULA
1217,17,18,CAMA YISED   8-08-25 (5),CAMA MODELO YISED DE 2X2 8/08/2025,Cama,SECCION PINTURA Y PREPARADA DE CAMA,64,lija 150,,unidad,2000.0,0.0,FORMULA
1218,17,18,CAMA YISED   8-08-25 (5),CAMA MODELO YISED DE 2X2 8/08/2025,Cama,SECCION PINTURA Y PREPARADA DE CAMA,65,laca semimate,,GALON,23000.0,0.0,FORMULA
1219,17,18,CAMA YISED   8-08-25 (5),CAMA MODELO YISED DE 2X2 8/08/2025,Cama,SECCION PINTURA Y PREPARADA DE CAMA,66,kerosen,,litro,18000.0,0.0,FORMULA
1220,17,18,CAMA YISED   8-08-25 (5),CAMA MODELO YISED DE 2X2 8/08/2025,Cama,SECCION PINTURA Y PREPARADA DE CAMA,67,COLOR GRIS,,PISTOLADA,19000.0,0.0,FORMULA
1221,17,18,CAMA YISED   8-08-25 (5),CAMA MODELO YISED DE 2X2 8/08/2025,Cama,SECCION PINTURA Y PREPARADA DE CAMA,68,TINTE MIEL,,galon,,0.0,FORMULA
1222,17,18,CAMA YISED   8-08-25 (5),CAMA MODELO YISED DE 2X2 8/08/2025,Cama,SECCION PINTURA Y PREPARADA DE CAMA,69,GASOLINA,,LITRO,4.5,0.0,FORMULA
1223,17,18,CAMA YISED   8-08-25 (5),CAMA MODELO YISED DE 2X2 8/08/2025,Cama,SECCION PINTURA Y PREPARADA DE CAMA,70,RESANE,,LITRO,,0.0,FORMULA
1224,17,18,CAMA YISED   8-08-25 (5),CAMA MODELO YISED DE 2X2 8/08/2025,Cama,SECCION PINTURA Y PREPARADA DE CAMA,71,LACA,,PISTOLADA,22000.0,0.0,FORMULA
1225,17,18,CAMA YISED   8-08-25 (5),CAMA MODELO YISED DE 2X2 8/08/2025,Cama,SECCION TERMINACION,76,COLAPATO MADERA,210.0,187 CENTIMETROS,140.0,29400.0,LINEAL
1226,17,18,CAMA YISED   8-08-25 (5),CAMA MODELO YISED DE 2X2 8/08/2025,Cama,SECCION TERMINACION,77,MULTIUSO,1.0,PAR,6000.0,6000.0,FIJO
1227,17,18,CAMA YISED   8-08-25 (5),CAMA MODELO YISED DE 2X2 8/08/2025,Cama,SECCION TERMINACION,78,PATAS DE CAMAS,4.0,unidades,17500.0,70000.0,FORMULA
1228,17,18,CAMA YISED   8-08-25 (5),CAMA MODELO YISED DE 2X2 8/08/2025,Cama,SECCION TERMINACION,79,TORNILLOS,16.0,unidades,100.0,1600.0,ESPACIADO
1229,17,18,CAMA YISED   8-08-25 (5),CAMA MODELO YISED DE 2X2 8/08/2025,Cama,SECCION TERMINACION,80,EMBALADA,1.0,unidades,150000.0,150000.0,FIJO
1230,17,18,CAMA YISED   8-08-25 (5),CAMA MODELO YISED DE 2X2 8/08/2025,Cama,SECCION TERMINACION,83,SECCION TENDIDO,,,,0.0,FORMULA
1231,17,18,CAMA YISED   8-08-25 (5),CAMA MODELO YISED DE 2X2 8/08/2025,Cama,SECCION TERMINACION,84,MADERA 60X1X4,1277.0,2X25X15,140.0,178780.0,FORMULA
1232,17,18,CAMA YISED   8-08-25 (5),CAMA MODELO YISED DE 2X2 8/08/2025,Cama,SECCION TERMINACION,86,FABRICACION TENDIDO,1.0,DE 2X2,42000.0,42000.0,FIJO
1233,17,18,CAMA YISED   8-08-25 (5),CAMA MODELO YISED DE 2X2 8/08/2025,Cama,SECCION TERMINACION,87,MDF DE 9,,unidades,140000.0,0.0,FORMULA
1234,17,18,CAMA YISED   8-08-25 (5),CAMA MODELO YISED DE 2X2 8/08/2025,Cama,SECCION TERMINACION,88,COLBON,0.5,LITRO,14000.0,7000.0,VOLUMEN
1235,17,18,CAMA YISED   8-08-25 (5),CAMA MODELO YISED DE 2X2 8/08/2025,Cama,SECCION TERMINACION,89,"TORNILLOS DE 2""",50.0,unidades,100.0,5000.0,ESPACIADO
1236,17,18,CAMA YISED   8-08-25 (5),CAMA MODELO YISED DE 2X2 8/08/2025,Cama,SECCION TERMINACION,90,CLAVILLO,2.0,TIRAS,600.0,1200.0,ESPACIADO
1237,17,18,CAMA YISED   8-08-25 (5),CAMA MODELO YISED DE 2X2 8/08/2025,Cama,SECCION TERMINACION,91,PEOPE,2.0,METROS,3500.0,7000.0,LINEAL
1238,17,18,CAMA YISED   8-08-25 (5),CAMA MODELO YISED DE 2X2 8/08/2025,Cama,SECCION TAPICERIA,95,TELA,11.0,METROS,34000.0,374000.0,AREA
1239,17,18,CAMA YISED   8-08-25 (5),CAMA MODELO YISED DE 2X2 8/08/2025,Cama,SECCION TAPICERIA,96,BARILLA TRIPA POLLO,,,15000.0,0.0,FORMULA
1240,17,18,CAMA YISED   8-08-25 (5),CAMA MODELO YISED DE 2X2 8/08/2025,Cama,SECCION TAPICERIA,97,GAZATA,,METROS,53000.0,0.0,FORMULA
1241,17,18,CAMA YISED   8-08-25 (5),CAMA MODELO YISED DE 2X2 8/08/2025,Cama,SECCION TAPICERIA,98,COLARATA,4.0,METROS,1000.0,4000.0,LINEAL
1242,17,18,CAMA YISED   8-08-25 (5),CAMA MODELO YISED DE 2X2 8/08/2025,Cama,SECCION TAPICERIA,99,GRAPAS,0.5,CAJA DE GRAPAS,12000.0,6000.0,ESPACIADO
1243,17,18,CAMA YISED   8-08-25 (5),CAMA MODELO YISED DE 2X2 8/08/2025,Cama,SECCION TAPICERIA,100,PICADILLO,3.0,KILOS,15000.0,45000.0,FORMULA
1244,17,18,CAMA YISED   8-08-25 (5),CAMA MODELO YISED DE 2X2 8/08/2025,Cama,SECCION TAPICERIA,101,"TORNILLOS DE 1 1/2""",30.0,UNIDADES,100.0,3000.0,ESPACIADO
1245,17,18,CAMA YISED   8-08-25 (5),CAMA MODELO YISED DE 2X2 8/08/2025,Cama,SECCION TAPICERIA,102,ESPUMA DE 1 PULGADA ROSADA,1.17,UNIDADES,30000.0,35100.0,AREA
1246,17,18,CAMA YISED   8-08-25 (5),CAMA MODELO YISED DE 2X2 8/08/2025,Cama,SECCION TAPICERIA,103,ESPUMA DE 1. BLANCA DE 1,1.0,UNIDADES,20000.0,20000.0,AREA
1247,17,18,CAMA YISED   8-08-25 (5),CAMA MODELO YISED DE 2X2 8/08/2025,Cama,SECCION TAPICERIA,104,ESPUMA ROSADA,,UNIDAD,18700.0,0.0,FORMULA
1248,17,18,CAMA YISED   8-08-25 (5),CAMA MODELO YISED DE 2X2 8/08/2025,Cama,SECCION TAPICERIA,105,CARTON,2.5,MTS,5000.0,12500.0,LINEAL
1249,17,18,CAMA YISED   8-08-25 (5),CAMA MODELO YISED DE 2X2 8/08/2025,Cama,SECCION TAPICERIA,106,COSTAL,4.5,METROS,4000.0,18000.0,AREA
1250,17,18,CAMA YISED   8-08-25 (5),CAMA MODELO YISED DE 2X2 8/08/2025,Cama,SECCION TAPICERIA,107,LENCILLO,2.0,METROS,4000.0,8000.0,LINEAL
1251,17,18,CAMA YISED   8-08-25 (5),CAMA MODELO YISED DE 2X2 8/08/2025,Cama,SECCION TAPICERIA,108,HILO,0.5,,25000.0,12500.0,FORMULA
1252,17,18,CAMA YISED   8-08-25 (5),CAMA MODELO YISED DE 2X2 8/08/2025,Cama,SECCION TAPICERIA,109,GUATA,1.0,KILO,15000.0,15000.0,FIJO
1253,17,18,CAMA YISED   8-08-25 (5),CAMA MODELO YISED DE 2X2 8/08/2025,Cama,SECCION TAPICERIA,110,SUPER,0.6,LITRO,15000.0,9000.0,VOLUMEN
1254,17,18,CAMA YISED   8-08-25 (5),CAMA MODELO YISED DE 2X2 8/08/2025,Cama,SECCION TAPICERIA,111,ALGODON,3.0,CM,15000.0,45000.0,LINEAL
1255,17,18,CAMA YISED   8-08-25 (5),CAMA MODELO YISED DE 2X2 8/08/2025,Cama,SECCION TAPICERIA,112,HECHURA,1.0,,210000.0,210000.0,FIJO
1256,17,18,CAMA YISED   8-08-25 (5),CAMA MODELO YISED DE 2X2 8/08/2025,Cama,SECCION TAPICERIA,113,CASQUETES,,UNIDADES,600.0,0.0,FORMULA
1257,18,19,CAMA LONDRES  8-08-25 (4),CAMA MODELO LONDRES DE 2X2 8/08/2025,Cama,,7,MADERA (2),1300.0,APAMATE,140.0,182000.0,FORMULA
1258,18,19,CAMA LONDRES  8-08-25 (4),CAMA MODELO LONDRES DE 2X2 8/08/2025,Cama,,8,"MDF DE 2,7",0.4,3 PEASOS DE 49X49,65000.0,26000.0,AREA
1259,18,19,CAMA LONDRES  8-08-25 (4),CAMA MODELO LONDRES DE 2X2 8/08/2025,Cama,,9,INDUPLAX,0.0,Unidad,160000.0,0.0,AREA
1260,18,19,CAMA LONDRES  8-08-25 (4),CAMA MODELO LONDRES DE 2X2 8/08/2025,Cama,,10,LAMINA DE 15,,Unidad,210000.0,0.0,FORMULA
1261,18,19,CAMA LONDRES  8-08-25 (4),CAMA MODELO LONDRES DE 2X2 8/08/2025,Cama,,11,SUPER,,LITROS,19000.0,0.0,FORMULA
1262,18,19,CAMA LONDRES  8-08-25 (4),CAMA MODELO LONDRES DE 2X2 8/08/2025,Cama,,12,COLBON,1.0,LITROS,14000.0,14000.0,VOLUMEN
1263,18,19,CAMA LONDRES  8-08-25 (4),CAMA MODELO LONDRES DE 2X2 8/08/2025,Cama,,13,GRAPAS,15.0,Unidad,600.0,9000.0,ESPACIADO
1264,18,19,CAMA LONDRES  8-08-25 (4),CAMA MODELO LONDRES DE 2X2 8/08/2025,Cama,,14,CORREDERAS,,UNITARIO,30000.0,0.0,FIJO
1265,18,19,CAMA LONDRES  8-08-25 (4),CAMA MODELO LONDRES DE 2X2 8/08/2025,Cama,,15,CLAVILLOS,15.0,TIRA,1000.0,15000.0,ESPACIADO
1266,18,19,CAMA LONDRES  8-08-25 (4),CAMA MODELO LONDRES DE 2X2 8/08/2025,Cama,,16,GANCHOS,1.0,PAR,20000.0,20000.0,FIJO
1267,18,19,CAMA LONDRES  8-08-25 (4),CAMA MODELO LONDRES DE 2X2 8/08/2025,Cama,,17,MDF DE 9,,,136000.0,0.0,FORMULA
1268,18,19,CAMA LONDRES  8-08-25 (4),CAMA MODELO LONDRES DE 2X2 8/08/2025,Cama,,18,"TORNILLOS DE 2""",197.0,Unidad,100.0,19700.0,ESPACIADO
1269,18,19,CAMA LONDRES  8-08-25 (4),CAMA MODELO LONDRES DE 2X2 8/08/2025,Cama,,19,ebanisteria 300.000 x 5% de m.o,,,,315000.0,FORMULA
1270,18,19,CAMA LONDRES  8-08-25 (4),CAMA MODELO LONDRES DE 2X2 8/08/2025,Cama,,21,gastos de Ebanisteria e 10%,,,,73814.0,FORMULA
1271,18,19,CAMA LONDRES  8-08-25 (4),CAMA MODELO LONDRES DE 2X2 8/08/2025,Cama,,25,MADERA (2),468.0,"2,10X22X18= 832 2,10X20X15=630",140.0,65520.0,FORMULA
1272,18,19,CAMA LONDRES  8-08-25 (4),CAMA MODELO LONDRES DE 2X2 8/08/2025,Cama,,26,MDF DE 3,200.0,"1 PEDAZO DE 1,20X45=54",65.0,13000.0,AREA
1273,18,19,CAMA LONDRES  8-08-25 (4),CAMA MODELO LONDRES DE 2X2 8/08/2025,Cama,,27,LAM MDF 15,250.0,"1 PEDASO DE 1.25 X55=68,75",210.0,52500.0,AREA
1274,18,19,CAMA LONDRES  8-08-25 (4),CAMA MODELO LONDRES DE 2X2 8/08/2025,Cama,,28,LAM MDF 7,175.0,"1 PEDASO DE 1,50X40=60",130.0,21875.0,AREA
1275,18,19,CAMA LONDRES  8-08-25 (4),CAMA MODELO LONDRES DE 2X2 8/08/2025,Cama,,29,COLBON,2.0,litros,14000.0,28000.0,VOLUMEN
1276,18,19,CAMA LONDRES  8-08-25 (4),CAMA MODELO LONDRES DE 2X2 8/08/2025,Cama,,30,GRAPAS,10.0,Unidad,600.0,6000.0,ESPACIADO
1277,18,19,CAMA LONDRES  8-08-25 (4),CAMA MODELO LONDRES DE 2X2 8/08/2025,Cama,,31,CLAVILLOS N F 40,6.0,TIRA,1000.0,6000.0,ESPACIADO
1278,18,19,CAMA LONDRES  8-08-25 (4),CAMA MODELO LONDRES DE 2X2 8/08/2025,Cama,,32,HECHURA,2.0,PAR,105000.0,210000.0,FORMULA
1279,18,19,CAMA LONDRES  8-08-25 (4),CAMA MODELO LONDRES DE 2X2 8/08/2025,Cama,,33,"TORNILLOS DE 2""",30.0,Unidad,100.0,3000.0,ESPACIADO
1280,18,19,CAMA LONDRES  8-08-25 (4),CAMA MODELO LONDRES DE 2X2 8/08/2025,Cama,,34,CORREDERAS,4.0,DE CIERRELENTO,30000.0,120000.0,FORMULA
1281,18,19,CAMA LONDRES  8-08-25 (4),CAMA MODELO LONDRES DE 2X2 8/08/2025,Cama,,36,gastos de Ebanisteria e 5%,,,,26294.75,FORMULA
1282,18,19,CAMA LONDRES  8-08-25 (4),CAMA MODELO LONDRES DE 2X2 8/08/2025,Cama,SECCION PINTURA Y PREPARADA DE 2 NOCHEROS,38,SECCION PINTURA Y PREPARADA,DE 2 NOCHEROS ,,,,FORMULA
1283,18,19,CAMA LONDRES  8-08-25 (4),CAMA MODELO LONDRES DE 2X2 8/08/2025,Cama,SECCION PINTURA Y PREPARADA DE 2 NOCHEROS,39,PREPARADO JOTA,2.0,CON EL 5%,36750.0,73500.0,FORMULA
1284,18,19,CAMA LONDRES  8-08-25 (4),CAMA MODELO LONDRES DE 2X2 8/08/2025,Cama,SECCION PINTURA Y PREPARADA DE 2 NOCHEROS,40,PINTURA ALEX,2.0,CON EL 5%,36750.0,73500.0,FORMULA
1285,18,19,CAMA LONDRES  8-08-25 (4),CAMA MODELO LONDRES DE 2X2 8/08/2025,Cama,SECCION PINTURA Y PREPARADA DE 2 NOCHEROS,41,SELLADOR,3.0,PISTOLADAS,18000.0,54000.0,VOLUMEN
1286,18,19,CAMA LONDRES  8-08-25 (4),CAMA MODELO LONDRES DE 2X2 8/08/2025,Cama,SECCION PINTURA Y PREPARADA DE 2 NOCHEROS,42,LIJA 400,2.0,unidades,2000.0,4000.0,FORMULA
1287,18,19,CAMA LONDRES  8-08-25 (4),CAMA MODELO LONDRES DE 2X2 8/08/2025,Cama,SECCION PINTURA Y PREPARADA DE 2 NOCHEROS,43,NITRO,0.1,galon,70000.0,7000.0,VOLUMEN
1288,18,19,CAMA LONDRES  8-08-25 (4),CAMA MODELO LONDRES DE 2X2 8/08/2025,Cama,SECCION PINTURA Y PREPARADA DE 2 NOCHEROS,44,VIDRIOS,,unidad,45000.0,0.0,FORMULA
1289,18,19,CAMA LONDRES  8-08-25 (4),CAMA MODELO LONDRES DE 2X2 8/08/2025,Cama,SECCION PINTURA Y PREPARADA DE 2 NOCHEROS,45,TALCO,0.3,unidad,2500.0,750.0,FORMULA
1290,18,19,CAMA LONDRES  8-08-25 (4),CAMA MODELO LONDRES DE 2X2 8/08/2025,Cama,SECCION PINTURA Y PREPARADA DE 2 NOCHEROS,46,TINER,0.2,GALON,34000.0,6800.0,VOLUMEN
1291,18,19,CAMA LONDRES  8-08-25 (4),CAMA MODELO LONDRES DE 2X2 8/08/2025,Cama,SECCION PINTURA Y PREPARADA DE 2 NOCHEROS,47,TOPES,,JALADORES,3000.0,0.0,FORMULA
1292,18,19,CAMA LONDRES  8-08-25 (4),CAMA MODELO LONDRES DE 2X2 8/08/2025,Cama,SECCION PINTURA Y PREPARADA DE 2 NOCHEROS,48,COLOR GRIS,2.5,PISTOLADA,22000.0,55000.0,VOLUMEN
1293,18,19,CAMA LONDRES  8-08-25 (4),CAMA MODELO LONDRES DE 2X2 8/08/2025,Cama,SECCION PINTURA Y PREPARADA DE 2 NOCHEROS,49,ENCINA,0.1,galon,160000.0,16000.0,VOLUMEN
1294,18,19,CAMA LONDRES  8-08-25 (4),CAMA MODELO LONDRES DE 2X2 8/08/2025,Cama,SECCION PINTURA Y PREPARADA DE 2 NOCHEROS,50,GASOLINA,0.2,ML,4500.0,900.0,LINEAL
1295,18,19,CAMA LONDRES  8-08-25 (4),CAMA MODELO LONDRES DE 2X2 8/08/2025,Cama,SECCION PINTURA Y PREPARADA DE 2 NOCHEROS,51,RESANE,0.2,LITRO,20000.0,4000.0,VOLUMEN
1296,18,19,CAMA LONDRES  8-08-25 (4),CAMA MODELO LONDRES DE 2X2 8/08/2025,Cama,SECCION PINTURA Y PREPARADA DE 2 NOCHEROS,52,LACA,2.0,PISTOLADA,23000.0,46000.0,VOLUMEN
1297,18,19,CAMA LONDRES  8-08-25 (4),CAMA MODELO LONDRES DE 2X2 8/08/2025,Cama,SECCION PINTURA Y PREPARADA DE 2 NOCHEROS,54,Gastos de Pintura 10%,,,,34145.0,FORMULA
1298,18,19,CAMA LONDRES  8-08-25 (4),CAMA MODELO LONDRES DE 2X2 8/08/2025,Cama,SECCION PINTURA Y PREPARADA DE CAMA,56,SECCION PINTURA Y PREPARADA,DE CAMA ,,,,FORMULA
1299,18,19,CAMA LONDRES  8-08-25 (4),CAMA MODELO LONDRES DE 2X2 8/08/2025,Cama,SECCION PINTURA Y PREPARADA DE CAMA,57,PREPARADO JOTA,,CON EL 5%,30000.0,,FORMULA
1300,18,19,CAMA LONDRES  8-08-25 (4),CAMA MODELO LONDRES DE 2X2 8/08/2025,Cama,SECCION PINTURA Y PREPARADA DE CAMA,58,PINTURA ALEX,,CON EL 5%,20000.0,,FORMULA
1301,18,19,CAMA LONDRES  8-08-25 (4),CAMA MODELO LONDRES DE 2X2 8/08/2025,Cama,SECCION PINTURA Y PREPARADA DE CAMA,59,PINTURA DE PATAS ALEX,4.0,,2100.0,8400.0,FORMULA
1302,18,19,CAMA LONDRES  8-08-25 (4),CAMA MODELO LONDRES DE 2X2 8/08/2025,Cama,SECCION PINTURA Y PREPARADA DE CAMA,60,SELLADOR,,PISTOLADAS,18000.0,0.0,FORMULA
1303,18,19,CAMA LONDRES  8-08-25 (4),CAMA MODELO LONDRES DE 2X2 8/08/2025,Cama,SECCION PINTURA Y PREPARADA DE CAMA,61,LIJA 400,,unidades,2000.0,0.0,FORMULA
1304,18,19,CAMA LONDRES  8-08-25 (4),CAMA MODELO LONDRES DE 2X2 8/08/2025,Cama,SECCION PINTURA Y PREPARADA DE CAMA,62,NITRO,,galon,,0.0,FORMULA
1305,18,19,CAMA LONDRES  8-08-25 (4),CAMA MODELO LONDRES DE 2X2 8/08/2025,Cama,SECCION PINTURA Y PREPARADA DE CAMA,63,lija 240,,unidad,2000.0,0.0,FORMULA
1306,18,19,CAMA LONDRES  8-08-25 (4),CAMA MODELO LONDRES DE 2X2 8/08/2025,Cama,SECCION PINTURA Y PREPARADA DE CAMA,64,lija 150,,unidad,2000.0,0.0,FORMULA
1307,18,19,CAMA LONDRES  8-08-25 (4),CAMA MODELO LONDRES DE 2X2 8/08/2025,Cama,SECCION PINTURA Y PREPARADA DE CAMA,65,laca semimate,,GALON,23000.0,0.0,FORMULA
1308,18,19,CAMA LONDRES  8-08-25 (4),CAMA MODELO LONDRES DE 2X2 8/08/2025,Cama,SECCION PINTURA Y PREPARADA DE CAMA,66,kerosen,,litro,18000.0,0.0,FORMULA
1309,18,19,CAMA LONDRES  8-08-25 (4),CAMA MODELO LONDRES DE 2X2 8/08/2025,Cama,SECCION PINTURA Y PREPARADA DE CAMA,67,COLOR GRIS,,PISTOLADA,19000.0,0.0,FORMULA
1310,18,19,CAMA LONDRES  8-08-25 (4),CAMA MODELO LONDRES DE 2X2 8/08/2025,Cama,SECCION PINTURA Y PREPARADA DE CAMA,68,TINTE MIEL,,galon,,0.0,FORMULA
1311,18,19,CAMA LONDRES  8-08-25 (4),CAMA MODELO LONDRES DE 2X2 8/08/2025,Cama,SECCION PINTURA Y PREPARADA DE CAMA,69,GASOLINA,,LITRO,4.5,0.0,FORMULA
1312,18,19,CAMA LONDRES  8-08-25 (4),CAMA MODELO LONDRES DE 2X2 8/08/2025,Cama,SECCION PINTURA Y PREPARADA DE CAMA,70,RESANE,,LITRO,,0.0,FORMULA
1313,18,19,CAMA LONDRES  8-08-25 (4),CAMA MODELO LONDRES DE 2X2 8/08/2025,Cama,SECCION PINTURA Y PREPARADA DE CAMA,71,LACA,,PISTOLADA,22000.0,0.0,FORMULA
1314,18,19,CAMA LONDRES  8-08-25 (4),CAMA MODELO LONDRES DE 2X2 8/08/2025,Cama,SECCION TERMINACION,76,COLAPATO MADERA,210.0,187 CENTIMETROS,140.0,29400.0,LINEAL
1315,18,19,CAMA LONDRES  8-08-25 (4),CAMA MODELO LONDRES DE 2X2 8/08/2025,Cama,SECCION TERMINACION,77,MULTIUSO,1.0,PAR,6000.0,6000.0,FIJO
1316,18,19,CAMA LONDRES  8-08-25 (4),CAMA MODELO LONDRES DE 2X2 8/08/2025,Cama,SECCION TERMINACION,78,PATAS DE CAMAS,4.0,unidades,17500.0,70000.0,FORMULA
1317,18,19,CAMA LONDRES  8-08-25 (4),CAMA MODELO LONDRES DE 2X2 8/08/2025,Cama,SECCION TERMINACION,79,TORNILLOS,16.0,unidades,100.0,1600.0,ESPACIADO
1318,18,19,CAMA LONDRES  8-08-25 (4),CAMA MODELO LONDRES DE 2X2 8/08/2025,Cama,SECCION TERMINACION,80,EMBALADA,1.0,unidades,150000.0,150000.0,FIJO
1319,18,19,CAMA LONDRES  8-08-25 (4),CAMA MODELO LONDRES DE 2X2 8/08/2025,Cama,SECCION TERMINACION,83,SECCION TENDIDO,,,,0.0,FORMULA
1320,18,19,CAMA LONDRES  8-08-25 (4),CAMA MODELO LONDRES DE 2X2 8/08/2025,Cama,SECCION TERMINACION,84,MADERA 60X1X4,1277.0,2X25X15,140.0,178780.0,FORMULA
1321,18,19,CAMA LONDRES  8-08-25 (4),CAMA MODELO LONDRES DE 2X2 8/08/2025,Cama,SECCION TERMINACION,86,FABRICACION TENDIDO,1.0,DE 2X2,42000.0,42000.0,FIJO
1322,18,19,CAMA LONDRES  8-08-25 (4),CAMA MODELO LONDRES DE 2X2 8/08/2025,Cama,SECCION TERMINACION,87,MDF DE 9,,unidades,140000.0,0.0,FORMULA
1323,18,19,CAMA LONDRES  8-08-25 (4),CAMA MODELO LONDRES DE 2X2 8/08/2025,Cama,SECCION TERMINACION,88,COLBON,0.5,LITRO,14000.0,7000.0,VOLUMEN
1324,18,19,CAMA LONDRES  8-08-25 (4),CAMA MODELO LONDRES DE 2X2 8/08/2025,Cama,SECCION TERMINACION,89,"TORNILLOS DE 2""",50.0,unidades,100.0,5000.0,ESPACIADO
1325,18,19,CAMA LONDRES  8-08-25 (4),CAMA MODELO LONDRES DE 2X2 8/08/2025,Cama,SECCION TERMINACION,90,CLAVILLO,2.0,TIRAS,600.0,1200.0,ESPACIADO
1326,18,19,CAMA LONDRES  8-08-25 (4),CAMA MODELO LONDRES DE 2X2 8/08/2025,Cama,SECCION TERMINACION,91,PEOPE,2.0,METROS,3500.0,7000.0,LINEAL
1327,18,19,CAMA LONDRES  8-08-25 (4),CAMA MODELO LONDRES DE 2X2 8/08/2025,Cama,SECCION TAPICERIA,95,TELA,11.6,METROS,34000.0,394400.0,AREA
1328,18,19,CAMA LONDRES  8-08-25 (4),CAMA MODELO LONDRES DE 2X2 8/08/2025,Cama,SECCION TAPICERIA,96,BARILLA TRIPA POLLO,,,15000.0,0.0,FORMULA
1329,18,19,CAMA LONDRES  8-08-25 (4),CAMA MODELO LONDRES DE 2X2 8/08/2025,Cama,SECCION TAPICERIA,97,GAZATA,,METROS,53000.0,0.0,FORMULA
1330,18,19,CAMA LONDRES  8-08-25 (4),CAMA MODELO LONDRES DE 2X2 8/08/2025,Cama,SECCION TAPICERIA,98,COLARATA,4.0,METROS,1000.0,4000.0,LINEAL
1331,18,19,CAMA LONDRES  8-08-25 (4),CAMA MODELO LONDRES DE 2X2 8/08/2025,Cama,SECCION TAPICERIA,99,GRAPAS,0.5,CAJA DE GRAPAS,12000.0,6000.0,ESPACIADO
1332,18,19,CAMA LONDRES  8-08-25 (4),CAMA MODELO LONDRES DE 2X2 8/08/2025,Cama,SECCION TAPICERIA,100,ESPUMA AZUL DE 2 PULGADAS,1.34,LAMINA,41000.0,54940.0,AREA
1333,18,19,CAMA LONDRES  8-08-25 (4),CAMA MODELO LONDRES DE 2X2 8/08/2025,Cama,SECCION TAPICERIA,101,"TORNILLOS DE 1 1/2""",30.0,UNIDADES,100.0,3000.0,ESPACIADO
1334,18,19,CAMA LONDRES  8-08-25 (4),CAMA MODELO LONDRES DE 2X2 8/08/2025,Cama,SECCION TAPICERIA,102,ESPUMA DE 1 PULGADA ROSADA,1.17,UNIDADES,20000.0,23400.0,AREA
1335,18,19,CAMA LONDRES  8-08-25 (4),CAMA MODELO LONDRES DE 2X2 8/08/2025,Cama,SECCION TAPICERIA,103,ESPUMA DE 1. BLANCA DE 1,1.0,UNIDADES,20000.0,20000.0,AREA
1336,18,19,CAMA LONDRES  8-08-25 (4),CAMA MODELO LONDRES DE 2X2 8/08/2025,Cama,SECCION TAPICERIA,104,ESPUMA ROSADA,,UNIDAD,18700.0,0.0,FORMULA
1337,18,19,CAMA LONDRES  8-08-25 (4),CAMA MODELO LONDRES DE 2X2 8/08/2025,Cama,SECCION TAPICERIA,105,CARTON,2.5,MTS,5000.0,12500.0,LINEAL
1338,18,19,CAMA LONDRES  8-08-25 (4),CAMA MODELO LONDRES DE 2X2 8/08/2025,Cama,SECCION TAPICERIA,106,COSTAL,4.0,METROS,4000.0,16000.0,AREA
1339,18,19,CAMA LONDRES  8-08-25 (4),CAMA MODELO LONDRES DE 2X2 8/08/2025,Cama,SECCION TAPICERIA,107,LENCILLO,2.0,METROS,4000.0,8000.0,LINEAL
1340,18,19,CAMA LONDRES  8-08-25 (4),CAMA MODELO LONDRES DE 2X2 8/08/2025,Cama,SECCION TAPICERIA,108,HILO,0.5,,25000.0,12500.0,FORMULA
1341,18,19,CAMA LONDRES  8-08-25 (4),CAMA MODELO LONDRES DE 2X2 8/08/2025,Cama,SECCION TAPICERIA,109,PICADILLO,,KILO,15000.0,0.0,FORMULA
1342,18,19,CAMA LONDRES  8-08-25 (4),CAMA MODELO LONDRES DE 2X2 8/08/2025,Cama,SECCION TAPICERIA,110,SUPER,0.6,LITRO,15000.0,9000.0,VOLUMEN
1343,18,19,CAMA LONDRES  8-08-25 (4),CAMA MODELO LONDRES DE 2X2 8/08/2025,Cama,SECCION TAPICERIA,111,ALGODON,,CM,15000.0,0.0,FORMULA
1344,18,19,CAMA LONDRES  8-08-25 (4),CAMA MODELO LONDRES DE 2X2 8/08/2025,Cama,SECCION TAPICERIA,112,HECHURA,1.0,,210000.0,210000.0,FIJO
1345,18,19,CAMA LONDRES  8-08-25 (4),CAMA MODELO LONDRES DE 2X2 8/08/2025,Cama,SECCION TAPICERIA,113,CASQUETES,,UNIDADES,600.0,0.0,FORMULA
1346,19,20,CAMA TURKIA  8-08-25 (3),CAMA MODELO TURKIA DE 2X2 8/08/2025,Cama,,7,MADERA (2),1872.0,APAMATE,140.0,262080.0,FORMULA
1347,19,20,CAMA TURKIA  8-08-25 (3),CAMA MODELO TURKIA DE 2X2 8/08/2025,Cama,,8,"MDF DE 2,7",0.75,3 PEASOS DE 49X49,65000.0,48750.0,AREA
1348,19,20,CAMA TURKIA  8-08-25 (3),CAMA MODELO TURKIA DE 2X2 8/08/2025,Cama,,9,INDUPLAX,0.0,Unidad,160000.0,0.0,AREA
1349,19,20,CAMA TURKIA  8-08-25 (3),CAMA MODELO TURKIA DE 2X2 8/08/2025,Cama,,10,LAMINA DE 15,0.5,MDF,210000.0,105000.0,AREA
1350,19,20,CAMA TURKIA  8-08-25 (3),CAMA MODELO TURKIA DE 2X2 8/08/2025,Cama,,11,SUPER,,LITROS,19000.0,0.0,FORMULA
1351,19,20,CAMA TURKIA  8-08-25 (3),CAMA MODELO TURKIA DE 2X2 8/08/2025,Cama,,12,COLBON,1.0,LITROS,14000.0,14000.0,VOLUMEN
1352,19,20,CAMA TURKIA  8-08-25 (3),CAMA MODELO TURKIA DE 2X2 8/08/2025,Cama,,13,GRAPAS,15.0,Unidad,600.0,9000.0,ESPACIADO
1353,19,20,CAMA TURKIA  8-08-25 (3),CAMA MODELO TURKIA DE 2X2 8/08/2025,Cama,,14,CORREDERAS,,UNITARIO,30000.0,0.0,FIJO
1354,19,20,CAMA TURKIA  8-08-25 (3),CAMA MODELO TURKIA DE 2X2 8/08/2025,Cama,,15,CLAVILLOS,15.0,TIRA,1000.0,15000.0,ESPACIADO
1355,19,20,CAMA TURKIA  8-08-25 (3),CAMA MODELO TURKIA DE 2X2 8/08/2025,Cama,,16,GANCHOS,1.0,PAR,20000.0,20000.0,FIJO
1356,19,20,CAMA TURKIA  8-08-25 (3),CAMA MODELO TURKIA DE 2X2 8/08/2025,Cama,,17,MDF DE 9,,,136000.0,0.0,FORMULA
1357,19,20,CAMA TURKIA  8-08-25 (3),CAMA MODELO TURKIA DE 2X2 8/08/2025,Cama,,18,"TORNILLOS DE 2""",197.0,Unidad,100.0,19700.0,ESPACIADO
1358,19,20,CAMA TURKIA  8-08-25 (3),CAMA MODELO TURKIA DE 2X2 8/08/2025,Cama,,19,ebanisteria 300.000 x 5% de m.o,,,,315000.0,FORMULA
1359,19,20,CAMA TURKIA  8-08-25 (3),CAMA MODELO TURKIA DE 2X2 8/08/2025,Cama,,21,gastos de Ebanisteria e 10%,,,,73814.0,FORMULA
1360,19,20,CAMA TURKIA  8-08-25 (3),CAMA MODELO TURKIA DE 2X2 8/08/2025,Cama,,25,MADERA (2),468.0,"2,10X22X18= 832 2,10X20X15=630",140.0,65520.0,FORMULA
1361,19,20,CAMA TURKIA  8-08-25 (3),CAMA MODELO TURKIA DE 2X2 8/08/2025,Cama,,26,MDF DE 3,200.0,"1 PEDAZO DE 1,20X45=54",65.0,13000.0,AREA
1362,19,20,CAMA TURKIA  8-08-25 (3),CAMA MODELO TURKIA DE 2X2 8/08/2025,Cama,,27,LAM MDF 15,250.0,"1 PEDASO DE 1.25 X55=68,75",210.0,52500.0,AREA
1363,19,20,CAMA TURKIA  8-08-25 (3),CAMA MODELO TURKIA DE 2X2 8/08/2025,Cama,,28,LAM MDF 7,175.0,"1 PEDASO DE 1,50X40=60",130.0,21875.0,AREA
1364,19,20,CAMA TURKIA  8-08-25 (3),CAMA MODELO TURKIA DE 2X2 8/08/2025,Cama,,29,COLBON,2.0,litros,14000.0,28000.0,VOLUMEN
1365,19,20,CAMA TURKIA  8-08-25 (3),CAMA MODELO TURKIA DE 2X2 8/08/2025,Cama,,30,GRAPAS,10.0,Unidad,600.0,6000.0,ESPACIADO
1366,19,20,CAMA TURKIA  8-08-25 (3),CAMA MODELO TURKIA DE 2X2 8/08/2025,Cama,,31,CLAVILLOS N F 40,6.0,TIRA,1000.0,6000.0,ESPACIADO
1367,19,20,CAMA TURKIA  8-08-25 (3),CAMA MODELO TURKIA DE 2X2 8/08/2025,Cama,,32,HECHURA,2.0,PAR,105000.0,210000.0,FORMULA
1368,19,20,CAMA TURKIA  8-08-25 (3),CAMA MODELO TURKIA DE 2X2 8/08/2025,Cama,,33,"TORNILLOS DE 2""",30.0,Unidad,100.0,3000.0,ESPACIADO
1369,19,20,CAMA TURKIA  8-08-25 (3),CAMA MODELO TURKIA DE 2X2 8/08/2025,Cama,,34,CORREDERAS,4.0,DE CIERRELENTO,30000.0,120000.0,FORMULA
1370,19,20,CAMA TURKIA  8-08-25 (3),CAMA MODELO TURKIA DE 2X2 8/08/2025,Cama,,36,gastos de Ebanisteria e 5%,,,,26294.75,FORMULA
1371,19,20,CAMA TURKIA  8-08-25 (3),CAMA MODELO TURKIA DE 2X2 8/08/2025,Cama,SECCION PINTURA Y PREPARADA DE 2 NOCHEROS,38,SECCION PINTURA Y PREPARADA,DE 2 NOCHEROS ,,,,FORMULA
1372,19,20,CAMA TURKIA  8-08-25 (3),CAMA MODELO TURKIA DE 2X2 8/08/2025,Cama,SECCION PINTURA Y PREPARADA DE 2 NOCHEROS,39,PREPARADO JOTA,2.0,CON EL 5%,36750.0,73500.0,FORMULA
1373,19,20,CAMA TURKIA  8-08-25 (3),CAMA MODELO TURKIA DE 2X2 8/08/2025,Cama,SECCION PINTURA Y PREPARADA DE 2 NOCHEROS,40,PINTURA ALEX,2.0,CON EL 5%,36750.0,73500.0,FORMULA
1374,19,20,CAMA TURKIA  8-08-25 (3),CAMA MODELO TURKIA DE 2X2 8/08/2025,Cama,SECCION PINTURA Y PREPARADA DE 2 NOCHEROS,41,SELLADOR,3.0,PISTOLADAS,18000.0,54000.0,VOLUMEN
1375,19,20,CAMA TURKIA  8-08-25 (3),CAMA MODELO TURKIA DE 2X2 8/08/2025,Cama,SECCION PINTURA Y PREPARADA DE 2 NOCHEROS,42,LIJA 400,2.0,unidades,2000.0,4000.0,FORMULA
1376,19,20,CAMA TURKIA  8-08-25 (3),CAMA MODELO TURKIA DE 2X2 8/08/2025,Cama,SECCION PINTURA Y PREPARADA DE 2 NOCHEROS,43,NITRO,0.1,galon,70000.0,7000.0,VOLUMEN
1377,19,20,CAMA TURKIA  8-08-25 (3),CAMA MODELO TURKIA DE 2X2 8/08/2025,Cama,SECCION PINTURA Y PREPARADA DE 2 NOCHEROS,44,VIDRIOS,,unidad,45000.0,0.0,FORMULA
1378,19,20,CAMA TURKIA  8-08-25 (3),CAMA MODELO TURKIA DE 2X2 8/08/2025,Cama,SECCION PINTURA Y PREPARADA DE 2 NOCHEROS,45,TALCO,0.3,unidad,2500.0,750.0,FORMULA
1379,19,20,CAMA TURKIA  8-08-25 (3),CAMA MODELO TURKIA DE 2X2 8/08/2025,Cama,SECCION PINTURA Y PREPARADA DE 2 NOCHEROS,46,TINER,0.2,GALON,34000.0,6800.0,VOLUMEN
1380,19,20,CAMA TURKIA  8-08-25 (3),CAMA MODELO TURKIA DE 2X2 8/08/2025,Cama,SECCION PINTURA Y PREPARADA DE 2 NOCHEROS,47,TOPES,,JALADORES,3000.0,0.0,FORMULA
1381,19,20,CAMA TURKIA  8-08-25 (3),CAMA MODELO TURKIA DE 2X2 8/08/2025,Cama,SECCION PINTURA Y PREPARADA DE 2 NOCHEROS,48,COLOR GRIS,2.5,PISTOLADA,22000.0,55000.0,VOLUMEN
1382,19,20,CAMA TURKIA  8-08-25 (3),CAMA MODELO TURKIA DE 2X2 8/08/2025,Cama,SECCION PINTURA Y PREPARADA DE 2 NOCHEROS,49,ENCINA,0.1,galon,160000.0,16000.0,VOLUMEN
1383,19,20,CAMA TURKIA  8-08-25 (3),CAMA MODELO TURKIA DE 2X2 8/08/2025,Cama,SECCION PINTURA Y PREPARADA DE 2 NOCHEROS,50,GASOLINA,0.2,ML,4500.0,900.0,LINEAL
1384,19,20,CAMA TURKIA  8-08-25 (3),CAMA MODELO TURKIA DE 2X2 8/08/2025,Cama,SECCION PINTURA Y PREPARADA DE 2 NOCHEROS,51,RESANE,0.2,LITRO,20000.0,4000.0,VOLUMEN
1385,19,20,CAMA TURKIA  8-08-25 (3),CAMA MODELO TURKIA DE 2X2 8/08/2025,Cama,SECCION PINTURA Y PREPARADA DE 2 NOCHEROS,52,LACA,2.0,PISTOLADA,23000.0,46000.0,VOLUMEN
1386,19,20,CAMA TURKIA  8-08-25 (3),CAMA MODELO TURKIA DE 2X2 8/08/2025,Cama,SECCION PINTURA Y PREPARADA DE 2 NOCHEROS,54,Gastos de Pintura 10%,,,,34145.0,FORMULA
1387,19,20,CAMA TURKIA  8-08-25 (3),CAMA MODELO TURKIA DE 2X2 8/08/2025,Cama,SECCION PINTURA Y PREPARADA DE CAMA,56,SECCION PINTURA Y PREPARADA,DE CAMA ,,,,FORMULA
1388,19,20,CAMA TURKIA  8-08-25 (3),CAMA MODELO TURKIA DE 2X2 8/08/2025,Cama,SECCION PINTURA Y PREPARADA DE CAMA,57,PREPARADO JOTA,,CON EL 5%,30000.0,,FORMULA
1389,19,20,CAMA TURKIA  8-08-25 (3),CAMA MODELO TURKIA DE 2X2 8/08/2025,Cama,SECCION PINTURA Y PREPARADA DE CAMA,58,PINTURA ALEX,,CON EL 5%,20000.0,,FORMULA
1390,19,20,CAMA TURKIA  8-08-25 (3),CAMA MODELO TURKIA DE 2X2 8/08/2025,Cama,SECCION PINTURA Y PREPARADA DE CAMA,59,PINTURA DE PATAS ALEX,4.0,,2100.0,8400.0,FORMULA
1391,19,20,CAMA TURKIA  8-08-25 (3),CAMA MODELO TURKIA DE 2X2 8/08/2025,Cama,SECCION PINTURA Y PREPARADA DE CAMA,60,SELLADOR,,PISTOLADAS,18000.0,0.0,FORMULA
1392,19,20,CAMA TURKIA  8-08-25 (3),CAMA MODELO TURKIA DE 2X2 8/08/2025,Cama,SECCION PINTURA Y PREPARADA DE CAMA,61,LIJA 400,,unidades,2000.0,0.0,FORMULA
1393,19,20,CAMA TURKIA  8-08-25 (3),CAMA MODELO TURKIA DE 2X2 8/08/2025,Cama,SECCION PINTURA Y PREPARADA DE CAMA,62,NITRO,,galon,,0.0,FORMULA
1394,19,20,CAMA TURKIA  8-08-25 (3),CAMA MODELO TURKIA DE 2X2 8/08/2025,Cama,SECCION PINTURA Y PREPARADA DE CAMA,63,lija 240,,unidad,2000.0,0.0,FORMULA
1395,19,20,CAMA TURKIA  8-08-25 (3),CAMA MODELO TURKIA DE 2X2 8/08/2025,Cama,SECCION PINTURA Y PREPARADA DE CAMA,64,lija 150,,unidad,2000.0,0.0,FORMULA
1396,19,20,CAMA TURKIA  8-08-25 (3),CAMA MODELO TURKIA DE 2X2 8/08/2025,Cama,SECCION PINTURA Y PREPARADA DE CAMA,65,laca semimate,,GALON,23000.0,0.0,FORMULA
1397,19,20,CAMA TURKIA  8-08-25 (3),CAMA MODELO TURKIA DE 2X2 8/08/2025,Cama,SECCION PINTURA Y PREPARADA DE CAMA,66,kerosen,,litro,18000.0,0.0,FORMULA
1398,19,20,CAMA TURKIA  8-08-25 (3),CAMA MODELO TURKIA DE 2X2 8/08/2025,Cama,SECCION PINTURA Y PREPARADA DE CAMA,67,COLOR GRIS,,PISTOLADA,19000.0,0.0,FORMULA
1399,19,20,CAMA TURKIA  8-08-25 (3),CAMA MODELO TURKIA DE 2X2 8/08/2025,Cama,SECCION PINTURA Y PREPARADA DE CAMA,68,TINTE MIEL,,galon,,0.0,FORMULA
1400,19,20,CAMA TURKIA  8-08-25 (3),CAMA MODELO TURKIA DE 2X2 8/08/2025,Cama,SECCION PINTURA Y PREPARADA DE CAMA,69,GASOLINA,,LITRO,4.5,0.0,FORMULA
1401,19,20,CAMA TURKIA  8-08-25 (3),CAMA MODELO TURKIA DE 2X2 8/08/2025,Cama,SECCION PINTURA Y PREPARADA DE CAMA,70,RESANE,,LITRO,,0.0,FORMULA
1402,19,20,CAMA TURKIA  8-08-25 (3),CAMA MODELO TURKIA DE 2X2 8/08/2025,Cama,SECCION PINTURA Y PREPARADA DE CAMA,71,LACA,,PISTOLADA,22000.0,0.0,FORMULA
1403,19,20,CAMA TURKIA  8-08-25 (3),CAMA MODELO TURKIA DE 2X2 8/08/2025,Cama,SECCION TERMINACION,76,COLAPATO MADERA,210.0,187 CENTIMETROS,140.0,29400.0,LINEAL
1404,19,20,CAMA TURKIA  8-08-25 (3),CAMA MODELO TURKIA DE 2X2 8/08/2025,Cama,SECCION TERMINACION,77,MULTIUSO,1.0,PAR,6000.0,6000.0,FIJO
1405,19,20,CAMA TURKIA  8-08-25 (3),CAMA MODELO TURKIA DE 2X2 8/08/2025,Cama,SECCION TERMINACION,78,PATAS DE CAMAS,4.0,unidades,17500.0,70000.0,FORMULA
1406,19,20,CAMA TURKIA  8-08-25 (3),CAMA MODELO TURKIA DE 2X2 8/08/2025,Cama,SECCION TERMINACION,79,TORNILLOS,16.0,unidades,100.0,1600.0,ESPACIADO
1407,19,20,CAMA TURKIA  8-08-25 (3),CAMA MODELO TURKIA DE 2X2 8/08/2025,Cama,SECCION TERMINACION,80,EMBALADA,1.0,unidades,150000.0,150000.0,FIJO
1408,19,20,CAMA TURKIA  8-08-25 (3),CAMA MODELO TURKIA DE 2X2 8/08/2025,Cama,SECCION TERMINACION,83,SECCION TENDIDO,,,,0.0,FORMULA
1409,19,20,CAMA TURKIA  8-08-25 (3),CAMA MODELO TURKIA DE 2X2 8/08/2025,Cama,SECCION TERMINACION,84,MADERA 60X1X4,1277.0,2X25X15,140.0,178780.0,FORMULA
1410,19,20,CAMA TURKIA  8-08-25 (3),CAMA MODELO TURKIA DE 2X2 8/08/2025,Cama,SECCION TERMINACION,86,FABRICACION TENDIDO,1.0,DE 2X2,42000.0,42000.0,FIJO
1411,19,20,CAMA TURKIA  8-08-25 (3),CAMA MODELO TURKIA DE 2X2 8/08/2025,Cama,SECCION TERMINACION,87,MDF DE 9,,unidades,140000.0,0.0,FORMULA
1412,19,20,CAMA TURKIA  8-08-25 (3),CAMA MODELO TURKIA DE 2X2 8/08/2025,Cama,SECCION TERMINACION,88,COLBON,0.5,LITRO,14000.0,7000.0,VOLUMEN
1413,19,20,CAMA TURKIA  8-08-25 (3),CAMA MODELO TURKIA DE 2X2 8/08/2025,Cama,SECCION TERMINACION,89,"TORNILLOS DE 2""",50.0,unidades,100.0,5000.0,ESPACIADO
1414,19,20,CAMA TURKIA  8-08-25 (3),CAMA MODELO TURKIA DE 2X2 8/08/2025,Cama,SECCION TERMINACION,90,CLAVILLO,2.0,TIRAS,600.0,1200.0,ESPACIADO
1415,19,20,CAMA TURKIA  8-08-25 (3),CAMA MODELO TURKIA DE 2X2 8/08/2025,Cama,SECCION TERMINACION,91,PEOPE,2.0,METROS,3500.0,7000.0,LINEAL
1416,19,20,CAMA TURKIA  8-08-25 (3),CAMA MODELO TURKIA DE 2X2 8/08/2025,Cama,SECCION TAPICERIA,95,TELA,10.0,METROS,34000.0,340000.0,AREA
1417,19,20,CAMA TURKIA  8-08-25 (3),CAMA MODELO TURKIA DE 2X2 8/08/2025,Cama,SECCION TAPICERIA,96,BARILLA TRIPA POLLO,,,15000.0,0.0,FORMULA
1418,19,20,CAMA TURKIA  8-08-25 (3),CAMA MODELO TURKIA DE 2X2 8/08/2025,Cama,SECCION TAPICERIA,97,GAZATA,,METROS,53000.0,0.0,FORMULA
1419,19,20,CAMA TURKIA  8-08-25 (3),CAMA MODELO TURKIA DE 2X2 8/08/2025,Cama,SECCION TAPICERIA,98,COLARATA,,METROS,1000.0,0.0,FORMULA
1420,19,20,CAMA TURKIA  8-08-25 (3),CAMA MODELO TURKIA DE 2X2 8/08/2025,Cama,SECCION TAPICERIA,99,GRAPAS,0.5,CAJA DE GRAPAS,12000.0,6000.0,ESPACIADO
1421,19,20,CAMA TURKIA  8-08-25 (3),CAMA MODELO TURKIA DE 2X2 8/08/2025,Cama,SECCION TAPICERIA,100,ESPUMA AZUL DE 2 PULGADAS,1.0,LAMINA,41000.0,41000.0,AREA
1422,19,20,CAMA TURKIA  8-08-25 (3),CAMA MODELO TURKIA DE 2X2 8/08/2025,Cama,SECCION TAPICERIA,101,"TORNILLOS DE 1 1/2""",30.0,UNIDADES,100.0,3000.0,ESPACIADO
1423,19,20,CAMA TURKIA  8-08-25 (3),CAMA MODELO TURKIA DE 2X2 8/08/2025,Cama,SECCION TAPICERIA,102,ESPUMA DE 1 PULGADA ROSADA,2.0,UNIDADES,20000.0,40000.0,AREA
1424,19,20,CAMA TURKIA  8-08-25 (3),CAMA MODELO TURKIA DE 2X2 8/08/2025,Cama,SECCION TAPICERIA,103,ESPUMA DE 1. BLANCA DE 1,,UNIDADES,20000.0,0.0,FORMULA
1425,19,20,CAMA TURKIA  8-08-25 (3),CAMA MODELO TURKIA DE 2X2 8/08/2025,Cama,SECCION TAPICERIA,104,ESPUMA ROSADA,,UNIDAD,18700.0,0.0,FORMULA
1426,19,20,CAMA TURKIA  8-08-25 (3),CAMA MODELO TURKIA DE 2X2 8/08/2025,Cama,SECCION TAPICERIA,105,CARTON,2.5,MTS,5000.0,12500.0,LINEAL
1427,19,20,CAMA TURKIA  8-08-25 (3),CAMA MODELO TURKIA DE 2X2 8/08/2025,Cama,SECCION TAPICERIA,106,COSTAL,5.0,METROS,4000.0,20000.0,AREA
1428,19,20,CAMA TURKIA  8-08-25 (3),CAMA MODELO TURKIA DE 2X2 8/08/2025,Cama,SECCION TAPICERIA,107,LENCILLO,2.0,METROS,4000.0,8000.0,LINEAL
1429,19,20,CAMA TURKIA  8-08-25 (3),CAMA MODELO TURKIA DE 2X2 8/08/2025,Cama,SECCION TAPICERIA,108,HILO,0.5,,25000.0,12500.0,FORMULA
1430,19,20,CAMA TURKIA  8-08-25 (3),CAMA MODELO TURKIA DE 2X2 8/08/2025,Cama,SECCION TAPICERIA,109,PICADILLO,3.0,KILO,15000.0,45000.0,FORMULA
1431,19,20,CAMA TURKIA  8-08-25 (3),CAMA MODELO TURKIA DE 2X2 8/08/2025,Cama,SECCION TAPICERIA,110,SUPER,0.2,LITRO,15000.0,3000.0,VOLUMEN
1432,19,20,CAMA TURKIA  8-08-25 (3),CAMA MODELO TURKIA DE 2X2 8/08/2025,Cama,SECCION TAPICERIA,111,ALGODON,3.0,CM,15000.0,45000.0,LINEAL
1433,19,20,CAMA TURKIA  8-08-25 (3),CAMA MODELO TURKIA DE 2X2 8/08/2025,Cama,SECCION TAPICERIA,112,HECHURA,1.0,,210000.0,210000.0,FIJO
1434,19,20,CAMA TURKIA  8-08-25 (3),CAMA MODELO TURKIA DE 2X2 8/08/2025,Cama,SECCION TAPICERIA,113,GUATA,2.5,UNIDADES,13000.0,32500.0,FORMULA
1435,20,21,CAMA KATY 8-08-25 (4),CAMA MODELO KATI DE 2X2 18/08/2025,Cama,,7,MADERA (2),1400.0,APAMATE,140.0,196000.0,FORMULA
1436,20,21,CAMA KATY 8-08-25 (4),CAMA MODELO KATI DE 2X2 18/08/2025,Cama,,8,"MDF DE 2,7",0.2,3 PEASOS DE 49X49,65000.0,13000.0,AREA
1437,20,21,CAMA KATY 8-08-25 (4),CAMA MODELO KATI DE 2X2 18/08/2025,Cama,,9,INDUPLAX,0.0,Unidad,160000.0,0.0,AREA
1438,20,21,CAMA KATY 8-08-25 (4),CAMA MODELO KATI DE 2X2 18/08/2025,Cama,,10,LAMINA DE 15,,Unidad,210000.0,0.0,FORMULA
1439,20,21,CAMA KATY 8-08-25 (4),CAMA MODELO KATI DE 2X2 18/08/2025,Cama,,11,SUPER,,LITROS,19000.0,0.0,FORMULA
1440,20,21,CAMA KATY 8-08-25 (4),CAMA MODELO KATI DE 2X2 18/08/2025,Cama,,12,COLBON,1.0,LITROS,14000.0,14000.0,VOLUMEN
1441,20,21,CAMA KATY 8-08-25 (4),CAMA MODELO KATI DE 2X2 18/08/2025,Cama,,13,GRAPAS,15.0,Unidad,600.0,9000.0,ESPACIADO
1442,20,21,CAMA KATY 8-08-25 (4),CAMA MODELO KATI DE 2X2 18/08/2025,Cama,,14,CORREDERAS,,UNITARIO,30000.0,0.0,FIJO
1443,20,21,CAMA KATY 8-08-25 (4),CAMA MODELO KATI DE 2X2 18/08/2025,Cama,,15,CLAVILLOS,15.0,TIRA,1000.0,15000.0,ESPACIADO
1444,20,21,CAMA KATY 8-08-25 (4),CAMA MODELO KATI DE 2X2 18/08/2025,Cama,,16,GANCHOS,1.0,PAR,20000.0,20000.0,FIJO
1445,20,21,CAMA KATY 8-08-25 (4),CAMA MODELO KATI DE 2X2 18/08/2025,Cama,,17,MDF DE 9,,,136000.0,0.0,FORMULA
1446,20,21,CAMA KATY 8-08-25 (4),CAMA MODELO KATI DE 2X2 18/08/2025,Cama,,18,"TORNILLOS DE 2""",197.0,Unidad,100.0,19700.0,ESPACIADO
1447,20,21,CAMA KATY 8-08-25 (4),CAMA MODELO KATI DE 2X2 18/08/2025,Cama,,19,ebanisteria 300.000 x 5% de m.o,,,,315000.0,FORMULA
1448,20,21,CAMA KATY 8-08-25 (4),CAMA MODELO KATI DE 2X2 18/08/2025,Cama,,21,gastos de Ebanisteria e 10%,,,,73814.0,FORMULA
1449,20,21,CAMA KATY 8-08-25 (4),CAMA MODELO KATI DE 2X2 18/08/2025,Cama,,25,MADERA (2),468.0,"2,10X22X18= 832 2,10X20X15=630",140.0,65520.0,FORMULA
1450,20,21,CAMA KATY 8-08-25 (4),CAMA MODELO KATI DE 2X2 18/08/2025,Cama,,26,MDF DE 3,200.0,"1 PEDAZO DE 1,20X45=54",65.0,13000.0,AREA
1451,20,21,CAMA KATY 8-08-25 (4),CAMA MODELO KATI DE 2X2 18/08/2025,Cama,,27,LAM MDF 15,250.0,"1 PEDASO DE 1.25 X55=68,75",210.0,52500.0,AREA
1452,20,21,CAMA KATY 8-08-25 (4),CAMA MODELO KATI DE 2X2 18/08/2025,Cama,,28,LAM MDF 7,175.0,"1 PEDASO DE 1,50X40=60",130.0,21875.0,AREA
1453,20,21,CAMA KATY 8-08-25 (4),CAMA MODELO KATI DE 2X2 18/08/2025,Cama,,29,COLBON,2.0,litros,14000.0,28000.0,VOLUMEN
1454,20,21,CAMA KATY 8-08-25 (4),CAMA MODELO KATI DE 2X2 18/08/2025,Cama,,30,GRAPAS,10.0,Unidad,600.0,6000.0,ESPACIADO
1455,20,21,CAMA KATY 8-08-25 (4),CAMA MODELO KATI DE 2X2 18/08/2025,Cama,,31,CLAVILLOS N F 40,6.0,TIRA,1000.0,6000.0,ESPACIADO
1456,20,21,CAMA KATY 8-08-25 (4),CAMA MODELO KATI DE 2X2 18/08/2025,Cama,,32,HECHURA,2.0,PAR,105000.0,210000.0,FORMULA
1457,20,21,CAMA KATY 8-08-25 (4),CAMA MODELO KATI DE 2X2 18/08/2025,Cama,,33,"TORNILLOS DE 2""",30.0,Unidad,100.0,3000.0,ESPACIADO
1458,20,21,CAMA KATY 8-08-25 (4),CAMA MODELO KATI DE 2X2 18/08/2025,Cama,,34,CORREDERAS,4.0,DE CIERRELENTO,30000.0,120000.0,FORMULA
1459,20,21,CAMA KATY 8-08-25 (4),CAMA MODELO KATI DE 2X2 18/08/2025,Cama,,36,gastos de Ebanisteria e 5%,,,,26294.75,FORMULA
1460,20,21,CAMA KATY 8-08-25 (4),CAMA MODELO KATI DE 2X2 18/08/2025,Cama,SECCION PINTURA Y PREPARADA DE 2 NOCHEROS,38,SECCION PINTURA Y PREPARADA,DE 2 NOCHEROS ,,,,FORMULA
1461,20,21,CAMA KATY 8-08-25 (4),CAMA MODELO KATI DE 2X2 18/08/2025,Cama,SECCION PINTURA Y PREPARADA DE 2 NOCHEROS,39,PREPARADO JOTA,2.0,CON EL 5%,36750.0,73500.0,FORMULA
1462,20,21,CAMA KATY 8-08-25 (4),CAMA MODELO KATI DE 2X2 18/08/2025,Cama,SECCION PINTURA Y PREPARADA DE 2 NOCHEROS,40,PINTURA ALEX,2.0,CON EL 5%,36750.0,73500.0,FORMULA
1463,20,21,CAMA KATY 8-08-25 (4),CAMA MODELO KATI DE 2X2 18/08/2025,Cama,SECCION PINTURA Y PREPARADA DE 2 NOCHEROS,41,SELLADOR,3.0,PISTOLADAS,18000.0,54000.0,VOLUMEN
1464,20,21,CAMA KATY 8-08-25 (4),CAMA MODELO KATI DE 2X2 18/08/2025,Cama,SECCION PINTURA Y PREPARADA DE 2 NOCHEROS,42,LIJA 400,2.0,unidades,2000.0,4000.0,FORMULA
1465,20,21,CAMA KATY 8-08-25 (4),CAMA MODELO KATI DE 2X2 18/08/2025,Cama,SECCION PINTURA Y PREPARADA DE 2 NOCHEROS,43,NITRO,0.1,galon,70000.0,7000.0,VOLUMEN
1466,20,21,CAMA KATY 8-08-25 (4),CAMA MODELO KATI DE 2X2 18/08/2025,Cama,SECCION PINTURA Y PREPARADA DE 2 NOCHEROS,44,VIDRIOS,,unidad,45000.0,0.0,FORMULA
1467,20,21,CAMA KATY 8-08-25 (4),CAMA MODELO KATI DE 2X2 18/08/2025,Cama,SECCION PINTURA Y PREPARADA DE 2 NOCHEROS,45,TALCO,0.3,unidad,2500.0,750.0,FORMULA
1468,20,21,CAMA KATY 8-08-25 (4),CAMA MODELO KATI DE 2X2 18/08/2025,Cama,SECCION PINTURA Y PREPARADA DE 2 NOCHEROS,46,TINER,0.2,GALON,34000.0,6800.0,VOLUMEN
1469,20,21,CAMA KATY 8-08-25 (4),CAMA MODELO KATI DE 2X2 18/08/2025,Cama,SECCION PINTURA Y PREPARADA DE 2 NOCHEROS,47,TOPES,,JALADORES,3000.0,0.0,FORMULA
1470,20,21,CAMA KATY 8-08-25 (4),CAMA MODELO KATI DE 2X2 18/08/2025,Cama,SECCION PINTURA Y PREPARADA DE 2 NOCHEROS,48,COLOR GRIS,2.5,PISTOLADA,22000.0,55000.0,VOLUMEN
1471,20,21,CAMA KATY 8-08-25 (4),CAMA MODELO KATI DE 2X2 18/08/2025,Cama,SECCION PINTURA Y PREPARADA DE 2 NOCHEROS,49,ENCINA,0.1,galon,160000.0,16000.0,VOLUMEN
1472,20,21,CAMA KATY 8-08-25 (4),CAMA MODELO KATI DE 2X2 18/08/2025,Cama,SECCION PINTURA Y PREPARADA DE 2 NOCHEROS,50,GASOLINA,0.2,ML,4500.0,900.0,LINEAL
1473,20,21,CAMA KATY 8-08-25 (4),CAMA MODELO KATI DE 2X2 18/08/2025,Cama,SECCION PINTURA Y PREPARADA DE 2 NOCHEROS,51,RESANE,0.2,LITRO,20000.0,4000.0,VOLUMEN
1474,20,21,CAMA KATY 8-08-25 (4),CAMA MODELO KATI DE 2X2 18/08/2025,Cama,SECCION PINTURA Y PREPARADA DE 2 NOCHEROS,52,LACA,2.0,PISTOLADA,23000.0,46000.0,VOLUMEN
1475,20,21,CAMA KATY 8-08-25 (4),CAMA MODELO KATI DE 2X2 18/08/2025,Cama,SECCION PINTURA Y PREPARADA DE 2 NOCHEROS,54,Gastos de Pintura 10%,,,,34145.0,FORMULA
1476,20,21,CAMA KATY 8-08-25 (4),CAMA MODELO KATI DE 2X2 18/08/2025,Cama,SECCION PINTURA Y PREPARADA DE CAMA,56,SECCION PINTURA Y PREPARADA,DE CAMA ,,,,FORMULA
1477,20,21,CAMA KATY 8-08-25 (4),CAMA MODELO KATI DE 2X2 18/08/2025,Cama,SECCION PINTURA Y PREPARADA DE CAMA,57,PREPARADO JOTA,,CON EL 5%,30000.0,,FORMULA
1478,20,21,CAMA KATY 8-08-25 (4),CAMA MODELO KATI DE 2X2 18/08/2025,Cama,SECCION PINTURA Y PREPARADA DE CAMA,58,PINTURA ALEX,,CON EL 5%,20000.0,,FORMULA
1479,20,21,CAMA KATY 8-08-25 (4),CAMA MODELO KATI DE 2X2 18/08/2025,Cama,SECCION PINTURA Y PREPARADA DE CAMA,59,PINTURA DE PATAS ALEX,4.0,,2100.0,8400.0,FORMULA
1480,20,21,CAMA KATY 8-08-25 (4),CAMA MODELO KATI DE 2X2 18/08/2025,Cama,SECCION PINTURA Y PREPARADA DE CAMA,60,SELLADOR,,PISTOLADAS,18000.0,0.0,FORMULA
1481,20,21,CAMA KATY 8-08-25 (4),CAMA MODELO KATI DE 2X2 18/08/2025,Cama,SECCION PINTURA Y PREPARADA DE CAMA,61,LIJA 400,,unidades,2000.0,0.0,FORMULA
1482,20,21,CAMA KATY 8-08-25 (4),CAMA MODELO KATI DE 2X2 18/08/2025,Cama,SECCION PINTURA Y PREPARADA DE CAMA,62,NITRO,,galon,,0.0,FORMULA
1483,20,21,CAMA KATY 8-08-25 (4),CAMA MODELO KATI DE 2X2 18/08/2025,Cama,SECCION PINTURA Y PREPARADA DE CAMA,63,lija 240,,unidad,2000.0,0.0,FORMULA
1484,20,21,CAMA KATY 8-08-25 (4),CAMA MODELO KATI DE 2X2 18/08/2025,Cama,SECCION PINTURA Y PREPARADA DE CAMA,64,lija 150,,unidad,2000.0,0.0,FORMULA
1485,20,21,CAMA KATY 8-08-25 (4),CAMA MODELO KATI DE 2X2 18/08/2025,Cama,SECCION PINTURA Y PREPARADA DE CAMA,65,laca semimate,,GALON,23000.0,0.0,FORMULA
1486,20,21,CAMA KATY 8-08-25 (4),CAMA MODELO KATI DE 2X2 18/08/2025,Cama,SECCION PINTURA Y PREPARADA DE CAMA,66,kerosen,,litro,18000.0,0.0,FORMULA
1487,20,21,CAMA KATY 8-08-25 (4),CAMA MODELO KATI DE 2X2 18/08/2025,Cama,SECCION PINTURA Y PREPARADA DE CAMA,67,COLOR GRIS,,PISTOLADA,19000.0,0.0,FORMULA
1488,20,21,CAMA KATY 8-08-25 (4),CAMA MODELO KATI DE 2X2 18/08/2025,Cama,SECCION PINTURA Y PREPARADA DE CAMA,68,TINTE MIEL,,galon,,0.0,FORMULA
1489,20,21,CAMA KATY 8-08-25 (4),CAMA MODELO KATI DE 2X2 18/08/2025,Cama,SECCION PINTURA Y PREPARADA DE CAMA,69,GASOLINA,,LITRO,4.5,0.0,FORMULA
1490,20,21,CAMA KATY 8-08-25 (4),CAMA MODELO KATI DE 2X2 18/08/2025,Cama,SECCION PINTURA Y PREPARADA DE CAMA,70,RESANE,,LITRO,,0.0,FORMULA
1491,20,21,CAMA KATY 8-08-25 (4),CAMA MODELO KATI DE 2X2 18/08/2025,Cama,SECCION PINTURA Y PREPARADA DE CAMA,71,LACA,,PISTOLADA,22000.0,0.0,FORMULA
1492,20,21,CAMA KATY 8-08-25 (4),CAMA MODELO KATI DE 2X2 18/08/2025,Cama,SECCION TERMINACION,76,COLAPATO MADERA,210.0,187 CENTIMETROS,140.0,29400.0,LINEAL
1493,20,21,CAMA KATY 8-08-25 (4),CAMA MODELO KATI DE 2X2 18/08/2025,Cama,SECCION TERMINACION,77,MULTIUSO,1.0,PAR,6000.0,6000.0,FIJO
1494,20,21,CAMA KATY 8-08-25 (4),CAMA MODELO KATI DE 2X2 18/08/2025,Cama,SECCION TERMINACION,78,PATAS DE CAMAS,4.0,unidades,17500.0,70000.0,FORMULA
1495,20,21,CAMA KATY 8-08-25 (4),CAMA MODELO KATI DE 2X2 18/08/2025,Cama,SECCION TERMINACION,79,TORNILLOS,16.0,unidades,100.0,1600.0,ESPACIADO
1496,20,21,CAMA KATY 8-08-25 (4),CAMA MODELO KATI DE 2X2 18/08/2025,Cama,SECCION TERMINACION,80,EMBALADA,1.0,unidades,150000.0,150000.0,FIJO
1497,20,21,CAMA KATY 8-08-25 (4),CAMA MODELO KATI DE 2X2 18/08/2025,Cama,SECCION TERMINACION,83,SECCION TENDIDO,,,,0.0,FORMULA
1498,20,21,CAMA KATY 8-08-25 (4),CAMA MODELO KATI DE 2X2 18/08/2025,Cama,SECCION TERMINACION,84,MADERA 60X1X4,1277.0,2X25X15,140.0,178780.0,FORMULA
1499,20,21,CAMA KATY 8-08-25 (4),CAMA MODELO KATI DE 2X2 18/08/2025,Cama,SECCION TERMINACION,86,FABRICACION TENDIDO,1.0,DE 2X2,42000.0,42000.0,FIJO
1500,20,21,CAMA KATY 8-08-25 (4),CAMA MODELO KATI DE 2X2 18/08/2025,Cama,SECCION TERMINACION,87,MDF DE 9,,unidades,140000.0,0.0,FORMULA
1501,20,21,CAMA KATY 8-08-25 (4),CAMA MODELO KATI DE 2X2 18/08/2025,Cama,SECCION TERMINACION,88,COLBON,0.5,LITRO,14000.0,7000.0,VOLUMEN
1502,20,21,CAMA KATY 8-08-25 (4),CAMA MODELO KATI DE 2X2 18/08/2025,Cama,SECCION TERMINACION,89,"TORNILLOS DE 2""",50.0,unidades,100.0,5000.0,ESPACIADO
1503,20,21,CAMA KATY 8-08-25 (4),CAMA MODELO KATI DE 2X2 18/08/2025,Cama,SECCION TERMINACION,90,CLAVILLO,2.0,TIRAS,600.0,1200.0,ESPACIADO
1504,20,21,CAMA KATY 8-08-25 (4),CAMA MODELO KATI DE 2X2 18/08/2025,Cama,SECCION TERMINACION,91,PEOPE,2.0,METROS,3500.0,7000.0,LINEAL
1505,20,21,CAMA KATY 8-08-25 (4),CAMA MODELO KATI DE 2X2 18/08/2025,Cama,SECCION TAPICERIA,95,TELA,10.0,METROS,34000.0,340000.0,AREA
1506,20,21,CAMA KATY 8-08-25 (4),CAMA MODELO KATI DE 2X2 18/08/2025,Cama,SECCION TAPICERIA,96,BARILLA TRIPA POLLO,,,15000.0,0.0,FORMULA
1507,20,21,CAMA KATY 8-08-25 (4),CAMA MODELO KATI DE 2X2 18/08/2025,Cama,SECCION TAPICERIA,97,GAZATA,0.16,METROS,53000.0,8480.0,LINEAL
1508,20,21,CAMA KATY 8-08-25 (4),CAMA MODELO KATI DE 2X2 18/08/2025,Cama,SECCION TAPICERIA,98,COLARATA,4.8,METROS,1000.0,4800.0,LINEAL
1509,20,21,CAMA KATY 8-08-25 (4),CAMA MODELO KATI DE 2X2 18/08/2025,Cama,SECCION TAPICERIA,99,GRAPAS,0.5,CAJA DE GRAPAS,12000.0,6000.0,ESPACIADO
1510,20,21,CAMA KATY 8-08-25 (4),CAMA MODELO KATI DE 2X2 18/08/2025,Cama,SECCION TAPICERIA,100,ESPUMA AZUL DE 2 PULGADAS,1.0,LAMINA,41000.0,41000.0,AREA
1511,20,21,CAMA KATY 8-08-25 (4),CAMA MODELO KATI DE 2X2 18/08/2025,Cama,SECCION TAPICERIA,101,"TORNILLOS DE 1 1/2""",30.0,UNIDADES,100.0,3000.0,ESPACIADO
1512,20,21,CAMA KATY 8-08-25 (4),CAMA MODELO KATI DE 2X2 18/08/2025,Cama,SECCION TAPICERIA,102,ESPUMA DE 1 1/2PULGADA ROSADA,1.0,UNIDADES,30000.0,30000.0,AREA
1513,20,21,CAMA KATY 8-08-25 (4),CAMA MODELO KATI DE 2X2 18/08/2025,Cama,SECCION TAPICERIA,103,ESPUMA DE 1. BLANCA,1.0,UNIDADES,12500.0,12500.0,AREA
1514,20,21,CAMA KATY 8-08-25 (4),CAMA MODELO KATI DE 2X2 18/08/2025,Cama,SECCION TAPICERIA,104,"ESPUMA BLANCA DE 1,1/2",1.0,UNIDAD,18700.0,18700.0,AREA
1515,20,21,CAMA KATY 8-08-25 (4),CAMA MODELO KATI DE 2X2 18/08/2025,Cama,SECCION TAPICERIA,105,CARTON,1.8,MTS,5000.0,9000.0,LINEAL
1516,20,21,CAMA KATY 8-08-25 (4),CAMA MODELO KATI DE 2X2 18/08/2025,Cama,SECCION TAPICERIA,106,COSTAL,5.0,METROS,4000.0,20000.0,AREA
1517,20,21,CAMA KATY 8-08-25 (4),CAMA MODELO KATI DE 2X2 18/08/2025,Cama,SECCION TAPICERIA,107,LENCILLO,1.5,METROS,4000.0,6000.0,LINEAL
1518,20,21,CAMA KATY 8-08-25 (4),CAMA MODELO KATI DE 2X2 18/08/2025,Cama,SECCION TAPICERIA,108,HILO,0.5,,25000.0,12500.0,FORMULA
1519,20,21,CAMA KATY 8-08-25 (4),CAMA MODELO KATI DE 2X2 18/08/2025,Cama,SECCION TAPICERIA,109,PICADILLO,,KILO,15000.0,0.0,FORMULA
1520,20,21,CAMA KATY 8-08-25 (4),CAMA MODELO KATI DE 2X2 18/08/2025,Cama,SECCION TAPICERIA,110,SUPER,0.2,LITRO,15000.0,3000.0,VOLUMEN
1521,20,21,CAMA KATY 8-08-25 (4),CAMA MODELO KATI DE 2X2 18/08/2025,Cama,SECCION TAPICERIA,111,ALGODON,,CM,15000.0,0.0,FORMULA
1522,20,21,CAMA KATY 8-08-25 (4),CAMA MODELO KATI DE 2X2 18/08/2025,Cama,SECCION TAPICERIA,112,HECHURA,1.0,,210000.0,210000.0,FIJO
1523,20,21,CAMA KATY 8-08-25 (4),CAMA MODELO KATI DE 2X2 18/08/2025,Cama,SECCION TAPICERIA,113,CASQUETES,,UNIDADES,600.0,0.0,FORMULA
1524,21,22,CAMA TABAY  8-08-25 (2),CAMA MODELO TABAY DE 2X2 18/08/2025,Cama,,7,MADERA (2),1400.0,APAMATE,140.0,196000.0,FORMULA
1525,21,22,CAMA TABAY  8-08-25 (2),CAMA MODELO TABAY DE 2X2 18/08/2025,Cama,,8,"MDF DE 2,7",0.2,3 PEASOS DE 49X49,65000.0,13000.0,AREA
1526,21,22,CAMA TABAY  8-08-25 (2),CAMA MODELO TABAY DE 2X2 18/08/2025,Cama,,9,INDUPLAX,0.0,Unidad,160000.0,0.0,AREA
1527,21,22,CAMA TABAY  8-08-25 (2),CAMA MODELO TABAY DE 2X2 18/08/2025,Cama,,10,LAMINA DE 15,,Unidad,210000.0,0.0,FORMULA
1528,21,22,CAMA TABAY  8-08-25 (2),CAMA MODELO TABAY DE 2X2 18/08/2025,Cama,,11,SUPER,,LITROS,19000.0,0.0,FORMULA
1529,21,22,CAMA TABAY  8-08-25 (2),CAMA MODELO TABAY DE 2X2 18/08/2025,Cama,,12,COLBON,1.0,LITROS,14000.0,14000.0,VOLUMEN
1530,21,22,CAMA TABAY  8-08-25 (2),CAMA MODELO TABAY DE 2X2 18/08/2025,Cama,,13,GRAPAS,15.0,Unidad,600.0,9000.0,ESPACIADO
1531,21,22,CAMA TABAY  8-08-25 (2),CAMA MODELO TABAY DE 2X2 18/08/2025,Cama,,14,CORREDERAS,,UNITARIO,30000.0,0.0,FIJO
1532,21,22,CAMA TABAY  8-08-25 (2),CAMA MODELO TABAY DE 2X2 18/08/2025,Cama,,15,CLAVILLOS,15.0,TIRA,1000.0,15000.0,ESPACIADO
1533,21,22,CAMA TABAY  8-08-25 (2),CAMA MODELO TABAY DE 2X2 18/08/2025,Cama,,16,GANCHOS,1.0,PAR,20000.0,20000.0,FIJO
1534,21,22,CAMA TABAY  8-08-25 (2),CAMA MODELO TABAY DE 2X2 18/08/2025,Cama,,17,MDF DE 9,,,136000.0,0.0,FORMULA
1535,21,22,CAMA TABAY  8-08-25 (2),CAMA MODELO TABAY DE 2X2 18/08/2025,Cama,,18,"TORNILLOS DE 2""",197.0,Unidad,100.0,19700.0,ESPACIADO
1536,21,22,CAMA TABAY  8-08-25 (2),CAMA MODELO TABAY DE 2X2 18/08/2025,Cama,,19,ebanisteria 300.000 x 5% de m.o,,,,315000.0,FORMULA
1537,21,22,CAMA TABAY  8-08-25 (2),CAMA MODELO TABAY DE 2X2 18/08/2025,Cama,,21,gastos de Ebanisteria e 10%,,,,73814.0,FORMULA
1538,21,22,CAMA TABAY  8-08-25 (2),CAMA MODELO TABAY DE 2X2 18/08/2025,Cama,,25,MADERA (2),468.0,"2,10X22X18= 832 2,10X20X15=630",140.0,65520.0,FORMULA
1539,21,22,CAMA TABAY  8-08-25 (2),CAMA MODELO TABAY DE 2X2 18/08/2025,Cama,,26,MDF DE 3,200.0,"1 PEDAZO DE 1,20X45=54",65.0,13000.0,AREA
1540,21,22,CAMA TABAY  8-08-25 (2),CAMA MODELO TABAY DE 2X2 18/08/2025,Cama,,27,LAM MDF 15,250.0,"1 PEDASO DE 1.25 X55=68,75",210.0,52500.0,AREA
1541,21,22,CAMA TABAY  8-08-25 (2),CAMA MODELO TABAY DE 2X2 18/08/2025,Cama,,28,LAM MDF 7,175.0,"1 PEDASO DE 1,50X40=60",130.0,21875.0,AREA
1542,21,22,CAMA TABAY  8-08-25 (2),CAMA MODELO TABAY DE 2X2 18/08/2025,Cama,,29,COLBON,2.0,litros,14000.0,28000.0,VOLUMEN
1543,21,22,CAMA TABAY  8-08-25 (2),CAMA MODELO TABAY DE 2X2 18/08/2025,Cama,,30,GRAPAS,10.0,Unidad,600.0,6000.0,ESPACIADO
1544,21,22,CAMA TABAY  8-08-25 (2),CAMA MODELO TABAY DE 2X2 18/08/2025,Cama,,31,CLAVILLOS N F 40,6.0,TIRA,1000.0,6000.0,ESPACIADO
1545,21,22,CAMA TABAY  8-08-25 (2),CAMA MODELO TABAY DE 2X2 18/08/2025,Cama,,32,HECHURA,2.0,PAR,105000.0,210000.0,FORMULA
1546,21,22,CAMA TABAY  8-08-25 (2),CAMA MODELO TABAY DE 2X2 18/08/2025,Cama,,33,"TORNILLOS DE 2""",30.0,Unidad,100.0,3000.0,ESPACIADO
1547,21,22,CAMA TABAY  8-08-25 (2),CAMA MODELO TABAY DE 2X2 18/08/2025,Cama,,34,CORREDERAS,4.0,DE CIERRELENTO,30000.0,120000.0,FORMULA
1548,21,22,CAMA TABAY  8-08-25 (2),CAMA MODELO TABAY DE 2X2 18/08/2025,Cama,,36,gastos de Ebanisteria e 5%,,,,26294.75,FORMULA
1549,21,22,CAMA TABAY  8-08-25 (2),CAMA MODELO TABAY DE 2X2 18/08/2025,Cama,SECCION PINTURA Y PREPARADA DE 2 NOCHEROS,38,SECCION PINTURA Y PREPARADA,DE 2 NOCHEROS ,,,,FORMULA
1550,21,22,CAMA TABAY  8-08-25 (2),CAMA MODELO TABAY DE 2X2 18/08/2025,Cama,SECCION PINTURA Y PREPARADA DE 2 NOCHEROS,39,PREPARADO JOTA,2.0,CON EL 5%,36750.0,73500.0,FORMULA
1551,21,22,CAMA TABAY  8-08-25 (2),CAMA MODELO TABAY DE 2X2 18/08/2025,Cama,SECCION PINTURA Y PREPARADA DE 2 NOCHEROS,40,PINTURA ALEX,2.0,CON EL 5%,36750.0,73500.0,FORMULA
1552,21,22,CAMA TABAY  8-08-25 (2),CAMA MODELO TABAY DE 2X2 18/08/2025,Cama,SECCION PINTURA Y PREPARADA DE 2 NOCHEROS,41,SELLADOR,3.0,PISTOLADAS,18000.0,54000.0,VOLUMEN
1553,21,22,CAMA TABAY  8-08-25 (2),CAMA MODELO TABAY DE 2X2 18/08/2025,Cama,SECCION PINTURA Y PREPARADA DE 2 NOCHEROS,42,LIJA 400,2.0,unidades,2000.0,4000.0,FORMULA
1554,21,22,CAMA TABAY  8-08-25 (2),CAMA MODELO TABAY DE 2X2 18/08/2025,Cama,SECCION PINTURA Y PREPARADA DE 2 NOCHEROS,43,NITRO,0.1,galon,70000.0,7000.0,VOLUMEN
1555,21,22,CAMA TABAY  8-08-25 (2),CAMA MODELO TABAY DE 2X2 18/08/2025,Cama,SECCION PINTURA Y PREPARADA DE 2 NOCHEROS,44,VIDRIOS,,unidad,45000.0,0.0,FORMULA
1556,21,22,CAMA TABAY  8-08-25 (2),CAMA MODELO TABAY DE 2X2 18/08/2025,Cama,SECCION PINTURA Y PREPARADA DE 2 NOCHEROS,45,TALCO,0.3,unidad,2500.0,750.0,FORMULA
1557,21,22,CAMA TABAY  8-08-25 (2),CAMA MODELO TABAY DE 2X2 18/08/2025,Cama,SECCION PINTURA Y PREPARADA DE 2 NOCHEROS,46,TINER,0.2,GALON,34000.0,6800.0,VOLUMEN
1558,21,22,CAMA TABAY  8-08-25 (2),CAMA MODELO TABAY DE 2X2 18/08/2025,Cama,SECCION PINTURA Y PREPARADA DE 2 NOCHEROS,47,TOPES,,JALADORES,3000.0,0.0,FORMULA
1559,21,22,CAMA TABAY  8-08-25 (2),CAMA MODELO TABAY DE 2X2 18/08/2025,Cama,SECCION PINTURA Y PREPARADA DE 2 NOCHEROS,48,COLOR GRIS,2.5,PISTOLADA,22000.0,55000.0,VOLUMEN
1560,21,22,CAMA TABAY  8-08-25 (2),CAMA MODELO TABAY DE 2X2 18/08/2025,Cama,SECCION PINTURA Y PREPARADA DE 2 NOCHEROS,49,ENCINA,0.1,galon,160000.0,16000.0,VOLUMEN
1561,21,22,CAMA TABAY  8-08-25 (2),CAMA MODELO TABAY DE 2X2 18/08/2025,Cama,SECCION PINTURA Y PREPARADA DE 2 NOCHEROS,50,GASOLINA,0.2,ML,4500.0,900.0,LINEAL
1562,21,22,CAMA TABAY  8-08-25 (2),CAMA MODELO TABAY DE 2X2 18/08/2025,Cama,SECCION PINTURA Y PREPARADA DE 2 NOCHEROS,51,RESANE,0.2,LITRO,20000.0,4000.0,VOLUMEN
1563,21,22,CAMA TABAY  8-08-25 (2),CAMA MODELO TABAY DE 2X2 18/08/2025,Cama,SECCION PINTURA Y PREPARADA DE 2 NOCHEROS,52,LACA,2.0,PISTOLADA,23000.0,46000.0,VOLUMEN
1564,21,22,CAMA TABAY  8-08-25 (2),CAMA MODELO TABAY DE 2X2 18/08/2025,Cama,SECCION PINTURA Y PREPARADA DE 2 NOCHEROS,54,Gastos de Pintura 10%,,,,34145.0,FORMULA
1565,21,22,CAMA TABAY  8-08-25 (2),CAMA MODELO TABAY DE 2X2 18/08/2025,Cama,SECCION PINTURA Y PREPARADA DE CAMA,56,SECCION PINTURA Y PREPARADA,DE CAMA ,,,,FORMULA
1566,21,22,CAMA TABAY  8-08-25 (2),CAMA MODELO TABAY DE 2X2 18/08/2025,Cama,SECCION PINTURA Y PREPARADA DE CAMA,57,PREPARADO JOTA,,CON EL 5%,30000.0,,FORMULA
1567,21,22,CAMA TABAY  8-08-25 (2),CAMA MODELO TABAY DE 2X2 18/08/2025,Cama,SECCION PINTURA Y PREPARADA DE CAMA,58,PINTURA ALEX,,CON EL 5%,20000.0,,FORMULA
1568,21,22,CAMA TABAY  8-08-25 (2),CAMA MODELO TABAY DE 2X2 18/08/2025,Cama,SECCION PINTURA Y PREPARADA DE CAMA,59,PINTURA DE PATAS ALEX,4.0,,2100.0,8400.0,FORMULA
1569,21,22,CAMA TABAY  8-08-25 (2),CAMA MODELO TABAY DE 2X2 18/08/2025,Cama,SECCION PINTURA Y PREPARADA DE CAMA,60,SELLADOR,,PISTOLADAS,18000.0,0.0,FORMULA
1570,21,22,CAMA TABAY  8-08-25 (2),CAMA MODELO TABAY DE 2X2 18/08/2025,Cama,SECCION PINTURA Y PREPARADA DE CAMA,61,LIJA 400,,unidades,2000.0,0.0,FORMULA
1571,21,22,CAMA TABAY  8-08-25 (2),CAMA MODELO TABAY DE 2X2 18/08/2025,Cama,SECCION PINTURA Y PREPARADA DE CAMA,62,NITRO,,galon,,0.0,FORMULA
1572,21,22,CAMA TABAY  8-08-25 (2),CAMA MODELO TABAY DE 2X2 18/08/2025,Cama,SECCION PINTURA Y PREPARADA DE CAMA,63,lija 240,,unidad,2000.0,0.0,FORMULA
1573,21,22,CAMA TABAY  8-08-25 (2),CAMA MODELO TABAY DE 2X2 18/08/2025,Cama,SECCION PINTURA Y PREPARADA DE CAMA,64,lija 150,,unidad,2000.0,0.0,FORMULA
1574,21,22,CAMA TABAY  8-08-25 (2),CAMA MODELO TABAY DE 2X2 18/08/2025,Cama,SECCION PINTURA Y PREPARADA DE CAMA,65,laca semimate,,GALON,23000.0,0.0,FORMULA
1575,21,22,CAMA TABAY  8-08-25 (2),CAMA MODELO TABAY DE 2X2 18/08/2025,Cama,SECCION PINTURA Y PREPARADA DE CAMA,66,kerosen,,litro,18000.0,0.0,FORMULA
1576,21,22,CAMA TABAY  8-08-25 (2),CAMA MODELO TABAY DE 2X2 18/08/2025,Cama,SECCION PINTURA Y PREPARADA DE CAMA,67,COLOR GRIS,,PISTOLADA,19000.0,0.0,FORMULA
1577,21,22,CAMA TABAY  8-08-25 (2),CAMA MODELO TABAY DE 2X2 18/08/2025,Cama,SECCION PINTURA Y PREPARADA DE CAMA,68,TINTE MIEL,,galon,,0.0,FORMULA
1578,21,22,CAMA TABAY  8-08-25 (2),CAMA MODELO TABAY DE 2X2 18/08/2025,Cama,SECCION PINTURA Y PREPARADA DE CAMA,69,GASOLINA,,LITRO,4.5,0.0,FORMULA
1579,21,22,CAMA TABAY  8-08-25 (2),CAMA MODELO TABAY DE 2X2 18/08/2025,Cama,SECCION PINTURA Y PREPARADA DE CAMA,70,RESANE,,LITRO,,0.0,FORMULA
1580,21,22,CAMA TABAY  8-08-25 (2),CAMA MODELO TABAY DE 2X2 18/08/2025,Cama,SECCION PINTURA Y PREPARADA DE CAMA,71,LACA,,PISTOLADA,22000.0,0.0,FORMULA
1581,21,22,CAMA TABAY  8-08-25 (2),CAMA MODELO TABAY DE 2X2 18/08/2025,Cama,SECCION TERMINACION,76,COLAPATO MADERA,210.0,187 CENTIMETROS,140.0,29400.0,LINEAL
1582,21,22,CAMA TABAY  8-08-25 (2),CAMA MODELO TABAY DE 2X2 18/08/2025,Cama,SECCION TERMINACION,77,MULTIUSO,1.0,PAR,6000.0,6000.0,FIJO
1583,21,22,CAMA TABAY  8-08-25 (2),CAMA MODELO TABAY DE 2X2 18/08/2025,Cama,SECCION TERMINACION,78,PATAS DE CAMAS,4.0,unidades,17500.0,70000.0,FORMULA
1584,21,22,CAMA TABAY  8-08-25 (2),CAMA MODELO TABAY DE 2X2 18/08/2025,Cama,SECCION TERMINACION,79,TORNILLOS,16.0,unidades,100.0,1600.0,ESPACIADO
1585,21,22,CAMA TABAY  8-08-25 (2),CAMA MODELO TABAY DE 2X2 18/08/2025,Cama,SECCION TERMINACION,80,EMBALADA,1.0,unidades,150000.0,150000.0,FIJO
1586,21,22,CAMA TABAY  8-08-25 (2),CAMA MODELO TABAY DE 2X2 18/08/2025,Cama,SECCION TERMINACION,83,SECCION TENDIDO,,,,0.0,FORMULA
1587,21,22,CAMA TABAY  8-08-25 (2),CAMA MODELO TABAY DE 2X2 18/08/2025,Cama,SECCION TERMINACION,84,MADERA 60X1X4,1277.0,2X25X15,140.0,178780.0,FORMULA
1588,21,22,CAMA TABAY  8-08-25 (2),CAMA MODELO TABAY DE 2X2 18/08/2025,Cama,SECCION TERMINACION,86,FABRICACION TENDIDO,1.0,DE 2X2,42000.0,42000.0,FIJO
1589,21,22,CAMA TABAY  8-08-25 (2),CAMA MODELO TABAY DE 2X2 18/08/2025,Cama,SECCION TERMINACION,87,MDF DE 9,,unidades,140000.0,0.0,FORMULA
1590,21,22,CAMA TABAY  8-08-25 (2),CAMA MODELO TABAY DE 2X2 18/08/2025,Cama,SECCION TERMINACION,88,COLBON,0.5,LITRO,14000.0,7000.0,VOLUMEN
1591,21,22,CAMA TABAY  8-08-25 (2),CAMA MODELO TABAY DE 2X2 18/08/2025,Cama,SECCION TERMINACION,89,"TORNILLOS DE 2""",50.0,unidades,100.0,5000.0,ESPACIADO
1592,21,22,CAMA TABAY  8-08-25 (2),CAMA MODELO TABAY DE 2X2 18/08/2025,Cama,SECCION TERMINACION,90,CLAVILLO,2.0,TIRAS,600.0,1200.0,ESPACIADO
1593,21,22,CAMA TABAY  8-08-25 (2),CAMA MODELO TABAY DE 2X2 18/08/2025,Cama,SECCION TERMINACION,91,PEOPE,2.0,METROS,3500.0,7000.0,LINEAL
1594,21,22,CAMA TABAY  8-08-25 (2),CAMA MODELO TABAY DE 2X2 18/08/2025,Cama,SECCION TAPICERIA,95,TELA,10.0,METROS,34000.0,340000.0,AREA
1595,21,22,CAMA TABAY  8-08-25 (2),CAMA MODELO TABAY DE 2X2 18/08/2025,Cama,SECCION TAPICERIA,96,BARILLA TRIPA POLLO,,,15000.0,0.0,FORMULA
1596,21,22,CAMA TABAY  8-08-25 (2),CAMA MODELO TABAY DE 2X2 18/08/2025,Cama,SECCION TAPICERIA,97,COLARATA,4.8,METROS,1000.0,4800.0,LINEAL
1597,21,22,CAMA TABAY  8-08-25 (2),CAMA MODELO TABAY DE 2X2 18/08/2025,Cama,SECCION TAPICERIA,98,GRAPAS,0.5,CAJA DE GRAPAS,12000.0,6000.0,ESPACIADO
1598,21,22,CAMA TABAY  8-08-25 (2),CAMA MODELO TABAY DE 2X2 18/08/2025,Cama,SECCION TAPICERIA,99,"ESPUMA AZUL DE 1,5 PULGADAS",1.0,LAMINA,17000.0,17000.0,AREA
1599,21,22,CAMA TABAY  8-08-25 (2),CAMA MODELO TABAY DE 2X2 18/08/2025,Cama,SECCION TAPICERIA,100,"TORNILLOS DE 1 1/2""",30.0,UNIDADES,100.0,3000.0,ESPACIADO
1600,21,22,CAMA TABAY  8-08-25 (2),CAMA MODELO TABAY DE 2X2 18/08/2025,Cama,SECCION TAPICERIA,101,ESPUMA DE 1 1/2PULGADA ROSADA,1.5,UNIDADES,30000.0,45000.0,AREA
1601,21,22,CAMA TABAY  8-08-25 (2),CAMA MODELO TABAY DE 2X2 18/08/2025,Cama,SECCION TAPICERIA,102,ESPUMA BLANCA DE 1/2,1.0,UNIDAD,12500.0,12500.0,AREA
1602,21,22,CAMA TABAY  8-08-25 (2),CAMA MODELO TABAY DE 2X2 18/08/2025,Cama,SECCION TAPICERIA,103,CARTON,1.0,MTS,5000.0,5000.0,LINEAL
1603,21,22,CAMA TABAY  8-08-25 (2),CAMA MODELO TABAY DE 2X2 18/08/2025,Cama,SECCION TAPICERIA,104,COSTAL,4.0,METROS,4000.0,16000.0,AREA
1604,21,22,CAMA TABAY  8-08-25 (2),CAMA MODELO TABAY DE 2X2 18/08/2025,Cama,SECCION TAPICERIA,105,LENCILLO,2.5,METROS,4000.0,10000.0,LINEAL
1605,21,22,CAMA TABAY  8-08-25 (2),CAMA MODELO TABAY DE 2X2 18/08/2025,Cama,SECCION TAPICERIA,106,HILO,0.5,,25000.0,12500.0,FORMULA
1606,21,22,CAMA TABAY  8-08-25 (2),CAMA MODELO TABAY DE 2X2 18/08/2025,Cama,SECCION TAPICERIA,107,PICADILLO,1.5,KILO,15000.0,22500.0,FORMULA
1607,21,22,CAMA TABAY  8-08-25 (2),CAMA MODELO TABAY DE 2X2 18/08/2025,Cama,SECCION TAPICERIA,108,SUPER,0.2,LITRO,15000.0,3000.0,VOLUMEN
1608,21,22,CAMA TABAY  8-08-25 (2),CAMA MODELO TABAY DE 2X2 18/08/2025,Cama,SECCION TAPICERIA,109,ALGODON,2.0,CM,15000.0,30000.0,LINEAL
1609,21,22,CAMA TABAY  8-08-25 (2),CAMA MODELO TABAY DE 2X2 18/08/2025,Cama,SECCION TAPICERIA,110,HECHURA,1.0,,210000.0,210000.0,FIJO
1610,21,22,CAMA TABAY  8-08-25 (2),CAMA MODELO TABAY DE 2X2 18/08/2025,Cama,SECCION TAPICERIA,111,CASQUETES,36.0,UNIDADES,600.0,21600.0,FORMULA
1611,22,23,CAMA GRECIA 8-08-25 (2),CAMA MODELO GRECIA DE 2X2 18/08/2025,Cama,,7,MADERA (2),1651.0,APAMATE,140.0,231140.0,FORMULA
1612,22,23,CAMA GRECIA 8-08-25 (2),CAMA MODELO GRECIA DE 2X2 18/08/2025,Cama,,8,"MDF DE 2,7",0.66,3 PEASOS DE 49X49,65000.0,42900.0,AREA
1613,22,23,CAMA GRECIA 8-08-25 (2),CAMA MODELO GRECIA DE 2X2 18/08/2025,Cama,,9,INDUPLAX,0.0,Unidad,160000.0,0.0,AREA
1614,22,23,CAMA GRECIA 8-08-25 (2),CAMA MODELO GRECIA DE 2X2 18/08/2025,Cama,,10,LAMINA DE 15,0.34,Unidad,210000.0,71400.0,AREA
1615,22,23,CAMA GRECIA 8-08-25 (2),CAMA MODELO GRECIA DE 2X2 18/08/2025,Cama,,11,SUPER,,LITROS,19000.0,0.0,FORMULA
1616,22,23,CAMA GRECIA 8-08-25 (2),CAMA MODELO GRECIA DE 2X2 18/08/2025,Cama,,12,COLBON,1.0,LITROS,14000.0,14000.0,VOLUMEN
1617,22,23,CAMA GRECIA 8-08-25 (2),CAMA MODELO GRECIA DE 2X2 18/08/2025,Cama,,13,GRAPAS,15.0,Unidad,600.0,9000.0,ESPACIADO
1618,22,23,CAMA GRECIA 8-08-25 (2),CAMA MODELO GRECIA DE 2X2 18/08/2025,Cama,,14,CORREDERAS,,UNITARIO,30000.0,0.0,FIJO
1619,22,23,CAMA GRECIA 8-08-25 (2),CAMA MODELO GRECIA DE 2X2 18/08/2025,Cama,,15,CLAVILLOS,15.0,TIRA,1000.0,15000.0,ESPACIADO
1620,22,23,CAMA GRECIA 8-08-25 (2),CAMA MODELO GRECIA DE 2X2 18/08/2025,Cama,,16,GANCHOS,1.0,PAR,20000.0,20000.0,FIJO
1621,22,23,CAMA GRECIA 8-08-25 (2),CAMA MODELO GRECIA DE 2X2 18/08/2025,Cama,,17,MDF DE 9,,,136000.0,0.0,FORMULA
1622,22,23,CAMA GRECIA 8-08-25 (2),CAMA MODELO GRECIA DE 2X2 18/08/2025,Cama,,18,"TORNILLOS DE 2""",197.0,Unidad,100.0,19700.0,ESPACIADO
1623,22,23,CAMA GRECIA 8-08-25 (2),CAMA MODELO GRECIA DE 2X2 18/08/2025,Cama,,19,ebanisteria 300.000 x 5% de m.o,,,,315000.0,FORMULA
1624,22,23,CAMA GRECIA 8-08-25 (2),CAMA MODELO GRECIA DE 2X2 18/08/2025,Cama,,21,gastos de Ebanisteria e 10%,,,,73814.0,FORMULA
1625,22,23,CAMA GRECIA 8-08-25 (2),CAMA MODELO GRECIA DE 2X2 18/08/2025,Cama,,25,MADERA (2),468.0,"2,10X22X18= 832 2,10X20X15=630",140.0,65520.0,FORMULA
1626,22,23,CAMA GRECIA 8-08-25 (2),CAMA MODELO GRECIA DE 2X2 18/08/2025,Cama,,26,MDF DE 3,200.0,"1 PEDAZO DE 1,20X45=54",65.0,13000.0,AREA
1627,22,23,CAMA GRECIA 8-08-25 (2),CAMA MODELO GRECIA DE 2X2 18/08/2025,Cama,,27,LAM MDF 15,250.0,"1 PEDASO DE 1.25 X55=68,75",210.0,52500.0,AREA
1628,22,23,CAMA GRECIA 8-08-25 (2),CAMA MODELO GRECIA DE 2X2 18/08/2025,Cama,,28,LAM MDF 7,175.0,"1 PEDASO DE 1,50X40=60",130.0,21875.0,AREA
1629,22,23,CAMA GRECIA 8-08-25 (2),CAMA MODELO GRECIA DE 2X2 18/08/2025,Cama,,29,COLBON,2.0,litros,14000.0,28000.0,VOLUMEN
1630,22,23,CAMA GRECIA 8-08-25 (2),CAMA MODELO GRECIA DE 2X2 18/08/2025,Cama,,30,GRAPAS,10.0,Unidad,600.0,6000.0,ESPACIADO
1631,22,23,CAMA GRECIA 8-08-25 (2),CAMA MODELO GRECIA DE 2X2 18/08/2025,Cama,,31,CLAVILLOS N F 40,6.0,TIRA,1000.0,6000.0,ESPACIADO
1632,22,23,CAMA GRECIA 8-08-25 (2),CAMA MODELO GRECIA DE 2X2 18/08/2025,Cama,,32,HECHURA,2.0,PAR,105000.0,210000.0,FORMULA
1633,22,23,CAMA GRECIA 8-08-25 (2),CAMA MODELO GRECIA DE 2X2 18/08/2025,Cama,,33,"TORNILLOS DE 2""",30.0,Unidad,100.0,3000.0,ESPACIADO
1634,22,23,CAMA GRECIA 8-08-25 (2),CAMA MODELO GRECIA DE 2X2 18/08/2025,Cama,,34,CORREDERAS,4.0,DE CIERRELENTO,30000.0,120000.0,FORMULA
1635,22,23,CAMA GRECIA 8-08-25 (2),CAMA MODELO GRECIA DE 2X2 18/08/2025,Cama,,36,gastos de Ebanisteria e 5%,,,,26294.75,FORMULA
1636,22,23,CAMA GRECIA 8-08-25 (2),CAMA MODELO GRECIA DE 2X2 18/08/2025,Cama,SECCION PINTURA Y PREPARADA DE 2 NOCHEROS,38,SECCION PINTURA Y PREPARADA,DE 2 NOCHEROS ,,,,FORMULA
1637,22,23,CAMA GRECIA 8-08-25 (2),CAMA MODELO GRECIA DE 2X2 18/08/2025,Cama,SECCION PINTURA Y PREPARADA DE 2 NOCHEROS,39,PREPARADO JOTA,2.0,CON EL 5%,36750.0,73500.0,FORMULA
1638,22,23,CAMA GRECIA 8-08-25 (2),CAMA MODELO GRECIA DE 2X2 18/08/2025,Cama,SECCION PINTURA Y PREPARADA DE 2 NOCHEROS,40,PINTURA ALEX,2.0,CON EL 5%,36750.0,73500.0,FORMULA
1639,22,23,CAMA GRECIA 8-08-25 (2),CAMA MODELO GRECIA DE 2X2 18/08/2025,Cama,SECCION PINTURA Y PREPARADA DE 2 NOCHEROS,41,SELLADOR,3.0,PISTOLADAS,18000.0,54000.0,VOLUMEN
1640,22,23,CAMA GRECIA 8-08-25 (2),CAMA MODELO GRECIA DE 2X2 18/08/2025,Cama,SECCION PINTURA Y PREPARADA DE 2 NOCHEROS,42,LIJA 400,2.0,unidades,2000.0,4000.0,FORMULA
1641,22,23,CAMA GRECIA 8-08-25 (2),CAMA MODELO GRECIA DE 2X2 18/08/2025,Cama,SECCION PINTURA Y PREPARADA DE 2 NOCHEROS,43,NITRO,0.1,galon,70000.0,7000.0,VOLUMEN
1642,22,23,CAMA GRECIA 8-08-25 (2),CAMA MODELO GRECIA DE 2X2 18/08/2025,Cama,SECCION PINTURA Y PREPARADA DE 2 NOCHEROS,44,VIDRIOS,,unidad,45000.0,0.0,FORMULA
1643,22,23,CAMA GRECIA 8-08-25 (2),CAMA MODELO GRECIA DE 2X2 18/08/2025,Cama,SECCION PINTURA Y PREPARADA DE 2 NOCHEROS,45,TALCO,0.3,unidad,2500.0,750.0,FORMULA
1644,22,23,CAMA GRECIA 8-08-25 (2),CAMA MODELO GRECIA DE 2X2 18/08/2025,Cama,SECCION PINTURA Y PREPARADA DE 2 NOCHEROS,46,TINER,0.2,GALON,34000.0,6800.0,VOLUMEN
1645,22,23,CAMA GRECIA 8-08-25 (2),CAMA MODELO GRECIA DE 2X2 18/08/2025,Cama,SECCION PINTURA Y PREPARADA DE 2 NOCHEROS,47,TOPES,,JALADORES,3000.0,0.0,FORMULA
1646,22,23,CAMA GRECIA 8-08-25 (2),CAMA MODELO GRECIA DE 2X2 18/08/2025,Cama,SECCION PINTURA Y PREPARADA DE 2 NOCHEROS,48,COLOR GRIS,2.5,PISTOLADA,22000.0,55000.0,VOLUMEN
1647,22,23,CAMA GRECIA 8-08-25 (2),CAMA MODELO GRECIA DE 2X2 18/08/2025,Cama,SECCION PINTURA Y PREPARADA DE 2 NOCHEROS,49,ENCINA,0.1,galon,160000.0,16000.0,VOLUMEN
1648,22,23,CAMA GRECIA 8-08-25 (2),CAMA MODELO GRECIA DE 2X2 18/08/2025,Cama,SECCION PINTURA Y PREPARADA DE 2 NOCHEROS,50,GASOLINA,0.2,ML,4500.0,900.0,LINEAL
1649,22,23,CAMA GRECIA 8-08-25 (2),CAMA MODELO GRECIA DE 2X2 18/08/2025,Cama,SECCION PINTURA Y PREPARADA DE 2 NOCHEROS,51,RESANE,0.2,LITRO,20000.0,4000.0,VOLUMEN
1650,22,23,CAMA GRECIA 8-08-25 (2),CAMA MODELO GRECIA DE 2X2 18/08/2025,Cama,SECCION PINTURA Y PREPARADA DE 2 NOCHEROS,52,LACA,2.0,PISTOLADA,23000.0,46000.0,VOLUMEN
1651,22,23,CAMA GRECIA 8-08-25 (2),CAMA MODELO GRECIA DE 2X2 18/08/2025,Cama,SECCION PINTURA Y PREPARADA DE 2 NOCHEROS,54,Gastos de Pintura 10%,,,,34145.0,FORMULA
1652,22,23,CAMA GRECIA 8-08-25 (2),CAMA MODELO GRECIA DE 2X2 18/08/2025,Cama,SECCION PINTURA Y PREPARADA DE CAMA,56,SECCION PINTURA Y PREPARADA,DE CAMA ,,,,FORMULA
1653,22,23,CAMA GRECIA 8-08-25 (2),CAMA MODELO GRECIA DE 2X2 18/08/2025,Cama,SECCION PINTURA Y PREPARADA DE CAMA,57,PREPARADO JOTA,,CON EL 5%,30000.0,,FORMULA
1654,22,23,CAMA GRECIA 8-08-25 (2),CAMA MODELO GRECIA DE 2X2 18/08/2025,Cama,SECCION PINTURA Y PREPARADA DE CAMA,58,PINTURA ALEX,,CON EL 5%,20000.0,,FORMULA
1655,22,23,CAMA GRECIA 8-08-25 (2),CAMA MODELO GRECIA DE 2X2 18/08/2025,Cama,SECCION PINTURA Y PREPARADA DE CAMA,59,PINTURA DE PATAS ALEX,4.0,,2100.0,8400.0,FORMULA
1656,22,23,CAMA GRECIA 8-08-25 (2),CAMA MODELO GRECIA DE 2X2 18/08/2025,Cama,SECCION PINTURA Y PREPARADA DE CAMA,60,SELLADOR,,PISTOLADAS,18000.0,0.0,FORMULA
1657,22,23,CAMA GRECIA 8-08-25 (2),CAMA MODELO GRECIA DE 2X2 18/08/2025,Cama,SECCION PINTURA Y PREPARADA DE CAMA,61,LIJA 400,,unidades,2000.0,0.0,FORMULA
1658,22,23,CAMA GRECIA 8-08-25 (2),CAMA MODELO GRECIA DE 2X2 18/08/2025,Cama,SECCION PINTURA Y PREPARADA DE CAMA,62,NITRO,,galon,,0.0,FORMULA
1659,22,23,CAMA GRECIA 8-08-25 (2),CAMA MODELO GRECIA DE 2X2 18/08/2025,Cama,SECCION PINTURA Y PREPARADA DE CAMA,63,lija 240,,unidad,2000.0,0.0,FORMULA
1660,22,23,CAMA GRECIA 8-08-25 (2),CAMA MODELO GRECIA DE 2X2 18/08/2025,Cama,SECCION PINTURA Y PREPARADA DE CAMA,64,lija 150,,unidad,2000.0,0.0,FORMULA
1661,22,23,CAMA GRECIA 8-08-25 (2),CAMA MODELO GRECIA DE 2X2 18/08/2025,Cama,SECCION PINTURA Y PREPARADA DE CAMA,65,laca semimate,,GALON,23000.0,0.0,FORMULA
1662,22,23,CAMA GRECIA 8-08-25 (2),CAMA MODELO GRECIA DE 2X2 18/08/2025,Cama,SECCION PINTURA Y PREPARADA DE CAMA,66,kerosen,,litro,18000.0,0.0,FORMULA
1663,22,23,CAMA GRECIA 8-08-25 (2),CAMA MODELO GRECIA DE 2X2 18/08/2025,Cama,SECCION PINTURA Y PREPARADA DE CAMA,67,COLOR GRIS,,PISTOLADA,19000.0,0.0,FORMULA
1664,22,23,CAMA GRECIA 8-08-25 (2),CAMA MODELO GRECIA DE 2X2 18/08/2025,Cama,SECCION PINTURA Y PREPARADA DE CAMA,68,TINTE MIEL,,galon,,0.0,FORMULA
1665,22,23,CAMA GRECIA 8-08-25 (2),CAMA MODELO GRECIA DE 2X2 18/08/2025,Cama,SECCION PINTURA Y PREPARADA DE CAMA,69,GASOLINA,,LITRO,4.5,0.0,FORMULA
1666,22,23,CAMA GRECIA 8-08-25 (2),CAMA MODELO GRECIA DE 2X2 18/08/2025,Cama,SECCION PINTURA Y PREPARADA DE CAMA,70,RESANE,,LITRO,,0.0,FORMULA
1667,22,23,CAMA GRECIA 8-08-25 (2),CAMA MODELO GRECIA DE 2X2 18/08/2025,Cama,SECCION PINTURA Y PREPARADA DE CAMA,71,LACA,,PISTOLADA,22000.0,0.0,FORMULA
1668,22,23,CAMA GRECIA 8-08-25 (2),CAMA MODELO GRECIA DE 2X2 18/08/2025,Cama,SECCION TERMINACION,76,COLAPATO MADERA,187.0,187 CENTIMETROS,140.0,26180.0,LINEAL
1669,22,23,CAMA GRECIA 8-08-25 (2),CAMA MODELO GRECIA DE 2X2 18/08/2025,Cama,SECCION TERMINACION,77,MULTIUSO,1.0,PAR,6000.0,6000.0,FIJO
1670,22,23,CAMA GRECIA 8-08-25 (2),CAMA MODELO GRECIA DE 2X2 18/08/2025,Cama,SECCION TERMINACION,78,PATAS DE CAMAS,4.0,unidades,17500.0,70000.0,FORMULA
1671,22,23,CAMA GRECIA 8-08-25 (2),CAMA MODELO GRECIA DE 2X2 18/08/2025,Cama,SECCION TERMINACION,79,TORNILLOS,16.0,unidades,100.0,1600.0,ESPACIADO
1672,22,23,CAMA GRECIA 8-08-25 (2),CAMA MODELO GRECIA DE 2X2 18/08/2025,Cama,SECCION TERMINACION,80,EMBALADA,1.0,unidades,150000.0,150000.0,FIJO
1673,22,23,CAMA GRECIA 8-08-25 (2),CAMA MODELO GRECIA DE 2X2 18/08/2025,Cama,SECCION TERMINACION,83,SECCION TENDIDO,,,,0.0,FORMULA
1674,22,23,CAMA GRECIA 8-08-25 (2),CAMA MODELO GRECIA DE 2X2 18/08/2025,Cama,SECCION TERMINACION,84,MADERA 60X1X4,1277.0,2X25X15,140.0,178780.0,FORMULA
1675,22,23,CAMA GRECIA 8-08-25 (2),CAMA MODELO GRECIA DE 2X2 18/08/2025,Cama,SECCION TERMINACION,86,FABRICACION TENDIDO,1.0,DE 2X2,42000.0,42000.0,FIJO
1676,22,23,CAMA GRECIA 8-08-25 (2),CAMA MODELO GRECIA DE 2X2 18/08/2025,Cama,SECCION TERMINACION,87,MDF DE 9,,unidades,140000.0,0.0,FORMULA
1677,22,23,CAMA GRECIA 8-08-25 (2),CAMA MODELO GRECIA DE 2X2 18/08/2025,Cama,SECCION TERMINACION,88,COLBON,0.5,LITRO,14000.0,7000.0,VOLUMEN
1678,22,23,CAMA GRECIA 8-08-25 (2),CAMA MODELO GRECIA DE 2X2 18/08/2025,Cama,SECCION TERMINACION,89,"TORNILLOS DE 2""",50.0,unidades,100.0,5000.0,ESPACIADO
1679,22,23,CAMA GRECIA 8-08-25 (2),CAMA MODELO GRECIA DE 2X2 18/08/2025,Cama,SECCION TERMINACION,90,CLAVILLO,2.0,TIRAS,600.0,1200.0,ESPACIADO
1680,22,23,CAMA GRECIA 8-08-25 (2),CAMA MODELO GRECIA DE 2X2 18/08/2025,Cama,SECCION TERMINACION,91,PEOPE,2.0,METROS,3500.0,7000.0,LINEAL
1681,22,23,CAMA GRECIA 8-08-25 (2),CAMA MODELO GRECIA DE 2X2 18/08/2025,Cama,SECCION TAPICERIA,95,TELA,10.0,METROS,34000.0,340000.0,AREA
1682,22,23,CAMA GRECIA 8-08-25 (2),CAMA MODELO GRECIA DE 2X2 18/08/2025,Cama,SECCION TAPICERIA,96,BARILLA TRIPA POLLO,,,15000.0,0.0,FORMULA
1683,22,23,CAMA GRECIA 8-08-25 (2),CAMA MODELO GRECIA DE 2X2 18/08/2025,Cama,SECCION TAPICERIA,97,CAZATA,0.3,METROS,56000.0,16800.0,LINEAL
1684,22,23,CAMA GRECIA 8-08-25 (2),CAMA MODELO GRECIA DE 2X2 18/08/2025,Cama,SECCION TAPICERIA,98,GRAPAS,0.5,CAJA DE GRAPAS,12000.0,6000.0,ESPACIADO
1685,22,23,CAMA GRECIA 8-08-25 (2),CAMA MODELO GRECIA DE 2X2 18/08/2025,Cama,SECCION TAPICERIA,99,ESPUMA AZUL DE 2 PULGADAS,1.3,LAMINA,41000.0,53300.0,AREA
1686,22,23,CAMA GRECIA 8-08-25 (2),CAMA MODELO GRECIA DE 2X2 18/08/2025,Cama,SECCION TAPICERIA,100,"TORNILLOS DE 1 1/2""",30.0,UNIDADES,100.0,3000.0,ESPACIADO
1687,22,23,CAMA GRECIA 8-08-25 (2),CAMA MODELO GRECIA DE 2X2 18/08/2025,Cama,SECCION TAPICERIA,101,ESPUMA DE 1 1/2PULGADA AZUL,1.5,UNIDADES,26000.0,39000.0,AREA
1688,22,23,CAMA GRECIA 8-08-25 (2),CAMA MODELO GRECIA DE 2X2 18/08/2025,Cama,SECCION TAPICERIA,102,ESPUMA BLANCA DE 1/2,1.0,UNIDAD,12500.0,12500.0,AREA
1689,22,23,CAMA GRECIA 8-08-25 (2),CAMA MODELO GRECIA DE 2X2 18/08/2025,Cama,SECCION TAPICERIA,103,CARTON,2.0,MTS,5000.0,10000.0,LINEAL
1690,22,23,CAMA GRECIA 8-08-25 (2),CAMA MODELO GRECIA DE 2X2 18/08/2025,Cama,SECCION TAPICERIA,104,COSTAL,3.0,METROS,4000.0,12000.0,AREA
1691,22,23,CAMA GRECIA 8-08-25 (2),CAMA MODELO GRECIA DE 2X2 18/08/2025,Cama,SECCION TAPICERIA,105,HILO,0.5,,25000.0,12500.0,FORMULA
1692,22,23,CAMA GRECIA 8-08-25 (2),CAMA MODELO GRECIA DE 2X2 18/08/2025,Cama,SECCION TAPICERIA,106,CAUCHO,1.6,UNIIDAD,1500.0,2400.0,FORMULA
1693,22,23,CAMA GRECIA 8-08-25 (2),CAMA MODELO GRECIA DE 2X2 18/08/2025,Cama,SECCION TAPICERIA,107,SUPER,0.75,LITRO,16250.0,12187.5,VOLUMEN
1694,22,23,CAMA GRECIA 8-08-25 (2),CAMA MODELO GRECIA DE 2X2 18/08/2025,Cama,SECCION TAPICERIA,108,FIELTRO,0.7,CM,4000.0,2800.0,LINEAL
1695,22,23,CAMA GRECIA 8-08-25 (2),CAMA MODELO GRECIA DE 2X2 18/08/2025,Cama,SECCION TAPICERIA,109,HECHURA,1.0,,210000.0,210000.0,FIJO
1696,22,23,CAMA GRECIA 8-08-25 (2),CAMA MODELO GRECIA DE 2X2 18/08/2025,Cama,SECCION TAPICERIA,110,COLARATA,12.0,KG,1000.0,12000.0,FORMULA
1697,23,24,CAMA WUALPANEL ,CAMA MODELO WUALPANEL DE 2X2 28/08/2025,Cama,,7,MADERA (2),1756.0,APAMATE,140.0,245840.0,FORMULA
1698,23,24,CAMA WUALPANEL ,CAMA MODELO WUALPANEL DE 2X2 28/08/2025,Cama,,8,"MDF DE 2,7",2.0,LAMINA,65000.0,130000.0,AREA
1699,23,24,CAMA WUALPANEL ,CAMA MODELO WUALPANEL DE 2X2 28/08/2025,Cama,,9,INDUPLAX,0.0,Unidad,160000.0,0.0,AREA
1700,23,24,CAMA WUALPANEL ,CAMA MODELO WUALPANEL DE 2X2 28/08/2025,Cama,,10,LAMINA DE 9,2.0,Unidad,140000.0,280000.0,AREA
1701,23,24,CAMA WUALPANEL ,CAMA MODELO WUALPANEL DE 2X2 28/08/2025,Cama,,11,SUPER,,LITROS,19000.0,0.0,FORMULA
1702,23,24,CAMA WUALPANEL ,CAMA MODELO WUALPANEL DE 2X2 28/08/2025,Cama,,12,COLBON,1.0,LITROS,14000.0,14000.0,VOLUMEN
1703,23,24,CAMA WUALPANEL ,CAMA MODELO WUALPANEL DE 2X2 28/08/2025,Cama,,13,GRAPAS,15.0,Unidad,600.0,9000.0,ESPACIADO
1704,23,24,CAMA WUALPANEL ,CAMA MODELO WUALPANEL DE 2X2 28/08/2025,Cama,,14,CORREDERAS,,UNITARIOS,32000.0,0.0,FIJO
1705,23,24,CAMA WUALPANEL ,CAMA MODELO WUALPANEL DE 2X2 28/08/2025,Cama,,15,CLAVILLOS,10.0,TIRA,1000.0,10000.0,ESPACIADO
1706,23,24,CAMA WUALPANEL ,CAMA MODELO WUALPANEL DE 2X2 28/08/2025,Cama,,16,GANCHOS,1.0,PAR,20000.0,20000.0,FIJO
1707,23,24,CAMA WUALPANEL ,CAMA MODELO WUALPANEL DE 2X2 28/08/2025,Cama,,17,MDF DE 9,,,136000.0,0.0,FORMULA
1708,23,24,CAMA WUALPANEL ,CAMA MODELO WUALPANEL DE 2X2 28/08/2025,Cama,,18,"TORNILLOS DE 2""",150.0,Unidad,100.0,15000.0,ESPACIADO
1709,23,24,CAMA WUALPANEL ,CAMA MODELO WUALPANEL DE 2X2 28/08/2025,Cama,,19,ebanisteria 300.000 x 5% de m.o,,,,315000.0,FORMULA
1710,23,24,CAMA WUALPANEL ,CAMA MODELO WUALPANEL DE 2X2 28/08/2025,Cama,,21,gastos de Ebanisteria e 10%,,,,73814.0,FORMULA
1711,23,24,CAMA WUALPANEL ,CAMA MODELO WUALPANEL DE 2X2 28/08/2025,Cama,,25,MADERA (2),468.0,"2,10X22X18= 832 2,10X20X15=630",140.0,65520.0,FORMULA
1712,23,24,CAMA WUALPANEL ,CAMA MODELO WUALPANEL DE 2X2 28/08/2025,Cama,,26,MDF DE 3,200.0,"1 PEDAZO DE 1,20X45=54",65.0,13000.0,AREA
1713,23,24,CAMA WUALPANEL ,CAMA MODELO WUALPANEL DE 2X2 28/08/2025,Cama,,27,LAM MDF 15,250.0,"1 PEDASO DE 1.25 X55=68,75",210.0,52500.0,AREA
1714,23,24,CAMA WUALPANEL ,CAMA MODELO WUALPANEL DE 2X2 28/08/2025,Cama,,28,LAM MDF 9,1.0,"1 PEDASO DE 1,50X40=60",140000.0,140000.0,AREA
1715,23,24,CAMA WUALPANEL ,CAMA MODELO WUALPANEL DE 2X2 28/08/2025,Cama,,29,COLBON,2.0,litros,14000.0,28000.0,VOLUMEN
1716,23,24,CAMA WUALPANEL ,CAMA MODELO WUALPANEL DE 2X2 28/08/2025,Cama,,30,GRAPAS,10.0,Unidad,600.0,6000.0,ESPACIADO
1717,23,24,CAMA WUALPANEL ,CAMA MODELO WUALPANEL DE 2X2 28/08/2025,Cama,,31,CLAVILLOS N F 40,6.0,TIRA,1000.0,6000.0,ESPACIADO
1718,23,24,CAMA WUALPANEL ,CAMA MODELO WUALPANEL DE 2X2 28/08/2025,Cama,,32,HECHURA,2.0,PAR,105000.0,210000.0,FORMULA
1719,23,24,CAMA WUALPANEL ,CAMA MODELO WUALPANEL DE 2X2 28/08/2025,Cama,,33,"TORNILLOS DE 2""",30.0,Unidad,100.0,3000.0,ESPACIADO
1720,23,24,CAMA WUALPANEL ,CAMA MODELO WUALPANEL DE 2X2 28/08/2025,Cama,,34,CORREDERAS,4.0,DE CIERRELENTO,32000.0,128000.0,FORMULA
1721,23,24,CAMA WUALPANEL ,CAMA MODELO WUALPANEL DE 2X2 28/08/2025,Cama,,36,gastos de Ebanisteria e 5%,,,,26294.75,FORMULA
1722,23,24,CAMA WUALPANEL ,CAMA MODELO WUALPANEL DE 2X2 28/08/2025,Cama,SECCION PINTURA Y PREPARADA DE 2 NOCHEROS,38,SECCION PINTURA Y PREPARADA,DE 2 NOCHEROS ,,,,FORMULA
1723,23,24,CAMA WUALPANEL ,CAMA MODELO WUALPANEL DE 2X2 28/08/2025,Cama,SECCION PINTURA Y PREPARADA DE 2 NOCHEROS,39,PREPARADO JOTA,2.0,CON EL 5%,36750.0,73500.0,FORMULA
1724,23,24,CAMA WUALPANEL ,CAMA MODELO WUALPANEL DE 2X2 28/08/2025,Cama,SECCION PINTURA Y PREPARADA DE 2 NOCHEROS,40,PINTURA ALEX,2.0,CON EL 5%,36750.0,73500.0,FORMULA
1725,23,24,CAMA WUALPANEL ,CAMA MODELO WUALPANEL DE 2X2 28/08/2025,Cama,SECCION PINTURA Y PREPARADA DE 2 NOCHEROS,41,SELLADOR,3.0,PISTOLADAS,18000.0,54000.0,VOLUMEN
1726,23,24,CAMA WUALPANEL ,CAMA MODELO WUALPANEL DE 2X2 28/08/2025,Cama,SECCION PINTURA Y PREPARADA DE 2 NOCHEROS,42,LIJA 400,2.0,unidades,2000.0,4000.0,FORMULA
1727,23,24,CAMA WUALPANEL ,CAMA MODELO WUALPANEL DE 2X2 28/08/2025,Cama,SECCION PINTURA Y PREPARADA DE 2 NOCHEROS,43,NITRO,0.1,galon,70000.0,7000.0,VOLUMEN
1728,23,24,CAMA WUALPANEL ,CAMA MODELO WUALPANEL DE 2X2 28/08/2025,Cama,SECCION PINTURA Y PREPARADA DE 2 NOCHEROS,44,VIDRIOS,,unidad,45000.0,0.0,FORMULA
1729,23,24,CAMA WUALPANEL ,CAMA MODELO WUALPANEL DE 2X2 28/08/2025,Cama,SECCION PINTURA Y PREPARADA DE 2 NOCHEROS,45,TALCO,0.3,unidad,2500.0,750.0,FORMULA
1730,23,24,CAMA WUALPANEL ,CAMA MODELO WUALPANEL DE 2X2 28/08/2025,Cama,SECCION PINTURA Y PREPARADA DE 2 NOCHEROS,46,TINER,0.2,GALON,34000.0,6800.0,VOLUMEN
1731,23,24,CAMA WUALPANEL ,CAMA MODELO WUALPANEL DE 2X2 28/08/2025,Cama,SECCION PINTURA Y PREPARADA DE 2 NOCHEROS,47,TOPES,,JALADORES,3000.0,0.0,FORMULA
1732,23,24,CAMA WUALPANEL ,CAMA MODELO WUALPANEL DE 2X2 28/08/2025,Cama,SECCION PINTURA Y PREPARADA DE 2 NOCHEROS,48,COLOR NEGRO,2.5,PISTOLADA,22000.0,55000.0,VOLUMEN
1733,23,24,CAMA WUALPANEL ,CAMA MODELO WUALPANEL DE 2X2 28/08/2025,Cama,SECCION PINTURA Y PREPARADA DE 2 NOCHEROS,49,ENCINA,0.1,galon,160000.0,16000.0,VOLUMEN
1734,23,24,CAMA WUALPANEL ,CAMA MODELO WUALPANEL DE 2X2 28/08/2025,Cama,SECCION PINTURA Y PREPARADA DE 2 NOCHEROS,50,GASOLINA,0.2,ML,4500.0,900.0,LINEAL
1735,23,24,CAMA WUALPANEL ,CAMA MODELO WUALPANEL DE 2X2 28/08/2025,Cama,SECCION PINTURA Y PREPARADA DE 2 NOCHEROS,51,RESANE,0.2,LITRO,20000.0,4000.0,VOLUMEN
1736,23,24,CAMA WUALPANEL ,CAMA MODELO WUALPANEL DE 2X2 28/08/2025,Cama,SECCION PINTURA Y PREPARADA DE 2 NOCHEROS,52,LACA,2.0,PISTOLADA,23000.0,46000.0,VOLUMEN
1737,23,24,CAMA WUALPANEL ,CAMA MODELO WUALPANEL DE 2X2 28/08/2025,Cama,SECCION PINTURA Y PREPARADA DE 2 NOCHEROS,54,Gastos de Pintura 10%,,,,34145.0,FORMULA
1738,23,24,CAMA WUALPANEL ,CAMA MODELO WUALPANEL DE 2X2 28/08/2025,Cama,SECCION PINTURA Y PREPARADA DE CAMA,56,SECCION PINTURA Y PREPARADA,DE CAMA ,,,,FORMULA
1739,23,24,CAMA WUALPANEL ,CAMA MODELO WUALPANEL DE 2X2 28/08/2025,Cama,SECCION PINTURA Y PREPARADA DE CAMA,57,PREPARADO JOTA,1.0,CON EL 5%,31000.0,31000.0,FIJO
1740,23,24,CAMA WUALPANEL ,CAMA MODELO WUALPANEL DE 2X2 28/08/2025,Cama,SECCION PINTURA Y PREPARADA DE CAMA,58,PINTURA ALEX,1.0,CON EL 5%,31000.0,31000.0,FIJO
1741,23,24,CAMA WUALPANEL ,CAMA MODELO WUALPANEL DE 2X2 28/08/2025,Cama,SECCION PINTURA Y PREPARADA DE CAMA,59,PINTURA DE PATAS ALEX,4.0,,2100.0,8400.0,FORMULA
1742,23,24,CAMA WUALPANEL ,CAMA MODELO WUALPANEL DE 2X2 28/08/2025,Cama,SECCION PINTURA Y PREPARADA DE CAMA,60,SELLADOR,3.0,PISTOLADAS,18000.0,54000.0,VOLUMEN
1743,23,24,CAMA WUALPANEL ,CAMA MODELO WUALPANEL DE 2X2 28/08/2025,Cama,SECCION PINTURA Y PREPARADA DE CAMA,61,LIJA 400,3.0,unidades,2000.0,6000.0,FORMULA
1744,23,24,CAMA WUALPANEL ,CAMA MODELO WUALPANEL DE 2X2 28/08/2025,Cama,SECCION PINTURA Y PREPARADA DE CAMA,62,NITRO,,galon,,0.0,FORMULA
1745,23,24,CAMA WUALPANEL ,CAMA MODELO WUALPANEL DE 2X2 28/08/2025,Cama,SECCION PINTURA Y PREPARADA DE CAMA,63,lija 240,1.0,unidad,2000.0,2000.0,FIJO
1746,23,24,CAMA WUALPANEL ,CAMA MODELO WUALPANEL DE 2X2 28/08/2025,Cama,SECCION PINTURA Y PREPARADA DE CAMA,64,lija 150,,unidad,2000.0,0.0,FORMULA
1747,23,24,CAMA WUALPANEL ,CAMA MODELO WUALPANEL DE 2X2 28/08/2025,Cama,SECCION PINTURA Y PREPARADA DE CAMA,65,laca semimate,,GALON,23000.0,0.0,FORMULA
1748,23,24,CAMA WUALPANEL ,CAMA MODELO WUALPANEL DE 2X2 28/08/2025,Cama,SECCION PINTURA Y PREPARADA DE CAMA,66,kerosen,,litro,18000.0,0.0,FORMULA
1749,23,24,CAMA WUALPANEL ,CAMA MODELO WUALPANEL DE 2X2 28/08/2025,Cama,SECCION PINTURA Y PREPARADA DE CAMA,67,COLOR NEGRO,3.0,PISTOLADA,20000.0,60000.0,VOLUMEN
1750,23,24,CAMA WUALPANEL ,CAMA MODELO WUALPANEL DE 2X2 28/08/2025,Cama,SECCION PINTURA Y PREPARADA DE CAMA,68,TINTE MIEL,,galon,,0.0,FORMULA
1751,23,24,CAMA WUALPANEL ,CAMA MODELO WUALPANEL DE 2X2 28/08/2025,Cama,SECCION PINTURA Y PREPARADA DE CAMA,69,GASOLINA,,LITRO,4.5,0.0,FORMULA
1752,23,24,CAMA WUALPANEL ,CAMA MODELO WUALPANEL DE 2X2 28/08/2025,Cama,SECCION PINTURA Y PREPARADA DE CAMA,70,RESANE,,LITRO,,0.0,FORMULA
1753,23,24,CAMA WUALPANEL ,CAMA MODELO WUALPANEL DE 2X2 28/08/2025,Cama,SECCION PINTURA Y PREPARADA DE CAMA,71,LACA BRILLANTE,2.5,PISTOLADA,23000.0,57500.0,VOLUMEN
1754,23,24,CAMA WUALPANEL ,CAMA MODELO WUALPANEL DE 2X2 28/08/2025,Cama,SECCION TERMINACION,76,TOMAS,2.0,UNIDADES,5000.0,10000.0,FORMULA
1755,23,24,CAMA WUALPANEL ,CAMA MODELO WUALPANEL DE 2X2 28/08/2025,Cama,SECCION TERMINACION,77,LAMPARAS DE LUZ,2.0,UNIDADES,135000.0,270000.0,FORMULA
1756,23,24,CAMA WUALPANEL ,CAMA MODELO WUALPANEL DE 2X2 28/08/2025,Cama,SECCION TERMINACION,78,CABLE DE 12,4.0,METROS,3000.0,12000.0,LINEAL
1757,23,24,CAMA WUALPANEL ,CAMA MODELO WUALPANEL DE 2X2 28/08/2025,Cama,SECCION TERMINACION,79,ELECTRICIDAD,1.0,PAR,31000.0,31000.0,FIJO
1758,23,24,CAMA WUALPANEL ,CAMA MODELO WUALPANEL DE 2X2 28/08/2025,Cama,SECCION TERMINACION,80,CAFETEROS,2.0,UNIDADES,3000.0,6000.0,FORMULA
1759,23,24,CAMA WUALPANEL ,CAMA MODELO WUALPANEL DE 2X2 28/08/2025,Cama,SECCION TERMINACION,81,TORNILLOS DE UNA,3.0,UNIDADES,1800.0,5400.0,ESPACIADO
1760,23,24,CAMA WUALPANEL ,CAMA MODELO WUALPANEL DE 2X2 28/08/2025,Cama,SECCION TERMINACION,82,SAMBLASTE,1.0,DANIEL,26800.0,26800.0,FIJO
1761,23,24,CAMA WUALPANEL ,CAMA MODELO WUALPANEL DE 2X2 28/08/2025,Cama,SECCION TERMINACION,83,ESPEJO,1.0,unidades,50000.0,50000.0,FIJO
1762,23,24,CAMA WUALPANEL ,CAMA MODELO WUALPANEL DE 2X2 28/08/2025,Cama,SECCION TERMINACION,84,EMBALADA,1.0,unidades,150000.0,150000.0,FIJO
1763,23,24,CAMA WUALPANEL ,CAMA MODELO WUALPANEL DE 2X2 28/08/2025,Cama,SECCION TERMINACION,87,SECCION TENDIDO,,,,0.0,FORMULA
1764,23,24,CAMA WUALPANEL ,CAMA MODELO WUALPANEL DE 2X2 28/08/2025,Cama,SECCION TERMINACION,88,MADERA 60X1X4,1277.0,2X25X15,140.0,178780.0,FORMULA
1765,23,24,CAMA WUALPANEL ,CAMA MODELO WUALPANEL DE 2X2 28/08/2025,Cama,SECCION TERMINACION,90,FABRICACION TENDIDO,1.0,DE 2X2,42000.0,42000.0,FIJO
1766,23,24,CAMA WUALPANEL ,CAMA MODELO WUALPANEL DE 2X2 28/08/2025,Cama,SECCION TERMINACION,91,MDF DE 9,,unidades,140000.0,0.0,FORMULA
1767,23,24,CAMA WUALPANEL ,CAMA MODELO WUALPANEL DE 2X2 28/08/2025,Cama,SECCION TERMINACION,92,COLBON,0.5,LITRO,14000.0,7000.0,VOLUMEN
1768,23,24,CAMA WUALPANEL ,CAMA MODELO WUALPANEL DE 2X2 28/08/2025,Cama,SECCION TERMINACION,93,"TORNILLOS DE 2""",50.0,unidades,100.0,5000.0,ESPACIADO
1769,23,24,CAMA WUALPANEL ,CAMA MODELO WUALPANEL DE 2X2 28/08/2025,Cama,SECCION TERMINACION,94,CLAVILLO,2.0,TIRAS,600.0,1200.0,ESPACIADO
1770,23,24,CAMA WUALPANEL ,CAMA MODELO WUALPANEL DE 2X2 28/08/2025,Cama,SECCION TERMINACION,95,PEOPE,2.0,METROS,3500.0,7000.0,LINEAL
1771,23,24,CAMA WUALPANEL ,CAMA MODELO WUALPANEL DE 2X2 28/08/2025,Cama,SECCION TAPICERIA,99,TELA,10.0,METROS,30000.0,300000.0,AREA
1772,23,24,CAMA WUALPANEL ,CAMA MODELO WUALPANEL DE 2X2 28/08/2025,Cama,SECCION TAPICERIA,100,BARILLA TRIPA POLLO,,,15000.0,0.0,FORMULA
1773,23,24,CAMA WUALPANEL ,CAMA MODELO WUALPANEL DE 2X2 28/08/2025,Cama,SECCION TAPICERIA,101,CAZATA,0.3,METROS,56000.0,16800.0,LINEAL
1774,23,24,CAMA WUALPANEL ,CAMA MODELO WUALPANEL DE 2X2 28/08/2025,Cama,SECCION TAPICERIA,102,GRAPAS,0.5,CAJA DE GRAPAS,12000.0,6000.0,ESPACIADO
1775,23,24,CAMA WUALPANEL ,CAMA MODELO WUALPANEL DE 2X2 28/08/2025,Cama,SECCION TAPICERIA,103,ESPUMA AZUL DE 2 PULGADAS,1.3,LAMINA,41000.0,53300.0,AREA
1776,23,24,CAMA WUALPANEL ,CAMA MODELO WUALPANEL DE 2X2 28/08/2025,Cama,SECCION TAPICERIA,104,"TORNILLOS DE 1 1/2""",50.0,UNIDADES,100.0,5000.0,ESPACIADO
1777,23,24,CAMA WUALPANEL ,CAMA MODELO WUALPANEL DE 2X2 28/08/2025,Cama,SECCION TAPICERIA,105,ESPUMA DE 1 1/2PULGADA AZUL,2.5,UNIDADES,40000.0,100000.0,AREA
1778,23,24,CAMA WUALPANEL ,CAMA MODELO WUALPANEL DE 2X2 28/08/2025,Cama,SECCION TAPICERIA,106,ESPUMA BLANCA DE 1/2,1.0,UNIDAD,12500.0,12500.0,AREA
1779,23,24,CAMA WUALPANEL ,CAMA MODELO WUALPANEL DE 2X2 28/08/2025,Cama,SECCION TAPICERIA,107,RIATA,0.5,MTS,50000.0,25000.0,LINEAL
1780,23,24,CAMA WUALPANEL ,CAMA MODELO WUALPANEL DE 2X2 28/08/2025,Cama,SECCION TAPICERIA,108,COSTAL,3.0,METROS,4000.0,12000.0,AREA
1781,23,24,CAMA WUALPANEL ,CAMA MODELO WUALPANEL DE 2X2 28/08/2025,Cama,SECCION TAPICERIA,109,HILO,0.5,,25000.0,12500.0,FORMULA
1782,23,24,CAMA WUALPANEL ,CAMA MODELO WUALPANEL DE 2X2 28/08/2025,Cama,SECCION TAPICERIA,110,CAUCHO,,UNIIDAD,1500.0,0.0,FORMULA
1783,23,24,CAMA WUALPANEL ,CAMA MODELO WUALPANEL DE 2X2 28/08/2025,Cama,SECCION TAPICERIA,111,SUPER,0.2,LITRO,16250.0,3250.0,VOLUMEN
1784,23,24,CAMA WUALPANEL ,CAMA MODELO WUALPANEL DE 2X2 28/08/2025,Cama,SECCION TAPICERIA,112,FIELTRO,0.7,CM,4000.0,2800.0,LINEAL
1785,23,24,CAMA WUALPANEL ,CAMA MODELO WUALPANEL DE 2X2 28/08/2025,Cama,SECCION TAPICERIA,113,HECHURA,1.0,,210000.0,210000.0,FIJO
1786,23,24,CAMA WUALPANEL ,CAMA MODELO WUALPANEL DE 2X2 28/08/2025,Cama,SECCION TAPICERIA,114,LENCILLO,3.0,KG,4000.0,12000.0,FORMULA
1787,24,25,CAMA EMILI 27-10-2025,CAMA EMILI 1.60 CON SUS NOCHEROS 16/09/2025,Nochero,EBANISTAEDUAR OLAYA MANO DE OBRA=,8,MADERA (2),1450.0,APAMATE,140.0,203000.0,FORMULA
1788,24,25,CAMA EMILI 27-10-2025,CAMA EMILI 1.60 CON SUS NOCHEROS 16/09/2025,Nochero,EBANISTAEDUAR OLAYA MANO DE OBRA=,9,"MDF DE 2,7",0.0,LAMINA,65000.0,0.0,AREA
1789,24,25,CAMA EMILI 27-10-2025,CAMA EMILI 1.60 CON SUS NOCHEROS 16/09/2025,Nochero,EBANISTAEDUAR OLAYA MANO DE OBRA=,10,INDUPLAX,0.0,Unidad,160000.0,0.0,AREA
1790,24,25,CAMA EMILI 27-10-2025,CAMA EMILI 1.60 CON SUS NOCHEROS 16/09/2025,Nochero,EBANISTAEDUAR OLAYA MANO DE OBRA=,11,LAMINA DE 9,1.7,Unidad,140000.0,238000.0,AREA
1791,24,25,CAMA EMILI 27-10-2025,CAMA EMILI 1.60 CON SUS NOCHEROS 16/09/2025,Nochero,EBANISTAEDUAR OLAYA MANO DE OBRA=,12,SUPER,,LITROS,19000.0,0.0,FORMULA
1792,24,25,CAMA EMILI 27-10-2025,CAMA EMILI 1.60 CON SUS NOCHEROS 16/09/2025,Nochero,EBANISTAEDUAR OLAYA MANO DE OBRA=,13,COLBON,1.0,LITROS,14000.0,14000.0,VOLUMEN
1793,24,25,CAMA EMILI 27-10-2025,CAMA EMILI 1.60 CON SUS NOCHEROS 16/09/2025,Nochero,EBANISTAEDUAR OLAYA MANO DE OBRA=,14,GRAPAS,0.5,Unidad,12000.0,6000.0,ESPACIADO
1794,24,25,CAMA EMILI 27-10-2025,CAMA EMILI 1.60 CON SUS NOCHEROS 16/09/2025,Nochero,EBANISTAEDUAR OLAYA MANO DE OBRA=,15,CORREDERAS,,UNITARIOS,32000.0,0.0,FIJO
1795,24,25,CAMA EMILI 27-10-2025,CAMA EMILI 1.60 CON SUS NOCHEROS 16/09/2025,Nochero,EBANISTAEDUAR OLAYA MANO DE OBRA=,16,CLAVILLOS F40,0.5,TIRA,28000.0,14000.0,ESPACIADO
1796,24,25,CAMA EMILI 27-10-2025,CAMA EMILI 1.60 CON SUS NOCHEROS 16/09/2025,Nochero,EBANISTAEDUAR OLAYA MANO DE OBRA=,17,TUERCA UNA,1.0,PAR,2400.0,2400.0,FIJO
1797,24,25,CAMA EMILI 27-10-2025,CAMA EMILI 1.60 CON SUS NOCHEROS 16/09/2025,Nochero,EBANISTAEDUAR OLAYA MANO DE OBRA=,18,MDF 15,0.0,LAMINA,207000.0,0.0,AREA
1798,24,25,CAMA EMILI 27-10-2025,CAMA EMILI 1.60 CON SUS NOCHEROS 16/09/2025,Nochero,EBANISTAEDUAR OLAYA MANO DE OBRA=,19,"TORNILLOS DE 2""",50.0,Unidad,100.0,5000.0,ESPACIADO
1799,24,25,CAMA EMILI 27-10-2025,CAMA EMILI 1.60 CON SUS NOCHEROS 16/09/2025,Nochero,EBANISTAEDUAR OLAYA MANO DE OBRA=,20,ebanisteria 300.000 x 5% de m.o,,,,315000.0,FORMULA
1800,24,25,CAMA EMILI 27-10-2025,CAMA EMILI 1.60 CON SUS NOCHEROS 16/09/2025,Nochero,EBANISTAEDUAR OLAYA MANO DE OBRA=,22,gastos de Ebanisteria e 10%,,,,79740.0,FORMULA
1801,24,25,CAMA EMILI 27-10-2025,CAMA EMILI 1.60 CON SUS NOCHEROS 16/09/2025,Nochero,EBANISTAEDUAR OLAYA MANO DE OBRA=,26,MADERA (2),468.0,"2,10X22X18= 832 2,10X20X15=630",140.0,65520.0,FORMULA
1802,24,25,CAMA EMILI 27-10-2025,CAMA EMILI 1.60 CON SUS NOCHEROS 16/09/2025,Nochero,EBANISTAEDUAR OLAYA MANO DE OBRA=,27,MDF DE 3,200.0,"1 PEDAZO DE 1,20X45=54",67.0,13400.0,AREA
1803,24,25,CAMA EMILI 27-10-2025,CAMA EMILI 1.60 CON SUS NOCHEROS 16/09/2025,Nochero,EBANISTAEDUAR OLAYA MANO DE OBRA=,28,LAM MDF 15,250.0,"1 PEDASO DE 1.25 X55=68,75",217.0,54250.0,AREA
1804,24,25,CAMA EMILI 27-10-2025,CAMA EMILI 1.60 CON SUS NOCHEROS 16/09/2025,Nochero,EBANISTAEDUAR OLAYA MANO DE OBRA=,29,LAM MDF 9,175.0,"1 PEDASO DE 1,50X40=60",140.0,21875.0,AREA
1805,24,25,CAMA EMILI 27-10-2025,CAMA EMILI 1.60 CON SUS NOCHEROS 16/09/2025,Nochero,EBANISTAEDUAR OLAYA MANO DE OBRA=,30,COLBON,2.0,litros,14000.0,28000.0,VOLUMEN
1806,24,25,CAMA EMILI 27-10-2025,CAMA EMILI 1.60 CON SUS NOCHEROS 16/09/2025,Nochero,EBANISTAEDUAR OLAYA MANO DE OBRA=,31,GRAPAS,10.0,Unidad,600.0,6000.0,ESPACIADO
1807,24,25,CAMA EMILI 27-10-2025,CAMA EMILI 1.60 CON SUS NOCHEROS 16/09/2025,Nochero,EBANISTAEDUAR OLAYA MANO DE OBRA=,32,CLAVILLOS N F 40,6.0,TIRA,1000.0,6000.0,ESPACIADO
1808,24,25,CAMA EMILI 27-10-2025,CAMA EMILI 1.60 CON SUS NOCHEROS 16/09/2025,Nochero,EBANISTAEDUAR OLAYA MANO DE OBRA=,33,HECHURA,2.0,PAR,157500.0,315000.0,FORMULA
1809,24,25,CAMA EMILI 27-10-2025,CAMA EMILI 1.60 CON SUS NOCHEROS 16/09/2025,Nochero,EBANISTAEDUAR OLAYA MANO DE OBRA=,34,"TORNILLOS DE 2""",30.0,Unidad,100.0,3000.0,ESPACIADO
1810,24,25,CAMA EMILI 27-10-2025,CAMA EMILI 1.60 CON SUS NOCHEROS 16/09/2025,Nochero,EBANISTAEDUAR OLAYA MANO DE OBRA=,37,gastos de Ebanisteria e 5%,,,,26294.75,FORMULA
1811,24,25,CAMA EMILI 27-10-2025,CAMA EMILI 1.60 CON SUS NOCHEROS 16/09/2025,Nochero,SECCION PINTURA Y PREPARADA DE 2 NOCHEROS,39,SECCION PINTURA Y PREPARADA,DE 2 NOCHEROS ,,,,FORMULA
1812,24,25,CAMA EMILI 27-10-2025,CAMA EMILI 1.60 CON SUS NOCHEROS 16/09/2025,Nochero,SECCION PINTURA Y PREPARADA DE 2 NOCHEROS,40,PREPARADO JOTA,2.0,CON EL 5%,36750.0,73500.0,FORMULA
1813,24,25,CAMA EMILI 27-10-2025,CAMA EMILI 1.60 CON SUS NOCHEROS 16/09/2025,Nochero,SECCION PINTURA Y PREPARADA DE 2 NOCHEROS,41,PINTURA ALEX,2.0,CON EL 5%,36750.0,73500.0,FORMULA
1814,24,25,CAMA EMILI 27-10-2025,CAMA EMILI 1.60 CON SUS NOCHEROS 16/09/2025,Nochero,SECCION PINTURA Y PREPARADA DE 2 NOCHEROS,42,SELLADOR,5.0,PISTOLADAS,18000.0,90000.0,VOLUMEN
1815,24,25,CAMA EMILI 27-10-2025,CAMA EMILI 1.60 CON SUS NOCHEROS 16/09/2025,Nochero,SECCION PINTURA Y PREPARADA DE 2 NOCHEROS,43,LIJA 400,1.0,unidades,2000.0,2000.0,FIJO
1816,24,25,CAMA EMILI 27-10-2025,CAMA EMILI 1.60 CON SUS NOCHEROS 16/09/2025,Nochero,SECCION PINTURA Y PREPARADA DE 2 NOCHEROS,44,NITRO,0.0,galon,70000.0,0.0,VOLUMEN
1817,24,25,CAMA EMILI 27-10-2025,CAMA EMILI 1.60 CON SUS NOCHEROS 16/09/2025,Nochero,SECCION PINTURA Y PREPARADA DE 2 NOCHEROS,45,VIDRIOS,0.0,unidad,45000.0,0.0,FORMULA
1818,24,25,CAMA EMILI 27-10-2025,CAMA EMILI 1.60 CON SUS NOCHEROS 16/09/2025,Nochero,SECCION PINTURA Y PREPARADA DE 2 NOCHEROS,46,TALCO,0.3,unidad,2500.0,750.0,FORMULA
1819,24,25,CAMA EMILI 27-10-2025,CAMA EMILI 1.60 CON SUS NOCHEROS 16/09/2025,Nochero,SECCION PINTURA Y PREPARADA DE 2 NOCHEROS,47,TINER,0.2,GALON,34000.0,6800.0,VOLUMEN
1820,24,25,CAMA EMILI 27-10-2025,CAMA EMILI 1.60 CON SUS NOCHEROS 16/09/2025,Nochero,SECCION PINTURA Y PREPARADA DE 2 NOCHEROS,48,TOPES,2.0,JALADORES,3000.0,6000.0,FORMULA
1821,24,25,CAMA EMILI 27-10-2025,CAMA EMILI 1.60 CON SUS NOCHEROS 16/09/2025,Nochero,SECCION PINTURA Y PREPARADA DE 2 NOCHEROS,49,COLOR,4.0,PISTOLADA,22000.0,88000.0,VOLUMEN
1822,24,25,CAMA EMILI 27-10-2025,CAMA EMILI 1.60 CON SUS NOCHEROS 16/09/2025,Nochero,SECCION PINTURA Y PREPARADA DE 2 NOCHEROS,50,ENCINA,0.1,galon,160000.0,16000.0,VOLUMEN
1823,24,25,CAMA EMILI 27-10-2025,CAMA EMILI 1.60 CON SUS NOCHEROS 16/09/2025,Nochero,SECCION PINTURA Y PREPARADA DE 2 NOCHEROS,51,GASOLINA,0.6,ML,4500.0,2700.0,LINEAL
1824,24,25,CAMA EMILI 27-10-2025,CAMA EMILI 1.60 CON SUS NOCHEROS 16/09/2025,Nochero,SECCION PINTURA Y PREPARADA DE 2 NOCHEROS,52,RESANE,0.2,LITRO,20000.0,4000.0,VOLUMEN
1825,24,25,CAMA EMILI 27-10-2025,CAMA EMILI 1.60 CON SUS NOCHEROS 16/09/2025,Nochero,SECCION PINTURA Y PREPARADA DE 2 NOCHEROS,53,LACA,3.0,PISTOLADA,23000.0,69000.0,VOLUMEN
1826,24,25,CAMA EMILI 27-10-2025,CAMA EMILI 1.60 CON SUS NOCHEROS 16/09/2025,Nochero,SECCION PINTURA Y PREPARADA DE 2 NOCHEROS,55,Gastos de Pintura 10%,,,,43225.0,FORMULA
1827,24,25,CAMA EMILI 27-10-2025,CAMA EMILI 1.60 CON SUS NOCHEROS 16/09/2025,Nochero,SECCION PINTURA Y PREPARADA DE CAMAS,57,SECCION PINTURA Y PREPARADA, DE CAMAS,,,,FORMULA
1828,24,25,CAMA EMILI 27-10-2025,CAMA EMILI 1.60 CON SUS NOCHEROS 16/09/2025,Nochero,SECCION PINTURA Y PREPARADA DE CAMAS,58,PREPARADO JOTA,0.0,CON EL 5%,63000.0,0.0,FORMULA
1829,24,25,CAMA EMILI 27-10-2025,CAMA EMILI 1.60 CON SUS NOCHEROS 16/09/2025,Nochero,SECCION PINTURA Y PREPARADA DE CAMAS,59,PINTURA ALEX,0.0,CON EL 5%,26250.0,0.0,FORMULA
1830,24,25,CAMA EMILI 27-10-2025,CAMA EMILI 1.60 CON SUS NOCHEROS 16/09/2025,Nochero,SECCION PINTURA Y PREPARADA DE CAMAS,60,PINTURA DE PATAS ALEX,0.0,16.0,2100.0,0.0,FORMULA
1831,24,25,CAMA EMILI 27-10-2025,CAMA EMILI 1.60 CON SUS NOCHEROS 16/09/2025,Nochero,SECCION PINTURA Y PREPARADA DE CAMAS,61,SELLADOR,0.0,PISTOLADAS,18000.0,0.0,VOLUMEN
1832,24,25,CAMA EMILI 27-10-2025,CAMA EMILI 1.60 CON SUS NOCHEROS 16/09/2025,Nochero,SECCION PINTURA Y PREPARADA DE CAMAS,62,LIJA 400,0.0,unidades,2000.0,0.0,FORMULA
1833,24,25,CAMA EMILI 27-10-2025,CAMA EMILI 1.60 CON SUS NOCHEROS 16/09/2025,Nochero,SECCION PINTURA Y PREPARADA DE CAMAS,63,NITRO,,galon,,0.0,FORMULA
1834,24,25,CAMA EMILI 27-10-2025,CAMA EMILI 1.60 CON SUS NOCHEROS 16/09/2025,Nochero,SECCION PINTURA Y PREPARADA DE CAMAS,64,lija 240,0.0,unidad,2000.0,0.0,FORMULA
1835,24,25,CAMA EMILI 27-10-2025,CAMA EMILI 1.60 CON SUS NOCHEROS 16/09/2025,Nochero,SECCION PINTURA Y PREPARADA DE CAMAS,65,lija 120,0.0,unidad,2000.0,0.0,FORMULA
1836,24,25,CAMA EMILI 27-10-2025,CAMA EMILI 1.60 CON SUS NOCHEROS 16/09/2025,Nochero,SECCION PINTURA Y PREPARADA DE CAMAS,66,laca semimate,0.0,GALON,23000.0,0.0,VOLUMEN
1837,24,25,CAMA EMILI 27-10-2025,CAMA EMILI 1.60 CON SUS NOCHEROS 16/09/2025,Nochero,SECCION PINTURA Y PREPARADA DE CAMAS,67,kerosen,0.0,litro,18000.0,0.0,VOLUMEN
1838,24,25,CAMA EMILI 27-10-2025,CAMA EMILI 1.60 CON SUS NOCHEROS 16/09/2025,Nochero,SECCION PINTURA Y PREPARADA DE CAMAS,68,COLOR,0.0,PISTOLADA,20000.0,0.0,VOLUMEN
1839,24,25,CAMA EMILI 27-10-2025,CAMA EMILI 1.60 CON SUS NOCHEROS 16/09/2025,Nochero,SECCION PINTURA Y PREPARADA DE CAMAS,69,TINTE MIEL,0.0,galon,,0.0,VOLUMEN
1840,24,25,CAMA EMILI 27-10-2025,CAMA EMILI 1.60 CON SUS NOCHEROS 16/09/2025,Nochero,SECCION PINTURA Y PREPARADA DE CAMAS,70,GASOLINA,0.0,LITRO,4.5,0.0,VOLUMEN
1841,24,25,CAMA EMILI 27-10-2025,CAMA EMILI 1.60 CON SUS NOCHEROS 16/09/2025,Nochero,SECCION PINTURA Y PREPARADA DE CAMAS,71,RESANE,0.0,LITRO,23000.0,0.0,VOLUMEN
1842,24,25,CAMA EMILI 27-10-2025,CAMA EMILI 1.60 CON SUS NOCHEROS 16/09/2025,Nochero,SECCION PINTURA Y PREPARADA DE CAMAS,72,LACA BRILLANTE,0.0,PISTOLADA,23000.0,0.0,VOLUMEN
1843,24,25,CAMA EMILI 27-10-2025,CAMA EMILI 1.60 CON SUS NOCHEROS 16/09/2025,Nochero,SECCION TERMINACION,77,PATAS NEGRAS,4.0,UNIDADES,16000.0,64000.0,FORMULA
1844,24,25,CAMA EMILI 27-10-2025,CAMA EMILI 1.60 CON SUS NOCHEROS 16/09/2025,Nochero,SECCION TERMINACION,78,TORNILLOS 1' DE UNAS,3.0,UNIDADES,2400.0,7200.0,ESPACIADO
1845,24,25,CAMA EMILI 27-10-2025,CAMA EMILI 1.60 CON SUS NOCHEROS 16/09/2025,Nochero,SECCION TERMINACION,79,TOMAS NEGROS CON USB,0.0,UNIDADES,23000.0,0.0,FORMULA
1846,24,25,CAMA EMILI 27-10-2025,CAMA EMILI 1.60 CON SUS NOCHEROS 16/09/2025,Nochero,SECCION TERMINACION,80,LAMPARAS DE LUZ,0.0,UNIDADES,100000.0,0.0,FORMULA
1847,24,25,CAMA EMILI 27-10-2025,CAMA EMILI 1.60 CON SUS NOCHEROS 16/09/2025,Nochero,SECCION TERMINACION,81,CABLE DE 12,0.0,METROS,3000.0,0.0,LINEAL
1848,24,25,CAMA EMILI 27-10-2025,CAMA EMILI 1.60 CON SUS NOCHEROS 16/09/2025,Nochero,SECCION TERMINACION,82,APAGADORES,0.0,PAR,1500.0,0.0,FORMULA
1849,24,25,CAMA EMILI 27-10-2025,CAMA EMILI 1.60 CON SUS NOCHEROS 16/09/2025,Nochero,SECCION TERMINACION,83,"TORNILLOS DE 2""",8.0,UNIDADES,100.0,800.0,ESPACIADO
1850,24,25,CAMA EMILI 27-10-2025,CAMA EMILI 1.60 CON SUS NOCHEROS 16/09/2025,Nochero,SECCION TERMINACION,84,ENCHUFLES BLANCO MACHO,,UNIDADES,2000.0,0.0,FORMULA
1851,24,25,CAMA EMILI 27-10-2025,CAMA EMILI 1.60 CON SUS NOCHEROS 16/09/2025,Nochero,SECCION TERMINACION,85,HERRAJES DE CAMA,0.0,PAR,160000.0,0.0,FORMULA
1852,24,25,CAMA EMILI 27-10-2025,CAMA EMILI 1.60 CON SUS NOCHEROS 16/09/2025,Nochero,SECCION TERMINACION,86,JALADORES,,UNIDAD,26800.0,0.0,FIJO
1853,24,25,CAMA EMILI 27-10-2025,CAMA EMILI 1.60 CON SUS NOCHEROS 16/09/2025,Nochero,SECCION TERMINACION,87,MULTIUSOS,0.0,UNIDADES,3000.0,0.0,FORMULA
1854,24,25,CAMA EMILI 27-10-2025,CAMA EMILI 1.60 CON SUS NOCHEROS 16/09/2025,Nochero,SECCION TERMINACION,88,CORREDERAS,2.0,PAR,20000.0,40000.0,FORMULA
1855,24,25,CAMA EMILI 27-10-2025,CAMA EMILI 1.60 CON SUS NOCHEROS 16/09/2025,Nochero,SECCION TERMINACION,89,EMBALADA,1.0,unidades,150000.0,150000.0,FIJO
1856,24,25,CAMA EMILI 27-10-2025,CAMA EMILI 1.60 CON SUS NOCHEROS 16/09/2025,Nochero,SECCION TERMINACION,91,2 COLAPATOS,,,,0.0,FORMULA
1857,24,25,CAMA EMILI 27-10-2025,CAMA EMILI 1.60 CON SUS NOCHEROS 16/09/2025,Nochero,SECCION TERMINACION,92,SECCION COLA DE PATO,,,,0.0,FORMULA
1858,24,25,CAMA EMILI 27-10-2025,CAMA EMILI 1.60 CON SUS NOCHEROS 16/09/2025,Nochero,SECCION TERMINACION,93,MADERA 60X1X4,510.0,APAMATE,140.0,71400.0,FORMULA
1859,24,25,CAMA EMILI 27-10-2025,CAMA EMILI 1.60 CON SUS NOCHEROS 16/09/2025,Nochero,FABRICACION TENDIDO,98,"TORNILLOS DE 2""",20.0,,100.0,2000.0,ESPACIADO
1860,24,25,CAMA EMILI 27-10-2025,CAMA EMILI 1.60 CON SUS NOCHEROS 16/09/2025,Nochero,FABRICACION TENDIDO,100,HECHURA,2.0,UNIDAD,15750.0,31500.0,FORMULA
1861,24,25,CAMA EMILI 27-10-2025,CAMA EMILI 1.60 CON SUS NOCHEROS 16/09/2025,Nochero,SECCION TAPICERIA CARLOS MANO DE OBRA=,103,SECCION TAPICERIA CARLOS,,MANO DE OBRA=,,,FORMULA
1862,24,25,CAMA EMILI 27-10-2025,CAMA EMILI 1.60 CON SUS NOCHEROS 16/09/2025,Nochero,SECCION TAPICERIA CARLOS MANO DE OBRA=,104,TEL PRANNA NEGRA,9.0,METROS,35000.0,315000.0,LINEAL
1863,24,25,CAMA EMILI 27-10-2025,CAMA EMILI 1.60 CON SUS NOCHEROS 16/09/2025,Nochero,SECCION TAPICERIA CARLOS MANO DE OBRA=,105,BARILLA TRIPA POLLO,,,15000.0,0.0,FORMULA
1864,24,25,CAMA EMILI 27-10-2025,CAMA EMILI 1.60 CON SUS NOCHEROS 16/09/2025,Nochero,SECCION TAPICERIA CARLOS MANO DE OBRA=,106,ESPUMA AZUL DE 1 PULGADA,0.25,METROS,17500.0,4375.0,AREA
1865,24,25,CAMA EMILI 27-10-2025,CAMA EMILI 1.60 CON SUS NOCHEROS 16/09/2025,Nochero,SECCION TAPICERIA CARLOS MANO DE OBRA=,107,GRAPAS,0.4,CAJA DE GRAPAS,12000.0,4800.0,ESPACIADO
1866,24,25,CAMA EMILI 27-10-2025,CAMA EMILI 1.60 CON SUS NOCHEROS 16/09/2025,Nochero,SECCION TAPICERIA CARLOS MANO DE OBRA=,108,ESPUMA AZUL DE 2 PULGADAS,1.5,LAMINA,41000.0,61500.0,AREA
1867,24,25,CAMA EMILI 27-10-2025,CAMA EMILI 1.60 CON SUS NOCHEROS 16/09/2025,Nochero,SECCION TAPICERIA CARLOS MANO DE OBRA=,109,"TORNILLOS DE 1 1/2""",50.0,UNIDADES,100.0,5000.0,ESPACIADO
1868,24,25,CAMA EMILI 27-10-2025,CAMA EMILI 1.60 CON SUS NOCHEROS 16/09/2025,Nochero,SECCION TAPICERIA CARLOS MANO DE OBRA=,110,ESPUMA DE 1 1/2'' NARANJA,0.375,UNIDADES,40000.0,15000.0,AREA
1869,24,25,CAMA EMILI 27-10-2025,CAMA EMILI 1.60 CON SUS NOCHEROS 16/09/2025,Nochero,SECCION TAPICERIA CARLOS MANO DE OBRA=,111,ESPUMA BLANCA DE 1',0.25,UNIDAD,14500.0,3625.0,AREA
1870,24,25,CAMA EMILI 27-10-2025,CAMA EMILI 1.60 CON SUS NOCHEROS 16/09/2025,Nochero,SECCION TAPICERIA CARLOS MANO DE OBRA=,112,ESPUMA 1/2 BLANCA,1.0,UNIDADES,7000.0,7000.0,AREA
1871,24,25,CAMA EMILI 27-10-2025,CAMA EMILI 1.60 CON SUS NOCHEROS 16/09/2025,Nochero,SECCION TAPICERIA CARLOS MANO DE OBRA=,113,CIERRE MAGICO,2.5,METROS,5000.0,12500.0,LINEAL
1872,24,25,CAMA EMILI 27-10-2025,CAMA EMILI 1.60 CON SUS NOCHEROS 16/09/2025,Nochero,SECCION TAPICERIA CARLOS MANO DE OBRA=,114,HILO,0.5,UNIDAD,25000.0,12500.0,FORMULA
1873,24,25,CAMA EMILI 27-10-2025,CAMA EMILI 1.60 CON SUS NOCHEROS 16/09/2025,Nochero,SECCION TAPICERIA CARLOS MANO DE OBRA=,115,COLA DE RATA,5.5,METROS,1570.0,8635.0,LINEAL
1874,24,25,CAMA EMILI 27-10-2025,CAMA EMILI 1.60 CON SUS NOCHEROS 16/09/2025,Nochero,SECCION TAPICERIA CARLOS MANO DE OBRA=,116,SUPER,0.5,LITRO,19000.0,9500.0,VOLUMEN
1875,24,25,CAMA EMILI 27-10-2025,CAMA EMILI 1.60 CON SUS NOCHEROS 16/09/2025,Nochero,SECCION TAPICERIA CARLOS MANO DE OBRA=,117,FIELTRO,0.0,CM,4000.0,,LINEAL
1876,24,25,CAMA EMILI 27-10-2025,CAMA EMILI 1.60 CON SUS NOCHEROS 16/09/2025,Nochero,SECCION TAPICERIA CARLOS MANO DE OBRA=,118,HECHURA,1.0,,210000.0,210000.0,FIJO
1877,24,25,CAMA EMILI 27-10-2025,CAMA EMILI 1.60 CON SUS NOCHEROS 16/09/2025,Nochero,SECCION TAPICERIA CARLOS MANO DE OBRA=,119,LENCILLO,6.5,METROS,3500.0,22750.0,LINEAL
1878,25,26,CAMA BRISA 27-10-2025,CAMA BRISA 2X2 CON SUS NOCHEROS 16/09/2025,Nochero,EBANISTA WILMER MANO DE OBRA=,8,MADERA (2),1100.0,APAMATE,140.0,154000.0,FORMULA
1879,25,26,CAMA BRISA 27-10-2025,CAMA BRISA 2X2 CON SUS NOCHEROS 16/09/2025,Nochero,EBANISTA WILMER MANO DE OBRA=,9,"MDF DE 2,7",0.0,LAMINA,65000.0,0.0,AREA
1880,25,26,CAMA BRISA 27-10-2025,CAMA BRISA 2X2 CON SUS NOCHEROS 16/09/2025,Nochero,EBANISTA WILMER MANO DE OBRA=,10,INDUPLAX,0.0,Unidad,160000.0,0.0,AREA
1881,25,26,CAMA BRISA 27-10-2025,CAMA BRISA 2X2 CON SUS NOCHEROS 16/09/2025,Nochero,EBANISTA WILMER MANO DE OBRA=,11,LAMINA DE 9,1.0,Unidad,140000.0,140000.0,AREA
1882,25,26,CAMA BRISA 27-10-2025,CAMA BRISA 2X2 CON SUS NOCHEROS 16/09/2025,Nochero,EBANISTA WILMER MANO DE OBRA=,12,SUPER,,LITROS,19000.0,0.0,FORMULA
1883,25,26,CAMA BRISA 27-10-2025,CAMA BRISA 2X2 CON SUS NOCHEROS 16/09/2025,Nochero,EBANISTA WILMER MANO DE OBRA=,13,COLBON,1.0,LITROS,14000.0,14000.0,VOLUMEN
1884,25,26,CAMA BRISA 27-10-2025,CAMA BRISA 2X2 CON SUS NOCHEROS 16/09/2025,Nochero,EBANISTA WILMER MANO DE OBRA=,14,GRAPAS,0.5,Unidad,12000.0,6000.0,ESPACIADO
1885,25,26,CAMA BRISA 27-10-2025,CAMA BRISA 2X2 CON SUS NOCHEROS 16/09/2025,Nochero,EBANISTA WILMER MANO DE OBRA=,15,CORREDERAS,,UNITARIOS,32000.0,0.0,FIJO
1886,25,26,CAMA BRISA 27-10-2025,CAMA BRISA 2X2 CON SUS NOCHEROS 16/09/2025,Nochero,EBANISTA WILMER MANO DE OBRA=,16,CLAVILLOS F40,0.25,TIRA,28000.0,7000.0,ESPACIADO
1887,25,26,CAMA BRISA 27-10-2025,CAMA BRISA 2X2 CON SUS NOCHEROS 16/09/2025,Nochero,EBANISTA WILMER MANO DE OBRA=,17,GANCHOS,1.0,PAR,20000.0,20000.0,FIJO
1888,25,26,CAMA BRISA 27-10-2025,CAMA BRISA 2X2 CON SUS NOCHEROS 16/09/2025,Nochero,EBANISTA WILMER MANO DE OBRA=,18,MDF 15,2.0,LAMINA,207000.0,414000.0,AREA
1889,25,26,CAMA BRISA 27-10-2025,CAMA BRISA 2X2 CON SUS NOCHEROS 16/09/2025,Nochero,EBANISTA WILMER MANO DE OBRA=,19,"TORNILLOS DE 2""",150.0,Unidad,100.0,15000.0,ESPACIADO
1890,25,26,CAMA BRISA 27-10-2025,CAMA BRISA 2X2 CON SUS NOCHEROS 16/09/2025,Nochero,EBANISTA WILMER MANO DE OBRA=,20,ebanisteria 300.000 x 5% de m.o,,,,315000.0,FORMULA
1891,25,26,CAMA BRISA 27-10-2025,CAMA BRISA 2X2 CON SUS NOCHEROS 16/09/2025,Nochero,EBANISTA WILMER MANO DE OBRA=,22,gastos de Ebanisteria e 10%,,,,106666.0,FORMULA
1892,25,26,CAMA BRISA 27-10-2025,CAMA BRISA 2X2 CON SUS NOCHEROS 16/09/2025,Nochero,EBANISTA WILMER MANO DE OBRA=,26,MADERA (2),468.0,"2,10X22X18= 832 2,10X20X15=630",140.0,65520.0,FORMULA
1893,25,26,CAMA BRISA 27-10-2025,CAMA BRISA 2X2 CON SUS NOCHEROS 16/09/2025,Nochero,EBANISTA WILMER MANO DE OBRA=,27,MDF DE 3,200.0,"1 PEDAZO DE 1,20X45=54",67.0,13400.0,AREA
1894,25,26,CAMA BRISA 27-10-2025,CAMA BRISA 2X2 CON SUS NOCHEROS 16/09/2025,Nochero,EBANISTA WILMER MANO DE OBRA=,28,LAM MDF 15,250.0,"1 PEDASO DE 1.25 X55=68,75",217.0,54250.0,AREA
1895,25,26,CAMA BRISA 27-10-2025,CAMA BRISA 2X2 CON SUS NOCHEROS 16/09/2025,Nochero,EBANISTA WILMER MANO DE OBRA=,29,LAM MDF 9,175.0,"1 PEDASO DE 1,50X40=60",140.0,21875.0,AREA
1896,25,26,CAMA BRISA 27-10-2025,CAMA BRISA 2X2 CON SUS NOCHEROS 16/09/2025,Nochero,EBANISTA WILMER MANO DE OBRA=,30,COLBON,2.0,litros,14000.0,28000.0,VOLUMEN
1897,25,26,CAMA BRISA 27-10-2025,CAMA BRISA 2X2 CON SUS NOCHEROS 16/09/2025,Nochero,EBANISTA WILMER MANO DE OBRA=,31,GRAPAS,10.0,Unidad,600.0,6000.0,ESPACIADO
1898,25,26,CAMA BRISA 27-10-2025,CAMA BRISA 2X2 CON SUS NOCHEROS 16/09/2025,Nochero,EBANISTA WILMER MANO DE OBRA=,32,CLAVILLOS N F 40,6.0,TIRA,1000.0,6000.0,ESPACIADO
1899,25,26,CAMA BRISA 27-10-2025,CAMA BRISA 2X2 CON SUS NOCHEROS 16/09/2025,Nochero,EBANISTA WILMER MANO DE OBRA=,33,HECHURA,2.0,PAR,157500.0,315000.0,FORMULA
1900,25,26,CAMA BRISA 27-10-2025,CAMA BRISA 2X2 CON SUS NOCHEROS 16/09/2025,Nochero,EBANISTA WILMER MANO DE OBRA=,34,"TORNILLOS DE 2""",30.0,Unidad,100.0,3000.0,ESPACIADO
1901,25,26,CAMA BRISA 27-10-2025,CAMA BRISA 2X2 CON SUS NOCHEROS 16/09/2025,Nochero,EBANISTA WILMER MANO DE OBRA=,37,gastos de Ebanisteria e 5%,,,,26294.75,FORMULA
1902,25,26,CAMA BRISA 27-10-2025,CAMA BRISA 2X2 CON SUS NOCHEROS 16/09/2025,Nochero,SECCION PINTURA Y PREPARADA DE 2 NOCHEROS,39,SECCION PINTURA Y PREPARADA,DE 2 NOCHEROS ,,,,FORMULA
1903,25,26,CAMA BRISA 27-10-2025,CAMA BRISA 2X2 CON SUS NOCHEROS 16/09/2025,Nochero,SECCION PINTURA Y PREPARADA DE 2 NOCHEROS,40,PREPARADO JOTA,2.0,CON EL 5%,36750.0,73500.0,FORMULA
1904,25,26,CAMA BRISA 27-10-2025,CAMA BRISA 2X2 CON SUS NOCHEROS 16/09/2025,Nochero,SECCION PINTURA Y PREPARADA DE 2 NOCHEROS,41,PINTURA ALEX,2.0,CON EL 5%,36750.0,73500.0,FORMULA
1905,25,26,CAMA BRISA 27-10-2025,CAMA BRISA 2X2 CON SUS NOCHEROS 16/09/2025,Nochero,SECCION PINTURA Y PREPARADA DE 2 NOCHEROS,42,SELLADOR,5.0,PISTOLADAS,18000.0,90000.0,VOLUMEN
1906,25,26,CAMA BRISA 27-10-2025,CAMA BRISA 2X2 CON SUS NOCHEROS 16/09/2025,Nochero,SECCION PINTURA Y PREPARADA DE 2 NOCHEROS,43,LIJA 400,1.0,unidades,2000.0,2000.0,FIJO
1907,25,26,CAMA BRISA 27-10-2025,CAMA BRISA 2X2 CON SUS NOCHEROS 16/09/2025,Nochero,SECCION PINTURA Y PREPARADA DE 2 NOCHEROS,44,NITRO,0.0,galon,70000.0,0.0,VOLUMEN
1908,25,26,CAMA BRISA 27-10-2025,CAMA BRISA 2X2 CON SUS NOCHEROS 16/09/2025,Nochero,SECCION PINTURA Y PREPARADA DE 2 NOCHEROS,45,VIDRIOS,0.0,unidad,45000.0,0.0,FORMULA
1909,25,26,CAMA BRISA 27-10-2025,CAMA BRISA 2X2 CON SUS NOCHEROS 16/09/2025,Nochero,SECCION PINTURA Y PREPARADA DE 2 NOCHEROS,46,TALCO,0.3,unidad,2500.0,750.0,FORMULA
1910,25,26,CAMA BRISA 27-10-2025,CAMA BRISA 2X2 CON SUS NOCHEROS 16/09/2025,Nochero,SECCION PINTURA Y PREPARADA DE 2 NOCHEROS,47,TINER,0.2,GALON,34000.0,6800.0,VOLUMEN
1911,25,26,CAMA BRISA 27-10-2025,CAMA BRISA 2X2 CON SUS NOCHEROS 16/09/2025,Nochero,SECCION PINTURA Y PREPARADA DE 2 NOCHEROS,48,TOPES,2.0,JALADORES,3000.0,6000.0,FORMULA
1912,25,26,CAMA BRISA 27-10-2025,CAMA BRISA 2X2 CON SUS NOCHEROS 16/09/2025,Nochero,SECCION PINTURA Y PREPARADA DE 2 NOCHEROS,49,COLOR,4.0,PISTOLADA,22000.0,88000.0,VOLUMEN
1913,25,26,CAMA BRISA 27-10-2025,CAMA BRISA 2X2 CON SUS NOCHEROS 16/09/2025,Nochero,SECCION PINTURA Y PREPARADA DE 2 NOCHEROS,50,ENCINA,0.1,galon,160000.0,16000.0,VOLUMEN
1914,25,26,CAMA BRISA 27-10-2025,CAMA BRISA 2X2 CON SUS NOCHEROS 16/09/2025,Nochero,SECCION PINTURA Y PREPARADA DE 2 NOCHEROS,51,GASOLINA,0.6,ML,4500.0,2700.0,LINEAL
1915,25,26,CAMA BRISA 27-10-2025,CAMA BRISA 2X2 CON SUS NOCHEROS 16/09/2025,Nochero,SECCION PINTURA Y PREPARADA DE 2 NOCHEROS,52,RESANE,0.2,LITRO,20000.0,4000.0,VOLUMEN
1916,25,26,CAMA BRISA 27-10-2025,CAMA BRISA 2X2 CON SUS NOCHEROS 16/09/2025,Nochero,SECCION PINTURA Y PREPARADA DE 2 NOCHEROS,53,LACA,3.0,PISTOLADA,23000.0,69000.0,VOLUMEN
1917,25,26,CAMA BRISA 27-10-2025,CAMA BRISA 2X2 CON SUS NOCHEROS 16/09/2025,Nochero,SECCION PINTURA Y PREPARADA DE 2 NOCHEROS,55,Gastos de Pintura 10%,,,,43225.0,FORMULA
1918,25,26,CAMA BRISA 27-10-2025,CAMA BRISA 2X2 CON SUS NOCHEROS 16/09/2025,Nochero,SECCION PINTURA Y PREPARADA DE CAMAS,57,SECCION PINTURA Y PREPARADA, DE CAMAS,,,,FORMULA
1919,25,26,CAMA BRISA 27-10-2025,CAMA BRISA 2X2 CON SUS NOCHEROS 16/09/2025,Nochero,SECCION PINTURA Y PREPARADA DE CAMAS,58,PREPARADO JOTA,1.0,CON EL 5%,63000.0,63000.0,FIJO
1920,25,26,CAMA BRISA 27-10-2025,CAMA BRISA 2X2 CON SUS NOCHEROS 16/09/2025,Nochero,SECCION PINTURA Y PREPARADA DE CAMAS,59,PINTURA ALEX,1.0,CON EL 5%,36750.0,36750.0,FIJO
1921,25,26,CAMA BRISA 27-10-2025,CAMA BRISA 2X2 CON SUS NOCHEROS 16/09/2025,Nochero,SECCION PINTURA Y PREPARADA DE CAMAS,60,PINTURA DE PATAS ALEX,16.0,16.0,2100.0,33600.0,FORMULA
1922,25,26,CAMA BRISA 27-10-2025,CAMA BRISA 2X2 CON SUS NOCHEROS 16/09/2025,Nochero,SECCION PINTURA Y PREPARADA DE CAMAS,61,SELLADOR,2.5,PISTOLADAS,18000.0,45000.0,VOLUMEN
1923,25,26,CAMA BRISA 27-10-2025,CAMA BRISA 2X2 CON SUS NOCHEROS 16/09/2025,Nochero,SECCION PINTURA Y PREPARADA DE CAMAS,62,LIJA 400,0.0,unidades,2000.0,0.0,FORMULA
1924,25,26,CAMA BRISA 27-10-2025,CAMA BRISA 2X2 CON SUS NOCHEROS 16/09/2025,Nochero,SECCION PINTURA Y PREPARADA DE CAMAS,63,NITRO,,galon,,0.0,FORMULA
1925,25,26,CAMA BRISA 27-10-2025,CAMA BRISA 2X2 CON SUS NOCHEROS 16/09/2025,Nochero,SECCION PINTURA Y PREPARADA DE CAMAS,64,lija 240,1.0,unidad,2000.0,2000.0,FIJO
1926,25,26,CAMA BRISA 27-10-2025,CAMA BRISA 2X2 CON SUS NOCHEROS 16/09/2025,Nochero,SECCION PINTURA Y PREPARADA DE CAMAS,65,lija 120,1.0,unidad,2000.0,2000.0,FIJO
1927,25,26,CAMA BRISA 27-10-2025,CAMA BRISA 2X2 CON SUS NOCHEROS 16/09/2025,Nochero,SECCION PINTURA Y PREPARADA DE CAMAS,66,laca semimate,1.5,GALON,23000.0,34500.0,VOLUMEN
1928,25,26,CAMA BRISA 27-10-2025,CAMA BRISA 2X2 CON SUS NOCHEROS 16/09/2025,Nochero,SECCION PINTURA Y PREPARADA DE CAMAS,67,kerosen,,litro,18000.0,0.0,FORMULA
1929,25,26,CAMA BRISA 27-10-2025,CAMA BRISA 2X2 CON SUS NOCHEROS 16/09/2025,Nochero,SECCION PINTURA Y PREPARADA DE CAMAS,68,COLOR,3.2,PISTOLADA,20000.0,64000.0,VOLUMEN
1930,25,26,CAMA BRISA 27-10-2025,CAMA BRISA 2X2 CON SUS NOCHEROS 16/09/2025,Nochero,SECCION PINTURA Y PREPARADA DE CAMAS,69,TINTE MIEL,,galon,,0.0,FORMULA
1931,25,26,CAMA BRISA 27-10-2025,CAMA BRISA 2X2 CON SUS NOCHEROS 16/09/2025,Nochero,SECCION PINTURA Y PREPARADA DE CAMAS,70,GASOLINA,0.2,LITRO,4.5,0.9,VOLUMEN
1932,25,26,CAMA BRISA 27-10-2025,CAMA BRISA 2X2 CON SUS NOCHEROS 16/09/2025,Nochero,SECCION PINTURA Y PREPARADA DE CAMAS,71,RESANE,0.5,LITRO,23000.0,11500.0,VOLUMEN
1933,25,26,CAMA BRISA 27-10-2025,CAMA BRISA 2X2 CON SUS NOCHEROS 16/09/2025,Nochero,SECCION PINTURA Y PREPARADA DE CAMAS,72,LACA BRILLANTE,1.7,PISTOLADA,23000.0,39100.0,VOLUMEN
1934,25,26,CAMA BRISA 27-10-2025,CAMA BRISA 2X2 CON SUS NOCHEROS 16/09/2025,Nochero,SECCION PINTURA Y PREPARADA DE CAMAS,74,Gastos de Pintura 10%,,,,32095.1,FORMULA
1935,25,26,CAMA BRISA 27-10-2025,CAMA BRISA 2X2 CON SUS NOCHEROS 16/09/2025,Nochero,SECCION TERMINACION,77,PUNTOS DE HISTALACION,2.0,JOTA LAMPARAS,31500.0,63000.0,FORMULA
1936,25,26,CAMA BRISA 27-10-2025,CAMA BRISA 2X2 CON SUS NOCHEROS 16/09/2025,Nochero,SECCION TERMINACION,78,PUNTOS DE HISTALACION,2.0,TOMAS,15750.0,31500.0,FORMULA
1937,25,26,CAMA BRISA 27-10-2025,CAMA BRISA 2X2 CON SUS NOCHEROS 16/09/2025,Nochero,SECCION TERMINACION,79,TOMAS NEGROS CON USB,2.0,UNIDADES,23000.0,46000.0,FORMULA
1938,25,26,CAMA BRISA 27-10-2025,CAMA BRISA 2X2 CON SUS NOCHEROS 16/09/2025,Nochero,SECCION TERMINACION,80,LAMPARAS DE LUZ,2.0,UNIDADES,125000.0,250000.0,FORMULA
1939,25,26,CAMA BRISA 27-10-2025,CAMA BRISA 2X2 CON SUS NOCHEROS 16/09/2025,Nochero,SECCION TERMINACION,81,CABLE DE 12,6.0,METROS,3000.0,18000.0,LINEAL
1940,25,26,CAMA BRISA 27-10-2025,CAMA BRISA 2X2 CON SUS NOCHEROS 16/09/2025,Nochero,SECCION TERMINACION,82,APAGADORES,2.0,PAR,1500.0,3000.0,FORMULA
1941,25,26,CAMA BRISA 27-10-2025,CAMA BRISA 2X2 CON SUS NOCHEROS 16/09/2025,Nochero,SECCION TERMINACION,83,ENCHUFLES BLANCO MACHO,2.0,UNIDADES,2000.0,4000.0,FORMULA
1942,25,26,CAMA BRISA 27-10-2025,CAMA BRISA 2X2 CON SUS NOCHEROS 16/09/2025,Nochero,SECCION TERMINACION,84,HERRAJES DE CAMA,1.0,PAR,160000.0,160000.0,FIJO
1943,25,26,CAMA BRISA 27-10-2025,CAMA BRISA 2X2 CON SUS NOCHEROS 16/09/2025,Nochero,SECCION TERMINACION,85,JALADORES,2.0,UNIDAD,10000.0,20000.0,FORMULA
1944,25,26,CAMA BRISA 27-10-2025,CAMA BRISA 2X2 CON SUS NOCHEROS 16/09/2025,Nochero,SECCION TERMINACION,86,MULTIUSOS,4.0,UNIDADES,3000.0,12000.0,FORMULA
1945,25,26,CAMA BRISA 27-10-2025,CAMA BRISA 2X2 CON SUS NOCHEROS 16/09/2025,Nochero,SECCION TERMINACION,87,CORREDERAS,4.0,unidades,19000.0,76000.0,FORMULA
1946,25,26,CAMA BRISA 27-10-2025,CAMA BRISA 2X2 CON SUS NOCHEROS 16/09/2025,Nochero,SECCION TERMINACION,88,EMBALADA,1.0,unidades,150000.0,150000.0,FIJO
1947,25,26,CAMA BRISA 27-10-2025,CAMA BRISA 2X2 CON SUS NOCHEROS 16/09/2025,Nochero,SECCION TERMINACION,91,SECCION TENDIDO,,,,0.0,FORMULA
1948,25,26,CAMA BRISA 27-10-2025,CAMA BRISA 2X2 CON SUS NOCHEROS 16/09/2025,Nochero,SECCION TAPICERIA CARLOS MANO DE OBRA=,102,SECCION TAPICERIA CARLOS,,MANO DE OBRA=,,,FORMULA
1949,25,26,CAMA BRISA 27-10-2025,CAMA BRISA 2X2 CON SUS NOCHEROS 16/09/2025,Nochero,SECCION TAPICERIA CARLOS MANO DE OBRA=,103,TELA VELEZ BEIS,13.0,METROS,29000.0,377000.0,AREA
1950,25,26,CAMA BRISA 27-10-2025,CAMA BRISA 2X2 CON SUS NOCHEROS 16/09/2025,Nochero,SECCION TAPICERIA CARLOS MANO DE OBRA=,104,BARILLA TRIPA POLLO,,,15000.0,0.0,FORMULA
1951,25,26,CAMA BRISA 27-10-2025,CAMA BRISA 2X2 CON SUS NOCHEROS 16/09/2025,Nochero,SECCION TAPICERIA CARLOS MANO DE OBRA=,105,CAZATA,0.0,METROS,56000.0,0.0,LINEAL
1952,25,26,CAMA BRISA 27-10-2025,CAMA BRISA 2X2 CON SUS NOCHEROS 16/09/2025,Nochero,SECCION TAPICERIA CARLOS MANO DE OBRA=,106,GRAPAS,0.5,CAJA DE GRAPAS,12000.0,6000.0,ESPACIADO
1953,25,26,CAMA BRISA 27-10-2025,CAMA BRISA 2X2 CON SUS NOCHEROS 16/09/2025,Nochero,SECCION TAPICERIA CARLOS MANO DE OBRA=,107,ESPUMA AZUL DE 2 PULGADAS,0.0,LAMINA,41000.0,0.0,AREA
1954,25,26,CAMA BRISA 27-10-2025,CAMA BRISA 2X2 CON SUS NOCHEROS 16/09/2025,Nochero,SECCION TAPICERIA CARLOS MANO DE OBRA=,108,"TORNILLOS DE 1 1/2""",50.0,UNIDADES,100.0,5000.0,ESPACIADO
1955,25,26,CAMA BRISA 27-10-2025,CAMA BRISA 2X2 CON SUS NOCHEROS 16/09/2025,Nochero,SECCION TAPICERIA CARLOS MANO DE OBRA=,109,ESPUMA DE 1 1/2PULGADA AZUL,4.0,UNIDADES,26000.0,104000.0,AREA
1956,25,26,CAMA BRISA 27-10-2025,CAMA BRISA 2X2 CON SUS NOCHEROS 16/09/2025,Nochero,SECCION TAPICERIA CARLOS MANO DE OBRA=,110,ESPUMA BLANCA DE 1',1.0,UNIDAD,14500.0,14500.0,AREA
1957,25,26,CAMA BRISA 27-10-2025,CAMA BRISA 2X2 CON SUS NOCHEROS 16/09/2025,Nochero,SECCION TAPICERIA CARLOS MANO DE OBRA=,111,RIATA,8.0,MTS,1000.0,8000.0,LINEAL
1958,25,26,CAMA BRISA 27-10-2025,CAMA BRISA 2X2 CON SUS NOCHEROS 16/09/2025,Nochero,SECCION TAPICERIA CARLOS MANO DE OBRA=,112,COSTAL,6.0,METROS,4000.0,24000.0,AREA
1959,25,26,CAMA BRISA 27-10-2025,CAMA BRISA 2X2 CON SUS NOCHEROS 16/09/2025,Nochero,SECCION TAPICERIA CARLOS MANO DE OBRA=,113,HILO,0.5,UNIDAD,25000.0,12500.0,FORMULA
1960,25,26,CAMA BRISA 27-10-2025,CAMA BRISA 2X2 CON SUS NOCHEROS 16/09/2025,Nochero,SECCION TAPICERIA CARLOS MANO DE OBRA=,114,CARTON,1.5,UNIIDAD,5000.0,7500.0,FORMULA
1961,25,26,CAMA BRISA 27-10-2025,CAMA BRISA 2X2 CON SUS NOCHEROS 16/09/2025,Nochero,SECCION TAPICERIA CARLOS MANO DE OBRA=,115,SUPER,0.75,LITRO,19000.0,14250.0,VOLUMEN
1962,25,26,CAMA BRISA 27-10-2025,CAMA BRISA 2X2 CON SUS NOCHEROS 16/09/2025,Nochero,SECCION TAPICERIA CARLOS MANO DE OBRA=,116,FIELTRO,0.0,CM,4000.0,0.0,LINEAL
1963,25,26,CAMA BRISA 27-10-2025,CAMA BRISA 2X2 CON SUS NOCHEROS 16/09/2025,Nochero,SECCION TAPICERIA CARLOS MANO DE OBRA=,117,HECHURA,1.0,,210000.0,210000.0,FIJO
1964,25,26,CAMA BRISA 27-10-2025,CAMA BRISA 2X2 CON SUS NOCHEROS 16/09/2025,Nochero,SECCION TAPICERIA CARLOS MANO DE OBRA=,118,LENCILLO,0.0,KG,4000.0,0.0,FORMULA
1965,26,27,CAMA PATSI 28-10-2025,27-10-2025 CAMA PATSI 2X2 CON SUS NOCHEROS,Nochero,EBANISTA WILMER MANO DE OBRA=,8,MADERA (2),1483.0,APAMATE,140.0,207620.0,FORMULA
1966,26,27,CAMA PATSI 28-10-2025,27-10-2025 CAMA PATSI 2X2 CON SUS NOCHEROS,Nochero,EBANISTA WILMER MANO DE OBRA=,9,"MDF DE 2,7",0.0,LAMINA,65000.0,0.0,AREA
1967,26,27,CAMA PATSI 28-10-2025,27-10-2025 CAMA PATSI 2X2 CON SUS NOCHEROS,Nochero,EBANISTA WILMER MANO DE OBRA=,10,INDUPLAX,0.0,Unidad,160000.0,0.0,AREA
1968,26,27,CAMA PATSI 28-10-2025,27-10-2025 CAMA PATSI 2X2 CON SUS NOCHEROS,Nochero,EBANISTA WILMER MANO DE OBRA=,11,LAMINA DE 9,2.0,Unidad,140000.0,280000.0,AREA
1969,26,27,CAMA PATSI 28-10-2025,27-10-2025 CAMA PATSI 2X2 CON SUS NOCHEROS,Nochero,EBANISTA WILMER MANO DE OBRA=,12,SUPER,,LITROS,19000.0,0.0,FORMULA
1970,26,27,CAMA PATSI 28-10-2025,27-10-2025 CAMA PATSI 2X2 CON SUS NOCHEROS,Nochero,EBANISTA WILMER MANO DE OBRA=,13,COLBON,1.0,LITROS,14000.0,14000.0,VOLUMEN
1971,26,27,CAMA PATSI 28-10-2025,27-10-2025 CAMA PATSI 2X2 CON SUS NOCHEROS,Nochero,EBANISTA WILMER MANO DE OBRA=,14,GRAPAS,0.5,Unidad,12000.0,6000.0,ESPACIADO
1972,26,27,CAMA PATSI 28-10-2025,27-10-2025 CAMA PATSI 2X2 CON SUS NOCHEROS,Nochero,EBANISTA WILMER MANO DE OBRA=,15,CORREDERAS,,UNITARIOS,32000.0,0.0,FIJO
1973,26,27,CAMA PATSI 28-10-2025,27-10-2025 CAMA PATSI 2X2 CON SUS NOCHEROS,Nochero,EBANISTA WILMER MANO DE OBRA=,16,CLAVILLOS F50 F 30,0.5,TIRA,28000.0,14000.0,ESPACIADO
1974,26,27,CAMA PATSI 28-10-2025,27-10-2025 CAMA PATSI 2X2 CON SUS NOCHEROS,Nochero,EBANISTA WILMER MANO DE OBRA=,17,GANCHOS,1.0,PAR,20000.0,20000.0,FIJO
1975,26,27,CAMA PATSI 28-10-2025,27-10-2025 CAMA PATSI 2X2 CON SUS NOCHEROS,Nochero,EBANISTA WILMER MANO DE OBRA=,18,MDF 15,0.0,LAMINA,207000.0,0.0,AREA
1976,26,27,CAMA PATSI 28-10-2025,27-10-2025 CAMA PATSI 2X2 CON SUS NOCHEROS,Nochero,EBANISTA WILMER MANO DE OBRA=,19,"TORNILLOS DE 2""",150.0,Unidad,100.0,15000.0,ESPACIADO
1977,26,27,CAMA PATSI 28-10-2025,27-10-2025 CAMA PATSI 2X2 CON SUS NOCHEROS,Nochero,EBANISTA WILMER MANO DE OBRA=,20,ebanisteria 300.000 x 5% de m.o,,,,315000.0,FORMULA
1978,26,27,CAMA PATSI 28-10-2025,27-10-2025 CAMA PATSI 2X2 CON SUS NOCHEROS,Nochero,EBANISTA WILMER MANO DE OBRA=,22,gastos de Ebanisteria e 10%,,,,87162.0,FORMULA
1979,26,27,CAMA PATSI 28-10-2025,27-10-2025 CAMA PATSI 2X2 CON SUS NOCHEROS,Nochero,EBANISTA WILMER MANO DE OBRA=,26,MADERA (2),468.0,"2,10X22X18= 832 2,10X20X15=630",140.0,65520.0,FORMULA
1980,26,27,CAMA PATSI 28-10-2025,27-10-2025 CAMA PATSI 2X2 CON SUS NOCHEROS,Nochero,EBANISTA WILMER MANO DE OBRA=,27,MDF DE 3,200.0,"1 PEDAZO DE 1,20X45=54",67.0,13400.0,AREA
1981,26,27,CAMA PATSI 28-10-2025,27-10-2025 CAMA PATSI 2X2 CON SUS NOCHEROS,Nochero,EBANISTA WILMER MANO DE OBRA=,28,LAM MDF 15,250.0,"1 PEDASO DE 1.25 X55=68,75",217.0,54250.0,AREA
1982,26,27,CAMA PATSI 28-10-2025,27-10-2025 CAMA PATSI 2X2 CON SUS NOCHEROS,Nochero,EBANISTA WILMER MANO DE OBRA=,29,LAM MDF 9,175.0,"1 PEDASO DE 1,50X40=60",140.0,21875.0,AREA
1983,26,27,CAMA PATSI 28-10-2025,27-10-2025 CAMA PATSI 2X2 CON SUS NOCHEROS,Nochero,EBANISTA WILMER MANO DE OBRA=,30,COLBON,2.0,litros,14000.0,28000.0,VOLUMEN
1984,26,27,CAMA PATSI 28-10-2025,27-10-2025 CAMA PATSI 2X2 CON SUS NOCHEROS,Nochero,EBANISTA WILMER MANO DE OBRA=,31,GRAPAS,10.0,Unidad,600.0,6000.0,ESPACIADO
1985,26,27,CAMA PATSI 28-10-2025,27-10-2025 CAMA PATSI 2X2 CON SUS NOCHEROS,Nochero,EBANISTA WILMER MANO DE OBRA=,32,CLAVILLOS N F 40,6.0,TIRA,1000.0,6000.0,ESPACIADO
1986,26,27,CAMA PATSI 28-10-2025,27-10-2025 CAMA PATSI 2X2 CON SUS NOCHEROS,Nochero,EBANISTA WILMER MANO DE OBRA=,33,HECHURA,2.0,PAR,157500.0,315000.0,FORMULA
1987,26,27,CAMA PATSI 28-10-2025,27-10-2025 CAMA PATSI 2X2 CON SUS NOCHEROS,Nochero,EBANISTA WILMER MANO DE OBRA=,34,"TORNILLOS DE 2""",30.0,Unidad,100.0,3000.0,ESPACIADO
1988,26,27,CAMA PATSI 28-10-2025,27-10-2025 CAMA PATSI 2X2 CON SUS NOCHEROS,Nochero,EBANISTA WILMER MANO DE OBRA=,37,gastos de Ebanisteria e 5%,,,,26294.75,FORMULA
1989,26,27,CAMA PATSI 28-10-2025,27-10-2025 CAMA PATSI 2X2 CON SUS NOCHEROS,Nochero,SECCION PINTURA Y PREPARADA DE 2 NOCHEROS,39,SECCION PINTURA Y PREPARADA,DE 2 NOCHEROS ,,,,FORMULA
1990,26,27,CAMA PATSI 28-10-2025,27-10-2025 CAMA PATSI 2X2 CON SUS NOCHEROS,Nochero,SECCION PINTURA Y PREPARADA DE 2 NOCHEROS,40,PREPARADO JOTA,2.0,CON EL 5%,36750.0,73500.0,FORMULA
1991,26,27,CAMA PATSI 28-10-2025,27-10-2025 CAMA PATSI 2X2 CON SUS NOCHEROS,Nochero,SECCION PINTURA Y PREPARADA DE 2 NOCHEROS,41,PINTURA ALEX,2.0,CON EL 5%,36750.0,73500.0,FORMULA
1992,26,27,CAMA PATSI 28-10-2025,27-10-2025 CAMA PATSI 2X2 CON SUS NOCHEROS,Nochero,SECCION PINTURA Y PREPARADA DE 2 NOCHEROS,42,SELLADOR,5.0,PISTOLADAS,18000.0,90000.0,VOLUMEN
1993,26,27,CAMA PATSI 28-10-2025,27-10-2025 CAMA PATSI 2X2 CON SUS NOCHEROS,Nochero,SECCION PINTURA Y PREPARADA DE 2 NOCHEROS,43,LIJA 400,1.0,unidades,2000.0,2000.0,FIJO
1994,26,27,CAMA PATSI 28-10-2025,27-10-2025 CAMA PATSI 2X2 CON SUS NOCHEROS,Nochero,SECCION PINTURA Y PREPARADA DE 2 NOCHEROS,44,NITRO,0.0,galon,70000.0,0.0,VOLUMEN
1995,26,27,CAMA PATSI 28-10-2025,27-10-2025 CAMA PATSI 2X2 CON SUS NOCHEROS,Nochero,SECCION PINTURA Y PREPARADA DE 2 NOCHEROS,45,VIDRIOS,0.0,unidad,45000.0,0.0,FORMULA
1996,26,27,CAMA PATSI 28-10-2025,27-10-2025 CAMA PATSI 2X2 CON SUS NOCHEROS,Nochero,SECCION PINTURA Y PREPARADA DE 2 NOCHEROS,46,TALCO,0.3,unidad,2500.0,750.0,FORMULA
1997,26,27,CAMA PATSI 28-10-2025,27-10-2025 CAMA PATSI 2X2 CON SUS NOCHEROS,Nochero,SECCION PINTURA Y PREPARADA DE 2 NOCHEROS,47,TINER,0.2,GALON,34000.0,6800.0,VOLUMEN
1998,26,27,CAMA PATSI 28-10-2025,27-10-2025 CAMA PATSI 2X2 CON SUS NOCHEROS,Nochero,SECCION PINTURA Y PREPARADA DE 2 NOCHEROS,48,TOPES,2.0,JALADORES,3000.0,6000.0,FORMULA
1999,26,27,CAMA PATSI 28-10-2025,27-10-2025 CAMA PATSI 2X2 CON SUS NOCHEROS,Nochero,SECCION PINTURA Y PREPARADA DE 2 NOCHEROS,49,COLOR,4.0,PISTOLADA,22000.0,88000.0,VOLUMEN
2000,26,27,CAMA PATSI 28-10-2025,27-10-2025 CAMA PATSI 2X2 CON SUS NOCHEROS,Nochero,SECCION PINTURA Y PREPARADA DE 2 NOCHEROS,50,ENCINA,0.1,galon,160000.0,16000.0,VOLUMEN
2001,26,27,CAMA PATSI 28-10-2025,27-10-2025 CAMA PATSI 2X2 CON SUS NOCHEROS,Nochero,SECCION PINTURA Y PREPARADA DE 2 NOCHEROS,51,GASOLINA,0.6,ML,4500.0,2700.0,LINEAL
2002,26,27,CAMA PATSI 28-10-2025,27-10-2025 CAMA PATSI 2X2 CON SUS NOCHEROS,Nochero,SECCION PINTURA Y PREPARADA DE 2 NOCHEROS,52,RESANE,0.2,LITRO,20000.0,4000.0,VOLUMEN
2003,26,27,CAMA PATSI 28-10-2025,27-10-2025 CAMA PATSI 2X2 CON SUS NOCHEROS,Nochero,SECCION PINTURA Y PREPARADA DE 2 NOCHEROS,53,LACA,3.0,PISTOLADA,23000.0,69000.0,VOLUMEN
2004,26,27,CAMA PATSI 28-10-2025,27-10-2025 CAMA PATSI 2X2 CON SUS NOCHEROS,Nochero,SECCION PINTURA Y PREPARADA DE 2 NOCHEROS,55,Gastos de Pintura 10%,,,,43225.0,FORMULA
2005,26,27,CAMA PATSI 28-10-2025,27-10-2025 CAMA PATSI 2X2 CON SUS NOCHEROS,Nochero,SECCION PINTURA Y PREPARADA DE CAMAS,57,SECCION PINTURA Y PREPARADA, DE CAMAS,,,,FORMULA
2006,26,27,CAMA PATSI 28-10-2025,27-10-2025 CAMA PATSI 2X2 CON SUS NOCHEROS,Nochero,SECCION PINTURA Y PREPARADA DE CAMAS,58,PREPARADO JOTA,1.0,CON EL 5%,63000.0,63000.0,FIJO
2007,26,27,CAMA PATSI 28-10-2025,27-10-2025 CAMA PATSI 2X2 CON SUS NOCHEROS,Nochero,SECCION PINTURA Y PREPARADA DE CAMAS,59,PINTURA ALEX,1.0,CON EL 5%,26250.0,26250.0,FIJO
2008,26,27,CAMA PATSI 28-10-2025,27-10-2025 CAMA PATSI 2X2 CON SUS NOCHEROS,Nochero,SECCION PINTURA Y PREPARADA DE CAMAS,60,PINTURA DE PATAS ALEX,16.0,16.0,2100.0,33600.0,FORMULA
2009,26,27,CAMA PATSI 28-10-2025,27-10-2025 CAMA PATSI 2X2 CON SUS NOCHEROS,Nochero,SECCION PINTURA Y PREPARADA DE CAMAS,61,SELLADOR,2.5,PISTOLADAS,18000.0,45000.0,VOLUMEN
2010,26,27,CAMA PATSI 28-10-2025,27-10-2025 CAMA PATSI 2X2 CON SUS NOCHEROS,Nochero,SECCION PINTURA Y PREPARADA DE CAMAS,62,LIJA 400,0.0,unidades,2000.0,0.0,FORMULA
2011,26,27,CAMA PATSI 28-10-2025,27-10-2025 CAMA PATSI 2X2 CON SUS NOCHEROS,Nochero,SECCION PINTURA Y PREPARADA DE CAMAS,63,NITRO,,galon,,0.0,FORMULA
2012,26,27,CAMA PATSI 28-10-2025,27-10-2025 CAMA PATSI 2X2 CON SUS NOCHEROS,Nochero,SECCION PINTURA Y PREPARADA DE CAMAS,64,lija 240,1.0,unidad,2000.0,2000.0,FIJO
2013,26,27,CAMA PATSI 28-10-2025,27-10-2025 CAMA PATSI 2X2 CON SUS NOCHEROS,Nochero,SECCION PINTURA Y PREPARADA DE CAMAS,65,lija 120,1.0,unidad,2000.0,2000.0,FIJO
2014,26,27,CAMA PATSI 28-10-2025,27-10-2025 CAMA PATSI 2X2 CON SUS NOCHEROS,Nochero,SECCION PINTURA Y PREPARADA DE CAMAS,66,laca semimate,1.5,GALON,23000.0,34500.0,VOLUMEN
2015,26,27,CAMA PATSI 28-10-2025,27-10-2025 CAMA PATSI 2X2 CON SUS NOCHEROS,Nochero,SECCION PINTURA Y PREPARADA DE CAMAS,67,kerosen,,litro,18000.0,0.0,FORMULA
2016,26,27,CAMA PATSI 28-10-2025,27-10-2025 CAMA PATSI 2X2 CON SUS NOCHEROS,Nochero,SECCION PINTURA Y PREPARADA DE CAMAS,68,COLOR,3.2,PISTOLADA,20000.0,64000.0,VOLUMEN
2017,26,27,CAMA PATSI 28-10-2025,27-10-2025 CAMA PATSI 2X2 CON SUS NOCHEROS,Nochero,SECCION PINTURA Y PREPARADA DE CAMAS,69,TINTE MIEL,,galon,,0.0,FORMULA
2018,26,27,CAMA PATSI 28-10-2025,27-10-2025 CAMA PATSI 2X2 CON SUS NOCHEROS,Nochero,SECCION PINTURA Y PREPARADA DE CAMAS,70,GASOLINA,0.2,LITRO,4.5,0.9,VOLUMEN
2019,26,27,CAMA PATSI 28-10-2025,27-10-2025 CAMA PATSI 2X2 CON SUS NOCHEROS,Nochero,SECCION PINTURA Y PREPARADA DE CAMAS,71,RESANE,0.5,LITRO,23000.0,11500.0,VOLUMEN
2020,26,27,CAMA PATSI 28-10-2025,27-10-2025 CAMA PATSI 2X2 CON SUS NOCHEROS,Nochero,SECCION PINTURA Y PREPARADA DE CAMAS,72,LACA BRILLANTE,1.7,PISTOLADA,23000.0,39100.0,VOLUMEN
2021,26,27,CAMA PATSI 28-10-2025,27-10-2025 CAMA PATSI 2X2 CON SUS NOCHEROS,Nochero,SECCION PINTURA Y PREPARADA DE CAMAS,74,Gastos de Pintura 10%,,,,32095.1,FORMULA
2022,26,27,CAMA PATSI 28-10-2025,27-10-2025 CAMA PATSI 2X2 CON SUS NOCHEROS,Nochero,SECCION TERMINACION,77,HERRAJE PARA CAMA,1.0,PAR,160000.0,160000.0,FIJO
2023,26,27,CAMA PATSI 28-10-2025,27-10-2025 CAMA PATSI 2X2 CON SUS NOCHEROS,Nochero,SECCION TERMINACION,78,CORREDERAS 30 NORMAL,2.0,PAR,20000.0,40000.0,FORMULA
2024,26,27,CAMA PATSI 28-10-2025,27-10-2025 CAMA PATSI 2X2 CON SUS NOCHEROS,Nochero,SECCION TERMINACION,79,TOMAS NEGROS CON USB,0.0,UNIDADES,23000.0,0.0,FORMULA
2025,26,27,CAMA PATSI 28-10-2025,27-10-2025 CAMA PATSI 2X2 CON SUS NOCHEROS,Nochero,SECCION TERMINACION,80,LAMPARAS DE LUZ,0.0,UNIDADES,100000.0,0.0,FORMULA
2026,26,27,CAMA PATSI 28-10-2025,27-10-2025 CAMA PATSI 2X2 CON SUS NOCHEROS,Nochero,SECCION TERMINACION,81,CABLE DE 12,0.0,METROS,3000.0,0.0,LINEAL
2027,26,27,CAMA PATSI 28-10-2025,27-10-2025 CAMA PATSI 2X2 CON SUS NOCHEROS,Nochero,SECCION TERMINACION,82,APAGADORES,0.0,PAR,1500.0,0.0,FORMULA
2028,26,27,CAMA PATSI 28-10-2025,27-10-2025 CAMA PATSI 2X2 CON SUS NOCHEROS,Nochero,SECCION TERMINACION,83,ENCHUFLES BLANCO MACHO,0.0,UNIDADES,2000.0,0.0,FORMULA
2029,26,27,CAMA PATSI 28-10-2025,27-10-2025 CAMA PATSI 2X2 CON SUS NOCHEROS,Nochero,SECCION TERMINACION,84,HERRAJES DE CAMA,,PAR,160000.0,0.0,FORMULA
2030,26,27,CAMA PATSI 28-10-2025,27-10-2025 CAMA PATSI 2X2 CON SUS NOCHEROS,Nochero,SECCION TERMINACION,85,JALADORES,0.0,UNIDAD,26800.0,0.0,FORMULA
2031,26,27,CAMA PATSI 28-10-2025,27-10-2025 CAMA PATSI 2X2 CON SUS NOCHEROS,Nochero,SECCION TERMINACION,86,MULTIUSOS,,UNIDADES,3000.0,0.0,FORMULA
2032,26,27,CAMA PATSI 28-10-2025,27-10-2025 CAMA PATSI 2X2 CON SUS NOCHEROS,Nochero,SECCION TERMINACION,87,CORREDERAS,0.0,unidades,8000.0,0.0,FORMULA
2033,26,27,CAMA PATSI 28-10-2025,27-10-2025 CAMA PATSI 2X2 CON SUS NOCHEROS,Nochero,SECCION TERMINACION,88,EMBALADA,1.0,unidades,150000.0,150000.0,FIJO
2034,26,27,CAMA PATSI 28-10-2025,27-10-2025 CAMA PATSI 2X2 CON SUS NOCHEROS,Nochero,SECCION TERMINACION,91,SECCION TENDIDO,,,,0.0,FORMULA
2035,26,27,CAMA PATSI 28-10-2025,27-10-2025 CAMA PATSI 2X2 CON SUS NOCHEROS,Nochero,SECCION TAPICERIA CARLOS MANO DE OBRA=,102,SECCION TAPICERIA CARLOS,,MANO DE OBRA=,,,FORMULA
2036,26,27,CAMA PATSI 28-10-2025,27-10-2025 CAMA PATSI 2X2 CON SUS NOCHEROS,Nochero,SECCION TAPICERIA CARLOS MANO DE OBRA=,103,TELA VELEZ CAFE,11.0,METROS,30000.0,330000.0,AREA
2037,26,27,CAMA PATSI 28-10-2025,27-10-2025 CAMA PATSI 2X2 CON SUS NOCHEROS,Nochero,SECCION TAPICERIA CARLOS MANO DE OBRA=,104,COLA DE RATA,5.0,METROS,1570.0,7222.0,LINEAL
2038,26,27,CAMA PATSI 28-10-2025,27-10-2025 CAMA PATSI 2X2 CON SUS NOCHEROS,Nochero,SECCION TAPICERIA CARLOS MANO DE OBRA=,105,ESPUMA 1/2 BLANCA,2.0,METROS,7300.0,14600.0,AREA
2039,26,27,CAMA PATSI 28-10-2025,27-10-2025 CAMA PATSI 2X2 CON SUS NOCHEROS,Nochero,SECCION TAPICERIA CARLOS MANO DE OBRA=,106,GRAPAS,1.0,CAJA DE GRAPAS,12000.0,12000.0,ESPACIADO
2040,26,27,CAMA PATSI 28-10-2025,27-10-2025 CAMA PATSI 2X2 CON SUS NOCHEROS,Nochero,SECCION TAPICERIA CARLOS MANO DE OBRA=,107,ESPUMA AZUL DE 2 PULGADAS,0.4,LAMINA,41000.0,16400.0,AREA
2041,26,27,CAMA PATSI 28-10-2025,27-10-2025 CAMA PATSI 2X2 CON SUS NOCHEROS,Nochero,SECCION TAPICERIA CARLOS MANO DE OBRA=,108,"TORNILLOS DE 1 1/2""",50.0,UNIDADES,100.0,5000.0,ESPACIADO
2042,26,27,CAMA PATSI 28-10-2025,27-10-2025 CAMA PATSI 2X2 CON SUS NOCHEROS,Nochero,SECCION TAPICERIA CARLOS MANO DE OBRA=,109,ESPUMA DE 1 1/2'' ROSADA,1.0,UNIDADES,30000.0,30000.0,AREA
2043,26,27,CAMA PATSI 28-10-2025,27-10-2025 CAMA PATSI 2X2 CON SUS NOCHEROS,Nochero,SECCION TAPICERIA CARLOS MANO DE OBRA=,110,ESPUMA BLANCA DE 1',1.0,UNIDAD,14500.0,14500.0,AREA
2044,26,27,CAMA PATSI 28-10-2025,27-10-2025 CAMA PATSI 2X2 CON SUS NOCHEROS,Nochero,SECCION TAPICERIA CARLOS MANO DE OBRA=,111,ESPUMA 1 1/2'' AZUL,2.0,MTS,26000.0,52000.0,AREA
2045,26,27,CAMA PATSI 28-10-2025,27-10-2025 CAMA PATSI 2X2 CON SUS NOCHEROS,Nochero,SECCION TAPICERIA CARLOS MANO DE OBRA=,112,COSTAL,5.0,METROS,3000.0,15000.0,AREA
2046,26,27,CAMA PATSI 28-10-2025,27-10-2025 CAMA PATSI 2X2 CON SUS NOCHEROS,Nochero,SECCION TAPICERIA CARLOS MANO DE OBRA=,113,HILO,0.5,UNIDAD,25000.0,12500.0,FORMULA
2047,26,27,CAMA PATSI 28-10-2025,27-10-2025 CAMA PATSI 2X2 CON SUS NOCHEROS,Nochero,SECCION TAPICERIA CARLOS MANO DE OBRA=,114,CARTON,3.0,UNIIDAD,5000.0,15000.0,FORMULA
2048,26,27,CAMA PATSI 28-10-2025,27-10-2025 CAMA PATSI 2X2 CON SUS NOCHEROS,Nochero,SECCION TAPICERIA CARLOS MANO DE OBRA=,115,SUPER,1.0,LITRO,19000.0,19000.0,VOLUMEN
2049,26,27,CAMA PATSI 28-10-2025,27-10-2025 CAMA PATSI 2X2 CON SUS NOCHEROS,Nochero,SECCION TAPICERIA CARLOS MANO DE OBRA=,116,ESPUMA 1' NARANJA,0.4,CM,24000.0,9600.0,AREA
2050,26,27,CAMA PATSI 28-10-2025,27-10-2025 CAMA PATSI 2X2 CON SUS NOCHEROS,Nochero,SECCION TAPICERIA CARLOS MANO DE OBRA=,117,HECHURA,1.0,,210000.0,210000.0,FIJO
2051,26,27,CAMA PATSI 28-10-2025,27-10-2025 CAMA PATSI 2X2 CON SUS NOCHEROS,Nochero,SECCION TAPICERIA CARLOS MANO DE OBRA=,118,LENCILLO,0.0,KG,4000.0,0.0,FORMULA
2052,27,28,CAMA SAFIRO 28-10-2025 (2),CAMA SAFIRO 1.40 CON SUS NOCHEROS,Nochero,EBANISTA WILMER MANO DE OBRA=,8,MADERA (2),1450.0,APAMATE,140.0,203000.0,FORMULA
2053,27,28,CAMA SAFIRO 28-10-2025 (2),CAMA SAFIRO 1.40 CON SUS NOCHEROS,Nochero,EBANISTA WILMER MANO DE OBRA=,9,"MDF DE 2,7",0.0,LAMINA,65000.0,0.0,AREA
2054,27,28,CAMA SAFIRO 28-10-2025 (2),CAMA SAFIRO 1.40 CON SUS NOCHEROS,Nochero,EBANISTA WILMER MANO DE OBRA=,10,INDUPLAX,0.0,Unidad,160000.0,0.0,AREA
2055,27,28,CAMA SAFIRO 28-10-2025 (2),CAMA SAFIRO 1.40 CON SUS NOCHEROS,Nochero,EBANISTA WILMER MANO DE OBRA=,11,LAMINA DE 9,1.0,Unidad,140000.0,140000.0,AREA
2056,27,28,CAMA SAFIRO 28-10-2025 (2),CAMA SAFIRO 1.40 CON SUS NOCHEROS,Nochero,EBANISTA WILMER MANO DE OBRA=,12,SUPER,,LITROS,19000.0,0.0,FORMULA
2057,27,28,CAMA SAFIRO 28-10-2025 (2),CAMA SAFIRO 1.40 CON SUS NOCHEROS,Nochero,EBANISTA WILMER MANO DE OBRA=,13,COLBON,1.5,ML,14000.0,21000.0,LINEAL
2058,27,28,CAMA SAFIRO 28-10-2025 (2),CAMA SAFIRO 1.40 CON SUS NOCHEROS,Nochero,EBANISTA WILMER MANO DE OBRA=,14,GRAPAS,0.5,Unidad,12000.0,6000.0,ESPACIADO
2059,27,28,CAMA SAFIRO 28-10-2025 (2),CAMA SAFIRO 1.40 CON SUS NOCHEROS,Nochero,EBANISTA WILMER MANO DE OBRA=,15,CORREDERAS,,UNITARIOS,32000.0,0.0,FIJO
2060,27,28,CAMA SAFIRO 28-10-2025 (2),CAMA SAFIRO 1.40 CON SUS NOCHEROS,Nochero,EBANISTA WILMER MANO DE OBRA=,16,CLAVILLOS F50,0.5,TIRA,28000.0,14000.0,ESPACIADO
2061,27,28,CAMA SAFIRO 28-10-2025 (2),CAMA SAFIRO 1.40 CON SUS NOCHEROS,Nochero,EBANISTA WILMER MANO DE OBRA=,17,GANCHOS,1.0,PAR,20000.0,20000.0,FIJO
2062,27,28,CAMA SAFIRO 28-10-2025 (2),CAMA SAFIRO 1.40 CON SUS NOCHEROS,Nochero,EBANISTA WILMER MANO DE OBRA=,18,MDF 15,0.0,LAMINA,207000.0,0.0,AREA
2063,27,28,CAMA SAFIRO 28-10-2025 (2),CAMA SAFIRO 1.40 CON SUS NOCHEROS,Nochero,EBANISTA WILMER MANO DE OBRA=,19,"TORNILLOS DE 2""",140.0,Unidad,100.0,14000.0,ESPACIADO
2064,27,28,CAMA SAFIRO 28-10-2025 (2),CAMA SAFIRO 1.40 CON SUS NOCHEROS,Nochero,EBANISTA WILMER MANO DE OBRA=,20,ebanisteria 300.000 x 5% de m.o,,,,315000.0,FORMULA
2065,27,28,CAMA SAFIRO 28-10-2025 (2),CAMA SAFIRO 1.40 CON SUS NOCHEROS,Nochero,EBANISTA WILMER MANO DE OBRA=,22,gastos de Ebanisteria e 10%,,,,106666.0,FORMULA
2066,27,28,CAMA SAFIRO 28-10-2025 (2),CAMA SAFIRO 1.40 CON SUS NOCHEROS,Nochero,EBANISTA WILMER MANO DE OBRA=,26,MADERA (2),468.0,"2,10X22X18= 832 2,10X20X15=630",140.0,65520.0,FORMULA
2067,27,28,CAMA SAFIRO 28-10-2025 (2),CAMA SAFIRO 1.40 CON SUS NOCHEROS,Nochero,EBANISTA WILMER MANO DE OBRA=,27,MDF DE 3,200.0,"1 PEDAZO DE 1,20X45=54",67.0,13400.0,AREA
2068,27,28,CAMA SAFIRO 28-10-2025 (2),CAMA SAFIRO 1.40 CON SUS NOCHEROS,Nochero,EBANISTA WILMER MANO DE OBRA=,28,LAM MDF 15,250.0,"1 PEDASO DE 1.25 X55=68,75",217.0,54250.0,AREA
2069,27,28,CAMA SAFIRO 28-10-2025 (2),CAMA SAFIRO 1.40 CON SUS NOCHEROS,Nochero,EBANISTA WILMER MANO DE OBRA=,29,LAM MDF 9,175.0,"1 PEDASO DE 1,50X40=60",140.0,21875.0,AREA
2070,27,28,CAMA SAFIRO 28-10-2025 (2),CAMA SAFIRO 1.40 CON SUS NOCHEROS,Nochero,EBANISTA WILMER MANO DE OBRA=,30,COLBON,2.0,litros,14000.0,28000.0,VOLUMEN
2071,27,28,CAMA SAFIRO 28-10-2025 (2),CAMA SAFIRO 1.40 CON SUS NOCHEROS,Nochero,EBANISTA WILMER MANO DE OBRA=,31,GRAPAS,10.0,Unidad,600.0,6000.0,ESPACIADO
2072,27,28,CAMA SAFIRO 28-10-2025 (2),CAMA SAFIRO 1.40 CON SUS NOCHEROS,Nochero,EBANISTA WILMER MANO DE OBRA=,32,CLAVILLOS N F 40,6.0,TIRA,1000.0,6000.0,ESPACIADO
2073,27,28,CAMA SAFIRO 28-10-2025 (2),CAMA SAFIRO 1.40 CON SUS NOCHEROS,Nochero,EBANISTA WILMER MANO DE OBRA=,33,HECHURA,2.0,PAR,157500.0,315000.0,FORMULA
2074,27,28,CAMA SAFIRO 28-10-2025 (2),CAMA SAFIRO 1.40 CON SUS NOCHEROS,Nochero,EBANISTA WILMER MANO DE OBRA=,34,"TORNILLOS DE 2""",30.0,Unidad,100.0,3000.0,ESPACIADO
2075,27,28,CAMA SAFIRO 28-10-2025 (2),CAMA SAFIRO 1.40 CON SUS NOCHEROS,Nochero,EBANISTA WILMER MANO DE OBRA=,37,gastos de Ebanisteria e 5%,,,,26294.75,FORMULA
2076,27,28,CAMA SAFIRO 28-10-2025 (2),CAMA SAFIRO 1.40 CON SUS NOCHEROS,Nochero,SECCION PINTURA Y PREPARADA DE 2 NOCHEROS,39,SECCION PINTURA Y PREPARADA,DE 2 NOCHEROS ,,,,FORMULA
2077,27,28,CAMA SAFIRO 28-10-2025 (2),CAMA SAFIRO 1.40 CON SUS NOCHEROS,Nochero,SECCION PINTURA Y PREPARADA DE 2 NOCHEROS,40,PREPARADO JOTA,2.0,CON EL 5%,36750.0,73500.0,FORMULA
2078,27,28,CAMA SAFIRO 28-10-2025 (2),CAMA SAFIRO 1.40 CON SUS NOCHEROS,Nochero,SECCION PINTURA Y PREPARADA DE 2 NOCHEROS,41,PINTURA ALEX,2.0,CON EL 5%,36750.0,73500.0,FORMULA
2079,27,28,CAMA SAFIRO 28-10-2025 (2),CAMA SAFIRO 1.40 CON SUS NOCHEROS,Nochero,SECCION PINTURA Y PREPARADA DE 2 NOCHEROS,42,SELLADOR,5.0,PISTOLADAS,18000.0,90000.0,VOLUMEN
2080,27,28,CAMA SAFIRO 28-10-2025 (2),CAMA SAFIRO 1.40 CON SUS NOCHEROS,Nochero,SECCION PINTURA Y PREPARADA DE 2 NOCHEROS,43,LIJA 400,1.0,unidades,2000.0,2000.0,FIJO
2081,27,28,CAMA SAFIRO 28-10-2025 (2),CAMA SAFIRO 1.40 CON SUS NOCHEROS,Nochero,SECCION PINTURA Y PREPARADA DE 2 NOCHEROS,44,NITRO,0.0,galon,70000.0,0.0,VOLUMEN
2082,27,28,CAMA SAFIRO 28-10-2025 (2),CAMA SAFIRO 1.40 CON SUS NOCHEROS,Nochero,SECCION PINTURA Y PREPARADA DE 2 NOCHEROS,45,VIDRIOS,0.0,unidad,45000.0,0.0,FORMULA
2083,27,28,CAMA SAFIRO 28-10-2025 (2),CAMA SAFIRO 1.40 CON SUS NOCHEROS,Nochero,SECCION PINTURA Y PREPARADA DE 2 NOCHEROS,46,TALCO,0.3,unidad,2500.0,750.0,FORMULA
2084,27,28,CAMA SAFIRO 28-10-2025 (2),CAMA SAFIRO 1.40 CON SUS NOCHEROS,Nochero,SECCION PINTURA Y PREPARADA DE 2 NOCHEROS,47,TINER,0.2,GALON,34000.0,6800.0,VOLUMEN
2085,27,28,CAMA SAFIRO 28-10-2025 (2),CAMA SAFIRO 1.40 CON SUS NOCHEROS,Nochero,SECCION PINTURA Y PREPARADA DE 2 NOCHEROS,48,TOPES,2.0,JALADORES,3000.0,6000.0,FORMULA
2086,27,28,CAMA SAFIRO 28-10-2025 (2),CAMA SAFIRO 1.40 CON SUS NOCHEROS,Nochero,SECCION PINTURA Y PREPARADA DE 2 NOCHEROS,49,COLOR,4.0,PISTOLADA,22000.0,88000.0,VOLUMEN
2087,27,28,CAMA SAFIRO 28-10-2025 (2),CAMA SAFIRO 1.40 CON SUS NOCHEROS,Nochero,SECCION PINTURA Y PREPARADA DE 2 NOCHEROS,50,ENCINA,0.1,galon,160000.0,16000.0,VOLUMEN
2088,27,28,CAMA SAFIRO 28-10-2025 (2),CAMA SAFIRO 1.40 CON SUS NOCHEROS,Nochero,SECCION PINTURA Y PREPARADA DE 2 NOCHEROS,51,GASOLINA,0.6,ML,4500.0,2700.0,LINEAL
2089,27,28,CAMA SAFIRO 28-10-2025 (2),CAMA SAFIRO 1.40 CON SUS NOCHEROS,Nochero,SECCION PINTURA Y PREPARADA DE 2 NOCHEROS,52,RESANE,0.2,LITRO,20000.0,4000.0,VOLUMEN
2090,27,28,CAMA SAFIRO 28-10-2025 (2),CAMA SAFIRO 1.40 CON SUS NOCHEROS,Nochero,SECCION PINTURA Y PREPARADA DE 2 NOCHEROS,53,LACA,3.0,PISTOLADA,23000.0,69000.0,VOLUMEN
2091,27,28,CAMA SAFIRO 28-10-2025 (2),CAMA SAFIRO 1.40 CON SUS NOCHEROS,Nochero,SECCION PINTURA Y PREPARADA DE 2 NOCHEROS,55,Gastos de Pintura 10%,,,,43225.0,FORMULA
2092,27,28,CAMA SAFIRO 28-10-2025 (2),CAMA SAFIRO 1.40 CON SUS NOCHEROS,Nochero,SECCION PINTURA Y PREPARADA PATAS + 3 CHAPERAS,57,SECCION PINTURA Y PREPARADA,PATAS + 3 CHAPERAS,,,,FORMULA
2093,27,28,CAMA SAFIRO 28-10-2025 (2),CAMA SAFIRO 1.40 CON SUS NOCHEROS,Nochero,SECCION PINTURA Y PREPARADA PATAS + 3 CHAPERAS,58,PREPARADO JOTA,3.0,CON EL 5% CHAPERAS,5250.0,15750.0,FORMULA
2094,27,28,CAMA SAFIRO 28-10-2025 (2),CAMA SAFIRO 1.40 CON SUS NOCHEROS,Nochero,SECCION PINTURA Y PREPARADA PATAS + 3 CHAPERAS,59,PINTURA ALEX,6.0,CON EL 5% CHAPERAS,3150.0,18900.0,FORMULA
2095,27,28,CAMA SAFIRO 28-10-2025 (2),CAMA SAFIRO 1.40 CON SUS NOCHEROS,Nochero,SECCION PINTURA Y PREPARADA PATAS + 3 CHAPERAS,60,PINTURA DE PATAS ALEX,0.0,16.0,2100.0,0.0,FORMULA
2096,27,28,CAMA SAFIRO 28-10-2025 (2),CAMA SAFIRO 1.40 CON SUS NOCHEROS,Nochero,SECCION PINTURA Y PREPARADA PATAS + 3 CHAPERAS,61,SELLADOR,1.0,PISTOLADAS,18000.0,18000.0,VOLUMEN
2097,27,28,CAMA SAFIRO 28-10-2025 (2),CAMA SAFIRO 1.40 CON SUS NOCHEROS,Nochero,SECCION PINTURA Y PREPARADA PATAS + 3 CHAPERAS,62,LIJA 400,0.0,unidades,2000.0,0.0,FORMULA
2098,27,28,CAMA SAFIRO 28-10-2025 (2),CAMA SAFIRO 1.40 CON SUS NOCHEROS,Nochero,SECCION PINTURA Y PREPARADA PATAS + 3 CHAPERAS,63,NITRO,,galon,,0.0,FORMULA
2099,27,28,CAMA SAFIRO 28-10-2025 (2),CAMA SAFIRO 1.40 CON SUS NOCHEROS,Nochero,SECCION PINTURA Y PREPARADA PATAS + 3 CHAPERAS,64,lija 240,0.5,unidad,2000.0,1000.0,FORMULA
2100,27,28,CAMA SAFIRO 28-10-2025 (2),CAMA SAFIRO 1.40 CON SUS NOCHEROS,Nochero,SECCION PINTURA Y PREPARADA PATAS + 3 CHAPERAS,65,lija 120,0.5,unidad,2000.0,1000.0,FORMULA
2101,27,28,CAMA SAFIRO 28-10-2025 (2),CAMA SAFIRO 1.40 CON SUS NOCHEROS,Nochero,SECCION PINTURA Y PREPARADA PATAS + 3 CHAPERAS,66,LACA SEMIMATE,0.3,GALON,23000.0,6900.0,VOLUMEN
2102,27,28,CAMA SAFIRO 28-10-2025 (2),CAMA SAFIRO 1.40 CON SUS NOCHEROS,Nochero,SECCION PINTURA Y PREPARADA PATAS + 3 CHAPERAS,67,kerosen,,litro,18000.0,0.0,FORMULA
2103,27,28,CAMA SAFIRO 28-10-2025 (2),CAMA SAFIRO 1.40 CON SUS NOCHEROS,Nochero,SECCION PINTURA Y PREPARADA PATAS + 3 CHAPERAS,68,COLOR,0.3,PISTOLADA,20000.0,6000.0,VOLUMEN
2104,27,28,CAMA SAFIRO 28-10-2025 (2),CAMA SAFIRO 1.40 CON SUS NOCHEROS,Nochero,SECCION PINTURA Y PREPARADA PATAS + 3 CHAPERAS,69,TINTE MIEL,,galon,,0.0,FORMULA
2105,27,28,CAMA SAFIRO 28-10-2025 (2),CAMA SAFIRO 1.40 CON SUS NOCHEROS,Nochero,SECCION PINTURA Y PREPARADA PATAS + 3 CHAPERAS,70,GASOLINA,0.0,LITRO,4.5,0.0,VOLUMEN
2106,27,28,CAMA SAFIRO 28-10-2025 (2),CAMA SAFIRO 1.40 CON SUS NOCHEROS,Nochero,SECCION PINTURA Y PREPARADA PATAS + 3 CHAPERAS,71,RESANE,0.5,LITRO,23000.0,11500.0,VOLUMEN
2107,27,28,CAMA SAFIRO 28-10-2025 (2),CAMA SAFIRO 1.40 CON SUS NOCHEROS,Nochero,SECCION PINTURA Y PREPARADA PATAS + 3 CHAPERAS,72,LACA BRILLANTE,0.0,PISTOLADA,23000.0,0.0,VOLUMEN
2108,27,28,CAMA SAFIRO 28-10-2025 (2),CAMA SAFIRO 1.40 CON SUS NOCHEROS,Nochero,SECCION PINTURA Y PREPARADA PATAS + 3 CHAPERAS,74,Gastos de Pintura 10%,,,,32095.1,FORMULA
2109,27,28,CAMA SAFIRO 28-10-2025 (2),CAMA SAFIRO 1.40 CON SUS NOCHEROS,Nochero,SECCION TERMINACION,77,CORREDERAS 35 PUFF,4.0,PAR,20000.0,80000.0,FORMULA
2110,27,28,CAMA SAFIRO 28-10-2025 (2),CAMA SAFIRO 1.40 CON SUS NOCHEROS,Nochero,SECCION TERMINACION,78,PATAS,8.0,UNIDAD,16000.0,128000.0,FORMULA
2111,27,28,CAMA SAFIRO 28-10-2025 (2),CAMA SAFIRO 1.40 CON SUS NOCHEROS,Nochero,SECCION TERMINACION,79,TOMAS NEGROS CON USB,0.0,UNIDADES,23000.0,0.0,FORMULA
2112,27,28,CAMA SAFIRO 28-10-2025 (2),CAMA SAFIRO 1.40 CON SUS NOCHEROS,Nochero,SECCION TERMINACION,80,LAMPARAS DE LUZ,0.0,UNIDADES,100000.0,0.0,FORMULA
2113,27,28,CAMA SAFIRO 28-10-2025 (2),CAMA SAFIRO 1.40 CON SUS NOCHEROS,Nochero,SECCION TERMINACION,81,TORNILLOS,66.0,UNIDADES,100.0,6600.0,ESPACIADO
2114,27,28,CAMA SAFIRO 28-10-2025 (2),CAMA SAFIRO 1.40 CON SUS NOCHEROS,Nochero,SECCION TERMINACION,82,APAGADORES,0.0,PAR,1500.0,0.0,FORMULA
2115,27,28,CAMA SAFIRO 28-10-2025 (2),CAMA SAFIRO 1.40 CON SUS NOCHEROS,Nochero,SECCION TERMINACION,83,ENCHUFLES BLANCO MACHO,0.0,UNIDADES,2000.0,0.0,FORMULA
2116,27,28,CAMA SAFIRO 28-10-2025 (2),CAMA SAFIRO 1.40 CON SUS NOCHEROS,Nochero,SECCION TERMINACION,84,HERRAJES DE CAMA,,PAR,160000.0,0.0,FORMULA
2117,27,28,CAMA SAFIRO 28-10-2025 (2),CAMA SAFIRO 1.40 CON SUS NOCHEROS,Nochero,SECCION TERMINACION,85,JALADORES,4.0,UNIDAD,4000.0,16000.0,FORMULA
2118,27,28,CAMA SAFIRO 28-10-2025 (2),CAMA SAFIRO 1.40 CON SUS NOCHEROS,Nochero,SECCION TERMINACION,86,PU,0.3,UNIDADES,30000.0,9000.0,FORMULA
2119,27,28,CAMA SAFIRO 28-10-2025 (2),CAMA SAFIRO 1.40 CON SUS NOCHEROS,Nochero,SECCION TERMINACION,87,CORREDERAS,0.0,unidades,8000.0,0.0,FORMULA
2120,27,28,CAMA SAFIRO 28-10-2025 (2),CAMA SAFIRO 1.40 CON SUS NOCHEROS,Nochero,SECCION TERMINACION,88,EMBALADA,1.0,unidades,150000.0,150000.0,FIJO
2121,27,28,CAMA SAFIRO 28-10-2025 (2),CAMA SAFIRO 1.40 CON SUS NOCHEROS,Nochero,SECCION TERMINACION,91,SECCION TENDIDO,,,,0.0,FORMULA
2122,27,28,CAMA SAFIRO 28-10-2025 (2),CAMA SAFIRO 1.40 CON SUS NOCHEROS,Nochero,SECCION TERMINACION,92,MADERA 60X1X4,714.0,APAMATE,140.0,99960.0,FORMULA
2123,27,28,CAMA SAFIRO 28-10-2025 (2),CAMA SAFIRO 1.40 CON SUS NOCHEROS,Nochero,SECCION TERMINACION,94,FABRICACION TENDIDO,,,,0.0,FORMULA
2124,27,28,CAMA SAFIRO 28-10-2025 (2),CAMA SAFIRO 1.40 CON SUS NOCHEROS,Nochero,SECCION TERMINACION,95,MDF DE 9,1.0,LAMINA,140000.0,140000.0,AREA
2125,27,28,CAMA SAFIRO 28-10-2025 (2),CAMA SAFIRO 1.40 CON SUS NOCHEROS,Nochero,SECCION TERMINACION,96,COLBON,0.5,LITRO,14000.0,7000.0,VOLUMEN
2126,27,28,CAMA SAFIRO 28-10-2025 (2),CAMA SAFIRO 1.40 CON SUS NOCHEROS,Nochero,SECCION TERMINACION,97,"TORNILLOS DE 2""",50.0,UNIDAD,100.0,5000.0,ESPACIADO
2127,27,28,CAMA SAFIRO 28-10-2025 (2),CAMA SAFIRO 1.40 CON SUS NOCHEROS,Nochero,SECCION TERMINACION,98,POP,2.0,UNIDAD,4000.0,5450.0,FORMULA
2128,27,28,CAMA SAFIRO 28-10-2025 (2),CAMA SAFIRO 1.40 CON SUS NOCHEROS,Nochero,SECCION TERMINACION,99,HECHURA,1.0,UNIDAD,63000.0,63000.0,FIJO
2129,27,28,CAMA SAFIRO 28-10-2025 (2),CAMA SAFIRO 1.40 CON SUS NOCHEROS,Nochero,SECCION TAPICERIA CARLOS MANO DE OBRA=,102,SECCION TAPICERIA CARLOS,,MANO DE OBRA=,,,FORMULA
2130,27,28,CAMA SAFIRO 28-10-2025 (2),CAMA SAFIRO 1.40 CON SUS NOCHEROS,Nochero,SECCION TAPICERIA CARLOS MANO DE OBRA=,103,TELA LIN PLATA,11.5,METROS,39000.0,448500.0,AREA
2131,27,28,CAMA SAFIRO 28-10-2025 (2),CAMA SAFIRO 1.40 CON SUS NOCHEROS,Nochero,SECCION TAPICERIA CARLOS MANO DE OBRA=,104,COLA DE RATA,0.0,METROS,1570.0,7222.0,LINEAL
2132,27,28,CAMA SAFIRO 28-10-2025 (2),CAMA SAFIRO 1.40 CON SUS NOCHEROS,Nochero,SECCION TAPICERIA CARLOS MANO DE OBRA=,105,ESPUMA 1/2 BLANCA,1.0,METROS,7300.0,7300.0,AREA
2133,27,28,CAMA SAFIRO 28-10-2025 (2),CAMA SAFIRO 1.40 CON SUS NOCHEROS,Nochero,SECCION TAPICERIA CARLOS MANO DE OBRA=,106,GRAPAS,0.5,CAJA DE GRAPAS,12000.0,6000.0,ESPACIADO
2134,27,28,CAMA SAFIRO 28-10-2025 (2),CAMA SAFIRO 1.40 CON SUS NOCHEROS,Nochero,SECCION TAPICERIA CARLOS MANO DE OBRA=,107,ESPUMA AZUL DE 2 PULGADAS,0.66,LAMINA,41000.0,27060.0,AREA
2135,27,28,CAMA SAFIRO 28-10-2025 (2),CAMA SAFIRO 1.40 CON SUS NOCHEROS,Nochero,SECCION TAPICERIA CARLOS MANO DE OBRA=,108,TORNILLOS DE 2'',20.0,UNIDADES,100.0,2000.0,ESPACIADO
2136,27,28,CAMA SAFIRO 28-10-2025 (2),CAMA SAFIRO 1.40 CON SUS NOCHEROS,Nochero,SECCION TAPICERIA CARLOS MANO DE OBRA=,109,ESPUMA DE 1 1/2'' ROSADA,1.3,UNIDADES,30000.0,39000.0,AREA
2137,27,28,CAMA SAFIRO 28-10-2025 (2),CAMA SAFIRO 1.40 CON SUS NOCHEROS,Nochero,SECCION TAPICERIA CARLOS MANO DE OBRA=,110,ESPUMA BLANCA DE 1',2.0,UNIDAD,14500.0,29000.0,AREA
2138,27,28,CAMA SAFIRO 28-10-2025 (2),CAMA SAFIRO 1.40 CON SUS NOCHEROS,Nochero,SECCION TAPICERIA CARLOS MANO DE OBRA=,111,ESPUMA 1 1/2'' AZUL,2.0,MTS,1000.0,2000.0,AREA
2139,27,28,CAMA SAFIRO 28-10-2025 (2),CAMA SAFIRO 1.40 CON SUS NOCHEROS,Nochero,SECCION TAPICERIA CARLOS MANO DE OBRA=,112,COSTAL,3.5,METROS,3000.0,10500.0,AREA
2140,27,28,CAMA SAFIRO 28-10-2025 (2),CAMA SAFIRO 1.40 CON SUS NOCHEROS,Nochero,SECCION TAPICERIA CARLOS MANO DE OBRA=,113,HILO,0.5,UNIDAD,25000.0,12500.0,FORMULA
2141,27,28,CAMA SAFIRO 28-10-2025 (2),CAMA SAFIRO 1.40 CON SUS NOCHEROS,Nochero,SECCION TAPICERIA CARLOS MANO DE OBRA=,114,PEGANTE DE PISTOLA,0.33,LITRO,43000.0,14190.0,VOLUMEN
2142,27,28,CAMA SAFIRO 28-10-2025 (2),CAMA SAFIRO 1.40 CON SUS NOCHEROS,Nochero,SECCION TAPICERIA CARLOS MANO DE OBRA=,115,SUPER,0.3,LITRO,19000.0,5700.0,VOLUMEN
2143,27,28,CAMA SAFIRO 28-10-2025 (2),CAMA SAFIRO 1.40 CON SUS NOCHEROS,Nochero,SECCION TAPICERIA CARLOS MANO DE OBRA=,116,ESPUMA 1' NARANJA,0.0,CM,16000.0,0.0,AREA
2144,27,28,CAMA SAFIRO 28-10-2025 (2),CAMA SAFIRO 1.40 CON SUS NOCHEROS,Nochero,SECCION TAPICERIA CARLOS MANO DE OBRA=,117,HECHURA,1.0,,210000.0,210000.0,FIJO
2145,27,28,CAMA SAFIRO 28-10-2025 (2),CAMA SAFIRO 1.40 CON SUS NOCHEROS,Nochero,SECCION TAPICERIA CARLOS MANO DE OBRA=,118,LENCILLO,1.5,METROS,4000.0,6000.0,LINEAL
2146,28,29,CAMA HERAJE 28-9-2025,CAMA HERRAJE 1.60 CON SUS NOCHEROS,Nochero,EBANISTA WILMER MANO DE OBRA=,8,MADERA (2),283.0,APAMATE,140.0,39620.0,FORMULA
2147,28,29,CAMA HERAJE 28-9-2025,CAMA HERRAJE 1.60 CON SUS NOCHEROS,Nochero,EBANISTA WILMER MANO DE OBRA=,9,"MDF DE 2,7",144.0,1 PEDAZO 60X240=144,65.0,9360.0,AREA
2148,28,29,CAMA HERAJE 28-9-2025,CAMA HERRAJE 1.60 CON SUS NOCHEROS,Nochero,EBANISTA WILMER MANO DE OBRA=,10,INDUPLAX,0.0,Unidad,160000.0,0.0,AREA
2149,28,29,CAMA HERAJE 28-9-2025,CAMA HERRAJE 1.60 CON SUS NOCHEROS,Nochero,EBANISTA WILMER MANO DE OBRA=,11,"LAMINA DE 5,5",1.0,Unidad,130000.0,130000.0,AREA
2150,28,29,CAMA HERAJE 28-9-2025,CAMA HERRAJE 1.60 CON SUS NOCHEROS,Nochero,EBANISTA WILMER MANO DE OBRA=,12,LAMINA DE 15,1.0,UNIDAD,210000.0,210000.0,AREA
2151,28,29,CAMA HERAJE 28-9-2025,CAMA HERRAJE 1.60 CON SUS NOCHEROS,Nochero,EBANISTA WILMER MANO DE OBRA=,13,COLBON,1.0,LITRO,14000.0,14000.0,VOLUMEN
2152,28,29,CAMA HERAJE 28-9-2025,CAMA HERRAJE 1.60 CON SUS NOCHEROS,Nochero,EBANISTA WILMER MANO DE OBRA=,14,GRAPAS,5.0,Unidad,12000.0,60000.0,ESPACIADO
2153,28,29,CAMA HERAJE 28-9-2025,CAMA HERRAJE 1.60 CON SUS NOCHEROS,Nochero,EBANISTA WILMER MANO DE OBRA=,15,CORREDERAS,,UNITARIOS,32000.0,0.0,FIJO
2154,28,29,CAMA HERAJE 28-9-2025,CAMA HERRAJE 1.60 CON SUS NOCHEROS,Nochero,EBANISTA WILMER MANO DE OBRA=,16,CLAVILLOS F40,5.0,TIRA,28000.0,140000.0,ESPACIADO
2155,28,29,CAMA HERAJE 28-9-2025,CAMA HERRAJE 1.60 CON SUS NOCHEROS,Nochero,EBANISTA WILMER MANO DE OBRA=,17,GANCHOS,1.0,PAR,20000.0,20000.0,FIJO
2156,28,29,CAMA HERAJE 28-9-2025,CAMA HERRAJE 1.60 CON SUS NOCHEROS,Nochero,EBANISTA WILMER MANO DE OBRA=,18,MDF 12,0.5,LAMINA,175000.0,87500.0,AREA
2157,28,29,CAMA HERAJE 28-9-2025,CAMA HERRAJE 1.60 CON SUS NOCHEROS,Nochero,EBANISTA WILMER MANO DE OBRA=,19,"TORNILLOS DE 2""",100.0,Unidad,100.0,10000.0,ESPACIADO
2158,28,29,CAMA HERAJE 28-9-2025,CAMA HERRAJE 1.60 CON SUS NOCHEROS,Nochero,EBANISTA WILMER MANO DE OBRA=,20,ebanisteria 300.000 x 5% de m.o,,,,315000.0,FORMULA
2159,28,29,CAMA HERAJE 28-9-2025,CAMA HERRAJE 1.60 CON SUS NOCHEROS,Nochero,EBANISTA WILMER MANO DE OBRA=,22,gastos de Ebanisteria e 10%,,,,106666.0,FORMULA
2160,28,29,CAMA HERAJE 28-9-2025,CAMA HERRAJE 1.60 CON SUS NOCHEROS,Nochero,EBANISTA WILMER MANO DE OBRA=,26,CORREDERAS 40 PUFF,3.0,PAR,24000.0,72000.0,FORMULA
2161,28,29,CAMA HERAJE 28-9-2025,CAMA HERRAJE 1.60 CON SUS NOCHEROS,Nochero,EBANISTA WILMER MANO DE OBRA=,27,MDF DE 3,,"1 PEDAZO DE 1,20X45=54",67.0,0.0,FORMULA
2162,28,29,CAMA HERAJE 28-9-2025,CAMA HERRAJE 1.60 CON SUS NOCHEROS,Nochero,EBANISTA WILMER MANO DE OBRA=,28,LAM MDF 15,,"1 PEDASO DE 1.25 X55=68,75",217.0,0.0,FORMULA
2163,28,29,CAMA HERAJE 28-9-2025,CAMA HERRAJE 1.60 CON SUS NOCHEROS,Nochero,EBANISTA WILMER MANO DE OBRA=,29,LAM MDF 9,,"1 PEDASO DE 1,50X40=60",140.0,21875.0,FORMULA
2164,28,29,CAMA HERAJE 28-9-2025,CAMA HERRAJE 1.60 CON SUS NOCHEROS,Nochero,EBANISTA WILMER MANO DE OBRA=,30,COLBON,,litros,14000.0,0.0,FORMULA
2165,28,29,CAMA HERAJE 28-9-2025,CAMA HERRAJE 1.60 CON SUS NOCHEROS,Nochero,EBANISTA WILMER MANO DE OBRA=,31,GRAPAS,,Unidad,600.0,0.0,FIJO
2166,28,29,CAMA HERAJE 28-9-2025,CAMA HERRAJE 1.60 CON SUS NOCHEROS,Nochero,EBANISTA WILMER MANO DE OBRA=,32,CLAVILLOS N F 40,,TIRA,1000.0,0.0,FIJO
2167,28,29,CAMA HERAJE 28-9-2025,CAMA HERRAJE 1.60 CON SUS NOCHEROS,Nochero,EBANISTA WILMER MANO DE OBRA=,33,HECHURA,,PAR,157500.0,0.0,FIJO
2168,28,29,CAMA HERAJE 28-9-2025,CAMA HERRAJE 1.60 CON SUS NOCHEROS,Nochero,EBANISTA WILMER MANO DE OBRA=,34,"TORNILLOS DE 2""",,Unidad,100.0,0.0,FIJO
2169,28,29,CAMA HERAJE 28-9-2025,CAMA HERRAJE 1.60 CON SUS NOCHEROS,Nochero,EBANISTA WILMER MANO DE OBRA=,37,gastos de Ebanisteria e 5%,,,,26294.75,FORMULA
2170,28,29,CAMA HERAJE 28-9-2025,CAMA HERRAJE 1.60 CON SUS NOCHEROS,Nochero,SECCION PINTURA Y PREPARADA DE 2 NOCHEROS,39,SECCION PINTURA Y PREPARADA,DE 2 NOCHEROS ,,,,FORMULA
2171,28,29,CAMA HERAJE 28-9-2025,CAMA HERRAJE 1.60 CON SUS NOCHEROS,Nochero,SECCION PINTURA Y PREPARADA DE 2 NOCHEROS,40,PREPARADO JOTA,2.0,CON EL 5%,36750.0,73500.0,FORMULA
2172,28,29,CAMA HERAJE 28-9-2025,CAMA HERRAJE 1.60 CON SUS NOCHEROS,Nochero,SECCION PINTURA Y PREPARADA DE 2 NOCHEROS,41,PINTURA ALEX,2.0,CON EL 5%,36750.0,73500.0,FORMULA
2173,28,29,CAMA HERAJE 28-9-2025,CAMA HERRAJE 1.60 CON SUS NOCHEROS,Nochero,SECCION PINTURA Y PREPARADA DE 2 NOCHEROS,42,SELLADOR,5.0,PISTOLADAS,18000.0,90000.0,VOLUMEN
2174,28,29,CAMA HERAJE 28-9-2025,CAMA HERRAJE 1.60 CON SUS NOCHEROS,Nochero,SECCION PINTURA Y PREPARADA DE 2 NOCHEROS,43,LIJA 400,1.0,unidades,2000.0,2000.0,FIJO
2175,28,29,CAMA HERAJE 28-9-2025,CAMA HERRAJE 1.60 CON SUS NOCHEROS,Nochero,SECCION PINTURA Y PREPARADA DE 2 NOCHEROS,44,NITRO,0.0,galon,70000.0,0.0,VOLUMEN
2176,28,29,CAMA HERAJE 28-9-2025,CAMA HERRAJE 1.60 CON SUS NOCHEROS,Nochero,SECCION PINTURA Y PREPARADA DE 2 NOCHEROS,45,VIDRIOS,0.0,unidad,45000.0,0.0,FORMULA
2177,28,29,CAMA HERAJE 28-9-2025,CAMA HERRAJE 1.60 CON SUS NOCHEROS,Nochero,SECCION PINTURA Y PREPARADA DE 2 NOCHEROS,46,TALCO,0.3,unidad,2500.0,750.0,FORMULA
2178,28,29,CAMA HERAJE 28-9-2025,CAMA HERRAJE 1.60 CON SUS NOCHEROS,Nochero,SECCION PINTURA Y PREPARADA DE 2 NOCHEROS,47,TINER,0.2,GALON,34000.0,6800.0,VOLUMEN
2179,28,29,CAMA HERAJE 28-9-2025,CAMA HERRAJE 1.60 CON SUS NOCHEROS,Nochero,SECCION PINTURA Y PREPARADA DE 2 NOCHEROS,48,TOPES,2.0,JALADORES,3000.0,6000.0,FORMULA
2180,28,29,CAMA HERAJE 28-9-2025,CAMA HERRAJE 1.60 CON SUS NOCHEROS,Nochero,SECCION PINTURA Y PREPARADA DE 2 NOCHEROS,49,COLOR,4.0,PISTOLADA,22000.0,88000.0,VOLUMEN
2181,28,29,CAMA HERAJE 28-9-2025,CAMA HERRAJE 1.60 CON SUS NOCHEROS,Nochero,SECCION PINTURA Y PREPARADA DE 2 NOCHEROS,50,ENCINA,0.1,galon,160000.0,16000.0,VOLUMEN
2182,28,29,CAMA HERAJE 28-9-2025,CAMA HERRAJE 1.60 CON SUS NOCHEROS,Nochero,SECCION PINTURA Y PREPARADA DE 2 NOCHEROS,51,GASOLINA,0.6,ML,4500.0,2700.0,LINEAL
2183,28,29,CAMA HERAJE 28-9-2025,CAMA HERRAJE 1.60 CON SUS NOCHEROS,Nochero,SECCION PINTURA Y PREPARADA DE 2 NOCHEROS,52,RESANE,0.2,LITRO,20000.0,4000.0,VOLUMEN
2184,28,29,CAMA HERAJE 28-9-2025,CAMA HERRAJE 1.60 CON SUS NOCHEROS,Nochero,SECCION PINTURA Y PREPARADA DE 2 NOCHEROS,53,LACA,3.0,PISTOLADA,23000.0,69000.0,VOLUMEN
2185,28,29,CAMA HERAJE 28-9-2025,CAMA HERRAJE 1.60 CON SUS NOCHEROS,Nochero,SECCION PINTURA Y PREPARADA DE 2 NOCHEROS,55,Gastos de Pintura 10%,,,,43225.0,FORMULA
2186,28,29,CAMA HERAJE 28-9-2025,CAMA HERRAJE 1.60 CON SUS NOCHEROS,Nochero,SECCION PINTURA Y PREPARADA CAMAS,57,SECCION PINTURA Y PREPARADA,CAMAS ,,,,FORMULA
2187,28,29,CAMA HERAJE 28-9-2025,CAMA HERRAJE 1.60 CON SUS NOCHEROS,Nochero,SECCION PINTURA Y PREPARADA CAMAS,58,PREPARADO JOTA,1.0,CON EL 5%,63000.0,63000.0,FIJO
2188,28,29,CAMA HERAJE 28-9-2025,CAMA HERRAJE 1.60 CON SUS NOCHEROS,Nochero,SECCION PINTURA Y PREPARADA CAMAS,59,PINTURA ALEX,1.0,CON EL 5%,26250.0,26250.0,FIJO
2189,28,29,CAMA HERAJE 28-9-2025,CAMA HERRAJE 1.60 CON SUS NOCHEROS,Nochero,SECCION PINTURA Y PREPARADA CAMAS,60,PINTURA DE PATAS ALEX,16.0,16.0,2100.0,33600.0,FORMULA
2190,28,29,CAMA HERAJE 28-9-2025,CAMA HERRAJE 1.60 CON SUS NOCHEROS,Nochero,SECCION PINTURA Y PREPARADA CAMAS,61,SELLADOR,9.0,PISTOLADAS,18000.0,162000.0,VOLUMEN
2191,28,29,CAMA HERAJE 28-9-2025,CAMA HERRAJE 1.60 CON SUS NOCHEROS,Nochero,SECCION PINTURA Y PREPARADA CAMAS,62,LIJA 400,1.0,unidades,2000.0,2000.0,FIJO
2192,28,29,CAMA HERAJE 28-9-2025,CAMA HERRAJE 1.60 CON SUS NOCHEROS,Nochero,SECCION PINTURA Y PREPARADA CAMAS,63,NITRO,,galon,,0.0,FORMULA
2193,28,29,CAMA HERAJE 28-9-2025,CAMA HERRAJE 1.60 CON SUS NOCHEROS,Nochero,SECCION PINTURA Y PREPARADA CAMAS,64,lija 220,1.0,unidad,2000.0,2000.0,FIJO
2194,28,29,CAMA HERAJE 28-9-2025,CAMA HERRAJE 1.60 CON SUS NOCHEROS,Nochero,SECCION PINTURA Y PREPARADA CAMAS,65,lija 120,1.0,unidad,2000.0,2000.0,FIJO
2195,28,29,CAMA HERAJE 28-9-2025,CAMA HERRAJE 1.60 CON SUS NOCHEROS,Nochero,SECCION PINTURA Y PREPARADA CAMAS,66,LACA SEMIMATE,3.0,GALON,23000.0,69000.0,VOLUMEN
2196,28,29,CAMA HERAJE 28-9-2025,CAMA HERRAJE 1.60 CON SUS NOCHEROS,Nochero,SECCION PINTURA Y PREPARADA CAMAS,67,kerosen,,litro,18000.0,0.0,FORMULA
2197,28,29,CAMA HERAJE 28-9-2025,CAMA HERRAJE 1.60 CON SUS NOCHEROS,Nochero,SECCION PINTURA Y PREPARADA CAMAS,68,COLOR,6.0,PISTOLADA,20000.0,120000.0,VOLUMEN
2198,28,29,CAMA HERAJE 28-9-2025,CAMA HERRAJE 1.60 CON SUS NOCHEROS,Nochero,SECCION PINTURA Y PREPARADA CAMAS,69,TINTE MIEL,,galon,,0.0,FORMULA
2199,28,29,CAMA HERAJE 28-9-2025,CAMA HERRAJE 1.60 CON SUS NOCHEROS,Nochero,SECCION PINTURA Y PREPARADA CAMAS,70,GASOLINA,0.0,LITRO,4.5,0.0,VOLUMEN
2200,28,29,CAMA HERAJE 28-9-2025,CAMA HERRAJE 1.60 CON SUS NOCHEROS,Nochero,SECCION PINTURA Y PREPARADA CAMAS,71,RESANE,0.5,LITRO,23000.0,11500.0,VOLUMEN
2201,28,29,CAMA HERAJE 28-9-2025,CAMA HERRAJE 1.60 CON SUS NOCHEROS,Nochero,SECCION PINTURA Y PREPARADA CAMAS,72,LACA BRILLANTE,0.0,PISTOLADA,23000.0,0.0,VOLUMEN
2202,28,29,CAMA HERAJE 28-9-2025,CAMA HERRAJE 1.60 CON SUS NOCHEROS,Nochero,SECCION PINTURA Y PREPARADA CAMAS,74,Gastos de Pintura 10%,,,,32095.1,FORMULA
2203,28,29,CAMA HERAJE 28-9-2025,CAMA HERRAJE 1.60 CON SUS NOCHEROS,Nochero,SECCION TERMINACION,77,HERRAJE DE CAMA,1.0,PAR,160000.0,160000.0,FIJO
2204,28,29,CAMA HERAJE 28-9-2025,CAMA HERRAJE 1.60 CON SUS NOCHEROS,Nochero,SECCION TERMINACION,78,PATAS CILINDRO,8.0,UNIDAD,16000.0,128000.0,FORMULA
2205,28,29,CAMA HERAJE 28-9-2025,CAMA HERRAJE 1.60 CON SUS NOCHEROS,Nochero,SECCION TERMINACION,79,TORNILLOS,32.0,UNIDADES,100.0,3200.0,ESPACIADO
2206,28,29,CAMA HERAJE 28-9-2025,CAMA HERRAJE 1.60 CON SUS NOCHEROS,Nochero,SECCION TERMINACION,80,LAMPARAS DE LUZ,0.0,UNIDADES,100000.0,0.0,FORMULA
2207,28,29,CAMA HERAJE 28-9-2025,CAMA HERRAJE 1.60 CON SUS NOCHEROS,Nochero,SECCION TERMINACION,81,CABLE DE 12,0.0,METROS,3000.0,0.0,LINEAL
2208,28,29,CAMA HERAJE 28-9-2025,CAMA HERRAJE 1.60 CON SUS NOCHEROS,Nochero,SECCION TERMINACION,82,APAGADORES,0.0,PAR,1500.0,0.0,FORMULA
2209,28,29,CAMA HERAJE 28-9-2025,CAMA HERRAJE 1.60 CON SUS NOCHEROS,Nochero,SECCION TERMINACION,83,ENCHUFLES BLANCO MACHO,0.0,UNIDADES,2000.0,0.0,FORMULA
2210,28,29,CAMA HERAJE 28-9-2025,CAMA HERRAJE 1.60 CON SUS NOCHEROS,Nochero,SECCION TERMINACION,84,HERRAJES DE CAMA,,PAR,160000.0,0.0,FORMULA
2211,28,29,CAMA HERAJE 28-9-2025,CAMA HERRAJE 1.60 CON SUS NOCHEROS,Nochero,SECCION TERMINACION,85,JALADORES,0.0,UNIDAD,26800.0,0.0,FORMULA
2212,28,29,CAMA HERAJE 28-9-2025,CAMA HERRAJE 1.60 CON SUS NOCHEROS,Nochero,SECCION TERMINACION,86,MULTIUSOS,,UNIDADES,3000.0,0.0,FORMULA
2213,28,29,CAMA HERAJE 28-9-2025,CAMA HERRAJE 1.60 CON SUS NOCHEROS,Nochero,SECCION TERMINACION,87,CORREDERAS,0.0,unidades,8000.0,0.0,FORMULA
2214,28,29,CAMA HERAJE 28-9-2025,CAMA HERRAJE 1.60 CON SUS NOCHEROS,Nochero,SECCION TERMINACION,88,EMBALADA,0.0,unidades,150000.0,0.0,FORMULA
2215,28,29,CAMA HERAJE 28-9-2025,CAMA HERRAJE 1.60 CON SUS NOCHEROS,Nochero,SECCION TERMINACION,91,SECCION TENDIDO,,,,0.0,FORMULA
2216,28,29,CAMA HERAJE 28-9-2025,CAMA HERRAJE 1.60 CON SUS NOCHEROS,Nochero,SECCION TERMINACION,92,MADERA 60X1X4,0.0,APAMATE,140000.0,0.0,FORMULA
2217,28,29,CAMA HERAJE 28-9-2025,CAMA HERRAJE 1.60 CON SUS NOCHEROS,Nochero,FABRICACION TENDIDO,99,HECHURA,0.0,UNIDAD,60000.0,0.0,FORMULA
2218,28,29,CAMA HERAJE 28-9-2025,CAMA HERRAJE 1.60 CON SUS NOCHEROS,Nochero,SECCION TAPICERIA MANO DE OBRA=,102,SECCION TAPICERIA,,MANO DE OBRA=,,,FORMULA
2219,28,29,CAMA HERAJE 28-9-2025,CAMA HERRAJE 1.60 CON SUS NOCHEROS,Nochero,SECCION TAPICERIA MANO DE OBRA=,103,TELA PRANNA GRIS MEDIO,5.5,METROS,32999.0,181494.5,AREA
2220,28,29,CAMA HERAJE 28-9-2025,CAMA HERRAJE 1.60 CON SUS NOCHEROS,Nochero,SECCION TAPICERIA MANO DE OBRA=,104,COLA DE RATA,0.0,METROS,1570.0,7222.0,LINEAL
2221,28,29,CAMA HERAJE 28-9-2025,CAMA HERRAJE 1.60 CON SUS NOCHEROS,Nochero,SECCION TAPICERIA MANO DE OBRA=,105,ESPUMA 1/2 BLANCA,0.0,METROS,7300.0,0.0,AREA
2222,28,29,CAMA HERAJE 28-9-2025,CAMA HERRAJE 1.60 CON SUS NOCHEROS,Nochero,SECCION TAPICERIA MANO DE OBRA=,106,GRAPAS,0.25,CAJA DE GRAPAS,12000.0,3000.0,ESPACIADO
2223,28,29,CAMA HERAJE 28-9-2025,CAMA HERRAJE 1.60 CON SUS NOCHEROS,Nochero,SECCION TAPICERIA MANO DE OBRA=,107,ESPUMA AZUL DE 2 PULGADAS,1.0,LAMINA,41000.0,41000.0,AREA
2224,28,29,CAMA HERAJE 28-9-2025,CAMA HERRAJE 1.60 CON SUS NOCHEROS,Nochero,SECCION TAPICERIA MANO DE OBRA=,108,TORNILLOS DE 2'',0.0,UNIDADES,26.0,0.0,ESPACIADO
2225,28,29,CAMA HERAJE 28-9-2025,CAMA HERRAJE 1.60 CON SUS NOCHEROS,Nochero,SECCION TAPICERIA MANO DE OBRA=,109,ESPUMA DE 1 1/2'' ROSADA,0.0,UNIDADES,26000.0,0.0,AREA
2226,28,29,CAMA HERAJE 28-9-2025,CAMA HERRAJE 1.60 CON SUS NOCHEROS,Nochero,SECCION TAPICERIA MANO DE OBRA=,110,ESPUMA BLANCA DE 1',0.0,UNIDAD,14500.0,0.0,AREA
2227,28,29,CAMA HERAJE 28-9-2025,CAMA HERRAJE 1.60 CON SUS NOCHEROS,Nochero,SECCION TAPICERIA MANO DE OBRA=,111,ESPUMA 1 1/2'' AZUL,0.0,MTS,1000.0,0.0,AREA
2228,28,29,CAMA HERAJE 28-9-2025,CAMA HERRAJE 1.60 CON SUS NOCHEROS,Nochero,SECCION TAPICERIA MANO DE OBRA=,112,COSTAL,2.0,METROS,2240.0,4480.0,AREA
2229,28,29,CAMA HERAJE 28-9-2025,CAMA HERRAJE 1.60 CON SUS NOCHEROS,Nochero,SECCION TAPICERIA MANO DE OBRA=,113,HILO,0.0,UNIDAD,25000.0,0.0,FORMULA
2230,28,29,CAMA HERAJE 28-9-2025,CAMA HERRAJE 1.60 CON SUS NOCHEROS,Nochero,SECCION TAPICERIA MANO DE OBRA=,114,PEGANTE DE PISTOLA,0.0,LITRO,43000.0,0.0,VOLUMEN
2231,28,29,CAMA HERAJE 28-9-2025,CAMA HERRAJE 1.60 CON SUS NOCHEROS,Nochero,SECCION TAPICERIA MANO DE OBRA=,115,SUPER,150.0,LITRO,19.0,2850.0,VOLUMEN
2232,28,29,CAMA HERAJE 28-9-2025,CAMA HERRAJE 1.60 CON SUS NOCHEROS,Nochero,SECCION TAPICERIA MANO DE OBRA=,116,ESPUMA 1' NARANJA,0.0,CM,16000.0,0.0,AREA
2233,28,29,CAMA HERAJE 28-9-2025,CAMA HERRAJE 1.60 CON SUS NOCHEROS,Nochero,SECCION TAPICERIA MANO DE OBRA=,117,HECHURA,1.0,,210000.0,210000.0,FIJO
2234,28,29,CAMA HERAJE 28-9-2025,CAMA HERRAJE 1.60 CON SUS NOCHEROS,Nochero,SECCION TAPICERIA MANO DE OBRA=,118,LENCILLO,0.0,METROS,2650.0,0.0,LINEAL
2235,29,30,CAMA DE MELAMINA 2X2 ISIDRO,03/11/25 CAMA 2X2 ISIDRO MELAMINA,Cama,EBANISTA WILMER MANO DE OBRA=,8,MADERA (2),1975.0,APAMATE,140.0,276500.0,FORMULA
2236,29,30,CAMA DE MELAMINA 2X2 ISIDRO,03/11/25 CAMA 2X2 ISIDRO MELAMINA,Cama,EBANISTA WILMER MANO DE OBRA=,9,"MDF DE 2,7",1.0,UNIDAD,65.0,65.0,AREA
2237,29,30,CAMA DE MELAMINA 2X2 ISIDRO,03/11/25 CAMA 2X2 ISIDRO MELAMINA,Cama,EBANISTA WILMER MANO DE OBRA=,10,MELAMINA MACULA 6,2.5,Unidad,213000.0,532500.0,AREA
2238,29,30,CAMA DE MELAMINA 2X2 ISIDRO,03/11/25 CAMA 2X2 ISIDRO MELAMINA,Cama,EBANISTA WILMER MANO DE OBRA=,11,LAMINA DE 9,0.5,Unidad,140000.0,70000.0,AREA
2239,29,30,CAMA DE MELAMINA 2X2 ISIDRO,03/11/25 CAMA 2X2 ISIDRO MELAMINA,Cama,EBANISTA WILMER MANO DE OBRA=,12,LAMINA DE 9,0.2,1 PEDAZO DE 2X1=2,140000.0,28000.0,AREA
2240,29,30,CAMA DE MELAMINA 2X2 ISIDRO,03/11/25 CAMA 2X2 ISIDRO MELAMINA,Cama,EBANISTA WILMER MANO DE OBRA=,13,LAMINA DE 9,0.2,1 PEDAZO DE 2X1=2,140000.0,28000.0,AREA
2241,29,30,CAMA DE MELAMINA 2X2 ISIDRO,03/11/25 CAMA 2X2 ISIDRO MELAMINA,Cama,EBANISTA WILMER MANO DE OBRA=,14,MELAMINA MACULA 15,1.0,UNIDAD,336000.0,336000.0,AREA
2242,29,30,CAMA DE MELAMINA 2X2 ISIDRO,03/11/25 CAMA 2X2 ISIDRO MELAMINA,Cama,EBANISTA WILMER MANO DE OBRA=,15,COLBON,1.2,LITRO,14000.0,16800.0,VOLUMEN
2243,29,30,CAMA DE MELAMINA 2X2 ISIDRO,03/11/25 CAMA 2X2 ISIDRO MELAMINA,Cama,EBANISTA WILMER MANO DE OBRA=,16,SUPER,0.8,LITROS,19000.0,15200.0,VOLUMEN
2244,29,30,CAMA DE MELAMINA 2X2 ISIDRO,03/11/25 CAMA 2X2 ISIDRO MELAMINA,Cama,EBANISTA WILMER MANO DE OBRA=,17,CANTO 19,30.0,METROS,1700.0,51000.0,LINEAL
2245,29,30,CAMA DE MELAMINA 2X2 ISIDRO,03/11/25 CAMA 2X2 ISIDRO MELAMINA,Cama,EBANISTA WILMER MANO DE OBRA=,18,LAMINA PVC,1.0,1 PEDAZO 90X120,100000.0,100000.0,AREA
2246,29,30,CAMA DE MELAMINA 2X2 ISIDRO,03/11/25 CAMA 2X2 ISIDRO MELAMINA,Cama,EBANISTA WILMER MANO DE OBRA=,19,CANTO 40,50.0,METROS,1800.0,90000.0,LINEAL
2247,29,30,CAMA DE MELAMINA 2X2 ISIDRO,03/11/25 CAMA 2X2 ISIDRO MELAMINA,Cama,EBANISTA WILMER MANO DE OBRA=,20,GANCHOS,1.0,PAR,20000.0,20000.0,FIJO
2248,29,30,CAMA DE MELAMINA 2X2 ISIDRO,03/11/25 CAMA 2X2 ISIDRO MELAMINA,Cama,EBANISTA WILMER MANO DE OBRA=,21,TORNILLOS TUERCA UNA,6.0,UNIDADES,2300.0,13800.0,ESPACIADO
2249,29,30,CAMA DE MELAMINA 2X2 ISIDRO,03/11/25 CAMA 2X2 ISIDRO MELAMINA,Cama,EBANISTA WILMER MANO DE OBRA=,22,"TORNILLOS DE 2""",50.0,Unidad,100.0,5000.0,ESPACIADO
2250,29,30,CAMA DE MELAMINA 2X2 ISIDRO,03/11/25 CAMA 2X2 ISIDRO MELAMINA,Cama,EBANISTA WILMER MANO DE OBRA=,23,ebanisteria 300.000 x 5% de m.o,,,,315000.0,FORMULA
2251,29,30,CAMA DE MELAMINA 2X2 ISIDRO,03/11/25 CAMA 2X2 ISIDRO MELAMINA,Cama,EBANISTA WILMER MANO DE OBRA=,25,gastos de Ebanisteria e 10%,,,,106666.0,FORMULA
2252,29,30,CAMA DE MELAMINA 2X2 ISIDRO,03/11/25 CAMA 2X2 ISIDRO MELAMINA,Cama,EBANISTA WILMER MANO DE OBRA=,29,CORREDERAS 40 PUFF,0.0,PAR,24000.0,0.0,FORMULA
2253,29,30,CAMA DE MELAMINA 2X2 ISIDRO,03/11/25 CAMA 2X2 ISIDRO MELAMINA,Cama,EBANISTA WILMER MANO DE OBRA=,30,MDF DE 3,,"1 PEDAZO DE 1,20X45=54",67.0,0.0,FORMULA
2254,29,30,CAMA DE MELAMINA 2X2 ISIDRO,03/11/25 CAMA 2X2 ISIDRO MELAMINA,Cama,EBANISTA WILMER MANO DE OBRA=,31,LAM MDF 15,,"1 PEDASO DE 1.25 X55=68,75",217.0,0.0,FORMULA
2255,29,30,CAMA DE MELAMINA 2X2 ISIDRO,03/11/25 CAMA 2X2 ISIDRO MELAMINA,Cama,EBANISTA WILMER MANO DE OBRA=,32,LAM MDF 9,,"1 PEDASO DE 1,50X40=60",140.0,21875.0,FORMULA
2256,29,30,CAMA DE MELAMINA 2X2 ISIDRO,03/11/25 CAMA 2X2 ISIDRO MELAMINA,Cama,EBANISTA WILMER MANO DE OBRA=,33,COLBON,,litros,14000.0,0.0,FORMULA
2257,29,30,CAMA DE MELAMINA 2X2 ISIDRO,03/11/25 CAMA 2X2 ISIDRO MELAMINA,Cama,EBANISTA WILMER MANO DE OBRA=,34,GRAPAS,,Unidad,600.0,0.0,FIJO
2258,29,30,CAMA DE MELAMINA 2X2 ISIDRO,03/11/25 CAMA 2X2 ISIDRO MELAMINA,Cama,EBANISTA WILMER MANO DE OBRA=,35,CLAVILLOS N F 40,,TIRA,1000.0,0.0,FIJO
2259,29,30,CAMA DE MELAMINA 2X2 ISIDRO,03/11/25 CAMA 2X2 ISIDRO MELAMINA,Cama,EBANISTA WILMER MANO DE OBRA=,36,HECHURA,,PAR,157500.0,0.0,FIJO
2260,29,30,CAMA DE MELAMINA 2X2 ISIDRO,03/11/25 CAMA 2X2 ISIDRO MELAMINA,Cama,EBANISTA WILMER MANO DE OBRA=,37,"TORNILLOS DE 2""",,Unidad,100.0,0.0,FIJO
2261,29,30,CAMA DE MELAMINA 2X2 ISIDRO,03/11/25 CAMA 2X2 ISIDRO MELAMINA,Cama,EBANISTA WILMER MANO DE OBRA=,40,gastos de Ebanisteria e 5%,,,,26294.75,FORMULA
2262,29,30,CAMA DE MELAMINA 2X2 ISIDRO,03/11/25 CAMA 2X2 ISIDRO MELAMINA,Cama,SECCION PINTURA Y PREPARADA DE 2 NOCHEROS,42,SECCION PINTURA Y PREPARADA,DE 2 NOCHEROS ,,,,FORMULA
2263,29,30,CAMA DE MELAMINA 2X2 ISIDRO,03/11/25 CAMA 2X2 ISIDRO MELAMINA,Cama,SECCION PINTURA Y PREPARADA DE 2 NOCHEROS,43,PREPARADO JOTA,,CON EL 5%,36750.0,0.0,FORMULA
2264,29,30,CAMA DE MELAMINA 2X2 ISIDRO,03/11/25 CAMA 2X2 ISIDRO MELAMINA,Cama,SECCION PINTURA Y PREPARADA DE 2 NOCHEROS,44,PINTURA ALEX,,CON EL 5%,36750.0,0.0,FORMULA
2265,29,30,CAMA DE MELAMINA 2X2 ISIDRO,03/11/25 CAMA 2X2 ISIDRO MELAMINA,Cama,SECCION PINTURA Y PREPARADA DE 2 NOCHEROS,45,SELLADOR,,PISTOLADAS,18000.0,0.0,FORMULA
2266,29,30,CAMA DE MELAMINA 2X2 ISIDRO,03/11/25 CAMA 2X2 ISIDRO MELAMINA,Cama,SECCION PINTURA Y PREPARADA DE 2 NOCHEROS,46,LIJA 400,,unidades,2000.0,0.0,FORMULA
2267,29,30,CAMA DE MELAMINA 2X2 ISIDRO,03/11/25 CAMA 2X2 ISIDRO MELAMINA,Cama,SECCION PINTURA Y PREPARADA DE 2 NOCHEROS,47,NITRO,,galon,70000.0,0.0,FORMULA
2268,29,30,CAMA DE MELAMINA 2X2 ISIDRO,03/11/25 CAMA 2X2 ISIDRO MELAMINA,Cama,SECCION PINTURA Y PREPARADA DE 2 NOCHEROS,48,VIDRIOS,,unidad,45000.0,0.0,FORMULA
2269,29,30,CAMA DE MELAMINA 2X2 ISIDRO,03/11/25 CAMA 2X2 ISIDRO MELAMINA,Cama,SECCION PINTURA Y PREPARADA DE 2 NOCHEROS,49,TALCO,,unidad,2500.0,0.0,FORMULA
2270,29,30,CAMA DE MELAMINA 2X2 ISIDRO,03/11/25 CAMA 2X2 ISIDRO MELAMINA,Cama,SECCION PINTURA Y PREPARADA DE 2 NOCHEROS,50,TINER,,GALON,34000.0,0.0,FORMULA
2271,29,30,CAMA DE MELAMINA 2X2 ISIDRO,03/11/25 CAMA 2X2 ISIDRO MELAMINA,Cama,SECCION PINTURA Y PREPARADA DE 2 NOCHEROS,51,TOPES,,JALADORES,3000.0,0.0,FORMULA
2272,29,30,CAMA DE MELAMINA 2X2 ISIDRO,03/11/25 CAMA 2X2 ISIDRO MELAMINA,Cama,SECCION PINTURA Y PREPARADA DE 2 NOCHEROS,52,COLOR,,PISTOLADA,22000.0,0.0,FORMULA
2273,29,30,CAMA DE MELAMINA 2X2 ISIDRO,03/11/25 CAMA 2X2 ISIDRO MELAMINA,Cama,SECCION PINTURA Y PREPARADA DE 2 NOCHEROS,53,ENCINA,,galon,160000.0,0.0,FORMULA
2274,29,30,CAMA DE MELAMINA 2X2 ISIDRO,03/11/25 CAMA 2X2 ISIDRO MELAMINA,Cama,SECCION PINTURA Y PREPARADA DE 2 NOCHEROS,54,GASOLINA,,ML,4500.0,0.0,FORMULA
2275,29,30,CAMA DE MELAMINA 2X2 ISIDRO,03/11/25 CAMA 2X2 ISIDRO MELAMINA,Cama,SECCION PINTURA Y PREPARADA DE 2 NOCHEROS,55,RESANE,,LITRO,20000.0,0.0,FORMULA
2276,29,30,CAMA DE MELAMINA 2X2 ISIDRO,03/11/25 CAMA 2X2 ISIDRO MELAMINA,Cama,SECCION PINTURA Y PREPARADA DE 2 NOCHEROS,56,LACA,,PISTOLADA,23000.0,0.0,FORMULA
2277,29,30,CAMA DE MELAMINA 2X2 ISIDRO,03/11/25 CAMA 2X2 ISIDRO MELAMINA,Cama,SECCION PINTURA Y PREPARADA DE 2 NOCHEROS,58,Gastos de Pintura 10%,,,,0.0,FORMULA
2278,29,30,CAMA DE MELAMINA 2X2 ISIDRO,03/11/25 CAMA 2X2 ISIDRO MELAMINA,Cama,SECCION PINTURA Y PREPARADA CAMAS,60,SECCION PINTURA Y PREPARADA,CAMAS ,,,,FORMULA
2279,29,30,CAMA DE MELAMINA 2X2 ISIDRO,03/11/25 CAMA 2X2 ISIDRO MELAMINA,Cama,SECCION PINTURA Y PREPARADA CAMAS,61,PREPARADO JOTA,,CON EL 5%,63000.0,0.0,FORMULA
2280,29,30,CAMA DE MELAMINA 2X2 ISIDRO,03/11/25 CAMA 2X2 ISIDRO MELAMINA,Cama,SECCION PINTURA Y PREPARADA CAMAS,62,PINTURA ALEX,,CON EL 5%,26250.0,0.0,FORMULA
2281,29,30,CAMA DE MELAMINA 2X2 ISIDRO,03/11/25 CAMA 2X2 ISIDRO MELAMINA,Cama,SECCION PINTURA Y PREPARADA CAMAS,63,PINTURA DE PATAS ALEX,,16.0,2100.0,0.0,FIJO
2282,29,30,CAMA DE MELAMINA 2X2 ISIDRO,03/11/25 CAMA 2X2 ISIDRO MELAMINA,Cama,SECCION PINTURA Y PREPARADA CAMAS,64,SELLADOR,,PISTOLADAS,18000.0,0.0,FORMULA
2283,29,30,CAMA DE MELAMINA 2X2 ISIDRO,03/11/25 CAMA 2X2 ISIDRO MELAMINA,Cama,SECCION PINTURA Y PREPARADA CAMAS,65,LIJA 400,,unidades,2000.0,0.0,FORMULA
2284,29,30,CAMA DE MELAMINA 2X2 ISIDRO,03/11/25 CAMA 2X2 ISIDRO MELAMINA,Cama,SECCION PINTURA Y PREPARADA CAMAS,66,NITRO,,galon,,0.0,FORMULA
2285,29,30,CAMA DE MELAMINA 2X2 ISIDRO,03/11/25 CAMA 2X2 ISIDRO MELAMINA,Cama,SECCION PINTURA Y PREPARADA CAMAS,67,lija 220,,unidad,2000.0,0.0,FORMULA
2286,29,30,CAMA DE MELAMINA 2X2 ISIDRO,03/11/25 CAMA 2X2 ISIDRO MELAMINA,Cama,SECCION PINTURA Y PREPARADA CAMAS,68,lija 120,,unidad,2000.0,0.0,FORMULA
2287,29,30,CAMA DE MELAMINA 2X2 ISIDRO,03/11/25 CAMA 2X2 ISIDRO MELAMINA,Cama,SECCION PINTURA Y PREPARADA CAMAS,69,LACA SEMIMATE,,GALON,23000.0,0.0,FORMULA
2288,29,30,CAMA DE MELAMINA 2X2 ISIDRO,03/11/25 CAMA 2X2 ISIDRO MELAMINA,Cama,SECCION PINTURA Y PREPARADA CAMAS,70,kerosen,,litro,18000.0,0.0,FORMULA
2289,29,30,CAMA DE MELAMINA 2X2 ISIDRO,03/11/25 CAMA 2X2 ISIDRO MELAMINA,Cama,SECCION PINTURA Y PREPARADA CAMAS,71,COLOR,,PISTOLADA,20000.0,0.0,FORMULA
2290,29,30,CAMA DE MELAMINA 2X2 ISIDRO,03/11/25 CAMA 2X2 ISIDRO MELAMINA,Cama,SECCION PINTURA Y PREPARADA CAMAS,72,TINTE MIEL,,galon,,0.0,FORMULA
2291,29,30,CAMA DE MELAMINA 2X2 ISIDRO,03/11/25 CAMA 2X2 ISIDRO MELAMINA,Cama,SECCION PINTURA Y PREPARADA CAMAS,73,GASOLINA,,LITRO,4.5,0.0,FORMULA
2292,29,30,CAMA DE MELAMINA 2X2 ISIDRO,03/11/25 CAMA 2X2 ISIDRO MELAMINA,Cama,SECCION PINTURA Y PREPARADA CAMAS,74,RESANE,,LITRO,23000.0,0.0,FORMULA
2293,29,30,CAMA DE MELAMINA 2X2 ISIDRO,03/11/25 CAMA 2X2 ISIDRO MELAMINA,Cama,SECCION PINTURA Y PREPARADA CAMAS,75,LACA BRILLANTE,,PISTOLADA,23000.0,0.0,FORMULA
2294,29,30,CAMA DE MELAMINA 2X2 ISIDRO,03/11/25 CAMA 2X2 ISIDRO MELAMINA,Cama,SECCION PINTURA Y PREPARADA CAMAS,77,Gastos de Pintura 10%,,,,32095.1,FORMULA
2295,29,30,CAMA DE MELAMINA 2X2 ISIDRO,03/11/25 CAMA 2X2 ISIDRO MELAMINA,Cama,SECCION TERMINACION,80,TOMAS NEGROS,2.0,UNIDAD,10500.0,21000.0,FORMULA
2296,29,30,CAMA DE MELAMINA 2X2 ISIDRO,03/11/25 CAMA 2X2 ISIDRO MELAMINA,Cama,SECCION TERMINACION,81,REGLETA ANCHA,1.0,UNIDAD,20000.0,20000.0,FIJO
2297,29,30,CAMA DE MELAMINA 2X2 ISIDRO,03/11/25 CAMA 2X2 ISIDRO MELAMINA,Cama,SECCION TERMINACION,82,REGLETA DELGADA,1.0,UNIDAD,20000.0,20000.0,FIJO
2298,29,30,CAMA DE MELAMINA 2X2 ISIDRO,03/11/25 CAMA 2X2 ISIDRO MELAMINA,Cama,SECCION TERMINACION,83,CABLE,4.0,METRO,3000.0,12000.0,LINEAL
2299,29,30,CAMA DE MELAMINA 2X2 ISIDRO,03/11/25 CAMA 2X2 ISIDRO MELAMINA,Cama,SECCION TERMINACION,84,CABLE DE 12,0.0,METROS,3000.0,0.0,LINEAL
2300,29,30,CAMA DE MELAMINA 2X2 ISIDRO,03/11/25 CAMA 2X2 ISIDRO MELAMINA,Cama,SECCION TERMINACION,85,APAGADORES,0.0,PAR,1500.0,0.0,FORMULA
2301,29,30,CAMA DE MELAMINA 2X2 ISIDRO,03/11/25 CAMA 2X2 ISIDRO MELAMINA,Cama,SECCION TERMINACION,86,ENCHUFLES BLANCO MACHO,2.0,UNIDADES,2000.0,4000.0,FORMULA
2302,29,30,CAMA DE MELAMINA 2X2 ISIDRO,03/11/25 CAMA 2X2 ISIDRO MELAMINA,Cama,SECCION TERMINACION,87,CABLE,3.0,METROS,1100.0,3300.0,LINEAL
2303,29,30,CAMA DE MELAMINA 2X2 ISIDRO,03/11/25 CAMA 2X2 ISIDRO MELAMINA,Cama,SECCION TERMINACION,88,JALADORES,0.0,UNIDAD,26800.0,0.0,FORMULA
2304,29,30,CAMA DE MELAMINA 2X2 ISIDRO,03/11/25 CAMA 2X2 ISIDRO MELAMINA,Cama,SECCION TERMINACION,89,MULTIUSOS,,UNIDADES,3000.0,0.0,FORMULA
2305,29,30,CAMA DE MELAMINA 2X2 ISIDRO,03/11/25 CAMA 2X2 ISIDRO MELAMINA,Cama,SECCION TERMINACION,90,CORREDERAS,0.0,unidades,8000.0,0.0,FORMULA
2306,29,30,CAMA DE MELAMINA 2X2 ISIDRO,03/11/25 CAMA 2X2 ISIDRO MELAMINA,Cama,SECCION TERMINACION,91,EMBALADA,0.0,unidades,150000.0,0.0,FORMULA
2307,29,30,CAMA DE MELAMINA 2X2 ISIDRO,03/11/25 CAMA 2X2 ISIDRO MELAMINA,Cama,SECCION TERMINACION,94,SECCION TENDIDO,,,,0.0,FORMULA
2308,29,30,CAMA DE MELAMINA 2X2 ISIDRO,03/11/25 CAMA 2X2 ISIDRO MELAMINA,Cama,SECCION TERMINACION,95,MADERA 60X1X4,0.0,APAMATE,140000.0,0.0,FORMULA
2309,29,30,CAMA DE MELAMINA 2X2 ISIDRO,03/11/25 CAMA 2X2 ISIDRO MELAMINA,Cama,FABRICACION TENDIDO,102,HECHURA,0.0,UNIDAD,60000.0,0.0,FORMULA
2310,29,30,CAMA DE MELAMINA 2X2 ISIDRO,03/11/25 CAMA 2X2 ISIDRO MELAMINA,Cama,SECCION TAPICERIA MANO DE OBRA=,105,SECCION TAPICERIA,,MANO DE OBRA=,,,FORMULA
2311,29,30,CAMA DE MELAMINA 2X2 ISIDRO,03/11/25 CAMA 2X2 ISIDRO MELAMINA,Cama,SECCION TAPICERIA MANO DE OBRA=,106,TELA BAKU TRIGO,2.0,METROS,32500.0,65000.0,AREA
2312,29,30,CAMA DE MELAMINA 2X2 ISIDRO,03/11/25 CAMA 2X2 ISIDRO MELAMINA,Cama,SECCION TAPICERIA MANO DE OBRA=,107,COLA DE RATA,0.0,METROS,1570.0,7222.0,LINEAL
2313,29,30,CAMA DE MELAMINA 2X2 ISIDRO,03/11/25 CAMA 2X2 ISIDRO MELAMINA,Cama,SECCION TAPICERIA MANO DE OBRA=,108,ESPUMA 1/2 BLANCA,0.0,METROS,7300.0,0.0,AREA
2314,29,30,CAMA DE MELAMINA 2X2 ISIDRO,03/11/25 CAMA 2X2 ISIDRO MELAMINA,Cama,SECCION TAPICERIA MANO DE OBRA=,109,GRAPAS,0.15,CAJA DE GRAPAS,12000.0,1800.0,ESPACIADO
2315,29,30,CAMA DE MELAMINA 2X2 ISIDRO,03/11/25 CAMA 2X2 ISIDRO MELAMINA,Cama,SECCION TAPICERIA MANO DE OBRA=,110,ESPUMA AZUL DE 2 PULGADAS,0.0,LAMINA,41000.0,0.0,AREA
2316,29,30,CAMA DE MELAMINA 2X2 ISIDRO,03/11/25 CAMA 2X2 ISIDRO MELAMINA,Cama,SECCION TAPICERIA MANO DE OBRA=,111,TORNILLOS DE 1 1/2,26.0,UNIDADES,100.0,2600.0,ESPACIADO
2317,29,30,CAMA DE MELAMINA 2X2 ISIDRO,03/11/25 CAMA 2X2 ISIDRO MELAMINA,Cama,SECCION TAPICERIA MANO DE OBRA=,112,ESPUMA DE 1 1/2'' ROSADA,0.75,UNIDADES,26000.0,19500.0,AREA
2318,29,30,CAMA DE MELAMINA 2X2 ISIDRO,03/11/25 CAMA 2X2 ISIDRO MELAMINA,Cama,SECCION TAPICERIA MANO DE OBRA=,113,ESPUMA BLANCA DE 1',0.0,UNIDAD,14500.0,0.0,AREA
2319,29,30,CAMA DE MELAMINA 2X2 ISIDRO,03/11/25 CAMA 2X2 ISIDRO MELAMINA,Cama,SECCION TAPICERIA MANO DE OBRA=,114,ESPUMA 1 1/2'' AZUL,0.0,MTS,1000.0,0.0,AREA
2320,29,30,CAMA DE MELAMINA 2X2 ISIDRO,03/11/25 CAMA 2X2 ISIDRO MELAMINA,Cama,SECCION TAPICERIA MANO DE OBRA=,115,COSTAL,2.0,METROS,2240.0,4480.0,AREA
2321,29,30,CAMA DE MELAMINA 2X2 ISIDRO,03/11/25 CAMA 2X2 ISIDRO MELAMINA,Cama,SECCION TAPICERIA MANO DE OBRA=,116,HILO,0.0,UNIDAD,25000.0,0.0,FORMULA
2322,29,30,CAMA DE MELAMINA 2X2 ISIDRO,03/11/25 CAMA 2X2 ISIDRO MELAMINA,Cama,SECCION TAPICERIA MANO DE OBRA=,117,PEGANTE DE PISTOLA,0.0,LITRO,43000.0,0.0,VOLUMEN
2323,29,30,CAMA DE MELAMINA 2X2 ISIDRO,03/11/25 CAMA 2X2 ISIDRO MELAMINA,Cama,SECCION TAPICERIA MANO DE OBRA=,118,SUPER,0.0,LITRO,19.0,0.0,VOLUMEN
2324,29,30,CAMA DE MELAMINA 2X2 ISIDRO,03/11/25 CAMA 2X2 ISIDRO MELAMINA,Cama,SECCION TAPICERIA MANO DE OBRA=,119,ESPUMA 1' NARANJA,0.0,CM,16000.0,0.0,AREA
2325,29,30,CAMA DE MELAMINA 2X2 ISIDRO,03/11/25 CAMA 2X2 ISIDRO MELAMINA,Cama,SECCION TAPICERIA MANO DE OBRA=,120,HECHURA,1.0,,80000.0,80000.0,FIJO
2326,29,30,CAMA DE MELAMINA 2X2 ISIDRO,03/11/25 CAMA 2X2 ISIDRO MELAMINA,Cama,SECCION TAPICERIA MANO DE OBRA=,121,LENCILLO,5.5,METROS,2650.0,14575.0,LINEAL
2327,30,31, CAMA DE MELAMINA 1.60 ISIDRO,03/11/25 CAMA 2X2 ISIDRO MELAMINA,Cama,EBANISTA WILMER MANO DE OBRA=,8,MADERA (2),528.0,APAMATE,140.0,73920.0,FORMULA
2328,30,31, CAMA DE MELAMINA 1.60 ISIDRO,03/11/25 CAMA 2X2 ISIDRO MELAMINA,Cama,EBANISTA WILMER MANO DE OBRA=,9,"MDF DE 2,7",0.0,UNIDAD,65.0,0.0,AREA
2329,30,31, CAMA DE MELAMINA 1.60 ISIDRO,03/11/25 CAMA 2X2 ISIDRO MELAMINA,Cama,EBANISTA WILMER MANO DE OBRA=,10,MELAMINA,0.0,Unidad,213000.0,0.0,AREA
2330,30,31, CAMA DE MELAMINA 1.60 ISIDRO,03/11/25 CAMA 2X2 ISIDRO MELAMINA,Cama,EBANISTA WILMER MANO DE OBRA=,11,LAMINA DE 9,0.13725,1 PEDAZO DE 75X183=13725,140000.0,19215.0,AREA
2331,30,31, CAMA DE MELAMINA 1.60 ISIDRO,03/11/25 CAMA 2X2 ISIDRO MELAMINA,Cama,EBANISTA WILMER MANO DE OBRA=,12,MELAMINA VIENES 15,1.0,UNIDAD,246000.0,246000.0,AREA
2332,30,31, CAMA DE MELAMINA 1.60 ISIDRO,03/11/25 CAMA 2X2 ISIDRO MELAMINA,Cama,EBANISTA WILMER MANO DE OBRA=,13,COLBON,0.4,LITRO,14000.0,5600.0,VOLUMEN
2333,30,31, CAMA DE MELAMINA 1.60 ISIDRO,03/11/25 CAMA 2X2 ISIDRO MELAMINA,Cama,EBANISTA WILMER MANO DE OBRA=,14,SUPER,0.4,LITROS,19000.0,7600.0,VOLUMEN
2334,30,31, CAMA DE MELAMINA 1.60 ISIDRO,03/11/25 CAMA 2X2 ISIDRO MELAMINA,Cama,EBANISTA WILMER MANO DE OBRA=,15,GRAPAS,0.3,UNIDAD,12000.0,3600.0,ESPACIADO
2335,30,31, CAMA DE MELAMINA 1.60 ISIDRO,03/11/25 CAMA 2X2 ISIDRO MELAMINA,Cama,EBANISTA WILMER MANO DE OBRA=,16,LAMINA PVC,0.0,1 PEDAZO 90X120,100000.0,100000.0,AREA
2336,30,31, CAMA DE MELAMINA 1.60 ISIDRO,03/11/25 CAMA 2X2 ISIDRO MELAMINA,Cama,EBANISTA WILMER MANO DE OBRA=,17,CANTO 40,20.0,METROS,1800.0,36000.0,LINEAL
2337,30,31, CAMA DE MELAMINA 1.60 ISIDRO,03/11/25 CAMA 2X2 ISIDRO MELAMINA,Cama,EBANISTA WILMER MANO DE OBRA=,18,GANCHOS,1.0,PAR,20000.0,20000.0,FIJO
2338,30,31, CAMA DE MELAMINA 1.60 ISIDRO,03/11/25 CAMA 2X2 ISIDRO MELAMINA,Cama,EBANISTA WILMER MANO DE OBRA=,19,TORNILLOS DE 1 1/2,20.0,UNIDADES,100.0,2000.0,ESPACIADO
2339,30,31, CAMA DE MELAMINA 1.60 ISIDRO,03/11/25 CAMA 2X2 ISIDRO MELAMINA,Cama,EBANISTA WILMER MANO DE OBRA=,20,"TORNILLOS DE 2""",50.0,Unidad,100.0,5000.0,ESPACIADO
2340,30,31, CAMA DE MELAMINA 1.60 ISIDRO,03/11/25 CAMA 2X2 ISIDRO MELAMINA,Cama,EBANISTA WILMER MANO DE OBRA=,21,ebanisteria 300.000 x 5% de m.o,,,,315000.0,FORMULA
2341,30,31, CAMA DE MELAMINA 1.60 ISIDRO,03/11/25 CAMA 2X2 ISIDRO MELAMINA,Cama,EBANISTA WILMER MANO DE OBRA=,23,gastos de Ebanisteria e 10%,,,,106666.0,FORMULA
2342,30,31, CAMA DE MELAMINA 1.60 ISIDRO,03/11/25 CAMA 2X2 ISIDRO MELAMINA,Cama,EBANISTA WILMER MANO DE OBRA=,27,CORREDERAS 40 NORMAL,2.0,PAR,12000.0,24000.0,FORMULA
2343,30,31, CAMA DE MELAMINA 1.60 ISIDRO,03/11/25 CAMA 2X2 ISIDRO MELAMINA,Cama,EBANISTA WILMER MANO DE OBRA=,28,MDF DE 2.7,0.32,1 PEDAZO DE 80X40=3.200,65000.0,20800.0,AREA
2344,30,31, CAMA DE MELAMINA 1.60 ISIDRO,03/11/25 CAMA 2X2 ISIDRO MELAMINA,Cama,EBANISTA WILMER MANO DE OBRA=,29,LAM MDF 15,0.72,1 PEDASO DE 1.80X40=72,210000.0,151200.0,AREA
2345,30,31, CAMA DE MELAMINA 1.60 ISIDRO,03/11/25 CAMA 2X2 ISIDRO MELAMINA,Cama,EBANISTA WILMER MANO DE OBRA=,30,LAM MDF 15,0.25,1 PEDASO DE 50X50=2.500,210000.0,52500.0,AREA
2346,30,31, CAMA DE MELAMINA 1.60 ISIDRO,03/11/25 CAMA 2X2 ISIDRO MELAMINA,Cama,EBANISTA WILMER MANO DE OBRA=,31,COLBON,0.2,LITRS,14000.0,2800.0,FORMULA
2347,30,31, CAMA DE MELAMINA 1.60 ISIDRO,03/11/25 CAMA 2X2 ISIDRO MELAMINA,Cama,EBANISTA WILMER MANO DE OBRA=,32,SUPER,0.2,LITROS,19000.0,3800.0,VOLUMEN
2348,30,31, CAMA DE MELAMINA 1.60 ISIDRO,03/11/25 CAMA 2X2 ISIDRO MELAMINA,Cama,EBANISTA WILMER MANO DE OBRA=,33,CANTO 19,8.0,METROS,800.0,6400.0,LINEAL
2349,30,31, CAMA DE MELAMINA 1.60 ISIDRO,03/11/25 CAMA 2X2 ISIDRO MELAMINA,Cama,EBANISTA WILMER MANO DE OBRA=,34,MELAMINA DE 15 VIENES,0.225,1 PEDAZO 50X45=2250,246000.0,55350.0,AREA
2350,30,31, CAMA DE MELAMINA 1.60 ISIDRO,03/11/25 CAMA 2X2 ISIDRO MELAMINA,Cama,EBANISTA WILMER MANO DE OBRA=,35,MELAMINA DE 15 VIENES,0.225,1 PEDAZO 50X45=2250,246000.0,55350.0,AREA
2351,30,31, CAMA DE MELAMINA 1.60 ISIDRO,03/11/25 CAMA 2X2 ISIDRO MELAMINA,Cama,EBANISTA WILMER MANO DE OBRA=,36,MELAMINA DE 15 VIENES,0.225,1 PEDAZO 45X50=2250,246000.0,55350.0,AREA
2352,30,31, CAMA DE MELAMINA 1.60 ISIDRO,03/11/25 CAMA 2X2 ISIDRO MELAMINA,Cama,EBANISTA WILMER MANO DE OBRA=,37,MELAMINA DE 15 VIENES,0.225,1 PEDAZO 45X50=2250,246000.0,55350.0,AREA
2353,30,31, CAMA DE MELAMINA 1.60 ISIDRO,03/11/25 CAMA 2X2 ISIDRO MELAMINA,Cama,EBANISTA WILMER MANO DE OBRA=,40,gastos de Ebanisteria e 5%,,,,26294.75,FORMULA
2354,30,31, CAMA DE MELAMINA 1.60 ISIDRO,03/11/25 CAMA 2X2 ISIDRO MELAMINA,Cama,SECCION PINTURA Y PREPARADA DE 2 NOCHEROS,42,SECCION PINTURA Y PREPARADA,DE 2 NOCHEROS ,,,,FORMULA
2355,30,31, CAMA DE MELAMINA 1.60 ISIDRO,03/11/25 CAMA 2X2 ISIDRO MELAMINA,Cama,SECCION PINTURA Y PREPARADA DE 2 NOCHEROS,43,PREPARADO JOTA,,CON EL 5%,36750.0,0.0,FORMULA
2356,30,31, CAMA DE MELAMINA 1.60 ISIDRO,03/11/25 CAMA 2X2 ISIDRO MELAMINA,Cama,SECCION PINTURA Y PREPARADA DE 2 NOCHEROS,44,PINTURA ALEX,,CON EL 5%,36750.0,0.0,FORMULA
2357,30,31, CAMA DE MELAMINA 1.60 ISIDRO,03/11/25 CAMA 2X2 ISIDRO MELAMINA,Cama,SECCION PINTURA Y PREPARADA DE 2 NOCHEROS,45,SELLADOR,,PISTOLADAS,18000.0,0.0,FORMULA
2358,30,31, CAMA DE MELAMINA 1.60 ISIDRO,03/11/25 CAMA 2X2 ISIDRO MELAMINA,Cama,SECCION PINTURA Y PREPARADA DE 2 NOCHEROS,46,LIJA 400,,unidades,2000.0,0.0,FORMULA
2359,30,31, CAMA DE MELAMINA 1.60 ISIDRO,03/11/25 CAMA 2X2 ISIDRO MELAMINA,Cama,SECCION PINTURA Y PREPARADA DE 2 NOCHEROS,47,NITRO,,galon,70000.0,0.0,FORMULA
2360,30,31, CAMA DE MELAMINA 1.60 ISIDRO,03/11/25 CAMA 2X2 ISIDRO MELAMINA,Cama,SECCION PINTURA Y PREPARADA DE 2 NOCHEROS,48,VIDRIOS,,unidad,45000.0,0.0,FORMULA
2361,30,31, CAMA DE MELAMINA 1.60 ISIDRO,03/11/25 CAMA 2X2 ISIDRO MELAMINA,Cama,SECCION PINTURA Y PREPARADA DE 2 NOCHEROS,49,TALCO,,unidad,2500.0,0.0,FORMULA
2362,30,31, CAMA DE MELAMINA 1.60 ISIDRO,03/11/25 CAMA 2X2 ISIDRO MELAMINA,Cama,SECCION PINTURA Y PREPARADA DE 2 NOCHEROS,50,TINER,,GALON,34000.0,0.0,FORMULA
2363,30,31, CAMA DE MELAMINA 1.60 ISIDRO,03/11/25 CAMA 2X2 ISIDRO MELAMINA,Cama,SECCION PINTURA Y PREPARADA DE 2 NOCHEROS,51,TOPES,,JALADORES,3000.0,0.0,FORMULA
2364,30,31, CAMA DE MELAMINA 1.60 ISIDRO,03/11/25 CAMA 2X2 ISIDRO MELAMINA,Cama,SECCION PINTURA Y PREPARADA DE 2 NOCHEROS,52,COLOR,,PISTOLADA,22000.0,0.0,FORMULA
2365,30,31, CAMA DE MELAMINA 1.60 ISIDRO,03/11/25 CAMA 2X2 ISIDRO MELAMINA,Cama,SECCION PINTURA Y PREPARADA DE 2 NOCHEROS,53,ENCINA,,galon,160000.0,0.0,FORMULA
2366,30,31, CAMA DE MELAMINA 1.60 ISIDRO,03/11/25 CAMA 2X2 ISIDRO MELAMINA,Cama,SECCION PINTURA Y PREPARADA DE 2 NOCHEROS,54,GASOLINA,,ML,4500.0,0.0,FORMULA
2367,30,31, CAMA DE MELAMINA 1.60 ISIDRO,03/11/25 CAMA 2X2 ISIDRO MELAMINA,Cama,SECCION PINTURA Y PREPARADA DE 2 NOCHEROS,55,RESANE,,LITRO,20000.0,0.0,FORMULA
2368,30,31, CAMA DE MELAMINA 1.60 ISIDRO,03/11/25 CAMA 2X2 ISIDRO MELAMINA,Cama,SECCION PINTURA Y PREPARADA DE 2 NOCHEROS,56,LACA,,PISTOLADA,23000.0,0.0,FORMULA
2369,30,31, CAMA DE MELAMINA 1.60 ISIDRO,03/11/25 CAMA 2X2 ISIDRO MELAMINA,Cama,SECCION PINTURA Y PREPARADA DE 2 NOCHEROS,58,Gastos de Pintura 10%,,,,0.0,FORMULA
2370,30,31, CAMA DE MELAMINA 1.60 ISIDRO,03/11/25 CAMA 2X2 ISIDRO MELAMINA,Cama,SECCION PINTURA Y PREPARADA CAMAS,60,SECCION PINTURA Y PREPARADA,CAMAS ,,,,FORMULA
2371,30,31, CAMA DE MELAMINA 1.60 ISIDRO,03/11/25 CAMA 2X2 ISIDRO MELAMINA,Cama,SECCION PINTURA Y PREPARADA CAMAS,61,PREPARADO JOTA,,CON EL 5%,63000.0,0.0,FORMULA
2372,30,31, CAMA DE MELAMINA 1.60 ISIDRO,03/11/25 CAMA 2X2 ISIDRO MELAMINA,Cama,SECCION PINTURA Y PREPARADA CAMAS,62,PINTURA ALEX,,CON EL 5%,26250.0,0.0,FORMULA
2373,30,31, CAMA DE MELAMINA 1.60 ISIDRO,03/11/25 CAMA 2X2 ISIDRO MELAMINA,Cama,SECCION PINTURA Y PREPARADA CAMAS,63,PINTURA DE PATAS ALEX,,16.0,2100.0,0.0,FIJO
2374,30,31, CAMA DE MELAMINA 1.60 ISIDRO,03/11/25 CAMA 2X2 ISIDRO MELAMINA,Cama,SECCION PINTURA Y PREPARADA CAMAS,64,SELLADOR,,PISTOLADAS,18000.0,0.0,FORMULA
2375,30,31, CAMA DE MELAMINA 1.60 ISIDRO,03/11/25 CAMA 2X2 ISIDRO MELAMINA,Cama,SECCION PINTURA Y PREPARADA CAMAS,65,LIJA 400,,unidades,2000.0,0.0,FORMULA
2376,30,31, CAMA DE MELAMINA 1.60 ISIDRO,03/11/25 CAMA 2X2 ISIDRO MELAMINA,Cama,SECCION PINTURA Y PREPARADA CAMAS,66,NITRO,,galon,,0.0,FORMULA
2377,30,31, CAMA DE MELAMINA 1.60 ISIDRO,03/11/25 CAMA 2X2 ISIDRO MELAMINA,Cama,SECCION PINTURA Y PREPARADA CAMAS,67,lija 220,,unidad,2000.0,0.0,FORMULA
2378,30,31, CAMA DE MELAMINA 1.60 ISIDRO,03/11/25 CAMA 2X2 ISIDRO MELAMINA,Cama,SECCION PINTURA Y PREPARADA CAMAS,68,lija 120,,unidad,2000.0,0.0,FORMULA
2379,30,31, CAMA DE MELAMINA 1.60 ISIDRO,03/11/25 CAMA 2X2 ISIDRO MELAMINA,Cama,SECCION PINTURA Y PREPARADA CAMAS,69,LACA SEMIMATE,,GALON,23000.0,0.0,FORMULA
2380,30,31, CAMA DE MELAMINA 1.60 ISIDRO,03/11/25 CAMA 2X2 ISIDRO MELAMINA,Cama,SECCION PINTURA Y PREPARADA CAMAS,70,kerosen,,litro,18000.0,0.0,FORMULA
2381,30,31, CAMA DE MELAMINA 1.60 ISIDRO,03/11/25 CAMA 2X2 ISIDRO MELAMINA,Cama,SECCION PINTURA Y PREPARADA CAMAS,71,COLOR,,PISTOLADA,20000.0,0.0,FORMULA
2382,30,31, CAMA DE MELAMINA 1.60 ISIDRO,03/11/25 CAMA 2X2 ISIDRO MELAMINA,Cama,SECCION PINTURA Y PREPARADA CAMAS,72,TINTE MIEL,,galon,,0.0,FORMULA
2383,30,31, CAMA DE MELAMINA 1.60 ISIDRO,03/11/25 CAMA 2X2 ISIDRO MELAMINA,Cama,SECCION PINTURA Y PREPARADA CAMAS,73,GASOLINA,,LITRO,4.5,0.0,FORMULA
2384,30,31, CAMA DE MELAMINA 1.60 ISIDRO,03/11/25 CAMA 2X2 ISIDRO MELAMINA,Cama,SECCION PINTURA Y PREPARADA CAMAS,74,RESANE,,LITRO,23000.0,0.0,FORMULA
2385,30,31, CAMA DE MELAMINA 1.60 ISIDRO,03/11/25 CAMA 2X2 ISIDRO MELAMINA,Cama,SECCION PINTURA Y PREPARADA CAMAS,75,LACA BRILLANTE,,PISTOLADA,23000.0,0.0,FORMULA
2386,30,31, CAMA DE MELAMINA 1.60 ISIDRO,03/11/25 CAMA 2X2 ISIDRO MELAMINA,Cama,SECCION PINTURA Y PREPARADA CAMAS,77,Gastos de Pintura 10%,,,,32095.1,FORMULA
2387,30,31, CAMA DE MELAMINA 1.60 ISIDRO,03/11/25 CAMA 2X2 ISIDRO MELAMINA,Cama,SECCION TERMINACION,80,TOMAS NEGROS,,UNIDAD,10500.0,0.0,FORMULA
2388,30,31, CAMA DE MELAMINA 1.60 ISIDRO,03/11/25 CAMA 2X2 ISIDRO MELAMINA,Cama,SECCION TERMINACION,81,REGLETA ANCHA,,UNIDAD,20000.0,0.0,FORMULA
2389,30,31, CAMA DE MELAMINA 1.60 ISIDRO,03/11/25 CAMA 2X2 ISIDRO MELAMINA,Cama,SECCION TERMINACION,82,REGLETA DELGADA,,UNIDAD,20000.0,0.0,FORMULA
2390,30,31, CAMA DE MELAMINA 1.60 ISIDRO,03/11/25 CAMA 2X2 ISIDRO MELAMINA,Cama,SECCION TERMINACION,83,LAMPARAS DE LUZ,,UNIDADES,100000.0,0.0,FORMULA
2391,30,31, CAMA DE MELAMINA 1.60 ISIDRO,03/11/25 CAMA 2X2 ISIDRO MELAMINA,Cama,SECCION TERMINACION,84,CABLE DE 12,,METROS,3000.0,0.0,FORMULA
2392,30,31, CAMA DE MELAMINA 1.60 ISIDRO,03/11/25 CAMA 2X2 ISIDRO MELAMINA,Cama,SECCION TERMINACION,85,APAGADORES,,PAR,1500.0,0.0,FORMULA
2393,30,31, CAMA DE MELAMINA 1.60 ISIDRO,03/11/25 CAMA 2X2 ISIDRO MELAMINA,Cama,SECCION TERMINACION,86,ENCHUFLES BLANCO MACHO,,UNIDADES,2000.0,0.0,FORMULA
2394,30,31, CAMA DE MELAMINA 1.60 ISIDRO,03/11/25 CAMA 2X2 ISIDRO MELAMINA,Cama,SECCION TERMINACION,87,HERRAJES DE CAMA,,PAR,160000.0,0.0,FORMULA
2395,30,31, CAMA DE MELAMINA 1.60 ISIDRO,03/11/25 CAMA 2X2 ISIDRO MELAMINA,Cama,SECCION TERMINACION,88,JALADORES,,UNIDAD,26800.0,0.0,FIJO
2396,30,31, CAMA DE MELAMINA 1.60 ISIDRO,03/11/25 CAMA 2X2 ISIDRO MELAMINA,Cama,SECCION TERMINACION,89,MULTIUSOS,,UNIDADES,3000.0,0.0,FORMULA
2397,30,31, CAMA DE MELAMINA 1.60 ISIDRO,03/11/25 CAMA 2X2 ISIDRO MELAMINA,Cama,SECCION TERMINACION,90,CORREDERAS,,unidades,8000.0,0.0,FIJO
2398,30,31, CAMA DE MELAMINA 1.60 ISIDRO,03/11/25 CAMA 2X2 ISIDRO MELAMINA,Cama,SECCION TERMINACION,91,EMBALADA,,unidades,150000.0,0.0,FORMULA
2399,30,31, CAMA DE MELAMINA 1.60 ISIDRO,03/11/25 CAMA 2X2 ISIDRO MELAMINA,Cama,SECCION TERMINACION,94,SECCION TENDIDO,,,,0.0,FORMULA
2400,30,31, CAMA DE MELAMINA 1.60 ISIDRO,03/11/25 CAMA 2X2 ISIDRO MELAMINA,Cama,SECCION TERMINACION,95,MADERA 60X1X4,900.0,APAMATE,140000.0,0.0,FORMULA
2401,30,31, CAMA DE MELAMINA 1.60 ISIDRO,03/11/25 CAMA 2X2 ISIDRO MELAMINA,Cama,PATA DE TENDIDO,97,FABRICACION TENDIDO,0.0,,,,FORMULA
2402,30,31, CAMA DE MELAMINA 1.60 ISIDRO,03/11/25 CAMA 2X2 ISIDRO MELAMINA,Cama,PATA DE TENDIDO,98,MDF DE 9,0.142,1 PEDAZO 190X75=14250,140000.0,19880.0,AREA
2403,30,31, CAMA DE MELAMINA 1.60 ISIDRO,03/11/25 CAMA 2X2 ISIDRO MELAMINA,Cama,PATA DE TENDIDO,99,MDF DE 9,0.142,1 PEDAZO 190X75=14250,140000.0,19880.0,AREA
2404,30,31, CAMA DE MELAMINA 1.60 ISIDRO,03/11/25 CAMA 2X2 ISIDRO MELAMINA,Cama,PATA DE TENDIDO,102,HECHURA,1.0,UNIDAD,60000.0,0.0,FIJO
2405,30,31, CAMA DE MELAMINA 1.60 ISIDRO,03/11/25 CAMA 2X2 ISIDRO MELAMINA,Cama,SECCION TAPICERIA MANO DE OBRA=,105,SECCION TAPICERIA,,MANO DE OBRA=,,,FORMULA
2406,30,31, CAMA DE MELAMINA 1.60 ISIDRO,03/11/25 CAMA 2X2 ISIDRO MELAMINA,Cama,SECCION TAPICERIA MANO DE OBRA=,106,TELA PRANNA NEGRA,2.0,METROS,34899.0,69798.0,AREA
2407,30,31, CAMA DE MELAMINA 1.60 ISIDRO,03/11/25 CAMA 2X2 ISIDRO MELAMINA,Cama,SECCION TAPICERIA MANO DE OBRA=,107,COLA DE RATA,0.0,METROS,1570.0,7222.0,LINEAL
2408,30,31, CAMA DE MELAMINA 1.60 ISIDRO,03/11/25 CAMA 2X2 ISIDRO MELAMINA,Cama,SECCION TAPICERIA MANO DE OBRA=,108,ESPUMA 1/2 BLANCA,0.0,METROS,7300.0,0.0,AREA
2409,30,31, CAMA DE MELAMINA 1.60 ISIDRO,03/11/25 CAMA 2X2 ISIDRO MELAMINA,Cama,SECCION TAPICERIA MANO DE OBRA=,109,GRAPAS,0.15,CAJA DE GRAPAS,12000.0,1800.0,ESPACIADO
2410,30,31, CAMA DE MELAMINA 1.60 ISIDRO,03/11/25 CAMA 2X2 ISIDRO MELAMINA,Cama,SECCION TAPICERIA MANO DE OBRA=,110,ESPUMA AZUL DE 2 PULGADAS,0.0,LAMINA,41000.0,0.0,AREA
2411,30,31, CAMA DE MELAMINA 1.60 ISIDRO,03/11/25 CAMA 2X2 ISIDRO MELAMINA,Cama,SECCION TAPICERIA MANO DE OBRA=,111,TORNILLOS DE 1 1/2,26.0,UNIDADES,100.0,2600.0,ESPACIADO
2412,30,31, CAMA DE MELAMINA 1.60 ISIDRO,03/11/25 CAMA 2X2 ISIDRO MELAMINA,Cama,SECCION TAPICERIA MANO DE OBRA=,112,ESPUMA DE 1 1/2'' ROSADA,0.75,UNIDADES,26000.0,19500.0,AREA
2413,30,31, CAMA DE MELAMINA 1.60 ISIDRO,03/11/25 CAMA 2X2 ISIDRO MELAMINA,Cama,SECCION TAPICERIA MANO DE OBRA=,113,ESPUMA BLANCA DE 1',0.0,UNIDAD,14500.0,0.0,AREA
2414,30,31, CAMA DE MELAMINA 1.60 ISIDRO,03/11/25 CAMA 2X2 ISIDRO MELAMINA,Cama,SECCION TAPICERIA MANO DE OBRA=,114,ESPUMA 1 1/2'' AZUL,0.0,MTS,1000.0,0.0,AREA
2415,30,31, CAMA DE MELAMINA 1.60 ISIDRO,03/11/25 CAMA 2X2 ISIDRO MELAMINA,Cama,SECCION TAPICERIA MANO DE OBRA=,115,COSTAL,2.0,METROS,2240.0,4480.0,AREA
2416,30,31, CAMA DE MELAMINA 1.60 ISIDRO,03/11/25 CAMA 2X2 ISIDRO MELAMINA,Cama,SECCION TAPICERIA MANO DE OBRA=,116,HILO,0.0,UNIDAD,25000.0,0.0,FORMULA
2417,30,31, CAMA DE MELAMINA 1.60 ISIDRO,03/11/25 CAMA 2X2 ISIDRO MELAMINA,Cama,SECCION TAPICERIA MANO DE OBRA=,117,PEGANTE DE PISTOLA,0.0,LITRO,43000.0,0.0,VOLUMEN
2418,30,31, CAMA DE MELAMINA 1.60 ISIDRO,03/11/25 CAMA 2X2 ISIDRO MELAMINA,Cama,SECCION TAPICERIA MANO DE OBRA=,118,SUPER,0.0,LITRO,19.0,0.0,VOLUMEN
2419,30,31, CAMA DE MELAMINA 1.60 ISIDRO,03/11/25 CAMA 2X2 ISIDRO MELAMINA,Cama,SECCION TAPICERIA MANO DE OBRA=,119,ESPUMA 1' NARANJA,0.0,CM,16000.0,0.0,AREA
2420,30,31, CAMA DE MELAMINA 1.60 ISIDRO,03/11/25 CAMA 2X2 ISIDRO MELAMINA,Cama,SECCION TAPICERIA MANO DE OBRA=,120,HECHURA,1.0,,80000.0,80000.0,FIJO
2421,30,31, CAMA DE MELAMINA 1.60 ISIDRO,03/11/25 CAMA 2X2 ISIDRO MELAMINA,Cama,SECCION TAPICERIA MANO DE OBRA=,121,LENCILLO,5.5,METROS,2650.0,14575.0,LINEAL
2422,31,32,CAMA 1.60 ISIDRO,01/11/25 CAMA 1.60 ISIDRO,Cama,EBANISTA WILMER MANO DE OBRA=,8,MADERA (2),1447.0,APAMATE,140.0,202580.0,FORMULA
2423,31,32,CAMA 1.60 ISIDRO,01/11/25 CAMA 1.60 ISIDRO,Cama,EBANISTA WILMER MANO DE OBRA=,9,"MDF DE 2,7",0.266,1 PEDAZO 140X190=26600,65000.0,17290.0,AREA
2424,31,32,CAMA 1.60 ISIDRO,01/11/25 CAMA 1.60 ISIDRO,Cama,EBANISTA WILMER MANO DE OBRA=,10,LAMINA DE 9,0.84,1 PEDAZO 140X60=8400,140000.0,117600.0,AREA
2425,31,32,CAMA 1.60 ISIDRO,01/11/25 CAMA 1.60 ISIDRO,Cama,EBANISTA WILMER MANO DE OBRA=,11,LAMINA DE 5.5,0.66,1 PEDAZO 166X40=66.4,130000.0,85800.0,AREA
2426,31,32,CAMA 1.60 ISIDRO,01/11/25 CAMA 1.60 ISIDRO,Cama,EBANISTA WILMER MANO DE OBRA=,12,COLBON,0.5,LITRO,14000.0,7000.0,VOLUMEN
2427,31,32,CAMA 1.60 ISIDRO,01/11/25 CAMA 1.60 ISIDRO,Cama,EBANISTA WILMER MANO DE OBRA=,13,GRAPAS,0.15,CAJA,12000.0,1800.0,ESPACIADO
2428,31,32,CAMA 1.60 ISIDRO,01/11/25 CAMA 1.60 ISIDRO,Cama,EBANISTA WILMER MANO DE OBRA=,14,GANCHOS,1.0,PAR,20000.0,20000.0,FIJO
2429,31,32,CAMA 1.60 ISIDRO,01/11/25 CAMA 1.60 ISIDRO,Cama,EBANISTA WILMER MANO DE OBRA=,15,F40,0.08,TIRAS,28000.0,2240.0,FORMULA
2430,31,32,CAMA 1.60 ISIDRO,01/11/25 CAMA 1.60 ISIDRO,Cama,EBANISTA WILMER MANO DE OBRA=,16,"TORNILLOS DE 2""",100.0,Unidad,100.0,10000.0,ESPACIADO
2431,31,32,CAMA 1.60 ISIDRO,01/11/25 CAMA 1.60 ISIDRO,Cama,EBANISTA WILMER MANO DE OBRA=,17,ebanisteria 300.000 x 5% de m.o,,,,315000.0,FORMULA
2432,31,32,CAMA 1.60 ISIDRO,01/11/25 CAMA 1.60 ISIDRO,Cama,EBANISTA WILMER MANO DE OBRA=,19,gastos de Ebanisteria e 10%,,,,106666.0,FORMULA
2433,31,32,CAMA 1.60 ISIDRO,01/11/25 CAMA 1.60 ISIDRO,Cama,EBANISTA WILMER MANO DE OBRA=,23,CORREDERAS 35 NORMAL,1.0,PAR,12000.0,12000.0,FIJO
2434,31,32,CAMA 1.60 ISIDRO,01/11/25 CAMA 1.60 ISIDRO,Cama,EBANISTA WILMER MANO DE OBRA=,24,"MDF DE 2,7",0.46,1 PEDAZO DE 1.00X46=46,65000.0,29900.0,AREA
2435,31,32,CAMA 1.60 ISIDRO,01/11/25 CAMA 1.60 ISIDRO,Cama,EBANISTA WILMER MANO DE OBRA=,25,LAM MDF 5,0.97,1 PEDASO DE 2.44X40=97.6,130000.0,126100.0,AREA
2436,31,32,CAMA 1.60 ISIDRO,01/11/25 CAMA 1.60 ISIDRO,Cama,EBANISTA WILMER MANO DE OBRA=,26,LAM MDF 9,,"1 PEDASO DE 1,50X40=60",140.0,21875.0,FORMULA
2437,31,32,CAMA 1.60 ISIDRO,01/11/25 CAMA 1.60 ISIDRO,Cama,EBANISTA WILMER MANO DE OBRA=,27,COLBON,,litros,14000.0,0.0,FORMULA
2438,31,32,CAMA 1.60 ISIDRO,01/11/25 CAMA 1.60 ISIDRO,Cama,EBANISTA WILMER MANO DE OBRA=,28,GRAPAS,5.0,Unidad,600.0,3000.0,ESPACIADO
2439,31,32,CAMA 1.60 ISIDRO,01/11/25 CAMA 1.60 ISIDRO,Cama,EBANISTA WILMER MANO DE OBRA=,29,CLAVILLOS N F 40,3.0,TIRA,1000.0,3000.0,ESPACIADO
2440,31,32,CAMA 1.60 ISIDRO,01/11/25 CAMA 1.60 ISIDRO,Cama,EBANISTA WILMER MANO DE OBRA=,30,HECHURA,,PAR,157500.0,0.0,FIJO
2441,31,32,CAMA 1.60 ISIDRO,01/11/25 CAMA 1.60 ISIDRO,Cama,EBANISTA WILMER MANO DE OBRA=,31,"TORNILLOS DE 2""",12.0,Unidad,100.0,1200.0,ESPACIADO
2442,31,32,CAMA 1.60 ISIDRO,01/11/25 CAMA 1.60 ISIDRO,Cama,EBANISTA WILMER MANO DE OBRA=,34,gastos de Ebanisteria e 5%,,,,26294.75,FORMULA
2443,31,32,CAMA 1.60 ISIDRO,01/11/25 CAMA 1.60 ISIDRO,Cama,SECCION PINTURA Y PREPARADA DE NOCHERO,36,SECCION PINTURA Y PREPARADA,DE NOCHERO,,,,FORMULA
2444,31,32,CAMA 1.60 ISIDRO,01/11/25 CAMA 1.60 ISIDRO,Cama,SECCION PINTURA Y PREPARADA DE NOCHERO,37,PREPARADO JOTA,1.0,CON EL 5%,36750.0,36750.0,FIJO
2445,31,32,CAMA 1.60 ISIDRO,01/11/25 CAMA 1.60 ISIDRO,Cama,SECCION PINTURA Y PREPARADA DE NOCHERO,38,PINTURA ALEX,1.0,CON EL 5%,36750.0,36750.0,FIJO
2446,31,32,CAMA 1.60 ISIDRO,01/11/25 CAMA 1.60 ISIDRO,Cama,SECCION PINTURA Y PREPARADA DE NOCHERO,39,SELLADOR,2.0,PISTOLADAS,18000.0,36000.0,VOLUMEN
2447,31,32,CAMA 1.60 ISIDRO,01/11/25 CAMA 1.60 ISIDRO,Cama,SECCION PINTURA Y PREPARADA DE NOCHERO,40,LIJA 400,0.5,unidades,2000.0,1000.0,FORMULA
2448,31,32,CAMA 1.60 ISIDRO,01/11/25 CAMA 1.60 ISIDRO,Cama,SECCION PINTURA Y PREPARADA DE NOCHERO,41,NITRO,,galon,70000.0,0.0,FORMULA
2449,31,32,CAMA 1.60 ISIDRO,01/11/25 CAMA 1.60 ISIDRO,Cama,SECCION PINTURA Y PREPARADA DE NOCHERO,42,VIDRIOS,,unidad,45000.0,0.0,FORMULA
2450,31,32,CAMA 1.60 ISIDRO,01/11/25 CAMA 1.60 ISIDRO,Cama,SECCION PINTURA Y PREPARADA DE NOCHERO,43,TALCO,,unidad,2500.0,0.0,FORMULA
2451,31,32,CAMA 1.60 ISIDRO,01/11/25 CAMA 1.60 ISIDRO,Cama,SECCION PINTURA Y PREPARADA DE NOCHERO,44,TINER,,GALON,34000.0,0.0,FORMULA
2452,31,32,CAMA 1.60 ISIDRO,01/11/25 CAMA 1.60 ISIDRO,Cama,SECCION PINTURA Y PREPARADA DE NOCHERO,45,TOPES,,JALADORES,3000.0,0.0,FORMULA
2453,31,32,CAMA 1.60 ISIDRO,01/11/25 CAMA 1.60 ISIDRO,Cama,SECCION PINTURA Y PREPARADA DE NOCHERO,46,COLOR BLANCO,1.0,PISTOLADA,22000.0,22000.0,VOLUMEN
2454,31,32,CAMA 1.60 ISIDRO,01/11/25 CAMA 1.60 ISIDRO,Cama,SECCION PINTURA Y PREPARADA DE NOCHERO,47,COLOR ANACARADO,0.5,PISTOLADA,22000.0,11000.0,VOLUMEN
2455,31,32,CAMA 1.60 ISIDRO,01/11/25 CAMA 1.60 ISIDRO,Cama,SECCION PINTURA Y PREPARADA DE NOCHERO,48,ENCINA,,galon,160000.0,0.0,FORMULA
2456,31,32,CAMA 1.60 ISIDRO,01/11/25 CAMA 1.60 ISIDRO,Cama,SECCION PINTURA Y PREPARADA DE NOCHERO,49,GASOLINA,,ML,4500.0,0.0,FORMULA
2457,31,32,CAMA 1.60 ISIDRO,01/11/25 CAMA 1.60 ISIDRO,Cama,SECCION PINTURA Y PREPARADA DE NOCHERO,50,RESANE,,LITRO,20000.0,0.0,FORMULA
2458,31,32,CAMA 1.60 ISIDRO,01/11/25 CAMA 1.60 ISIDRO,Cama,SECCION PINTURA Y PREPARADA DE NOCHERO,51,LACA S/M,0.5,PISTOLADA,23000.0,11500.0,VOLUMEN
2459,31,32,CAMA 1.60 ISIDRO,01/11/25 CAMA 1.60 ISIDRO,Cama,SECCION PINTURA Y PREPARADA DE NOCHERO,53,Gastos de Pintura 10%,,,,15500.0,FORMULA
2460,31,32,CAMA 1.60 ISIDRO,01/11/25 CAMA 1.60 ISIDRO,Cama,SECCION PINTURA Y PREPARADA PATAS,55,SECCION PINTURA Y PREPARADA,PATAS ,,,,FORMULA
2461,31,32,CAMA 1.60 ISIDRO,01/11/25 CAMA 1.60 ISIDRO,Cama,SECCION PINTURA Y PREPARADA PATAS,56,PREPARADO JOTA,0.0,CON EL 5%,63000.0,0.0,FORMULA
2462,31,32,CAMA 1.60 ISIDRO,01/11/25 CAMA 1.60 ISIDRO,Cama,SECCION PINTURA Y PREPARADA PATAS,57,PINTURA ALEX,0.0,CON EL 5%,26250.0,0.0,FORMULA
2463,31,32,CAMA 1.60 ISIDRO,01/11/25 CAMA 1.60 ISIDRO,Cama,SECCION PINTURA Y PREPARADA PATAS,58,PINTURA DE PATAS ALEX,8.0,,2100.0,16800.0,FORMULA
2464,31,32,CAMA 1.60 ISIDRO,01/11/25 CAMA 1.60 ISIDRO,Cama,SECCION PINTURA Y PREPARADA PATAS,59,SELLADOR,0.5,PISTOLADAS,18000.0,9000.0,VOLUMEN
2465,31,32,CAMA 1.60 ISIDRO,01/11/25 CAMA 1.60 ISIDRO,Cama,SECCION PINTURA Y PREPARADA PATAS,60,LIJA 400,0.4,unidades,2000.0,800.0,FORMULA
2466,31,32,CAMA 1.60 ISIDRO,01/11/25 CAMA 1.60 ISIDRO,Cama,SECCION PINTURA Y PREPARADA PATAS,61,NITRO,,galon,,0.0,FORMULA
2467,31,32,CAMA 1.60 ISIDRO,01/11/25 CAMA 1.60 ISIDRO,Cama,SECCION PINTURA Y PREPARADA PATAS,62,lija 220,,unidad,2000.0,0.0,FORMULA
2468,31,32,CAMA 1.60 ISIDRO,01/11/25 CAMA 1.60 ISIDRO,Cama,SECCION PINTURA Y PREPARADA PATAS,63,lija 120,,unidad,2000.0,0.0,FORMULA
2469,31,32,CAMA 1.60 ISIDRO,01/11/25 CAMA 1.60 ISIDRO,Cama,SECCION PINTURA Y PREPARADA PATAS,64,LACA SEMIMATE,0.2,GALON,23000.0,4600.0,VOLUMEN
2470,31,32,CAMA 1.60 ISIDRO,01/11/25 CAMA 1.60 ISIDRO,Cama,SECCION PINTURA Y PREPARADA PATAS,65,kerosen,,litro,18000.0,0.0,FORMULA
2471,31,32,CAMA 1.60 ISIDRO,01/11/25 CAMA 1.60 ISIDRO,Cama,SECCION PINTURA Y PREPARADA PATAS,66,COLOR,0.2,PISTOLADA,20000.0,4000.0,VOLUMEN
2472,31,32,CAMA 1.60 ISIDRO,01/11/25 CAMA 1.60 ISIDRO,Cama,SECCION PINTURA Y PREPARADA PATAS,67,TINTE MIEL,,galon,,0.0,FORMULA
2473,31,32,CAMA 1.60 ISIDRO,01/11/25 CAMA 1.60 ISIDRO,Cama,SECCION PINTURA Y PREPARADA PATAS,68,GASOLINA,,LITRO,4.5,0.0,FORMULA
2474,31,32,CAMA 1.60 ISIDRO,01/11/25 CAMA 1.60 ISIDRO,Cama,SECCION PINTURA Y PREPARADA PATAS,69,RESANE,,LITRO,23000.0,0.0,FORMULA
2475,31,32,CAMA 1.60 ISIDRO,01/11/25 CAMA 1.60 ISIDRO,Cama,SECCION PINTURA Y PREPARADA PATAS,70,LACA BRILLANTE,,PISTOLADA,23000.0,0.0,FORMULA
2476,31,32,CAMA 1.60 ISIDRO,01/11/25 CAMA 1.60 ISIDRO,Cama,SECCION PINTURA Y PREPARADA PATAS,72,Gastos de Pintura 10%,,,,32095.1,FORMULA
2477,31,32,CAMA 1.60 ISIDRO,01/11/25 CAMA 1.60 ISIDRO,Cama,SECCION TERMINACION,75,TOMAS NEGROS,,UNIDAD,10500.0,0.0,FORMULA
2478,31,32,CAMA 1.60 ISIDRO,01/11/25 CAMA 1.60 ISIDRO,Cama,SECCION TERMINACION,76,REGLETA ANCHA,,UNIDAD,20000.0,0.0,FORMULA
2479,31,32,CAMA 1.60 ISIDRO,01/11/25 CAMA 1.60 ISIDRO,Cama,SECCION TERMINACION,77,REGLETA DELGADA,,UNIDAD,20000.0,0.0,FORMULA
2480,31,32,CAMA 1.60 ISIDRO,01/11/25 CAMA 1.60 ISIDRO,Cama,SECCION TERMINACION,78,LAMPARAS DE LUZ,,UNIDADES,100000.0,0.0,FORMULA
2481,31,32,CAMA 1.60 ISIDRO,01/11/25 CAMA 1.60 ISIDRO,Cama,SECCION TERMINACION,79,CABLE DE 12,,METROS,3000.0,0.0,FORMULA
2482,31,32,CAMA 1.60 ISIDRO,01/11/25 CAMA 1.60 ISIDRO,Cama,SECCION TERMINACION,80,APAGADORES,,PAR,1500.0,0.0,FORMULA
2483,31,32,CAMA 1.60 ISIDRO,01/11/25 CAMA 1.60 ISIDRO,Cama,SECCION TERMINACION,81,ENCHUFLES BLANCO MACHO,,UNIDADES,2000.0,0.0,FORMULA
2484,31,32,CAMA 1.60 ISIDRO,01/11/25 CAMA 1.60 ISIDRO,Cama,SECCION TERMINACION,82,HERRAJES DE CAMA,,PAR,160000.0,0.0,FORMULA
2485,31,32,CAMA 1.60 ISIDRO,01/11/25 CAMA 1.60 ISIDRO,Cama,SECCION TERMINACION,83,JALADORES,,UNIDAD,26800.0,0.0,FIJO
2486,31,32,CAMA 1.60 ISIDRO,01/11/25 CAMA 1.60 ISIDRO,Cama,SECCION TERMINACION,84,MULTIUSOS,,UNIDADES,3000.0,0.0,FORMULA
2487,31,32,CAMA 1.60 ISIDRO,01/11/25 CAMA 1.60 ISIDRO,Cama,SECCION TERMINACION,85,CORREDERAS,,unidades,8000.0,0.0,FIJO
2488,31,32,CAMA 1.60 ISIDRO,01/11/25 CAMA 1.60 ISIDRO,Cama,SECCION TERMINACION,86,EMBALADA,,unidades,150000.0,0.0,FORMULA
2489,31,32,CAMA 1.60 ISIDRO,01/11/25 CAMA 1.60 ISIDRO,Cama,SECCION TERMINACION,89,SECCION TENDIDO,,,,0.0,FORMULA
2490,31,32,CAMA 1.60 ISIDRO,01/11/25 CAMA 1.60 ISIDRO,Cama,SECCION TERMINACION,90,MADERA 60X1X4,0.0,APAMATE,140000.0,0.0,FORMULA
2491,31,32,CAMA 1.60 ISIDRO,01/11/25 CAMA 1.60 ISIDRO,Cama,FABRICACION TENDIDO,97,HECHURA,0.0,UNIDAD,60000.0,0.0,FORMULA
2492,31,32,CAMA 1.60 ISIDRO,01/11/25 CAMA 1.60 ISIDRO,Cama,SECCION TAPICERIA MANO DE OBRA=,100,SECCION TAPICERIA,,MANO DE OBRA=,,,FORMULA
2493,31,32,CAMA 1.60 ISIDRO,01/11/25 CAMA 1.60 ISIDRO,Cama,SECCION TAPICERIA MANO DE OBRA=,101,TELA DYLAN SAND,13.0,METROS,25650.0,333450.0,AREA
2494,31,32,CAMA 1.60 ISIDRO,01/11/25 CAMA 1.60 ISIDRO,Cama,SECCION TAPICERIA MANO DE OBRA=,102,COLA DE RATA,0.0,METROS,1570.0,7222.0,LINEAL
2495,31,32,CAMA 1.60 ISIDRO,01/11/25 CAMA 1.60 ISIDRO,Cama,SECCION TAPICERIA MANO DE OBRA=,103,ESPUMA 1/2 ROSADA,1.0,LAMINA,6630.0,6630.0,AREA
2496,31,32,CAMA 1.60 ISIDRO,01/11/25 CAMA 1.60 ISIDRO,Cama,SECCION TAPICERIA MANO DE OBRA=,104,GRAPAS,1.0,CAJA DE GRAPAS,12000.0,12000.0,ESPACIADO
2497,31,32,CAMA 1.60 ISIDRO,01/11/25 CAMA 1.60 ISIDRO,Cama,SECCION TAPICERIA MANO DE OBRA=,105,ESPUMA AZUL DE 2 PULGADAS,1.3,LAMINA,41340.0,53742.0,AREA
2498,31,32,CAMA 1.60 ISIDRO,01/11/25 CAMA 1.60 ISIDRO,Cama,SECCION TAPICERIA MANO DE OBRA=,106,TORNILLOS DE 1 1/2,0.0,UNIDADES,100.0,0.0,ESPACIADO
2499,31,32,CAMA 1.60 ISIDRO,01/11/25 CAMA 1.60 ISIDRO,Cama,SECCION TAPICERIA MANO DE OBRA=,107,ESPUMA DE 1 1/2'' ROSADA,3.0,UNIDADES,26000.0,78000.0,AREA
2500,31,32,CAMA 1.60 ISIDRO,01/11/25 CAMA 1.60 ISIDRO,Cama,SECCION TAPICERIA MANO DE OBRA=,108,ESPUMA 1 BLANCA,1.0,LAMINA,9804.0,9804.0,AREA
2501,31,32,CAMA 1.60 ISIDRO,01/11/25 CAMA 1.60 ISIDRO,Cama,SECCION TAPICERIA MANO DE OBRA=,109,ESPUMA 1 1/2'' AZUL,0.0,MTS,1000.0,0.0,AREA
2502,31,32,CAMA 1.60 ISIDRO,01/11/25 CAMA 1.60 ISIDRO,Cama,SECCION TAPICERIA MANO DE OBRA=,110,COSTAL,0.0,METROS,2240.0,0.0,AREA
2503,31,32,CAMA 1.60 ISIDRO,01/11/25 CAMA 1.60 ISIDRO,Cama,SECCION TAPICERIA MANO DE OBRA=,111,HILO,0.5,UNIDAD,25000.0,12500.0,FORMULA
2504,31,32,CAMA 1.60 ISIDRO,01/11/25 CAMA 1.60 ISIDRO,Cama,SECCION TAPICERIA MANO DE OBRA=,112,PEGANTE DE PISTOLA,1.0,PISTOLADA,43000.0,43000.0,VOLUMEN
2505,31,32,CAMA 1.60 ISIDRO,01/11/25 CAMA 1.60 ISIDRO,Cama,SECCION TAPICERIA MANO DE OBRA=,113,SUPER,0.2,LITRO,19000.0,3800.0,VOLUMEN
2506,31,32,CAMA 1.60 ISIDRO,01/11/25 CAMA 1.60 ISIDRO,Cama,SECCION TAPICERIA MANO DE OBRA=,114,CARTON,1.0,UNIDADES,5000.0,5000.0,FIJO
2507,31,32,CAMA 1.60 ISIDRO,01/11/25 CAMA 1.60 ISIDRO,Cama,SECCION TAPICERIA MANO DE OBRA=,115,HECHURA,1.0,,200000.0,200000.0,FIJO
2508,31,32,CAMA 1.60 ISIDRO,01/11/25 CAMA 1.60 ISIDRO,Cama,SECCION TAPICERIA MANO DE OBRA=,116,BOTONES,95.0,UNIDADES,0.0,0.0,FORMULA
2509,32,33, CAMA 1.40 ISIDRO,01/11/25 CAMA 1.60 ISIDRO,Cama,EBANISTA WILMER MANO DE OBRA=,8,MADERA (2),902.0,APAMATE,140.0,126280.0,FORMULA
2510,32,33, CAMA 1.40 ISIDRO,01/11/25 CAMA 1.60 ISIDRO,Cama,EBANISTA WILMER MANO DE OBRA=,9,MDF DE 3,0.19,1 PEDAZO 1.90X1=19,65000.0,12350.0,AREA
2511,32,33, CAMA 1.40 ISIDRO,01/11/25 CAMA 1.60 ISIDRO,Cama,EBANISTA WILMER MANO DE OBRA=,10,LAMINA DE 9,0.12,1 PEDAZO 1.50X80=120,140000.0,16800.0,AREA
2512,32,33, CAMA 1.40 ISIDRO,01/11/25 CAMA 1.60 ISIDRO,Cama,EBANISTA WILMER MANO DE OBRA=,11,LAMINA DE 5.5,0.0,1 PEDAZO 166X40=66.4,130000.0,0.0,AREA
2513,32,33, CAMA 1.40 ISIDRO,01/11/25 CAMA 1.60 ISIDRO,Cama,EBANISTA WILMER MANO DE OBRA=,12,COLBON,0.5,LITRO,14000.0,7000.0,VOLUMEN
2514,32,33, CAMA 1.40 ISIDRO,01/11/25 CAMA 1.60 ISIDRO,Cama,EBANISTA WILMER MANO DE OBRA=,13,GRAPAS,0.1,CAJA,12000.0,1200.0,ESPACIADO
2515,32,33, CAMA 1.40 ISIDRO,01/11/25 CAMA 1.60 ISIDRO,Cama,EBANISTA WILMER MANO DE OBRA=,14,GANCHOS,1.0,PAR,20000.0,20000.0,FIJO
2516,32,33, CAMA 1.40 ISIDRO,01/11/25 CAMA 1.60 ISIDRO,Cama,EBANISTA WILMER MANO DE OBRA=,15,F40,3.0,TIRAS,1000.0,3000.0,FORMULA
2517,32,33, CAMA 1.40 ISIDRO,01/11/25 CAMA 1.60 ISIDRO,Cama,EBANISTA WILMER MANO DE OBRA=,16,"TORNILLOS DE 2""",200.0,Unidad,100.0,20000.0,ESPACIADO
2518,32,33, CAMA 1.40 ISIDRO,01/11/25 CAMA 1.60 ISIDRO,Cama,EBANISTA WILMER MANO DE OBRA=,17,ebanisteria 300.000 x 5% de m.o,,,,315000.0,FORMULA
2519,32,33, CAMA 1.40 ISIDRO,01/11/25 CAMA 1.60 ISIDRO,Cama,EBANISTA WILMER MANO DE OBRA=,19,gastos de Ebanisteria e 10%,,,,106666.0,FORMULA
2520,32,33, CAMA 1.40 ISIDRO,01/11/25 CAMA 1.60 ISIDRO,Cama,EBANISTA WILMER MANO DE OBRA=,23,CORREDERAS 35 NORMAL,1.0,PAR,12000.0,12000.0,FIJO
2521,32,33, CAMA 1.40 ISIDRO,01/11/25 CAMA 1.60 ISIDRO,Cama,EBANISTA WILMER MANO DE OBRA=,24,"MDF DE 2,7",0.46,1 PEDAZO DE 1.00X46=46,65000.0,29900.0,AREA
2522,32,33, CAMA 1.40 ISIDRO,01/11/25 CAMA 1.60 ISIDRO,Cama,EBANISTA WILMER MANO DE OBRA=,25,LAM MDF 5,0.6,1 PEDASO DE 1.50X40=60,130000.0,78000.0,AREA
2523,32,33, CAMA 1.40 ISIDRO,01/11/25 CAMA 1.60 ISIDRO,Cama,EBANISTA WILMER MANO DE OBRA=,26,LAM MDF 9,,"1 PEDASO DE 1,50X40=60",140.0,21875.0,FORMULA
2524,32,33, CAMA 1.40 ISIDRO,01/11/25 CAMA 1.60 ISIDRO,Cama,EBANISTA WILMER MANO DE OBRA=,27,COLBON,,litros,14000.0,0.0,FORMULA
2525,32,33, CAMA 1.40 ISIDRO,01/11/25 CAMA 1.60 ISIDRO,Cama,EBANISTA WILMER MANO DE OBRA=,28,GRAPAS,5.0,Unidad,600.0,3000.0,ESPACIADO
2526,32,33, CAMA 1.40 ISIDRO,01/11/25 CAMA 1.60 ISIDRO,Cama,EBANISTA WILMER MANO DE OBRA=,29,CLAVILLOS N F 40,3.0,TIRA,1000.0,3000.0,ESPACIADO
2527,32,33, CAMA 1.40 ISIDRO,01/11/25 CAMA 1.60 ISIDRO,Cama,EBANISTA WILMER MANO DE OBRA=,30,HECHURA,,PAR,157500.0,0.0,FIJO
2528,32,33, CAMA 1.40 ISIDRO,01/11/25 CAMA 1.60 ISIDRO,Cama,EBANISTA WILMER MANO DE OBRA=,31,"TORNILLOS DE 2""",12.0,Unidad,100.0,1200.0,ESPACIADO
2529,32,33, CAMA 1.40 ISIDRO,01/11/25 CAMA 1.60 ISIDRO,Cama,EBANISTA WILMER MANO DE OBRA=,34,gastos de Ebanisteria e 5%,,,,26294.75,FORMULA
2530,32,33, CAMA 1.40 ISIDRO,01/11/25 CAMA 1.60 ISIDRO,Cama,SECCION PINTURA Y PREPARADA DE NOCHERO,36,SECCION PINTURA Y PREPARADA,DE NOCHERO,,,,FORMULA
2531,32,33, CAMA 1.40 ISIDRO,01/11/25 CAMA 1.60 ISIDRO,Cama,SECCION PINTURA Y PREPARADA DE NOCHERO,37,PREPARADO JOTA,1.0,CON EL 5%,36750.0,36750.0,FIJO
2532,32,33, CAMA 1.40 ISIDRO,01/11/25 CAMA 1.60 ISIDRO,Cama,SECCION PINTURA Y PREPARADA DE NOCHERO,38,PINTURA ALEX,1.0,CON EL 5%,36750.0,36750.0,FIJO
2533,32,33, CAMA 1.40 ISIDRO,01/11/25 CAMA 1.60 ISIDRO,Cama,SECCION PINTURA Y PREPARADA DE NOCHERO,39,SELLADOR,2.0,PISTOLADAS,18000.0,36000.0,VOLUMEN
2534,32,33, CAMA 1.40 ISIDRO,01/11/25 CAMA 1.60 ISIDRO,Cama,SECCION PINTURA Y PREPARADA DE NOCHERO,40,LIJA 400,0.5,unidades,2000.0,1000.0,FORMULA
2535,32,33, CAMA 1.40 ISIDRO,01/11/25 CAMA 1.60 ISIDRO,Cama,SECCION PINTURA Y PREPARADA DE NOCHERO,41,NITRO,,galon,70000.0,0.0,FORMULA
2536,32,33, CAMA 1.40 ISIDRO,01/11/25 CAMA 1.60 ISIDRO,Cama,SECCION PINTURA Y PREPARADA DE NOCHERO,42,VIDRIOS,,unidad,45000.0,0.0,FORMULA
2537,32,33, CAMA 1.40 ISIDRO,01/11/25 CAMA 1.60 ISIDRO,Cama,SECCION PINTURA Y PREPARADA DE NOCHERO,43,TALCO,,unidad,2500.0,0.0,FORMULA
2538,32,33, CAMA 1.40 ISIDRO,01/11/25 CAMA 1.60 ISIDRO,Cama,SECCION PINTURA Y PREPARADA DE NOCHERO,44,TINER,,GALON,34000.0,0.0,FORMULA
2539,32,33, CAMA 1.40 ISIDRO,01/11/25 CAMA 1.60 ISIDRO,Cama,SECCION PINTURA Y PREPARADA DE NOCHERO,45,TOPES,,JALADORES,3000.0,0.0,FORMULA
2540,32,33, CAMA 1.40 ISIDRO,01/11/25 CAMA 1.60 ISIDRO,Cama,SECCION PINTURA Y PREPARADA DE NOCHERO,46,COLOR FERRO FORTE GRIS,0.5,PISTOLADA,22000.0,11000.0,VOLUMEN
2541,32,33, CAMA 1.40 ISIDRO,01/11/25 CAMA 1.60 ISIDRO,Cama,SECCION PINTURA Y PREPARADA DE NOCHERO,47,COLOR FERRO FORTE STONE,0.5,PISTOLADA,22000.0,11000.0,VOLUMEN
2542,32,33, CAMA 1.40 ISIDRO,01/11/25 CAMA 1.60 ISIDRO,Cama,SECCION PINTURA Y PREPARADA DE NOCHERO,48,ENCINA,,galon,160000.0,0.0,FORMULA
2543,32,33, CAMA 1.40 ISIDRO,01/11/25 CAMA 1.60 ISIDRO,Cama,SECCION PINTURA Y PREPARADA DE NOCHERO,49,GASOLINA,,ML,4500.0,0.0,FORMULA
2544,32,33, CAMA 1.40 ISIDRO,01/11/25 CAMA 1.60 ISIDRO,Cama,SECCION PINTURA Y PREPARADA DE NOCHERO,50,RESANE,,LITRO,20000.0,0.0,FORMULA
2545,32,33, CAMA 1.40 ISIDRO,01/11/25 CAMA 1.60 ISIDRO,Cama,SECCION PINTURA Y PREPARADA DE NOCHERO,51,LACA S/M,0.5,PISTOLADA,23000.0,11500.0,VOLUMEN
2546,32,33, CAMA 1.40 ISIDRO,01/11/25 CAMA 1.60 ISIDRO,Cama,SECCION PINTURA Y PREPARADA DE NOCHERO,53,Gastos de Pintura 10%,,,,14400.0,FORMULA
2547,32,33, CAMA 1.40 ISIDRO,01/11/25 CAMA 1.60 ISIDRO,Cama,SECCION PINTURA Y PREPARADA PATAS,55,SECCION PINTURA Y PREPARADA,PATAS ,,,,FORMULA
2548,32,33, CAMA 1.40 ISIDRO,01/11/25 CAMA 1.60 ISIDRO,Cama,SECCION PINTURA Y PREPARADA PATAS,56,PREPARADO JOTA,0.0,CON EL 5%,63000.0,0.0,FORMULA
2549,32,33, CAMA 1.40 ISIDRO,01/11/25 CAMA 1.60 ISIDRO,Cama,SECCION PINTURA Y PREPARADA PATAS,57,PINTURA ALEX,0.0,CON EL 5%,26250.0,0.0,FORMULA
2550,32,33, CAMA 1.40 ISIDRO,01/11/25 CAMA 1.60 ISIDRO,Cama,SECCION PINTURA Y PREPARADA PATAS,58,PINTURA DE PATAS ALEX,2.0,,2100.0,4200.0,FORMULA
2551,32,33, CAMA 1.40 ISIDRO,01/11/25 CAMA 1.60 ISIDRO,Cama,SECCION PINTURA Y PREPARADA PATAS,59,SELLADOR,0.05,PISTOLADAS,18000.0,900.0,VOLUMEN
2552,32,33, CAMA 1.40 ISIDRO,01/11/25 CAMA 1.60 ISIDRO,Cama,SECCION PINTURA Y PREPARADA PATAS,60,LIJA 400,,unidades,2000.0,0.0,FORMULA
2553,32,33, CAMA 1.40 ISIDRO,01/11/25 CAMA 1.60 ISIDRO,Cama,SECCION PINTURA Y PREPARADA PATAS,61,NITRO,,galon,,0.0,FORMULA
2554,32,33, CAMA 1.40 ISIDRO,01/11/25 CAMA 1.60 ISIDRO,Cama,SECCION PINTURA Y PREPARADA PATAS,62,lija 220,,unidad,2000.0,0.0,FORMULA
2555,32,33, CAMA 1.40 ISIDRO,01/11/25 CAMA 1.60 ISIDRO,Cama,SECCION PINTURA Y PREPARADA PATAS,63,lija 120,,unidad,2000.0,0.0,FORMULA
2556,32,33, CAMA 1.40 ISIDRO,01/11/25 CAMA 1.60 ISIDRO,Cama,SECCION PINTURA Y PREPARADA PATAS,64,LACA SEMIMATE,0.05,GALON,23000.0,1150.0,VOLUMEN
2557,32,33, CAMA 1.40 ISIDRO,01/11/25 CAMA 1.60 ISIDRO,Cama,SECCION PINTURA Y PREPARADA PATAS,65,kerosen,,litro,18000.0,0.0,FORMULA
2558,32,33, CAMA 1.40 ISIDRO,01/11/25 CAMA 1.60 ISIDRO,Cama,SECCION PINTURA Y PREPARADA PATAS,66,COLOR,0.05,PISTOLADA,20000.0,1000.0,VOLUMEN
2559,32,33, CAMA 1.40 ISIDRO,01/11/25 CAMA 1.60 ISIDRO,Cama,SECCION PINTURA Y PREPARADA PATAS,67,TINTE MIEL,,galon,,0.0,FORMULA
2560,32,33, CAMA 1.40 ISIDRO,01/11/25 CAMA 1.60 ISIDRO,Cama,SECCION PINTURA Y PREPARADA PATAS,68,GASOLINA,,LITRO,4.5,0.0,FORMULA
2561,32,33, CAMA 1.40 ISIDRO,01/11/25 CAMA 1.60 ISIDRO,Cama,SECCION PINTURA Y PREPARADA PATAS,69,RESANE,,LITRO,23000.0,0.0,FORMULA
2562,32,33, CAMA 1.40 ISIDRO,01/11/25 CAMA 1.60 ISIDRO,Cama,SECCION PINTURA Y PREPARADA PATAS,70,LACA BRILLANTE,,PISTOLADA,23000.0,0.0,FORMULA
2563,32,33, CAMA 1.40 ISIDRO,01/11/25 CAMA 1.60 ISIDRO,Cama,SECCION PINTURA Y PREPARADA PATAS,72,Gastos de Pintura 10%,,,,32095.1,FORMULA
2564,32,33, CAMA 1.40 ISIDRO,01/11/25 CAMA 1.60 ISIDRO,Cama,SECCION TERMINACION,75,TOMAS NEGROS,,UNIDAD,10500.0,0.0,FORMULA
2565,32,33, CAMA 1.40 ISIDRO,01/11/25 CAMA 1.60 ISIDRO,Cama,SECCION TERMINACION,76,REGLETA ANCHA,,UNIDAD,20000.0,0.0,FORMULA
2566,32,33, CAMA 1.40 ISIDRO,01/11/25 CAMA 1.60 ISIDRO,Cama,SECCION TERMINACION,77,REGLETA DELGADA,,UNIDAD,20000.0,0.0,FORMULA
2567,32,33, CAMA 1.40 ISIDRO,01/11/25 CAMA 1.60 ISIDRO,Cama,SECCION TERMINACION,78,LAMPARAS DE LUZ,,UNIDADES,100000.0,0.0,FORMULA
2568,32,33, CAMA 1.40 ISIDRO,01/11/25 CAMA 1.60 ISIDRO,Cama,SECCION TERMINACION,79,CABLE DE 12,,METROS,3000.0,0.0,FORMULA
2569,32,33, CAMA 1.40 ISIDRO,01/11/25 CAMA 1.60 ISIDRO,Cama,SECCION TERMINACION,80,APAGADORES,,PAR,1500.0,0.0,FORMULA
2570,32,33, CAMA 1.40 ISIDRO,01/11/25 CAMA 1.60 ISIDRO,Cama,SECCION TERMINACION,81,ENCHUFLES BLANCO MACHO,,UNIDADES,2000.0,0.0,FORMULA
2571,32,33, CAMA 1.40 ISIDRO,01/11/25 CAMA 1.60 ISIDRO,Cama,SECCION TERMINACION,82,HERRAJES DE CAMA,,PAR,160000.0,0.0,FORMULA
2572,32,33, CAMA 1.40 ISIDRO,01/11/25 CAMA 1.60 ISIDRO,Cama,SECCION TERMINACION,83,JALADORES,,UNIDAD,26800.0,0.0,FIJO
2573,32,33, CAMA 1.40 ISIDRO,01/11/25 CAMA 1.60 ISIDRO,Cama,SECCION TERMINACION,84,MULTIUSOS,,UNIDADES,3000.0,0.0,FORMULA
2574,32,33, CAMA 1.40 ISIDRO,01/11/25 CAMA 1.60 ISIDRO,Cama,SECCION TERMINACION,85,CORREDERAS,,unidades,8000.0,0.0,FIJO
2575,32,33, CAMA 1.40 ISIDRO,01/11/25 CAMA 1.60 ISIDRO,Cama,SECCION TERMINACION,86,EMBALADA,,unidades,150000.0,0.0,FORMULA
2576,32,33, CAMA 1.40 ISIDRO,01/11/25 CAMA 1.60 ISIDRO,Cama,SECCION TERMINACION,89,SECCION TENDIDO,,,,0.0,FORMULA
2577,32,33, CAMA 1.40 ISIDRO,01/11/25 CAMA 1.60 ISIDRO,Cama,SECCION TERMINACION,90,MADERA 60X1X4,0.0,APAMATE,140000.0,0.0,FORMULA
2578,32,33, CAMA 1.40 ISIDRO,01/11/25 CAMA 1.60 ISIDRO,Cama,FABRICACION TENDIDO,97,HECHURA,0.0,UNIDAD,60000.0,0.0,FORMULA
2579,32,33, CAMA 1.40 ISIDRO,01/11/25 CAMA 1.60 ISIDRO,Cama,SECCION TAPICERIA MANO DE OBRA=,100,SECCION TAPICERIA,,MANO DE OBRA=,,,FORMULA
2580,32,33, CAMA 1.40 ISIDRO,01/11/25 CAMA 1.60 ISIDRO,Cama,SECCION TAPICERIA MANO DE OBRA=,101,TELA FERRO FORTE STONE,7.5,METROS,25000.0,187500.0,AREA
2581,32,33, CAMA 1.40 ISIDRO,01/11/25 CAMA 1.60 ISIDRO,Cama,SECCION TAPICERIA MANO DE OBRA=,102,TELA FERRO FORTE GRIS,2.0,METROS,25000.0,7222.0,AREA
2582,32,33, CAMA 1.40 ISIDRO,01/11/25 CAMA 1.60 ISIDRO,Cama,SECCION TAPICERIA MANO DE OBRA=,103,ESPUMA 1/2 ROSADA,0.5,LAMINA,6630.0,3315.0,AREA
2583,32,33, CAMA 1.40 ISIDRO,01/11/25 CAMA 1.60 ISIDRO,Cama,SECCION TAPICERIA MANO DE OBRA=,104,GRAPAS,0.5,CAJA DE GRAPAS,12000.0,6000.0,ESPACIADO
2584,32,33, CAMA 1.40 ISIDRO,01/11/25 CAMA 1.60 ISIDRO,Cama,SECCION TAPICERIA MANO DE OBRA=,105,PATAS L PLATEADAS,5.0,UNIDADES,8000.0,40000.0,FORMULA
2585,32,33, CAMA 1.40 ISIDRO,01/11/25 CAMA 1.60 ISIDRO,Cama,SECCION TAPICERIA MANO DE OBRA=,106,TORNILLOS 1,2.0,UNIDADES,100.0,200.0,ESPACIADO
2586,32,33, CAMA 1.40 ISIDRO,01/11/25 CAMA 1.60 ISIDRO,Cama,SECCION TAPICERIA MANO DE OBRA=,107,ESPUMA DE 1 1/2'' ROSADA,2.0,UNIDADES,26000.0,52000.0,AREA
2587,32,33, CAMA 1.40 ISIDRO,01/11/25 CAMA 1.60 ISIDRO,Cama,SECCION TAPICERIA MANO DE OBRA=,108,ESPUMA 1 BLANCA,0.0,LAMINA,9804.0,0.0,AREA
2588,32,33, CAMA 1.40 ISIDRO,01/11/25 CAMA 1.60 ISIDRO,Cama,SECCION TAPICERIA MANO DE OBRA=,109,ESPUMA 1 1/2'' AZUL,0.0,MTS,1000.0,0.0,AREA
2589,32,33, CAMA 1.40 ISIDRO,01/11/25 CAMA 1.60 ISIDRO,Cama,SECCION TAPICERIA MANO DE OBRA=,110,COSTAL,2.0,METROS,2240.0,4480.0,AREA
2590,32,33, CAMA 1.40 ISIDRO,01/11/25 CAMA 1.60 ISIDRO,Cama,SECCION TAPICERIA MANO DE OBRA=,111,HILO,0.5,UNIDAD,25000.0,12500.0,FORMULA
2591,32,33, CAMA 1.40 ISIDRO,01/11/25 CAMA 1.60 ISIDRO,Cama,SECCION TAPICERIA MANO DE OBRA=,112,PEGANTE DE PISTOLA,0.0,PISTOLADA,43000.0,0.0,VOLUMEN
2592,32,33, CAMA 1.40 ISIDRO,01/11/25 CAMA 1.60 ISIDRO,Cama,SECCION TAPICERIA MANO DE OBRA=,113,SUPER,0.2,LITRO,19000.0,3800.0,VOLUMEN
2593,32,33, CAMA 1.40 ISIDRO,01/11/25 CAMA 1.60 ISIDRO,Cama,SECCION TAPICERIA MANO DE OBRA=,114,CARTON,3.0,UNIDADES,5000.0,15000.0,FORMULA
2594,32,33, CAMA 1.40 ISIDRO,01/11/25 CAMA 1.60 ISIDRO,Cama,SECCION TAPICERIA MANO DE OBRA=,115,HECHURA,1.0,,200000.0,200000.0,FIJO
2595,32,33, CAMA 1.40 ISIDRO,01/11/25 CAMA 1.60 ISIDRO,Cama,SECCION TAPICERIA MANO DE OBRA=,116,LENCILLO,0.0,METROS,2650.0,0.0,LINEAL
2596,33,34,CAMA HERRAJE 20-10-25,CAMA HERRAJE 1.60 CON SUS NOCHEROS,Nochero,EBANISTA WILMER MANO DE OBRA=,8,MADERA (2),656.0,APAMATE,140.0,91840.0,FORMULA
2597,33,34,CAMA HERRAJE 20-10-25,CAMA HERRAJE 1.60 CON SUS NOCHEROS,Nochero,EBANISTA WILMER MANO DE OBRA=,9,MDF DE 15,0.3,LAMINA,210000.0,63000.0,AREA
2598,33,34,CAMA HERRAJE 20-10-25,CAMA HERRAJE 1.60 CON SUS NOCHEROS,Nochero,EBANISTA WILMER MANO DE OBRA=,10,LAMINA DE 9,0.5,LAMINA,140000.0,70000.0,AREA
2599,33,34,CAMA HERRAJE 20-10-25,CAMA HERRAJE 1.60 CON SUS NOCHEROS,Nochero,EBANISTA WILMER MANO DE OBRA=,11,LAMINA DE 5.5,1.0,LAMINA,130000.0,130000.0,AREA
2600,33,34,CAMA HERRAJE 20-10-25,CAMA HERRAJE 1.60 CON SUS NOCHEROS,Nochero,EBANISTA WILMER MANO DE OBRA=,12,COLBON,0.5,LITRO,14000.0,7000.0,VOLUMEN
2601,33,34,CAMA HERRAJE 20-10-25,CAMA HERRAJE 1.60 CON SUS NOCHEROS,Nochero,EBANISTA WILMER MANO DE OBRA=,13,GRAPAS,0.12,CAJA,12000.0,1440.0,ESPACIADO
2602,33,34,CAMA HERRAJE 20-10-25,CAMA HERRAJE 1.60 CON SUS NOCHEROS,Nochero,EBANISTA WILMER MANO DE OBRA=,14,GANCHOS,1.0,PAR,20000.0,20000.0,FIJO
2603,33,34,CAMA HERRAJE 20-10-25,CAMA HERRAJE 1.60 CON SUS NOCHEROS,Nochero,EBANISTA WILMER MANO DE OBRA=,15,F40,3.7,TIRAS,1000.0,3700.0,FORMULA
2604,33,34,CAMA HERRAJE 20-10-25,CAMA HERRAJE 1.60 CON SUS NOCHEROS,Nochero,EBANISTA WILMER MANO DE OBRA=,16,"TORNILLOS DE 2""",100.0,Unidad,100.0,10000.0,ESPACIADO
2605,33,34,CAMA HERRAJE 20-10-25,CAMA HERRAJE 1.60 CON SUS NOCHEROS,Nochero,EBANISTA WILMER MANO DE OBRA=,17,ebanisteria 300.000 x 5% de m.o,,,,315000.0,FORMULA
2606,33,34,CAMA HERRAJE 20-10-25,CAMA HERRAJE 1.60 CON SUS NOCHEROS,Nochero,EBANISTA WILMER MANO DE OBRA=,19,gastos de Ebanisteria e 10%,,,,106666.0,FORMULA
2607,33,34,CAMA HERRAJE 20-10-25,CAMA HERRAJE 1.60 CON SUS NOCHEROS,Nochero,EBANISTA WILMER MANO DE OBRA=,23,CORREDERAS 35 NORMAL,2.0,PAR,11000.0,22000.0,FORMULA
2608,33,34,CAMA HERRAJE 20-10-25,CAMA HERRAJE 1.60 CON SUS NOCHEROS,Nochero,EBANISTA WILMER MANO DE OBRA=,24,"MDF DE 2,7",,1 PEDAZO DE 1.00X46=46,65000.0,0.0,FORMULA
2609,33,34,CAMA HERRAJE 20-10-25,CAMA HERRAJE 1.60 CON SUS NOCHEROS,Nochero,EBANISTA WILMER MANO DE OBRA=,25,LAM MDF 5,,1 PEDASO DE 1.50X40=60,130000.0,0.0,FORMULA
2610,33,34,CAMA HERRAJE 20-10-25,CAMA HERRAJE 1.60 CON SUS NOCHEROS,Nochero,EBANISTA WILMER MANO DE OBRA=,26,LAM MDF 9,,"1 PEDASO DE 1,50X40=60",140.0,0.0,FORMULA
2611,33,34,CAMA HERRAJE 20-10-25,CAMA HERRAJE 1.60 CON SUS NOCHEROS,Nochero,EBANISTA WILMER MANO DE OBRA=,27,COLBON,,litros,14000.0,0.0,FORMULA
2612,33,34,CAMA HERRAJE 20-10-25,CAMA HERRAJE 1.60 CON SUS NOCHEROS,Nochero,EBANISTA WILMER MANO DE OBRA=,28,GRAPAS,,Unidad,600.0,0.0,FIJO
2613,33,34,CAMA HERRAJE 20-10-25,CAMA HERRAJE 1.60 CON SUS NOCHEROS,Nochero,EBANISTA WILMER MANO DE OBRA=,29,CLAVILLOS N F 40,,TIRA,1000.0,0.0,FIJO
2614,33,34,CAMA HERRAJE 20-10-25,CAMA HERRAJE 1.60 CON SUS NOCHEROS,Nochero,EBANISTA WILMER MANO DE OBRA=,30,HECHURA,,PAR,0.0,0.0,FIJO
2615,33,34,CAMA HERRAJE 20-10-25,CAMA HERRAJE 1.60 CON SUS NOCHEROS,Nochero,EBANISTA WILMER MANO DE OBRA=,31,"TORNILLOS DE 2""",,Unidad,100.0,0.0,FIJO
2616,33,34,CAMA HERRAJE 20-10-25,CAMA HERRAJE 1.60 CON SUS NOCHEROS,Nochero,EBANISTA WILMER MANO DE OBRA=,34,gastos de Ebanisteria e 5%,,,,26294.75,FORMULA
2617,33,34,CAMA HERRAJE 20-10-25,CAMA HERRAJE 1.60 CON SUS NOCHEROS,Nochero,SECCION PINTURA Y PREPARADA DE NOCHERO,36,SECCION PINTURA Y PREPARADA,DE NOCHERO,,,,FORMULA
2618,33,34,CAMA HERRAJE 20-10-25,CAMA HERRAJE 1.60 CON SUS NOCHEROS,Nochero,SECCION PINTURA Y PREPARADA DE NOCHERO,37,PREPARADO JOTA,2.0,CON EL 5%,36750.0,73500.0,FORMULA
2619,33,34,CAMA HERRAJE 20-10-25,CAMA HERRAJE 1.60 CON SUS NOCHEROS,Nochero,SECCION PINTURA Y PREPARADA DE NOCHERO,38,PINTURA ALEX,2.0,CON EL 5%,36750.0,73500.0,FORMULA
2620,33,34,CAMA HERRAJE 20-10-25,CAMA HERRAJE 1.60 CON SUS NOCHEROS,Nochero,SECCION PINTURA Y PREPARADA DE NOCHERO,39,SELLADOR,4.0,PISTOLADAS,18000.0,72000.0,VOLUMEN
2621,33,34,CAMA HERRAJE 20-10-25,CAMA HERRAJE 1.60 CON SUS NOCHEROS,Nochero,SECCION PINTURA Y PREPARADA DE NOCHERO,40,LIJA 400,1.5,unidades,2000.0,3000.0,FORMULA
2622,33,34,CAMA HERRAJE 20-10-25,CAMA HERRAJE 1.60 CON SUS NOCHEROS,Nochero,SECCION PINTURA Y PREPARADA DE NOCHERO,41,NITRO,,galon,70000.0,0.0,FORMULA
2623,33,34,CAMA HERRAJE 20-10-25,CAMA HERRAJE 1.60 CON SUS NOCHEROS,Nochero,SECCION PINTURA Y PREPARADA DE NOCHERO,42,VIDRIOS,,unidad,45000.0,0.0,FORMULA
2624,33,34,CAMA HERRAJE 20-10-25,CAMA HERRAJE 1.60 CON SUS NOCHEROS,Nochero,SECCION PINTURA Y PREPARADA DE NOCHERO,43,TALCO,,unidad,2500.0,0.0,FORMULA
2625,33,34,CAMA HERRAJE 20-10-25,CAMA HERRAJE 1.60 CON SUS NOCHEROS,Nochero,SECCION PINTURA Y PREPARADA DE NOCHERO,44,TINER,,GALON,34000.0,0.0,FORMULA
2626,33,34,CAMA HERRAJE 20-10-25,CAMA HERRAJE 1.60 CON SUS NOCHEROS,Nochero,SECCION PINTURA Y PREPARADA DE NOCHERO,45,TOPES,2.0,JALADORES,3000.0,6000.0,FORMULA
2627,33,34,CAMA HERRAJE 20-10-25,CAMA HERRAJE 1.60 CON SUS NOCHEROS,Nochero,SECCION PINTURA Y PREPARADA DE NOCHERO,46,COLOR,,PISTOLADA,22000.0,0.0,FORMULA
2628,33,34,CAMA HERRAJE 20-10-25,CAMA HERRAJE 1.60 CON SUS NOCHEROS,Nochero,SECCION PINTURA Y PREPARADA DE NOCHERO,47,COLOR,2.0,PISTOLADA,22000.0,44000.0,VOLUMEN
2629,33,34,CAMA HERRAJE 20-10-25,CAMA HERRAJE 1.60 CON SUS NOCHEROS,Nochero,SECCION PINTURA Y PREPARADA DE NOCHERO,48,ENCINA,,galon,160000.0,0.0,FORMULA
2630,33,34,CAMA HERRAJE 20-10-25,CAMA HERRAJE 1.60 CON SUS NOCHEROS,Nochero,SECCION PINTURA Y PREPARADA DE NOCHERO,49,GASOLINA,0.1,ML,4500.0,450.0,LINEAL
2631,33,34,CAMA HERRAJE 20-10-25,CAMA HERRAJE 1.60 CON SUS NOCHEROS,Nochero,SECCION PINTURA Y PREPARADA DE NOCHERO,50,RESANE,,LITRO,20000.0,0.0,FORMULA
2632,33,34,CAMA HERRAJE 20-10-25,CAMA HERRAJE 1.60 CON SUS NOCHEROS,Nochero,SECCION PINTURA Y PREPARADA DE NOCHERO,51,LACA S/M,1.5,PISTOLADA,23000.0,34500.0,VOLUMEN
2633,33,34,CAMA HERRAJE 20-10-25,CAMA HERRAJE 1.60 CON SUS NOCHEROS,Nochero,SECCION PINTURA Y PREPARADA DE NOCHERO,53,Gastos de Pintura 10%,,,,30695.0,FORMULA
2634,33,34,CAMA HERRAJE 20-10-25,CAMA HERRAJE 1.60 CON SUS NOCHEROS,Nochero,SECCION PINTURA Y PREPARADA CAMA,55,SECCION PINTURA Y PREPARADA,CAMA ,,,,FORMULA
2635,33,34,CAMA HERRAJE 20-10-25,CAMA HERRAJE 1.60 CON SUS NOCHEROS,Nochero,SECCION PINTURA Y PREPARADA CAMA,56,PREPARADO JOTA,1.0,CON EL 5%,84000.0,84000.0,FIJO
2636,33,34,CAMA HERRAJE 20-10-25,CAMA HERRAJE 1.60 CON SUS NOCHEROS,Nochero,SECCION PINTURA Y PREPARADA CAMA,57,PINTURA ALEX,1.0,CON EL 5%,73500.0,73500.0,FIJO
2637,33,34,CAMA HERRAJE 20-10-25,CAMA HERRAJE 1.60 CON SUS NOCHEROS,Nochero,SECCION PINTURA Y PREPARADA CAMA,58,PINTURA DE PATAS ALEX,4.0,,2100.0,8400.0,FORMULA
2638,33,34,CAMA HERRAJE 20-10-25,CAMA HERRAJE 1.60 CON SUS NOCHEROS,Nochero,SECCION PINTURA Y PREPARADA CAMA,59,SELLADOR,3.5,PISTOLADAS,18000.0,63000.0,VOLUMEN
2639,33,34,CAMA HERRAJE 20-10-25,CAMA HERRAJE 1.60 CON SUS NOCHEROS,Nochero,SECCION PINTURA Y PREPARADA CAMA,60,LIJA 400,0.5,unidades,2000.0,1000.0,FORMULA
2640,33,34,CAMA HERRAJE 20-10-25,CAMA HERRAJE 1.60 CON SUS NOCHEROS,Nochero,SECCION PINTURA Y PREPARADA CAMA,61,NITRO,,galon,,0.0,FORMULA
2641,33,34,CAMA HERRAJE 20-10-25,CAMA HERRAJE 1.60 CON SUS NOCHEROS,Nochero,SECCION PINTURA Y PREPARADA CAMA,62,lija 220,1.0,unidad,2000.0,2000.0,FIJO
2642,33,34,CAMA HERRAJE 20-10-25,CAMA HERRAJE 1.60 CON SUS NOCHEROS,Nochero,SECCION PINTURA Y PREPARADA CAMA,63,lija 120,1.0,unidad,2000.0,2000.0,FIJO
2643,33,34,CAMA HERRAJE 20-10-25,CAMA HERRAJE 1.60 CON SUS NOCHEROS,Nochero,SECCION PINTURA Y PREPARADA CAMA,64,LACA SEMIMATE,3.0,GALON,23000.0,69000.0,VOLUMEN
2644,33,34,CAMA HERRAJE 20-10-25,CAMA HERRAJE 1.60 CON SUS NOCHEROS,Nochero,SECCION PINTURA Y PREPARADA CAMA,65,kerosen,,litro,18000.0,0.0,FORMULA
2645,33,34,CAMA HERRAJE 20-10-25,CAMA HERRAJE 1.60 CON SUS NOCHEROS,Nochero,SECCION PINTURA Y PREPARADA CAMA,66,COLOR,6.0,PISTOLADA,20000.0,120000.0,VOLUMEN
2646,33,34,CAMA HERRAJE 20-10-25,CAMA HERRAJE 1.60 CON SUS NOCHEROS,Nochero,SECCION PINTURA Y PREPARADA CAMA,67,TINTE MIEL,,galon,,0.0,FORMULA
2647,33,34,CAMA HERRAJE 20-10-25,CAMA HERRAJE 1.60 CON SUS NOCHEROS,Nochero,SECCION PINTURA Y PREPARADA CAMA,68,GASOLINA,,LITRO,4.5,0.0,FORMULA
2648,33,34,CAMA HERRAJE 20-10-25,CAMA HERRAJE 1.60 CON SUS NOCHEROS,Nochero,SECCION PINTURA Y PREPARADA CAMA,69,RESANE,,LITRO,23000.0,0.0,FORMULA
2649,33,34,CAMA HERRAJE 20-10-25,CAMA HERRAJE 1.60 CON SUS NOCHEROS,Nochero,SECCION PINTURA Y PREPARADA CAMA,70,LACA BRILLANTE,,PISTOLADA,23000.0,0.0,FORMULA
2650,33,34,CAMA HERRAJE 20-10-25,CAMA HERRAJE 1.60 CON SUS NOCHEROS,Nochero,SECCION PINTURA Y PREPARADA CAMA,72,Gastos de Pintura 10%,,,,32095.1,FORMULA
2651,33,34,CAMA HERRAJE 20-10-25,CAMA HERRAJE 1.60 CON SUS NOCHEROS,Nochero,SECCION TERMINACION,75,CORREDERAS 45 NORMAL,2.0,PARES,25000.0,50000.0,FORMULA
2652,33,34,CAMA HERRAJE 20-10-25,CAMA HERRAJE 1.60 CON SUS NOCHEROS,Nochero,SECCION TERMINACION,76,PATAS GX,24.0,UNIDAD,8300.0,199200.0,FORMULA
2653,33,34,CAMA HERRAJE 20-10-25,CAMA HERRAJE 1.60 CON SUS NOCHEROS,Nochero,SECCION TERMINACION,77,TORNILLOS 1 1/2,96.0,UNIDAD,100.0,9600.0,ESPACIADO
2654,33,34,CAMA HERRAJE 20-10-25,CAMA HERRAJE 1.60 CON SUS NOCHEROS,Nochero,SECCION TERMINACION,78,LAMPARAS DE LUZ,,UNIDADES,100000.0,0.0,FORMULA
2655,33,34,CAMA HERRAJE 20-10-25,CAMA HERRAJE 1.60 CON SUS NOCHEROS,Nochero,SECCION TERMINACION,79,CABLE DE 12,,METROS,3000.0,0.0,FORMULA
2656,33,34,CAMA HERRAJE 20-10-25,CAMA HERRAJE 1.60 CON SUS NOCHEROS,Nochero,SECCION TERMINACION,80,APAGADORES,,PAR,1500.0,0.0,FORMULA
2657,33,34,CAMA HERRAJE 20-10-25,CAMA HERRAJE 1.60 CON SUS NOCHEROS,Nochero,SECCION TERMINACION,81,ENCHUFLES BLANCO MACHO,,UNIDADES,2000.0,0.0,FORMULA
2658,33,34,CAMA HERRAJE 20-10-25,CAMA HERRAJE 1.60 CON SUS NOCHEROS,Nochero,SECCION TERMINACION,82,HERRAJES DE CAMA,1.0,PAR,160000.0,160000.0,FIJO
2659,33,34,CAMA HERRAJE 20-10-25,CAMA HERRAJE 1.60 CON SUS NOCHEROS,Nochero,SECCION TERMINACION,83,JALADORES,2.0,UNIDAD,8000.0,16000.0,FORMULA
2660,33,34,CAMA HERRAJE 20-10-25,CAMA HERRAJE 1.60 CON SUS NOCHEROS,Nochero,SECCION TERMINACION,84,MULTIUSOS,,UNIDADES,3000.0,0.0,FORMULA
2661,33,34,CAMA HERRAJE 20-10-25,CAMA HERRAJE 1.60 CON SUS NOCHEROS,Nochero,SECCION TERMINACION,85,CORREDERAS,,unidades,8000.0,0.0,FIJO
2662,33,34,CAMA HERRAJE 20-10-25,CAMA HERRAJE 1.60 CON SUS NOCHEROS,Nochero,SECCION TERMINACION,86,EMBALADA,,unidades,150000.0,0.0,FORMULA
2663,33,34,CAMA HERRAJE 20-10-25,CAMA HERRAJE 1.60 CON SUS NOCHEROS,Nochero,SECCION TERMINACION,89,SECCION TENDIDO,,,,0.0,FORMULA
2664,33,34,CAMA HERRAJE 20-10-25,CAMA HERRAJE 1.60 CON SUS NOCHEROS,Nochero,SECCION TERMINACION,90,MADERA 60X1X4,0.0,APAMATE,140000.0,0.0,FORMULA
2665,33,34,CAMA HERRAJE 20-10-25,CAMA HERRAJE 1.60 CON SUS NOCHEROS,Nochero,FABRICACION TENDIDO,97,HECHURA,0.0,UNIDAD,60000.0,0.0,FORMULA
2666,33,34,CAMA HERRAJE 20-10-25,CAMA HERRAJE 1.60 CON SUS NOCHEROS,Nochero,FABRICACION TENDIDO,100,SECCION TAPICERIA,,MANO DE OBRA=,840000.0,84000.0,FORMULA
2667,33,34,CAMA HERRAJE 20-10-25,CAMA HERRAJE 1.60 CON SUS NOCHEROS,Nochero,FABRICACION TENDIDO,101,TELA ASIA GTI CREMA,5.5,METROS,17550.0,96525.0,AREA
2668,33,34,CAMA HERRAJE 20-10-25,CAMA HERRAJE 1.60 CON SUS NOCHEROS,Nochero,FABRICACION TENDIDO,102,ESPUMA 1/2 ROSADA,0.0,LAMINA,6630.0,0.0,AREA
2669,33,34,CAMA HERRAJE 20-10-25,CAMA HERRAJE 1.60 CON SUS NOCHEROS,Nochero,FABRICACION TENDIDO,103,GRAPAS,0.3,CAJA DE GRAPAS,12000.0,3600.0,ESPACIADO
2670,33,34,CAMA HERRAJE 20-10-25,CAMA HERRAJE 1.60 CON SUS NOCHEROS,Nochero,FABRICACION TENDIDO,104,PATAS L PLATEADAS,0.0,UNIDADES,8000.0,0.0,FORMULA
2671,33,34,CAMA HERRAJE 20-10-25,CAMA HERRAJE 1.60 CON SUS NOCHEROS,Nochero,FABRICACION TENDIDO,105,TORNILLOS 1,0.0,UNIDADES,100.0,0.0,ESPACIADO
2672,33,34,CAMA HERRAJE 20-10-25,CAMA HERRAJE 1.60 CON SUS NOCHEROS,Nochero,FABRICACION TENDIDO,106,ESPUMA DE 2 AZUL,1.0,UNIDADES,41340.0,41340.0,AREA
2673,33,34,CAMA HERRAJE 20-10-25,CAMA HERRAJE 1.60 CON SUS NOCHEROS,Nochero,FABRICACION TENDIDO,107,ESPUMA 1 BLANCA,0.5,LAMINA,9804.0,4902.0,AREA
2674,33,34,CAMA HERRAJE 20-10-25,CAMA HERRAJE 1.60 CON SUS NOCHEROS,Nochero,FABRICACION TENDIDO,108,ESPUMA 1 1/2'' AZUL,0.0,MTS,1000.0,0.0,AREA
2675,33,34,CAMA HERRAJE 20-10-25,CAMA HERRAJE 1.60 CON SUS NOCHEROS,Nochero,FABRICACION TENDIDO,109,COSTAL,2.0,METROS,2240.0,4480.0,AREA
2676,33,34,CAMA HERRAJE 20-10-25,CAMA HERRAJE 1.60 CON SUS NOCHEROS,Nochero,FABRICACION TENDIDO,110,HILO,0.5,UNIDAD,25000.0,12500.0,FORMULA
2677,33,34,CAMA HERRAJE 20-10-25,CAMA HERRAJE 1.60 CON SUS NOCHEROS,Nochero,FABRICACION TENDIDO,111,PEGANTE DE PISTOLA,0.0,PISTOLADA,43000.0,0.0,VOLUMEN
2678,33,34,CAMA HERRAJE 20-10-25,CAMA HERRAJE 1.60 CON SUS NOCHEROS,Nochero,FABRICACION TENDIDO,112,SUPER,0.1,LITRO,19000.0,1900.0,VOLUMEN
2679,33,34,CAMA HERRAJE 20-10-25,CAMA HERRAJE 1.60 CON SUS NOCHEROS,Nochero,FABRICACION TENDIDO,113,CARTON,0.0,UNIDADES,5000.0,0.0,FORMULA
2680,33,34,CAMA HERRAJE 20-10-25,CAMA HERRAJE 1.60 CON SUS NOCHEROS,Nochero,FABRICACION TENDIDO,114,HECHURA,0.0,,0.0,0.0,FORMULA
2681,33,34,CAMA HERRAJE 20-10-25,CAMA HERRAJE 1.60 CON SUS NOCHEROS,Nochero,FABRICACION TENDIDO,115,LENCILLO,0.0,METROS,2650.0,0.0,LINEAL
2682,34,35,CAMA MILANO 02-10-25,CAMA MILANO 1.40 CON SUS NOCHEROS,Nochero,EBANISTA WILMER MANO DE OBRA=,8,MADERA (2),1271.0,APAMATE,140.0,177940.0,FORMULA
2683,34,35,CAMA MILANO 02-10-25,CAMA MILANO 1.40 CON SUS NOCHEROS,Nochero,EBANISTA WILMER MANO DE OBRA=,9,MDF DE 2.7,1.0,LAMINA,65000.0,65000.0,AREA
2684,34,35,CAMA MILANO 02-10-25,CAMA MILANO 1.40 CON SUS NOCHEROS,Nochero,EBANISTA WILMER MANO DE OBRA=,10,LAMINA DE 9,1.0,LAMINA,140000.0,140000.0,AREA
2685,34,35,CAMA MILANO 02-10-25,CAMA MILANO 1.40 CON SUS NOCHEROS,Nochero,EBANISTA WILMER MANO DE OBRA=,11,LAMINA DE 5.5,,LAMINA,130000.0,0.0,FORMULA
2686,34,35,CAMA MILANO 02-10-25,CAMA MILANO 1.40 CON SUS NOCHEROS,Nochero,EBANISTA WILMER MANO DE OBRA=,12,COLBON,0.875,LITRO,14000.0,12250.0,VOLUMEN
2687,34,35,CAMA MILANO 02-10-25,CAMA MILANO 1.40 CON SUS NOCHEROS,Nochero,EBANISTA WILMER MANO DE OBRA=,13,GRAPAS,0.12,CAJA,12000.0,1440.0,ESPACIADO
2688,34,35,CAMA MILANO 02-10-25,CAMA MILANO 1.40 CON SUS NOCHEROS,Nochero,EBANISTA WILMER MANO DE OBRA=,14,GANCHOS,1.0,PAR,20000.0,20000.0,FIJO
2689,34,35,CAMA MILANO 02-10-25,CAMA MILANO 1.40 CON SUS NOCHEROS,Nochero,EBANISTA WILMER MANO DE OBRA=,15,F40,7.0,TIRAS,1000.0,7000.0,FORMULA
2690,34,35,CAMA MILANO 02-10-25,CAMA MILANO 1.40 CON SUS NOCHEROS,Nochero,EBANISTA WILMER MANO DE OBRA=,16,"TORNILLOS DE 2""",100.0,Unidad,100.0,10000.0,ESPACIADO
2691,34,35,CAMA MILANO 02-10-25,CAMA MILANO 1.40 CON SUS NOCHEROS,Nochero,EBANISTA WILMER MANO DE OBRA=,17,ebanisteria 300.000 x 5% de m.o,,,,315000.0,FORMULA
2692,34,35,CAMA MILANO 02-10-25,CAMA MILANO 1.40 CON SUS NOCHEROS,Nochero,EBANISTA WILMER MANO DE OBRA=,19,gastos de Ebanisteria e 10%,,,,106666.0,FORMULA
2693,34,35,CAMA MILANO 02-10-25,CAMA MILANO 1.40 CON SUS NOCHEROS,Nochero,EBANISTA WILMER MANO DE OBRA=,23,CORREDERAS 35 NORMAL,2.0,PAR,11000.0,22000.0,FORMULA
2694,34,35,CAMA MILANO 02-10-25,CAMA MILANO 1.40 CON SUS NOCHEROS,Nochero,EBANISTA WILMER MANO DE OBRA=,24,"MDF DE 2,7",,1 PEDAZO DE 1.00X46=46,65000.0,0.0,FORMULA
2695,34,35,CAMA MILANO 02-10-25,CAMA MILANO 1.40 CON SUS NOCHEROS,Nochero,EBANISTA WILMER MANO DE OBRA=,25,LAM MDF 5,,1 PEDASO DE 1.50X40=60,130000.0,0.0,FORMULA
2696,34,35,CAMA MILANO 02-10-25,CAMA MILANO 1.40 CON SUS NOCHEROS,Nochero,EBANISTA WILMER MANO DE OBRA=,26,LAM MDF 9,,"1 PEDASO DE 1,50X40=60",140.0,21875.0,FORMULA
2697,34,35,CAMA MILANO 02-10-25,CAMA MILANO 1.40 CON SUS NOCHEROS,Nochero,EBANISTA WILMER MANO DE OBRA=,27,COLBON,,litros,14000.0,0.0,FORMULA
2698,34,35,CAMA MILANO 02-10-25,CAMA MILANO 1.40 CON SUS NOCHEROS,Nochero,EBANISTA WILMER MANO DE OBRA=,28,GRAPAS,,Unidad,600.0,0.0,FIJO
2699,34,35,CAMA MILANO 02-10-25,CAMA MILANO 1.40 CON SUS NOCHEROS,Nochero,EBANISTA WILMER MANO DE OBRA=,29,CLAVILLOS N F 40,,TIRA,1000.0,0.0,FIJO
2700,34,35,CAMA MILANO 02-10-25,CAMA MILANO 1.40 CON SUS NOCHEROS,Nochero,EBANISTA WILMER MANO DE OBRA=,30,HECHURA,,PAR,157500.0,0.0,FIJO
2701,34,35,CAMA MILANO 02-10-25,CAMA MILANO 1.40 CON SUS NOCHEROS,Nochero,EBANISTA WILMER MANO DE OBRA=,31,"TORNILLOS DE 2""",,Unidad,100.0,0.0,FIJO
2702,34,35,CAMA MILANO 02-10-25,CAMA MILANO 1.40 CON SUS NOCHEROS,Nochero,EBANISTA WILMER MANO DE OBRA=,34,gastos de Ebanisteria e 5%,,,,26294.75,FORMULA
2703,34,35,CAMA MILANO 02-10-25,CAMA MILANO 1.40 CON SUS NOCHEROS,Nochero,SECCION PINTURA Y PREPARADA DE NOCHERO,36,SECCION PINTURA Y PREPARADA,DE NOCHERO,,,,FORMULA
2704,34,35,CAMA MILANO 02-10-25,CAMA MILANO 1.40 CON SUS NOCHEROS,Nochero,SECCION PINTURA Y PREPARADA DE NOCHERO,37,PREPARADO JOTA,2.0,CON EL 5%,36750.0,73500.0,FORMULA
2705,34,35,CAMA MILANO 02-10-25,CAMA MILANO 1.40 CON SUS NOCHEROS,Nochero,SECCION PINTURA Y PREPARADA DE NOCHERO,38,PINTURA ALEX,2.0,CON EL 5%,36750.0,73500.0,FORMULA
2706,34,35,CAMA MILANO 02-10-25,CAMA MILANO 1.40 CON SUS NOCHEROS,Nochero,SECCION PINTURA Y PREPARADA DE NOCHERO,39,SELLADOR,2.0,PISTOLADAS,18000.0,36000.0,VOLUMEN
2707,34,35,CAMA MILANO 02-10-25,CAMA MILANO 1.40 CON SUS NOCHEROS,Nochero,SECCION PINTURA Y PREPARADA DE NOCHERO,40,LIJA 400,1.5,unidades,2000.0,3000.0,FORMULA
2708,34,35,CAMA MILANO 02-10-25,CAMA MILANO 1.40 CON SUS NOCHEROS,Nochero,SECCION PINTURA Y PREPARADA DE NOCHERO,41,NITRO,,galon,70000.0,0.0,FORMULA
2709,34,35,CAMA MILANO 02-10-25,CAMA MILANO 1.40 CON SUS NOCHEROS,Nochero,SECCION PINTURA Y PREPARADA DE NOCHERO,42,VIDRIOS,,unidad,45000.0,0.0,FORMULA
2710,34,35,CAMA MILANO 02-10-25,CAMA MILANO 1.40 CON SUS NOCHEROS,Nochero,SECCION PINTURA Y PREPARADA DE NOCHERO,43,TALCO,,unidad,2500.0,0.0,FORMULA
2711,34,35,CAMA MILANO 02-10-25,CAMA MILANO 1.40 CON SUS NOCHEROS,Nochero,SECCION PINTURA Y PREPARADA DE NOCHERO,44,TINER,,GALON,34000.0,0.0,FORMULA
2712,34,35,CAMA MILANO 02-10-25,CAMA MILANO 1.40 CON SUS NOCHEROS,Nochero,SECCION PINTURA Y PREPARADA DE NOCHERO,45,TOPES,,JALADORES,3000.0,0.0,FORMULA
2713,34,35,CAMA MILANO 02-10-25,CAMA MILANO 1.40 CON SUS NOCHEROS,Nochero,SECCION PINTURA Y PREPARADA DE NOCHERO,46,COLOR,2.0,PISTOLADA,22000.0,44000.0,VOLUMEN
2714,34,35,CAMA MILANO 02-10-25,CAMA MILANO 1.40 CON SUS NOCHEROS,Nochero,SECCION PINTURA Y PREPARADA DE NOCHERO,47,COLOR,0.0,PISTOLADA,22000.0,0.0,VOLUMEN
2715,34,35,CAMA MILANO 02-10-25,CAMA MILANO 1.40 CON SUS NOCHEROS,Nochero,SECCION PINTURA Y PREPARADA DE NOCHERO,48,ENCINA,,galon,160000.0,0.0,FORMULA
2716,34,35,CAMA MILANO 02-10-25,CAMA MILANO 1.40 CON SUS NOCHEROS,Nochero,SECCION PINTURA Y PREPARADA DE NOCHERO,49,GASOLINA,0.1,ML,4500.0,450.0,LINEAL
2717,34,35,CAMA MILANO 02-10-25,CAMA MILANO 1.40 CON SUS NOCHEROS,Nochero,SECCION PINTURA Y PREPARADA DE NOCHERO,50,RESANE,,LITRO,20000.0,0.0,FORMULA
2718,34,35,CAMA MILANO 02-10-25,CAMA MILANO 1.40 CON SUS NOCHEROS,Nochero,SECCION PINTURA Y PREPARADA DE NOCHERO,51,LACA S/M,1.5,PISTOLADA,23000.0,34500.0,VOLUMEN
2719,34,35,CAMA MILANO 02-10-25,CAMA MILANO 1.40 CON SUS NOCHEROS,Nochero,SECCION PINTURA Y PREPARADA DE NOCHERO,53,Gastos de Pintura 10%,,,,26495.0,FORMULA
2720,34,35,CAMA MILANO 02-10-25,CAMA MILANO 1.40 CON SUS NOCHEROS,Nochero,SECCION PINTURA Y PREPARADA PATAS,55,SECCION PINTURA Y PREPARADA,PATAS ,,,,FORMULA
2721,34,35,CAMA MILANO 02-10-25,CAMA MILANO 1.40 CON SUS NOCHEROS,Nochero,SECCION PINTURA Y PREPARADA PATAS,56,PREPARADO JOTA,,CON EL 5%,63000.0,0.0,FORMULA
2722,34,35,CAMA MILANO 02-10-25,CAMA MILANO 1.40 CON SUS NOCHEROS,Nochero,SECCION PINTURA Y PREPARADA PATAS,57,PINTURA ALEX,,CON EL 5%,26250.0,0.0,FORMULA
2723,34,35,CAMA MILANO 02-10-25,CAMA MILANO 1.40 CON SUS NOCHEROS,Nochero,SECCION PINTURA Y PREPARADA PATAS,58,PINTURA DE PATAS ALEX,,,2100.0,0.0,FIJO
2724,34,35,CAMA MILANO 02-10-25,CAMA MILANO 1.40 CON SUS NOCHEROS,Nochero,SECCION PINTURA Y PREPARADA PATAS,59,SELLADOR,,PISTOLADAS,18000.0,0.0,FORMULA
2725,34,35,CAMA MILANO 02-10-25,CAMA MILANO 1.40 CON SUS NOCHEROS,Nochero,SECCION PINTURA Y PREPARADA PATAS,60,LIJA 400,,unidades,2000.0,0.0,FORMULA
2726,34,35,CAMA MILANO 02-10-25,CAMA MILANO 1.40 CON SUS NOCHEROS,Nochero,SECCION PINTURA Y PREPARADA PATAS,61,NITRO,,galon,,0.0,FORMULA
2727,34,35,CAMA MILANO 02-10-25,CAMA MILANO 1.40 CON SUS NOCHEROS,Nochero,SECCION PINTURA Y PREPARADA PATAS,62,lija 220,,unidad,2000.0,0.0,FORMULA
2728,34,35,CAMA MILANO 02-10-25,CAMA MILANO 1.40 CON SUS NOCHEROS,Nochero,SECCION PINTURA Y PREPARADA PATAS,63,lija 120,,unidad,2000.0,0.0,FORMULA
2729,34,35,CAMA MILANO 02-10-25,CAMA MILANO 1.40 CON SUS NOCHEROS,Nochero,SECCION PINTURA Y PREPARADA PATAS,64,LACA SEMIMATE,,GALON,23000.0,0.0,FORMULA
2730,34,35,CAMA MILANO 02-10-25,CAMA MILANO 1.40 CON SUS NOCHEROS,Nochero,SECCION PINTURA Y PREPARADA PATAS,65,kerosen,,litro,18000.0,0.0,FORMULA
2731,34,35,CAMA MILANO 02-10-25,CAMA MILANO 1.40 CON SUS NOCHEROS,Nochero,SECCION PINTURA Y PREPARADA PATAS,66,COLOR,,PISTOLADA,20000.0,0.0,FORMULA
2732,34,35,CAMA MILANO 02-10-25,CAMA MILANO 1.40 CON SUS NOCHEROS,Nochero,SECCION PINTURA Y PREPARADA PATAS,67,TINTE MIEL,,galon,,0.0,FORMULA
2733,34,35,CAMA MILANO 02-10-25,CAMA MILANO 1.40 CON SUS NOCHEROS,Nochero,SECCION PINTURA Y PREPARADA PATAS,68,GASOLINA,,LITRO,4.5,0.0,FORMULA
2734,34,35,CAMA MILANO 02-10-25,CAMA MILANO 1.40 CON SUS NOCHEROS,Nochero,SECCION PINTURA Y PREPARADA PATAS,69,RESANE,,LITRO,23000.0,0.0,FORMULA
2735,34,35,CAMA MILANO 02-10-25,CAMA MILANO 1.40 CON SUS NOCHEROS,Nochero,SECCION PINTURA Y PREPARADA PATAS,70,LACA BRILLANTE,,PISTOLADA,23000.0,0.0,FORMULA
2736,34,35,CAMA MILANO 02-10-25,CAMA MILANO 1.40 CON SUS NOCHEROS,Nochero,SECCION PINTURA Y PREPARADA PATAS,72,Gastos de Pintura 10%,,,,32095.1,FORMULA
2737,34,35,CAMA MILANO 02-10-25,CAMA MILANO 1.40 CON SUS NOCHEROS,Nochero,SECCION TERMINACION,75,TOMAS NEGROS,,UNIDAD,10500.0,0.0,FORMULA
2738,34,35,CAMA MILANO 02-10-25,CAMA MILANO 1.40 CON SUS NOCHEROS,Nochero,SECCION TERMINACION,76,REGLETA ANCHA,,UNIDAD,20000.0,0.0,FORMULA
2739,34,35,CAMA MILANO 02-10-25,CAMA MILANO 1.40 CON SUS NOCHEROS,Nochero,SECCION TERMINACION,77,REGLETA DELGADA,,UNIDAD,20000.0,0.0,FORMULA
2740,34,35,CAMA MILANO 02-10-25,CAMA MILANO 1.40 CON SUS NOCHEROS,Nochero,SECCION TERMINACION,78,LAMPARAS DE LUZ,,UNIDADES,100000.0,0.0,FORMULA
2741,34,35,CAMA MILANO 02-10-25,CAMA MILANO 1.40 CON SUS NOCHEROS,Nochero,SECCION TERMINACION,79,CABLE DE 12,,METROS,3000.0,0.0,FORMULA
2742,34,35,CAMA MILANO 02-10-25,CAMA MILANO 1.40 CON SUS NOCHEROS,Nochero,SECCION TERMINACION,80,APAGADORES,,PAR,1500.0,0.0,FORMULA
2743,34,35,CAMA MILANO 02-10-25,CAMA MILANO 1.40 CON SUS NOCHEROS,Nochero,SECCION TERMINACION,81,ENCHUFLES BLANCO MACHO,,UNIDADES,2000.0,0.0,FORMULA
2744,34,35,CAMA MILANO 02-10-25,CAMA MILANO 1.40 CON SUS NOCHEROS,Nochero,SECCION TERMINACION,82,HERRAJES DE CAMA,,PAR,160000.0,0.0,FORMULA
2745,34,35,CAMA MILANO 02-10-25,CAMA MILANO 1.40 CON SUS NOCHEROS,Nochero,SECCION TERMINACION,83,JALADORES,,UNIDAD,26800.0,0.0,FIJO
2746,34,35,CAMA MILANO 02-10-25,CAMA MILANO 1.40 CON SUS NOCHEROS,Nochero,SECCION TERMINACION,84,MULTIUSOS,,UNIDADES,3000.0,0.0,FORMULA
2747,34,35,CAMA MILANO 02-10-25,CAMA MILANO 1.40 CON SUS NOCHEROS,Nochero,SECCION TERMINACION,85,CORREDERAS,,unidades,8000.0,0.0,FIJO
2748,34,35,CAMA MILANO 02-10-25,CAMA MILANO 1.40 CON SUS NOCHEROS,Nochero,SECCION TERMINACION,86,EMBALADA,,unidades,150000.0,0.0,FORMULA
2749,34,35,CAMA MILANO 02-10-25,CAMA MILANO 1.40 CON SUS NOCHEROS,Nochero,SECCION TERMINACION,89,SECCION TENDIDO,,,,0.0,FORMULA
2750,34,35,CAMA MILANO 02-10-25,CAMA MILANO 1.40 CON SUS NOCHEROS,Nochero,SECCION TERMINACION,90,MADERA 60X1X4,565.0,APAMATE,140.0,79100.0,FORMULA
2751,34,35,CAMA MILANO 02-10-25,CAMA MILANO 1.40 CON SUS NOCHEROS,Nochero,SECCION TERMINACION,91,LIENCILLO,2.2,METROS,4000.0,8800.0,LINEAL
2752,34,35,CAMA MILANO 02-10-25,CAMA MILANO 1.40 CON SUS NOCHEROS,Nochero,SECCION TERMINACION,92,GRAPAS,0.6,CAJA,12000.0,7200.0,ESPACIADO
2753,34,35,CAMA MILANO 02-10-25,CAMA MILANO 1.40 CON SUS NOCHEROS,Nochero,SECCION TERMINACION,93,MDF DE 9,1.0,LAMINA,140000.0,140000.0,AREA
2754,34,35,CAMA MILANO 02-10-25,CAMA MILANO 1.40 CON SUS NOCHEROS,Nochero,SECCION TERMINACION,94,COLBON,0.3,LITRO,14000.0,4200.0,VOLUMEN
2755,34,35,CAMA MILANO 02-10-25,CAMA MILANO 1.40 CON SUS NOCHEROS,Nochero,SECCION TERMINACION,95,"TORNILLOS DE 2""",30.0,UNIDAD,100.0,3000.0,ESPACIADO
2756,34,35,CAMA MILANO 02-10-25,CAMA MILANO 1.40 CON SUS NOCHEROS,Nochero,SECCION TERMINACION,96,CLAVILLO,0.2,TIRA,1000.0,200.0,ESPACIADO
2757,34,35,CAMA MILANO 02-10-25,CAMA MILANO 1.40 CON SUS NOCHEROS,Nochero,SECCION TERMINACION,97,HECHURA,1.0,UNIDAD,60000.0,60000.0,FIJO
2758,34,35,CAMA MILANO 02-10-25,CAMA MILANO 1.40 CON SUS NOCHEROS,Nochero,SECCION TAPICERIA MANO DE OBRA=,100,SECCION TAPICERIA,,MANO DE OBRA=,,,FORMULA
2759,34,35,CAMA MILANO 02-10-25,CAMA MILANO 1.40 CON SUS NOCHEROS,Nochero,SECCION TAPICERIA MANO DE OBRA=,101,TELA FERRO FORTE STONE,,METROS,25000.0,0.0,FORMULA
2760,34,35,CAMA MILANO 02-10-25,CAMA MILANO 1.40 CON SUS NOCHEROS,Nochero,SECCION TAPICERIA MANO DE OBRA=,102,TELA FERRO FORTE GRIS,,METROS,25000.0,7222.0,FORMULA
2761,34,35,CAMA MILANO 02-10-25,CAMA MILANO 1.40 CON SUS NOCHEROS,Nochero,SECCION TAPICERIA MANO DE OBRA=,103,ESPUMA 1/2 ROSADA,,LAMINA,6630.0,0.0,FORMULA
2762,34,35,CAMA MILANO 02-10-25,CAMA MILANO 1.40 CON SUS NOCHEROS,Nochero,SECCION TAPICERIA MANO DE OBRA=,104,GRAPAS,,CAJA DE GRAPAS,12000.0,0.0,FIJO
2763,34,35,CAMA MILANO 02-10-25,CAMA MILANO 1.40 CON SUS NOCHEROS,Nochero,SECCION TAPICERIA MANO DE OBRA=,105,PATAS L PLATEADAS,,UNIDADES,8000.0,0.0,FIJO
2764,34,35,CAMA MILANO 02-10-25,CAMA MILANO 1.40 CON SUS NOCHEROS,Nochero,SECCION TAPICERIA MANO DE OBRA=,106,TORNILLOS 1,,UNIDADES,100.0,0.0,FIJO
2765,34,35,CAMA MILANO 02-10-25,CAMA MILANO 1.40 CON SUS NOCHEROS,Nochero,SECCION TAPICERIA MANO DE OBRA=,107,ESPUMA DE 1 1/2'' ROSADA,,UNIDADES,26000.0,0.0,FORMULA
2766,34,35,CAMA MILANO 02-10-25,CAMA MILANO 1.40 CON SUS NOCHEROS,Nochero,SECCION TAPICERIA MANO DE OBRA=,108,ESPUMA 1 BLANCA,,LAMINA,9804.0,0.0,FORMULA
2767,34,35,CAMA MILANO 02-10-25,CAMA MILANO 1.40 CON SUS NOCHEROS,Nochero,SECCION TAPICERIA MANO DE OBRA=,109,ESPUMA 1 1/2'' AZUL,,MTS,1000.0,0.0,FORMULA
2768,34,35,CAMA MILANO 02-10-25,CAMA MILANO 1.40 CON SUS NOCHEROS,Nochero,SECCION TAPICERIA MANO DE OBRA=,110,COSTAL,,METROS,2240.0,0.0,FORMULA
2769,34,35,CAMA MILANO 02-10-25,CAMA MILANO 1.40 CON SUS NOCHEROS,Nochero,SECCION TAPICERIA MANO DE OBRA=,111,HILO,,UNIDAD,25000.0,0.0,FORMULA
2770,34,35,CAMA MILANO 02-10-25,CAMA MILANO 1.40 CON SUS NOCHEROS,Nochero,SECCION TAPICERIA MANO DE OBRA=,112,PEGANTE DE PISTOLA,,PISTOLADA,43000.0,0.0,FORMULA
2771,34,35,CAMA MILANO 02-10-25,CAMA MILANO 1.40 CON SUS NOCHEROS,Nochero,SECCION TAPICERIA MANO DE OBRA=,113,SUPER,,LITRO,19000.0,0.0,FORMULA
2772,34,35,CAMA MILANO 02-10-25,CAMA MILANO 1.40 CON SUS NOCHEROS,Nochero,SECCION TAPICERIA MANO DE OBRA=,114,CARTON,,UNIDADES,5000.0,0.0,FORMULA
2773,34,35,CAMA MILANO 02-10-25,CAMA MILANO 1.40 CON SUS NOCHEROS,Nochero,SECCION TAPICERIA MANO DE OBRA=,115,HECHURA,,,0.0,0.0,FIJO
2774,34,35,CAMA MILANO 02-10-25,CAMA MILANO 1.40 CON SUS NOCHEROS,Nochero,SECCION TAPICERIA MANO DE OBRA=,116,LENCILLO,,METROS,2650.0,0.0,FORMULA
2775,35,36,CAMA NIVE  1,CAMA ABANANADO 1.60 CON SUS NOCHEROS,Nochero,EBANISTA WILMER MANO DE OBRA=,8,MADERA (2),1275.0,APAMATE,140.0,178500.0,FORMULA
2776,35,36,CAMA NIVE  1,CAMA ABANANADO 1.60 CON SUS NOCHEROS,Nochero,EBANISTA WILMER MANO DE OBRA=,9,MDF DE 2.7,1.84,LAMINA,65000.0,119600.0,AREA
2777,35,36,CAMA NIVE  1,CAMA ABANANADO 1.60 CON SUS NOCHEROS,Nochero,EBANISTA WILMER MANO DE OBRA=,10,LAMINA DE 9,1.33,LAMINA,140000.0,186200.0,AREA
2778,35,36,CAMA NIVE  1,CAMA ABANANADO 1.60 CON SUS NOCHEROS,Nochero,EBANISTA WILMER MANO DE OBRA=,11,LAMINA DE 5.5,,LAMINA,130000.0,0.0,FORMULA
2779,35,36,CAMA NIVE  1,CAMA ABANANADO 1.60 CON SUS NOCHEROS,Nochero,EBANISTA WILMER MANO DE OBRA=,12,COLBON,0.933,LITRO,14000.0,13062.0,VOLUMEN
2780,35,36,CAMA NIVE  1,CAMA ABANANADO 1.60 CON SUS NOCHEROS,Nochero,EBANISTA WILMER MANO DE OBRA=,13,GRAPAS,3.0,CAJA,5000.0,15000.0,ESPACIADO
2781,35,36,CAMA NIVE  1,CAMA ABANANADO 1.60 CON SUS NOCHEROS,Nochero,EBANISTA WILMER MANO DE OBRA=,14,GANCHOS,1.0,PAR,20000.0,20000.0,FIJO
2782,35,36,CAMA NIVE  1,CAMA ABANANADO 1.60 CON SUS NOCHEROS,Nochero,EBANISTA WILMER MANO DE OBRA=,15,F40,17.0,TIRAS,1000.0,17000.0,FORMULA
2783,35,36,CAMA NIVE  1,CAMA ABANANADO 1.60 CON SUS NOCHEROS,Nochero,EBANISTA WILMER MANO DE OBRA=,16,"TORNILLOS DE 2""",100.0,Unidad,100.0,10000.0,ESPACIADO
2784,35,36,CAMA NIVE  1,CAMA ABANANADO 1.60 CON SUS NOCHEROS,Nochero,EBANISTA WILMER MANO DE OBRA=,17,ebanisteria 300.000 x 5% de m.o,,,,315000.0,FORMULA
2785,35,36,CAMA NIVE  1,CAMA ABANANADO 1.60 CON SUS NOCHEROS,Nochero,EBANISTA WILMER MANO DE OBRA=,19,gastos de Ebanisteria e 10%,,,,43718.1,FORMULA
2786,35,36,CAMA NIVE  1,CAMA ABANANADO 1.60 CON SUS NOCHEROS,Nochero,EBANISTA WILMER MANO DE OBRA=,23,CORREDERAS 35 NORMAL,4.0,PAR,19000.0,76000.0,FORMULA
2787,35,36,CAMA NIVE  1,CAMA ABANANADO 1.60 CON SUS NOCHEROS,Nochero,EBANISTA WILMER MANO DE OBRA=,24,CORREDERAS 35 PUFF,,PAR,38999.0,0.0,FIJO
2788,35,36,CAMA NIVE  1,CAMA ABANANADO 1.60 CON SUS NOCHEROS,Nochero,EBANISTA WILMER MANO DE OBRA=,25,MANIJAS,4.0,UNIDAD,8000.0,32000.0,FORMULA
2789,35,36,CAMA NIVE  1,CAMA ABANANADO 1.60 CON SUS NOCHEROS,Nochero,EBANISTA WILMER MANO DE OBRA=,26,"MDF DE 2,7",,1 PEDAZO DE 1.00X46=46,65000.0,0.0,FORMULA
2790,35,36,CAMA NIVE  1,CAMA ABANANADO 1.60 CON SUS NOCHEROS,Nochero,EBANISTA WILMER MANO DE OBRA=,27,LAM MDF 5,,1 PEDASO DE 1.50X40=60,130000.0,0.0,FORMULA
2791,35,36,CAMA NIVE  1,CAMA ABANANADO 1.60 CON SUS NOCHEROS,Nochero,EBANISTA WILMER MANO DE OBRA=,28,LAM MDF 9,,"1 PEDASO DE 1,50X40=60",140.0,0.0,FORMULA
2792,35,36,CAMA NIVE  1,CAMA ABANANADO 1.60 CON SUS NOCHEROS,Nochero,EBANISTA WILMER MANO DE OBRA=,29,COLBON,,litros,14000.0,0.0,FORMULA
2793,35,36,CAMA NIVE  1,CAMA ABANANADO 1.60 CON SUS NOCHEROS,Nochero,EBANISTA WILMER MANO DE OBRA=,30,GRAPAS,,Unidad,600.0,0.0,FIJO
2794,35,36,CAMA NIVE  1,CAMA ABANANADO 1.60 CON SUS NOCHEROS,Nochero,EBANISTA WILMER MANO DE OBRA=,31,CLAVILLOS N F 40,,TIRA,1000.0,0.0,FIJO
2795,35,36,CAMA NIVE  1,CAMA ABANANADO 1.60 CON SUS NOCHEROS,Nochero,EBANISTA WILMER MANO DE OBRA=,32,HECHURA,2.0,PAR,250000.0,500000.0,FORMULA
2796,35,36,CAMA NIVE  1,CAMA ABANANADO 1.60 CON SUS NOCHEROS,Nochero,EBANISTA WILMER MANO DE OBRA=,33,"TORNILLOS DE 2""",8.0,Unidad,100.0,800.0,ESPACIADO
2797,35,36,CAMA NIVE  1,CAMA ABANANADO 1.60 CON SUS NOCHEROS,Nochero,EBANISTA WILMER MANO DE OBRA=,36,gastos de Ebanisteria e 5%,,,,28820.0,FORMULA
2798,35,36,CAMA NIVE  1,CAMA ABANANADO 1.60 CON SUS NOCHEROS,Nochero,SECCION PINTURA Y PREPARADA DE NOCHERO,38,SECCION PINTURA Y PREPARADA,DE NOCHERO,,,,FORMULA
2799,35,36,CAMA NIVE  1,CAMA ABANANADO 1.60 CON SUS NOCHEROS,Nochero,SECCION PINTURA Y PREPARADA DE NOCHERO,39,PREPARADO JOTA,2.0,CON EL 5%,36750.0,73500.0,FORMULA
2800,35,36,CAMA NIVE  1,CAMA ABANANADO 1.60 CON SUS NOCHEROS,Nochero,SECCION PINTURA Y PREPARADA DE NOCHERO,40,PINTURA ALEX,2.0,CON EL 5%,36750.0,73500.0,FORMULA
2801,35,36,CAMA NIVE  1,CAMA ABANANADO 1.60 CON SUS NOCHEROS,Nochero,SECCION PINTURA Y PREPARADA DE NOCHERO,41,SELLADOR,2.0,PISTOLADAS,18000.0,36000.0,VOLUMEN
2802,35,36,CAMA NIVE  1,CAMA ABANANADO 1.60 CON SUS NOCHEROS,Nochero,SECCION PINTURA Y PREPARADA DE NOCHERO,42,LIJA 400,1.5,unidades,2000.0,3000.0,FORMULA
2803,35,36,CAMA NIVE  1,CAMA ABANANADO 1.60 CON SUS NOCHEROS,Nochero,SECCION PINTURA Y PREPARADA DE NOCHERO,43,NITRO,,galon,70000.0,0.0,FORMULA
2804,35,36,CAMA NIVE  1,CAMA ABANANADO 1.60 CON SUS NOCHEROS,Nochero,SECCION PINTURA Y PREPARADA DE NOCHERO,44,VIDRIOS,,unidad,45000.0,0.0,FORMULA
2805,35,36,CAMA NIVE  1,CAMA ABANANADO 1.60 CON SUS NOCHEROS,Nochero,SECCION PINTURA Y PREPARADA DE NOCHERO,45,TALCO,1.0,unidad,3000.0,3000.0,FIJO
2806,35,36,CAMA NIVE  1,CAMA ABANANADO 1.60 CON SUS NOCHEROS,Nochero,SECCION PINTURA Y PREPARADA DE NOCHERO,46,TINER,,GALON,34000.0,0.0,FORMULA
2807,35,36,CAMA NIVE  1,CAMA ABANANADO 1.60 CON SUS NOCHEROS,Nochero,SECCION PINTURA Y PREPARADA DE NOCHERO,47,TOPES,,JALADORES,3000.0,0.0,FORMULA
2808,35,36,CAMA NIVE  1,CAMA ABANANADO 1.60 CON SUS NOCHEROS,Nochero,SECCION PINTURA Y PREPARADA DE NOCHERO,48,COLOR,2.0,PISTOLADA,22000.0,44000.0,VOLUMEN
2809,35,36,CAMA NIVE  1,CAMA ABANANADO 1.60 CON SUS NOCHEROS,Nochero,SECCION PINTURA Y PREPARADA DE NOCHERO,49,COLOR,0.0,PISTOLADA,22000.0,0.0,VOLUMEN
2810,35,36,CAMA NIVE  1,CAMA ABANANADO 1.60 CON SUS NOCHEROS,Nochero,SECCION PINTURA Y PREPARADA DE NOCHERO,50,ENCINA,,galon,160000.0,0.0,FORMULA
2811,35,36,CAMA NIVE  1,CAMA ABANANADO 1.60 CON SUS NOCHEROS,Nochero,SECCION PINTURA Y PREPARADA DE NOCHERO,51,GASOLINA,0.1,ML,4500.0,450.0,LINEAL
2812,35,36,CAMA NIVE  1,CAMA ABANANADO 1.60 CON SUS NOCHEROS,Nochero,SECCION PINTURA Y PREPARADA DE NOCHERO,52,RESANE,,LITRO,20000.0,0.0,FORMULA
2813,35,36,CAMA NIVE  1,CAMA ABANANADO 1.60 CON SUS NOCHEROS,Nochero,SECCION PINTURA Y PREPARADA DE NOCHERO,53,LACA S/M,1.5,PISTOLADA,23000.0,34500.0,VOLUMEN
2814,35,36,CAMA NIVE  1,CAMA ABANANADO 1.60 CON SUS NOCHEROS,Nochero,SECCION PINTURA Y PREPARADA DE NOCHERO,55,Gastos de Pintura 10%,,,,26795.0,FORMULA
2815,35,36,CAMA NIVE  1,CAMA ABANANADO 1.60 CON SUS NOCHEROS,Nochero,SECCION PINTURA Y PREPARADA PATAS,57,SECCION PINTURA Y PREPARADA,PATAS ,,,,FORMULA
2816,35,36,CAMA NIVE  1,CAMA ABANANADO 1.60 CON SUS NOCHEROS,Nochero,SECCION PINTURA Y PREPARADA PATAS,58,PREPARADO JOTA,1.0,CON EL 5%,73500.0,73500.0,FIJO
2817,35,36,CAMA NIVE  1,CAMA ABANANADO 1.60 CON SUS NOCHEROS,Nochero,SECCION PINTURA Y PREPARADA PATAS,59,PINTURA ALEX,1.0,CON EL 5%,63000.0,63000.0,FIJO
2818,35,36,CAMA NIVE  1,CAMA ABANANADO 1.60 CON SUS NOCHEROS,Nochero,SECCION PINTURA Y PREPARADA PATAS,60,PINTURA DE PATAS ALEX,,,2100.0,0.0,FIJO
2819,35,36,CAMA NIVE  1,CAMA ABANANADO 1.60 CON SUS NOCHEROS,Nochero,SECCION PINTURA Y PREPARADA PATAS,61,SELLADOR,1.5,PISTOLADAS,18000.0,27000.0,VOLUMEN
2820,35,36,CAMA NIVE  1,CAMA ABANANADO 1.60 CON SUS NOCHEROS,Nochero,SECCION PINTURA Y PREPARADA PATAS,62,LIJA 400,,unidades,2000.0,0.0,FORMULA
2821,35,36,CAMA NIVE  1,CAMA ABANANADO 1.60 CON SUS NOCHEROS,Nochero,SECCION PINTURA Y PREPARADA PATAS,63,NITRO,,galon,,0.0,FORMULA
2822,35,36,CAMA NIVE  1,CAMA ABANANADO 1.60 CON SUS NOCHEROS,Nochero,SECCION PINTURA Y PREPARADA PATAS,64,lija 220,2.0,unidad,2000.0,4000.0,FORMULA
2823,35,36,CAMA NIVE  1,CAMA ABANANADO 1.60 CON SUS NOCHEROS,Nochero,SECCION PINTURA Y PREPARADA PATAS,65,lija 120,,unidad,2000.0,0.0,FORMULA
2824,35,36,CAMA NIVE  1,CAMA ABANANADO 1.60 CON SUS NOCHEROS,Nochero,SECCION PINTURA Y PREPARADA PATAS,66,LACA SEMIMATE,1.5,GALON,23000.0,34500.0,VOLUMEN
2825,35,36,CAMA NIVE  1,CAMA ABANANADO 1.60 CON SUS NOCHEROS,Nochero,SECCION PINTURA Y PREPARADA PATAS,67,kerosen,,litro,18000.0,0.0,FORMULA
2826,35,36,CAMA NIVE  1,CAMA ABANANADO 1.60 CON SUS NOCHEROS,Nochero,SECCION PINTURA Y PREPARADA PATAS,68,COLOR,2.0,PISTOLADA,21000.0,42000.0,VOLUMEN
2827,35,36,CAMA NIVE  1,CAMA ABANANADO 1.60 CON SUS NOCHEROS,Nochero,SECCION PINTURA Y PREPARADA PATAS,69,TINTE MIEL,,galon,,0.0,FORMULA
2828,35,36,CAMA NIVE  1,CAMA ABANANADO 1.60 CON SUS NOCHEROS,Nochero,SECCION PINTURA Y PREPARADA PATAS,70,GASOLINA,,LITRO,4.5,0.0,FORMULA
2829,35,36,CAMA NIVE  1,CAMA ABANANADO 1.60 CON SUS NOCHEROS,Nochero,SECCION PINTURA Y PREPARADA PATAS,71,RESANE,,LITRO,23000.0,0.0,FORMULA
2830,35,36,CAMA NIVE  1,CAMA ABANANADO 1.60 CON SUS NOCHEROS,Nochero,SECCION PINTURA Y PREPARADA PATAS,72,TORNIILLOS DE PATAS,16.0,UNIDAD,100.0,1600.0,FORMULA
2831,35,36,CAMA NIVE  1,CAMA ABANANADO 1.60 CON SUS NOCHEROS,Nochero,SECCION PINTURA Y PREPARADA PATAS,74,Gastos de Pintura 10%,,,,2400.0,FORMULA
2832,35,36,CAMA NIVE  1,CAMA ABANANADO 1.60 CON SUS NOCHEROS,Nochero,SECCION TERMINACION,77,TOMAS NEGROS,,UNIDAD,10500.0,0.0,FORMULA
2833,35,36,CAMA NIVE  1,CAMA ABANANADO 1.60 CON SUS NOCHEROS,Nochero,SECCION TERMINACION,78,REGLETA ANCHA,,UNIDAD,20000.0,0.0,FORMULA
2834,35,36,CAMA NIVE  1,CAMA ABANANADO 1.60 CON SUS NOCHEROS,Nochero,SECCION TERMINACION,79,REGLETA DELGADA,,UNIDAD,20000.0,0.0,FORMULA
2835,35,36,CAMA NIVE  1,CAMA ABANANADO 1.60 CON SUS NOCHEROS,Nochero,SECCION TERMINACION,80,LAMPARAS DE LUZ,,UNIDADES,100000.0,0.0,FORMULA
2836,35,36,CAMA NIVE  1,CAMA ABANANADO 1.60 CON SUS NOCHEROS,Nochero,SECCION TERMINACION,81,CABLE DE 12,,METROS,3000.0,0.0,FORMULA
2837,35,36,CAMA NIVE  1,CAMA ABANANADO 1.60 CON SUS NOCHEROS,Nochero,SECCION TERMINACION,82,APAGADORES,,PAR,1500.0,0.0,FORMULA
2838,35,36,CAMA NIVE  1,CAMA ABANANADO 1.60 CON SUS NOCHEROS,Nochero,SECCION TERMINACION,83,ENCHUFLES BLANCO MACHO,,UNIDADES,2000.0,0.0,FORMULA
2839,35,36,CAMA NIVE  1,CAMA ABANANADO 1.60 CON SUS NOCHEROS,Nochero,SECCION TERMINACION,84,HERRAJES DE CAMA,,PAR,160000.0,0.0,FORMULA
2840,35,36,CAMA NIVE  1,CAMA ABANANADO 1.60 CON SUS NOCHEROS,Nochero,SECCION TERMINACION,85,JALADORES,,UNIDAD,26800.0,0.0,FIJO
2841,35,36,CAMA NIVE  1,CAMA ABANANADO 1.60 CON SUS NOCHEROS,Nochero,SECCION TERMINACION,86,MULTIUSOS,,UNIDADES,3000.0,0.0,FORMULA
2842,35,36,CAMA NIVE  1,CAMA ABANANADO 1.60 CON SUS NOCHEROS,Nochero,SECCION TERMINACION,87,CORREDERAS,,unidades,8000.0,0.0,FIJO
2843,35,36,CAMA NIVE  1,CAMA ABANANADO 1.60 CON SUS NOCHEROS,Nochero,SECCION TERMINACION,88,EMBALADA,1.0,unidades,150000.0,150000.0,FIJO
2844,35,36,CAMA NIVE  1,CAMA ABANANADO 1.60 CON SUS NOCHEROS,Nochero,SECCION TERMINACION,91,SECCION TENDIDO,,,,0.0,FORMULA
2845,35,36,CAMA NIVE  1,CAMA ABANANADO 1.60 CON SUS NOCHEROS,Nochero,SECCION TERMINACION,92,MADERA 60X1X4,600.0,APAMATE,140.0,84000.0,FORMULA
2846,35,36,CAMA NIVE  1,CAMA ABANANADO 1.60 CON SUS NOCHEROS,Nochero,SECCION TERMINACION,93,LIENCILLO,4.0,METROS,4000.0,16000.0,LINEAL
2847,35,36,CAMA NIVE  1,CAMA ABANANADO 1.60 CON SUS NOCHEROS,Nochero,SECCION TERMINACION,94,GRAPAS,6.0,CAJA,1000.0,6000.0,ESPACIADO
2848,35,36,CAMA NIVE  1,CAMA ABANANADO 1.60 CON SUS NOCHEROS,Nochero,SECCION TERMINACION,95,MDF DE 9,1.0,LAMINA,140000.0,140000.0,AREA
2849,35,36,CAMA NIVE  1,CAMA ABANANADO 1.60 CON SUS NOCHEROS,Nochero,SECCION TERMINACION,96,COLBON,0.4,LITRO,14000.0,5600.0,VOLUMEN
2850,35,36,CAMA NIVE  1,CAMA ABANANADO 1.60 CON SUS NOCHEROS,Nochero,SECCION TERMINACION,97,"TORNILLOS DE 2""",40.0,UNIDAD,100.0,4000.0,ESPACIADO
2851,35,36,CAMA NIVE  1,CAMA ABANANADO 1.60 CON SUS NOCHEROS,Nochero,SECCION TERMINACION,98,PATAS DE TENDIDOS,6.0,TIRA,2100.0,12600.0,FORMULA
2852,35,36,CAMA NIVE  1,CAMA ABANANADO 1.60 CON SUS NOCHEROS,Nochero,SECCION TERMINACION,99,HECHURA,1.0,UNIDAD,63000.0,63000.0,FIJO
2853,35,36,CAMA NIVE  1,CAMA ABANANADO 1.60 CON SUS NOCHEROS,Nochero,SECCION TAPICERIA MANO DE OBRA=,102,SECCION TAPICERIA,,MANO DE OBRA=,,,FORMULA
2854,35,36,CAMA NIVE  1,CAMA ABANANADO 1.60 CON SUS NOCHEROS,Nochero,SECCION TAPICERIA MANO DE OBRA=,103,TELA PRANNA,8.0,METROS,34000.0,272000.0,AREA
2855,35,36,CAMA NIVE  1,CAMA ABANANADO 1.60 CON SUS NOCHEROS,Nochero,SECCION TAPICERIA MANO DE OBRA=,104,ESPUMA 2 AZUL,,LAMINA,41340.0,0.0,FORMULA
2856,35,36,CAMA NIVE  1,CAMA ABANANADO 1.60 CON SUS NOCHEROS,Nochero,SECCION TAPICERIA MANO DE OBRA=,105,GRAPAS,0.5,CAJA DE GRAPAS,12000.0,6000.0,ESPACIADO
2857,35,36,CAMA NIVE  1,CAMA ABANANADO 1.60 CON SUS NOCHEROS,Nochero,SECCION TAPICERIA MANO DE OBRA=,106,TORNILLOS 2,33.0,UNIDADES,100.0,3300.0,ESPACIADO
2858,35,36,CAMA NIVE  1,CAMA ABANANADO 1.60 CON SUS NOCHEROS,Nochero,SECCION TAPICERIA MANO DE OBRA=,107,ESPUMA DE 1 1/2'' ROSADA,3.0,UNIDADES,30000.0,90000.0,AREA
2859,35,36,CAMA NIVE  1,CAMA ABANANADO 1.60 CON SUS NOCHEROS,Nochero,SECCION TAPICERIA MANO DE OBRA=,108,ESPUMA 1 BLANCA,,LAMINA,9804.0,0.0,FORMULA
2860,35,36,CAMA NIVE  1,CAMA ABANANADO 1.60 CON SUS NOCHEROS,Nochero,SECCION TAPICERIA MANO DE OBRA=,109,ESPUMA 1 1/2'' AZUL,,MTS,1000.0,0.0,FORMULA
2861,35,36,CAMA NIVE  1,CAMA ABANANADO 1.60 CON SUS NOCHEROS,Nochero,SECCION TAPICERIA MANO DE OBRA=,110,COSTAL,,METROS,3500.0,0.0,FORMULA
2862,35,36,CAMA NIVE  1,CAMA ABANANADO 1.60 CON SUS NOCHEROS,Nochero,SECCION TAPICERIA MANO DE OBRA=,111,HILO,,UNIDAD,25000.0,0.0,FORMULA
2863,35,36,CAMA NIVE  1,CAMA ABANANADO 1.60 CON SUS NOCHEROS,Nochero,SECCION TAPICERIA MANO DE OBRA=,112,PEGANTE DE PISTOLA,,PISTOLADA,43000.0,0.0,FORMULA
2864,35,36,CAMA NIVE  1,CAMA ABANANADO 1.60 CON SUS NOCHEROS,Nochero,SECCION TAPICERIA MANO DE OBRA=,113,SUPER,0.166,LITRO,19000.0,3154.0,VOLUMEN
2865,35,36,CAMA NIVE  1,CAMA ABANANADO 1.60 CON SUS NOCHEROS,Nochero,SECCION TAPICERIA MANO DE OBRA=,114,CARTON,,UNIDADES,5500.0,0.0,FORMULA
2866,35,36,CAMA NIVE  1,CAMA ABANANADO 1.60 CON SUS NOCHEROS,Nochero,SECCION TAPICERIA MANO DE OBRA=,115,HECHURA,1.0,,210000.0,210000.0,FIJO
2867,35,36,CAMA NIVE  1,CAMA ABANANADO 1.60 CON SUS NOCHEROS,Nochero,SECCION TAPICERIA MANO DE OBRA=,116,LENCILLO,,METROS,2650.0,0.0,FORMULA
2868,36,37,CAMA HOLAS ,CAMA HOLAS 1.60 CON SUS NOCHEROS,Nochero,EBANISTA WILMER MANO DE OBRA=,8,MADERA (2),1756.0,APAMATE,140.0,245840.0,FORMULA
2869,36,37,CAMA HOLAS ,CAMA HOLAS 1.60 CON SUS NOCHEROS,Nochero,EBANISTA WILMER MANO DE OBRA=,9,MDF DE 2.7,1.125,LAMINA,65000.0,73125.0,AREA
2870,36,37,CAMA HOLAS ,CAMA HOLAS 1.60 CON SUS NOCHEROS,Nochero,EBANISTA WILMER MANO DE OBRA=,10,LAMINA DE 9,1.0,LAMINA,140000.0,140000.0,AREA
2871,36,37,CAMA HOLAS ,CAMA HOLAS 1.60 CON SUS NOCHEROS,Nochero,EBANISTA WILMER MANO DE OBRA=,11,LAMINA DE 5.5,,LAMINA,130000.0,0.0,FORMULA
2872,36,37,CAMA HOLAS ,CAMA HOLAS 1.60 CON SUS NOCHEROS,Nochero,EBANISTA WILMER MANO DE OBRA=,12,COLBON,1.6,LITRO,14000.0,22400.0,VOLUMEN
2873,36,37,CAMA HOLAS ,CAMA HOLAS 1.60 CON SUS NOCHEROS,Nochero,EBANISTA WILMER MANO DE OBRA=,13,GRAPAS,10.0,CAJA,5000.0,50000.0,ESPACIADO
2874,36,37,CAMA HOLAS ,CAMA HOLAS 1.60 CON SUS NOCHEROS,Nochero,EBANISTA WILMER MANO DE OBRA=,14,GANCHOS,1.0,PAR,20000.0,20000.0,FIJO
2875,36,37,CAMA HOLAS ,CAMA HOLAS 1.60 CON SUS NOCHEROS,Nochero,EBANISTA WILMER MANO DE OBRA=,15,F50,45.0,TIRAS,1000.0,45000.0,FORMULA
2876,36,37,CAMA HOLAS ,CAMA HOLAS 1.60 CON SUS NOCHEROS,Nochero,EBANISTA WILMER MANO DE OBRA=,16,"TORNILLOS DE 2""",500.0,Unidad,100.0,50000.0,ESPACIADO
2877,36,37,CAMA HOLAS ,CAMA HOLAS 1.60 CON SUS NOCHEROS,Nochero,EBANISTA WILMER MANO DE OBRA=,17,ebanisteria 300.000 x 5% de m.o,,,,315000.0,FORMULA
2878,36,37,CAMA HOLAS ,CAMA HOLAS 1.60 CON SUS NOCHEROS,Nochero,EBANISTA WILMER MANO DE OBRA=,19,gastos de Ebanisteria e 10%,,,,48068.0,FORMULA
2879,36,37,CAMA HOLAS ,CAMA HOLAS 1.60 CON SUS NOCHEROS,Nochero,EBANISTA WILMER MANO DE OBRA=,23,CORREDERAS 35 NORMAL,6.0,PAR,28000.0,168000.0,FORMULA
2880,36,37,CAMA HOLAS ,CAMA HOLAS 1.60 CON SUS NOCHEROS,Nochero,EBANISTA WILMER MANO DE OBRA=,24,CORREDERAS 35 PUFF,,PAR,38999.0,0.0,FIJO
2881,36,37,CAMA HOLAS ,CAMA HOLAS 1.60 CON SUS NOCHEROS,Nochero,EBANISTA WILMER MANO DE OBRA=,25,MANIJAS,,UNIDAD,10000.0,0.0,FORMULA
2882,36,37,CAMA HOLAS ,CAMA HOLAS 1.60 CON SUS NOCHEROS,Nochero,EBANISTA WILMER MANO DE OBRA=,26,"MDF DE 2,7",,1 PEDAZO DE 1.00X46=46,65000.0,0.0,FORMULA
2883,36,37,CAMA HOLAS ,CAMA HOLAS 1.60 CON SUS NOCHEROS,Nochero,EBANISTA WILMER MANO DE OBRA=,27,LAM MDF 5,,1 PEDASO DE 1.50X40=60,130000.0,0.0,FORMULA
2884,36,37,CAMA HOLAS ,CAMA HOLAS 1.60 CON SUS NOCHEROS,Nochero,EBANISTA WILMER MANO DE OBRA=,28,LAM MDF 9,,"1 PEDASO DE 1,50X40=60",140.0,0.0,FORMULA
2885,36,37,CAMA HOLAS ,CAMA HOLAS 1.60 CON SUS NOCHEROS,Nochero,EBANISTA WILMER MANO DE OBRA=,29,COLBON,,litros,14000.0,0.0,FORMULA
2886,36,37,CAMA HOLAS ,CAMA HOLAS 1.60 CON SUS NOCHEROS,Nochero,EBANISTA WILMER MANO DE OBRA=,30,GRAPAS,,Unidad,600.0,0.0,FIJO
2887,36,37,CAMA HOLAS ,CAMA HOLAS 1.60 CON SUS NOCHEROS,Nochero,EBANISTA WILMER MANO DE OBRA=,31,CLAVILLOS N F 40,,TIRA,1000.0,0.0,FIJO
2888,36,37,CAMA HOLAS ,CAMA HOLAS 1.60 CON SUS NOCHEROS,Nochero,EBANISTA WILMER MANO DE OBRA=,32,HECHURA,2.0,PAR,250000.0,500000.0,FORMULA
2889,36,37,CAMA HOLAS ,CAMA HOLAS 1.60 CON SUS NOCHEROS,Nochero,EBANISTA WILMER MANO DE OBRA=,33,"TORNILLOS DE 2""",,Unidad,100.0,0.0,FIJO
2890,36,37,CAMA HOLAS ,CAMA HOLAS 1.60 CON SUS NOCHEROS,Nochero,EBANISTA WILMER MANO DE OBRA=,36,gastos de Ebanisteria e 5%,,,,28820.0,FORMULA
2891,36,37,CAMA HOLAS ,CAMA HOLAS 1.60 CON SUS NOCHEROS,Nochero,SECCION PINTURA Y PREPARADA DE NOCHERO,38,SECCION PINTURA Y PREPARADA,DE NOCHERO,,,,FORMULA
2892,36,37,CAMA HOLAS ,CAMA HOLAS 1.60 CON SUS NOCHEROS,Nochero,SECCION PINTURA Y PREPARADA DE NOCHERO,39,PREPARADO JOTA,2.0,CON EL 5%,36750.0,73500.0,FORMULA
2893,36,37,CAMA HOLAS ,CAMA HOLAS 1.60 CON SUS NOCHEROS,Nochero,SECCION PINTURA Y PREPARADA DE NOCHERO,40,PINTURA ALEX,2.0,CON EL 5%,36750.0,73500.0,FORMULA
2894,36,37,CAMA HOLAS ,CAMA HOLAS 1.60 CON SUS NOCHEROS,Nochero,SECCION PINTURA Y PREPARADA DE NOCHERO,41,SELLADOR,2.0,PISTOLADAS,18000.0,36000.0,VOLUMEN
2895,36,37,CAMA HOLAS ,CAMA HOLAS 1.60 CON SUS NOCHEROS,Nochero,SECCION PINTURA Y PREPARADA DE NOCHERO,42,LIJA 400,1.5,unidades,2000.0,3000.0,FORMULA
2896,36,37,CAMA HOLAS ,CAMA HOLAS 1.60 CON SUS NOCHEROS,Nochero,SECCION PINTURA Y PREPARADA DE NOCHERO,43,NITRO,,galon,70000.0,0.0,FORMULA
2897,36,37,CAMA HOLAS ,CAMA HOLAS 1.60 CON SUS NOCHEROS,Nochero,SECCION PINTURA Y PREPARADA DE NOCHERO,44,VIDRIOS,,unidad,45000.0,0.0,FORMULA
2898,36,37,CAMA HOLAS ,CAMA HOLAS 1.60 CON SUS NOCHEROS,Nochero,SECCION PINTURA Y PREPARADA DE NOCHERO,45,TALCO,1.0,unidad,3000.0,3000.0,FIJO
2899,36,37,CAMA HOLAS ,CAMA HOLAS 1.60 CON SUS NOCHEROS,Nochero,SECCION PINTURA Y PREPARADA DE NOCHERO,46,TINER,,GALON,34000.0,0.0,FORMULA
2900,36,37,CAMA HOLAS ,CAMA HOLAS 1.60 CON SUS NOCHEROS,Nochero,SECCION PINTURA Y PREPARADA DE NOCHERO,47,TOPES,,JALADORES,3000.0,0.0,FORMULA
2901,36,37,CAMA HOLAS ,CAMA HOLAS 1.60 CON SUS NOCHEROS,Nochero,SECCION PINTURA Y PREPARADA DE NOCHERO,48,COLOR,2.0,PISTOLADA,22000.0,44000.0,VOLUMEN
2902,36,37,CAMA HOLAS ,CAMA HOLAS 1.60 CON SUS NOCHEROS,Nochero,SECCION PINTURA Y PREPARADA DE NOCHERO,49,COLOR,0.0,PISTOLADA,22000.0,0.0,VOLUMEN
2903,36,37,CAMA HOLAS ,CAMA HOLAS 1.60 CON SUS NOCHEROS,Nochero,SECCION PINTURA Y PREPARADA DE NOCHERO,50,ENCINA,,galon,160000.0,0.0,FORMULA
2904,36,37,CAMA HOLAS ,CAMA HOLAS 1.60 CON SUS NOCHEROS,Nochero,SECCION PINTURA Y PREPARADA DE NOCHERO,51,GASOLINA,0.1,ML,4500.0,450.0,LINEAL
2905,36,37,CAMA HOLAS ,CAMA HOLAS 1.60 CON SUS NOCHEROS,Nochero,SECCION PINTURA Y PREPARADA DE NOCHERO,52,RESANE,,LITRO,20000.0,0.0,FORMULA
2906,36,37,CAMA HOLAS ,CAMA HOLAS 1.60 CON SUS NOCHEROS,Nochero,SECCION PINTURA Y PREPARADA DE NOCHERO,53,LACA S/M,1.5,PISTOLADA,23000.0,34500.0,VOLUMEN
2907,36,37,CAMA HOLAS ,CAMA HOLAS 1.60 CON SUS NOCHEROS,Nochero,SECCION PINTURA Y PREPARADA DE NOCHERO,55,Gastos de Pintura 10%,,,,26795.0,FORMULA
2908,36,37,CAMA HOLAS ,CAMA HOLAS 1.60 CON SUS NOCHEROS,Nochero,SECCION PINTURA Y PREPARADA PATAS,57,SECCION PINTURA Y PREPARADA,PATAS ,,,,FORMULA
2909,36,37,CAMA HOLAS ,CAMA HOLAS 1.60 CON SUS NOCHEROS,Nochero,SECCION PINTURA Y PREPARADA PATAS,58,PREPARADO JOTA,,CON EL 5%,63000.0,0.0,FORMULA
2910,36,37,CAMA HOLAS ,CAMA HOLAS 1.60 CON SUS NOCHEROS,Nochero,SECCION PINTURA Y PREPARADA PATAS,59,PINTURA ALEX,,CON EL 5%,26250.0,0.0,FORMULA
2911,36,37,CAMA HOLAS ,CAMA HOLAS 1.60 CON SUS NOCHEROS,Nochero,SECCION PINTURA Y PREPARADA PATAS,60,PINTURA DE PATAS ALEX,,,2100.0,0.0,FIJO
2912,36,37,CAMA HOLAS ,CAMA HOLAS 1.60 CON SUS NOCHEROS,Nochero,SECCION PINTURA Y PREPARADA PATAS,61,SELLADOR,,PISTOLADAS,18000.0,0.0,FORMULA
2913,36,37,CAMA HOLAS ,CAMA HOLAS 1.60 CON SUS NOCHEROS,Nochero,SECCION PINTURA Y PREPARADA PATAS,62,LIJA 400,,unidades,2000.0,0.0,FORMULA
2914,36,37,CAMA HOLAS ,CAMA HOLAS 1.60 CON SUS NOCHEROS,Nochero,SECCION PINTURA Y PREPARADA PATAS,63,NITRO,,galon,,0.0,FORMULA
2915,36,37,CAMA HOLAS ,CAMA HOLAS 1.60 CON SUS NOCHEROS,Nochero,SECCION PINTURA Y PREPARADA PATAS,64,lija 220,,unidad,2000.0,0.0,FORMULA
2916,36,37,CAMA HOLAS ,CAMA HOLAS 1.60 CON SUS NOCHEROS,Nochero,SECCION PINTURA Y PREPARADA PATAS,65,lija 120,,unidad,2000.0,0.0,FORMULA
2917,36,37,CAMA HOLAS ,CAMA HOLAS 1.60 CON SUS NOCHEROS,Nochero,SECCION PINTURA Y PREPARADA PATAS,66,LACA SEMIMATE,,GALON,23000.0,0.0,FORMULA
2918,36,37,CAMA HOLAS ,CAMA HOLAS 1.60 CON SUS NOCHEROS,Nochero,SECCION PINTURA Y PREPARADA PATAS,67,kerosen,,litro,18000.0,0.0,FORMULA
2919,36,37,CAMA HOLAS ,CAMA HOLAS 1.60 CON SUS NOCHEROS,Nochero,SECCION PINTURA Y PREPARADA PATAS,68,COLOR,,PISTOLADA,20000.0,0.0,FORMULA
2920,36,37,CAMA HOLAS ,CAMA HOLAS 1.60 CON SUS NOCHEROS,Nochero,SECCION PINTURA Y PREPARADA PATAS,69,TINTE MIEL,,galon,,0.0,FORMULA
2921,36,37,CAMA HOLAS ,CAMA HOLAS 1.60 CON SUS NOCHEROS,Nochero,SECCION PINTURA Y PREPARADA PATAS,70,GASOLINA,,LITRO,4.5,0.0,FORMULA
2922,36,37,CAMA HOLAS ,CAMA HOLAS 1.60 CON SUS NOCHEROS,Nochero,SECCION PINTURA Y PREPARADA PATAS,71,RESANE,,LITRO,23000.0,0.0,FORMULA
2923,36,37,CAMA HOLAS ,CAMA HOLAS 1.60 CON SUS NOCHEROS,Nochero,SECCION PINTURA Y PREPARADA PATAS,72,TORNIILLOS DE PATAS,16.0,UNIDAD,100.0,1600.0,FORMULA
2924,36,37,CAMA HOLAS ,CAMA HOLAS 1.60 CON SUS NOCHEROS,Nochero,SECCION PINTURA Y PREPARADA PATAS,74,Gastos de Pintura 10%,,,,2400.0,FORMULA
2925,36,37,CAMA HOLAS ,CAMA HOLAS 1.60 CON SUS NOCHEROS,Nochero,SECCION TERMINACION,77,CHAPERAS,1.0,JUEGO DE 4,90000.0,90000.0,FIJO
2926,36,37,CAMA HOLAS ,CAMA HOLAS 1.60 CON SUS NOCHEROS,Nochero,SECCION TERMINACION,78,REGLETA ANCHA,,UNIDAD,20000.0,0.0,FORMULA
2927,36,37,CAMA HOLAS ,CAMA HOLAS 1.60 CON SUS NOCHEROS,Nochero,SECCION TERMINACION,79,REGLETA DELGADA,,UNIDAD,20000.0,0.0,FORMULA
2928,36,37,CAMA HOLAS ,CAMA HOLAS 1.60 CON SUS NOCHEROS,Nochero,SECCION TERMINACION,80,LAMPARAS DE LUZ,,UNIDADES,100000.0,0.0,FORMULA
2929,36,37,CAMA HOLAS ,CAMA HOLAS 1.60 CON SUS NOCHEROS,Nochero,SECCION TERMINACION,81,CABLE DE 12,,METROS,3000.0,0.0,FORMULA
2930,36,37,CAMA HOLAS ,CAMA HOLAS 1.60 CON SUS NOCHEROS,Nochero,SECCION TERMINACION,82,APAGADORES,,PAR,1500.0,0.0,FORMULA
2931,36,37,CAMA HOLAS ,CAMA HOLAS 1.60 CON SUS NOCHEROS,Nochero,SECCION TERMINACION,83,ENCHUFLES BLANCO MACHO,,UNIDADES,2000.0,0.0,FORMULA
2932,36,37,CAMA HOLAS ,CAMA HOLAS 1.60 CON SUS NOCHEROS,Nochero,SECCION TERMINACION,84,HERRAJES DE CAMA,,PAR,160000.0,0.0,FORMULA
2933,36,37,CAMA HOLAS ,CAMA HOLAS 1.60 CON SUS NOCHEROS,Nochero,SECCION TERMINACION,85,JALADORES,,UNIDAD,26800.0,0.0,FIJO
2934,36,37,CAMA HOLAS ,CAMA HOLAS 1.60 CON SUS NOCHEROS,Nochero,SECCION TERMINACION,86,MULTIUSOS,,UNIDADES,3000.0,0.0,FORMULA
2935,36,37,CAMA HOLAS ,CAMA HOLAS 1.60 CON SUS NOCHEROS,Nochero,SECCION TERMINACION,87,CORREDERAS,,unidades,8000.0,0.0,FIJO
2936,36,37,CAMA HOLAS ,CAMA HOLAS 1.60 CON SUS NOCHEROS,Nochero,SECCION TERMINACION,88,EMBALADA,1.0,unidades,150000.0,150000.0,FIJO
2937,36,37,CAMA HOLAS ,CAMA HOLAS 1.60 CON SUS NOCHEROS,Nochero,SECCION TERMINACION,91,SECCION TENDIDO,,,,0.0,FORMULA
2938,36,37,CAMA HOLAS ,CAMA HOLAS 1.60 CON SUS NOCHEROS,Nochero,SECCION TERMINACION,92,MADERA 60X1X4,600.0,APAMATE,140.0,84000.0,FORMULA
2939,36,37,CAMA HOLAS ,CAMA HOLAS 1.60 CON SUS NOCHEROS,Nochero,SECCION TERMINACION,93,LIENCILLO,4.0,METROS,4000.0,16000.0,LINEAL
2940,36,37,CAMA HOLAS ,CAMA HOLAS 1.60 CON SUS NOCHEROS,Nochero,SECCION TERMINACION,94,GRAPAS,6.0,CAJA,1000.0,6000.0,ESPACIADO
2941,36,37,CAMA HOLAS ,CAMA HOLAS 1.60 CON SUS NOCHEROS,Nochero,SECCION TERMINACION,95,MDF DE 9,1.0,LAMINA,140000.0,140000.0,AREA
2942,36,37,CAMA HOLAS ,CAMA HOLAS 1.60 CON SUS NOCHEROS,Nochero,SECCION TERMINACION,96,COLBON,0.4,LITRO,14000.0,5600.0,VOLUMEN
2943,36,37,CAMA HOLAS ,CAMA HOLAS 1.60 CON SUS NOCHEROS,Nochero,SECCION TERMINACION,97,"TORNILLOS DE 2""",40.0,UNIDAD,100.0,4000.0,ESPACIADO
2944,36,37,CAMA HOLAS ,CAMA HOLAS 1.60 CON SUS NOCHEROS,Nochero,SECCION TERMINACION,98,PATAS DE TENDIDOS,6.0,TIRA,2100.0,12600.0,FORMULA
2945,36,37,CAMA HOLAS ,CAMA HOLAS 1.60 CON SUS NOCHEROS,Nochero,SECCION TERMINACION,99,HECHURA,1.0,UNIDAD,63000.0,63000.0,FIJO
2946,36,37,CAMA HOLAS ,CAMA HOLAS 1.60 CON SUS NOCHEROS,Nochero,SECCION TAPICERIA MANO DE OBRA=,102,SECCION TAPICERIA,,MANO DE OBRA=,,,FORMULA
2947,36,37,CAMA HOLAS ,CAMA HOLAS 1.60 CON SUS NOCHEROS,Nochero,SECCION TAPICERIA MANO DE OBRA=,103,TELA ESTARLIN,10.0,METROS,31000.0,310000.0,AREA
2948,36,37,CAMA HOLAS ,CAMA HOLAS 1.60 CON SUS NOCHEROS,Nochero,SECCION TAPICERIA MANO DE OBRA=,104,TRITURADO,2.0,UNIDAD,15000.0,30000.0,FORMULA
2949,36,37,CAMA HOLAS ,CAMA HOLAS 1.60 CON SUS NOCHEROS,Nochero,SECCION TAPICERIA MANO DE OBRA=,105,ESPUMA 2 AZUL,0.75,LAMINA,41340.0,31005.0,AREA
2950,36,37,CAMA HOLAS ,CAMA HOLAS 1.60 CON SUS NOCHEROS,Nochero,SECCION TAPICERIA MANO DE OBRA=,106,GRAPAS,0.5,CAJA DE GRAPAS,12000.0,6000.0,ESPACIADO
2951,36,37,CAMA HOLAS ,CAMA HOLAS 1.60 CON SUS NOCHEROS,Nochero,SECCION TAPICERIA MANO DE OBRA=,107,TORNILLOS 2,24.0,UNIDADES,100.0,2400.0,ESPACIADO
2952,36,37,CAMA HOLAS ,CAMA HOLAS 1.60 CON SUS NOCHEROS,Nochero,SECCION TAPICERIA MANO DE OBRA=,108,RIATA,0.12,UNIDADES,43000.0,5160.0,FORMULA
2953,36,37,CAMA HOLAS ,CAMA HOLAS 1.60 CON SUS NOCHEROS,Nochero,SECCION TAPICERIA MANO DE OBRA=,109,ESPUMA DE 1/2'' ROSADA,0.75,UNIDADES,20000.0,15000.0,AREA
2954,36,37,CAMA HOLAS ,CAMA HOLAS 1.60 CON SUS NOCHEROS,Nochero,SECCION TAPICERIA MANO DE OBRA=,110,ESPUMA 1 BLANCA,,LAMINA,9804.0,0.0,FORMULA
2955,36,37,CAMA HOLAS ,CAMA HOLAS 1.60 CON SUS NOCHEROS,Nochero,SECCION TAPICERIA MANO DE OBRA=,111,ESPUMA 1 1/2'' AZUL,,MTS,1000.0,0.0,FORMULA
2956,36,37,CAMA HOLAS ,CAMA HOLAS 1.60 CON SUS NOCHEROS,Nochero,SECCION TAPICERIA MANO DE OBRA=,112,ALGODON CILICONADO,2.0,UNIDADES,14000.0,28000.0,FORMULA
2957,36,37,CAMA HOLAS ,CAMA HOLAS 1.60 CON SUS NOCHEROS,Nochero,SECCION TAPICERIA MANO DE OBRA=,113,COSTAL,2.0,METROS,3500.0,7000.0,AREA
2958,36,37,CAMA HOLAS ,CAMA HOLAS 1.60 CON SUS NOCHEROS,Nochero,SECCION TAPICERIA MANO DE OBRA=,114,HILO,,UNIDAD,25000.0,0.0,FORMULA
2959,36,37,CAMA HOLAS ,CAMA HOLAS 1.60 CON SUS NOCHEROS,Nochero,SECCION TAPICERIA MANO DE OBRA=,115,GUATA,2.5,UNIDAD,18500.0,46250.0,FORMULA
2960,36,37,CAMA HOLAS ,CAMA HOLAS 1.60 CON SUS NOCHEROS,Nochero,SECCION TAPICERIA MANO DE OBRA=,116,PEGANTE DE PISTOLA,,PISTOLADA,43000.0,0.0,FORMULA
2961,36,37,CAMA HOLAS ,CAMA HOLAS 1.60 CON SUS NOCHEROS,Nochero,SECCION TAPICERIA MANO DE OBRA=,117,SUPER,0.3,LITRO,19000.0,5700.0,VOLUMEN
2962,36,37,CAMA HOLAS ,CAMA HOLAS 1.60 CON SUS NOCHEROS,Nochero,SECCION TAPICERIA MANO DE OBRA=,118,CARTON,,UNIDADES,5500.0,0.0,FORMULA
2963,36,37,CAMA HOLAS ,CAMA HOLAS 1.60 CON SUS NOCHEROS,Nochero,SECCION TAPICERIA MANO DE OBRA=,119,CABULLA,0.5,UNIDADES,13000.0,6500.0,FORMULA
2964,36,37,CAMA HOLAS ,CAMA HOLAS 1.60 CON SUS NOCHEROS,Nochero,SECCION TAPICERIA MANO DE OBRA=,120,HECHURA,1.0,,210000.0,210000.0,FIJO
2965,36,37,CAMA HOLAS ,CAMA HOLAS 1.60 CON SUS NOCHEROS,Nochero,SECCION TAPICERIA MANO DE OBRA=,121,LENCILLO,,METROS,2650.0,0.0,FORMULA
2966,37,38,CAMA MODELO MILANO ,CAMA MILANO 2X2CON SUS NOCHEROS,Nochero,EBANISTA WILMER MANO DE OBRA=,8,MADERA (2),2778.0,APAMATE,140.0,388920.0,FORMULA
2967,37,38,CAMA MODELO MILANO ,CAMA MILANO 2X2CON SUS NOCHEROS,Nochero,EBANISTA WILMER MANO DE OBRA=,9,MDF DE 6.5,1.0,MDF,65000.0,65000.0,AREA
2968,37,38,CAMA MODELO MILANO ,CAMA MILANO 2X2CON SUS NOCHEROS,Nochero,EBANISTA WILMER MANO DE OBRA=,10,BISAGRAS,2.0,PARES,14000.0,28000.0,FORMULA
2969,37,38,CAMA MODELO MILANO ,CAMA MILANO 2X2CON SUS NOCHEROS,Nochero,EBANISTA WILMER MANO DE OBRA=,11,LAMINA DE 15,0.16,LAMINA,210000.0,33600.0,AREA
2970,37,38,CAMA MODELO MILANO ,CAMA MILANO 2X2CON SUS NOCHEROS,Nochero,EBANISTA WILMER MANO DE OBRA=,12,LAMINA DE 12,0.33,LAMINA,175000.0,57750.0,AREA
2971,37,38,CAMA MODELO MILANO ,CAMA MILANO 2X2CON SUS NOCHEROS,Nochero,EBANISTA WILMER MANO DE OBRA=,13,COLBON,0.5,LITRO,14000.0,7000.0,VOLUMEN
2972,37,38,CAMA MODELO MILANO ,CAMA MILANO 2X2CON SUS NOCHEROS,Nochero,EBANISTA WILMER MANO DE OBRA=,14,GRAPAS,30.0,CAJA,500.0,15000.0,ESPACIADO
2973,37,38,CAMA MODELO MILANO ,CAMA MILANO 2X2CON SUS NOCHEROS,Nochero,EBANISTA WILMER MANO DE OBRA=,15,GANCHOS,1.0,PAR,20000.0,20000.0,FIJO
2974,37,38,CAMA MODELO MILANO ,CAMA MILANO 2X2CON SUS NOCHEROS,Nochero,EBANISTA WILMER MANO DE OBRA=,16,F40,20.0,TIRAS,1000.0,20000.0,FORMULA
2975,37,38,CAMA MODELO MILANO ,CAMA MILANO 2X2CON SUS NOCHEROS,Nochero,EBANISTA WILMER MANO DE OBRA=,17,"TORNILLOS DE 2""",300.0,Unidad,100.0,30000.0,ESPACIADO
2976,37,38,CAMA MODELO MILANO ,CAMA MILANO 2X2CON SUS NOCHEROS,Nochero,EBANISTA WILMER MANO DE OBRA=,18,FABRICACION,,,,315000.0,FORMULA
2977,37,38,CAMA MODELO MILANO ,CAMA MILANO 2X2CON SUS NOCHEROS,Nochero,EBANISTA WILMER MANO DE OBRA=,20,gastos de Ebanisteria e 10%,,,,49013.5,FORMULA
2978,37,38,CAMA MODELO MILANO ,CAMA MILANO 2X2CON SUS NOCHEROS,Nochero,EBANISTA WILMER MANO DE OBRA=,24,CORREDERAS 35 NORMAL,2.0,PAR,28000.0,56000.0,FORMULA
2979,37,38,CAMA MODELO MILANO ,CAMA MILANO 2X2CON SUS NOCHEROS,Nochero,EBANISTA WILMER MANO DE OBRA=,25,CORREDERAS 35 PUFF,,PAR,38999.0,0.0,FIJO
2980,37,38,CAMA MODELO MILANO ,CAMA MILANO 2X2CON SUS NOCHEROS,Nochero,EBANISTA WILMER MANO DE OBRA=,26,MANIJAS,2.0,UNIDAD,10000.0,20000.0,FORMULA
2981,37,38,CAMA MODELO MILANO ,CAMA MILANO 2X2CON SUS NOCHEROS,Nochero,EBANISTA WILMER MANO DE OBRA=,27,"MDF DE 2,7",,1 PEDAZO DE 1.00X46=46,65000.0,0.0,FORMULA
2982,37,38,CAMA MODELO MILANO ,CAMA MILANO 2X2CON SUS NOCHEROS,Nochero,EBANISTA WILMER MANO DE OBRA=,28,LAM MDF 5,,1 PEDASO DE 1.50X40=60,130000.0,0.0,FORMULA
2983,37,38,CAMA MODELO MILANO ,CAMA MILANO 2X2CON SUS NOCHEROS,Nochero,EBANISTA WILMER MANO DE OBRA=,29,LAM MDF 9,,"1 PEDASO DE 1,50X40=60",140.0,0.0,FORMULA
2984,37,38,CAMA MODELO MILANO ,CAMA MILANO 2X2CON SUS NOCHEROS,Nochero,EBANISTA WILMER MANO DE OBRA=,30,COLBON,,litros,14000.0,0.0,FORMULA
2985,37,38,CAMA MODELO MILANO ,CAMA MILANO 2X2CON SUS NOCHEROS,Nochero,EBANISTA WILMER MANO DE OBRA=,31,GRAPAS,,Unidad,600.0,0.0,FIJO
2986,37,38,CAMA MODELO MILANO ,CAMA MILANO 2X2CON SUS NOCHEROS,Nochero,EBANISTA WILMER MANO DE OBRA=,32,CLAVILLOS N F 40,,TIRA,1000.0,0.0,FIJO
2987,37,38,CAMA MODELO MILANO ,CAMA MILANO 2X2CON SUS NOCHEROS,Nochero,EBANISTA WILMER MANO DE OBRA=,33,HECHURA,2.0,PAR,250000.0,500000.0,FORMULA
2988,37,38,CAMA MODELO MILANO ,CAMA MILANO 2X2CON SUS NOCHEROS,Nochero,EBANISTA WILMER MANO DE OBRA=,34,"TORNILLOS DE 2""",4.0,Unidad,100.0,400.0,ESPACIADO
2989,37,38,CAMA MODELO MILANO ,CAMA MILANO 2X2CON SUS NOCHEROS,Nochero,EBANISTA WILMER MANO DE OBRA=,37,gastos de Ebanisteria e 5%,,,,28820.0,FORMULA
2990,37,38,CAMA MODELO MILANO ,CAMA MILANO 2X2CON SUS NOCHEROS,Nochero,SECCION PINTURA Y PREPARADA DE NOCHERO,39,SECCION PINTURA Y PREPARADA,DE NOCHERO,,,,FORMULA
2991,37,38,CAMA MODELO MILANO ,CAMA MILANO 2X2CON SUS NOCHEROS,Nochero,SECCION PINTURA Y PREPARADA DE NOCHERO,40,PREPARADO JOTA,2.0,CON EL 5%,36750.0,73500.0,FORMULA
2992,37,38,CAMA MODELO MILANO ,CAMA MILANO 2X2CON SUS NOCHEROS,Nochero,SECCION PINTURA Y PREPARADA DE NOCHERO,41,PINTURA ALEX,2.0,CON EL 5%,36750.0,73500.0,FORMULA
2993,37,38,CAMA MODELO MILANO ,CAMA MILANO 2X2CON SUS NOCHEROS,Nochero,SECCION PINTURA Y PREPARADA DE NOCHERO,42,SELLADOR,2.0,PISTOLADAS,18000.0,36000.0,VOLUMEN
2994,37,38,CAMA MODELO MILANO ,CAMA MILANO 2X2CON SUS NOCHEROS,Nochero,SECCION PINTURA Y PREPARADA DE NOCHERO,43,LIJA 400,1.5,unidades,2000.0,3000.0,FORMULA
2995,37,38,CAMA MODELO MILANO ,CAMA MILANO 2X2CON SUS NOCHEROS,Nochero,SECCION PINTURA Y PREPARADA DE NOCHERO,44,NITRO,,galon,70000.0,0.0,FORMULA
2996,37,38,CAMA MODELO MILANO ,CAMA MILANO 2X2CON SUS NOCHEROS,Nochero,SECCION PINTURA Y PREPARADA DE NOCHERO,45,VIDRIOS,,unidad,45000.0,0.0,FORMULA
2997,37,38,CAMA MODELO MILANO ,CAMA MILANO 2X2CON SUS NOCHEROS,Nochero,SECCION PINTURA Y PREPARADA DE NOCHERO,46,TALCO,1.0,unidad,3000.0,3000.0,FIJO
2998,37,38,CAMA MODELO MILANO ,CAMA MILANO 2X2CON SUS NOCHEROS,Nochero,SECCION PINTURA Y PREPARADA DE NOCHERO,47,TINER,,GALON,34000.0,0.0,FORMULA
2999,37,38,CAMA MODELO MILANO ,CAMA MILANO 2X2CON SUS NOCHEROS,Nochero,SECCION PINTURA Y PREPARADA DE NOCHERO,48,TOPES,,JALADORES,3000.0,0.0,FORMULA
3000,37,38,CAMA MODELO MILANO ,CAMA MILANO 2X2CON SUS NOCHEROS,Nochero,SECCION PINTURA Y PREPARADA DE NOCHERO,49,COLOR,2.0,PISTOLADA,22000.0,44000.0,VOLUMEN
3001,37,38,CAMA MODELO MILANO ,CAMA MILANO 2X2CON SUS NOCHEROS,Nochero,SECCION PINTURA Y PREPARADA DE NOCHERO,50,COLOR,0.0,PISTOLADA,22000.0,0.0,VOLUMEN
3002,37,38,CAMA MODELO MILANO ,CAMA MILANO 2X2CON SUS NOCHEROS,Nochero,SECCION PINTURA Y PREPARADA DE NOCHERO,51,ENCINA,,galon,160000.0,0.0,FORMULA
3003,37,38,CAMA MODELO MILANO ,CAMA MILANO 2X2CON SUS NOCHEROS,Nochero,SECCION PINTURA Y PREPARADA DE NOCHERO,52,GASOLINA,0.1,ML,4500.0,450.0,LINEAL
3004,37,38,CAMA MODELO MILANO ,CAMA MILANO 2X2CON SUS NOCHEROS,Nochero,SECCION PINTURA Y PREPARADA DE NOCHERO,53,RESANE,,LITRO,20000.0,0.0,FORMULA
3005,37,38,CAMA MODELO MILANO ,CAMA MILANO 2X2CON SUS NOCHEROS,Nochero,SECCION PINTURA Y PREPARADA DE NOCHERO,54,LACA S/M,1.5,PISTOLADA,23000.0,34500.0,VOLUMEN
3006,37,38,CAMA MODELO MILANO ,CAMA MILANO 2X2CON SUS NOCHEROS,Nochero,SECCION PINTURA Y PREPARADA DE NOCHERO,56,Gastos de Pintura 10%,,,,26795.0,FORMULA
3007,37,38,CAMA MODELO MILANO ,CAMA MILANO 2X2CON SUS NOCHEROS,Nochero,SECCION PINTURA Y PREPARADA PATAS,58,SECCION PINTURA Y PREPARADA,PATAS ,,,,FORMULA
3008,37,38,CAMA MODELO MILANO ,CAMA MILANO 2X2CON SUS NOCHEROS,Nochero,SECCION PINTURA Y PREPARADA PATAS,59,PREPARADO JOTA,1.0,CON EL 5%,47250.0,47250.0,FIJO
3009,37,38,CAMA MODELO MILANO ,CAMA MILANO 2X2CON SUS NOCHEROS,Nochero,SECCION PINTURA Y PREPARADA PATAS,60,PINTURA ALEX,1.0,CON EL 5%,78750.0,78750.0,FIJO
3010,37,38,CAMA MODELO MILANO ,CAMA MILANO 2X2CON SUS NOCHEROS,Nochero,SECCION PINTURA Y PREPARADA PATAS,61,PINTURA DE PATAS ALEX,,,2100.0,0.0,FIJO
3011,37,38,CAMA MODELO MILANO ,CAMA MILANO 2X2CON SUS NOCHEROS,Nochero,SECCION PINTURA Y PREPARADA PATAS,62,SELLADOR,2.0,PISTOLADAS,18000.0,36000.0,VOLUMEN
3012,37,38,CAMA MODELO MILANO ,CAMA MILANO 2X2CON SUS NOCHEROS,Nochero,SECCION PINTURA Y PREPARADA PATAS,63,LIJA 400,,unidades,2000.0,0.0,FORMULA
3013,37,38,CAMA MODELO MILANO ,CAMA MILANO 2X2CON SUS NOCHEROS,Nochero,SECCION PINTURA Y PREPARADA PATAS,64,NITRO,,galon,,0.0,FORMULA
3014,37,38,CAMA MODELO MILANO ,CAMA MILANO 2X2CON SUS NOCHEROS,Nochero,SECCION PINTURA Y PREPARADA PATAS,65,lija 220,,unidad,2000.0,0.0,FORMULA
3015,37,38,CAMA MODELO MILANO ,CAMA MILANO 2X2CON SUS NOCHEROS,Nochero,SECCION PINTURA Y PREPARADA PATAS,66,lija 120,,unidad,2000.0,0.0,FORMULA
3016,37,38,CAMA MODELO MILANO ,CAMA MILANO 2X2CON SUS NOCHEROS,Nochero,SECCION PINTURA Y PREPARADA PATAS,67,LACA SEMIMATE,2.0,GALON,23000.0,46000.0,VOLUMEN
3017,37,38,CAMA MODELO MILANO ,CAMA MILANO 2X2CON SUS NOCHEROS,Nochero,SECCION PINTURA Y PREPARADA PATAS,68,kerosen,,litro,18000.0,0.0,FORMULA
3018,37,38,CAMA MODELO MILANO ,CAMA MILANO 2X2CON SUS NOCHEROS,Nochero,SECCION PINTURA Y PREPARADA PATAS,69,COLOR,2.5,PISTOLADA,20000.0,50000.0,VOLUMEN
3019,37,38,CAMA MODELO MILANO ,CAMA MILANO 2X2CON SUS NOCHEROS,Nochero,SECCION PINTURA Y PREPARADA PATAS,70,TINTE MIEL,,galon,,0.0,FORMULA
3020,37,38,CAMA MODELO MILANO ,CAMA MILANO 2X2CON SUS NOCHEROS,Nochero,SECCION PINTURA Y PREPARADA PATAS,71,GASOLINA,2.5,LITRO,3000.0,7500.0,VOLUMEN
3021,37,38,CAMA MODELO MILANO ,CAMA MILANO 2X2CON SUS NOCHEROS,Nochero,SECCION PINTURA Y PREPARADA PATAS,72,RESANE,,LITRO,23000.0,0.0,FORMULA
3022,37,38,CAMA MODELO MILANO ,CAMA MILANO 2X2CON SUS NOCHEROS,Nochero,SECCION PINTURA Y PREPARADA PATAS,73,TORNIILLOS DE PATAS,16.0,UNIDAD,100.0,1600.0,FORMULA
3023,37,38,CAMA MODELO MILANO ,CAMA MILANO 2X2CON SUS NOCHEROS,Nochero,SECCION PINTURA Y PREPARADA PATAS,75,Gastos de Pintura 10%,,,,2400.0,FORMULA
3024,37,38,CAMA MODELO MILANO ,CAMA MILANO 2X2CON SUS NOCHEROS,Nochero,SECCION TERMINACION,78,TOMAS NEGROS,,UNIDAD,10500.0,0.0,FORMULA
3025,37,38,CAMA MODELO MILANO ,CAMA MILANO 2X2CON SUS NOCHEROS,Nochero,SECCION TERMINACION,79,REGLETA ANCHA,,UNIDAD,20000.0,0.0,FORMULA
3026,37,38,CAMA MODELO MILANO ,CAMA MILANO 2X2CON SUS NOCHEROS,Nochero,SECCION TERMINACION,80,REGLETA DELGADA,,UNIDAD,20000.0,0.0,FORMULA
3027,37,38,CAMA MODELO MILANO ,CAMA MILANO 2X2CON SUS NOCHEROS,Nochero,SECCION TERMINACION,81,LAMPARAS DE LUZ,,UNIDADES,100000.0,0.0,FORMULA
3028,37,38,CAMA MODELO MILANO ,CAMA MILANO 2X2CON SUS NOCHEROS,Nochero,SECCION TERMINACION,82,CABLE DE 12,,METROS,3000.0,0.0,FORMULA
3029,37,38,CAMA MODELO MILANO ,CAMA MILANO 2X2CON SUS NOCHEROS,Nochero,SECCION TERMINACION,83,APAGADORES,,PAR,1500.0,0.0,FORMULA
3030,37,38,CAMA MODELO MILANO ,CAMA MILANO 2X2CON SUS NOCHEROS,Nochero,SECCION TERMINACION,84,ENCHUFLES BLANCO MACHO,,UNIDADES,2000.0,0.0,FORMULA
3031,37,38,CAMA MODELO MILANO ,CAMA MILANO 2X2CON SUS NOCHEROS,Nochero,SECCION TERMINACION,85,HERRAJES DE CAMA,,PAR,160000.0,0.0,FORMULA
3032,37,38,CAMA MODELO MILANO ,CAMA MILANO 2X2CON SUS NOCHEROS,Nochero,SECCION TERMINACION,86,JALADORES,,UNIDAD,26800.0,0.0,FIJO
3033,37,38,CAMA MODELO MILANO ,CAMA MILANO 2X2CON SUS NOCHEROS,Nochero,SECCION TERMINACION,87,MULTIUSOS,,UNIDADES,3000.0,0.0,FORMULA
3034,37,38,CAMA MODELO MILANO ,CAMA MILANO 2X2CON SUS NOCHEROS,Nochero,SECCION TERMINACION,88,CORREDERAS,,unidades,8000.0,0.0,FIJO
3035,37,38,CAMA MODELO MILANO ,CAMA MILANO 2X2CON SUS NOCHEROS,Nochero,SECCION TERMINACION,89,EMBALADA,1.0,unidades,150000.0,150000.0,FIJO
3036,37,38,CAMA MODELO MILANO ,CAMA MILANO 2X2CON SUS NOCHEROS,Nochero,SECCION TERMINACION,92,SECCION TENDIDO,,,,0.0,FORMULA
3037,37,38,CAMA MODELO MILANO ,CAMA MILANO 2X2CON SUS NOCHEROS,Nochero,SECCION TERMINACION,93,MADERA 60X1X4,600.0,APAMATE,140.0,84000.0,FORMULA
3038,37,38,CAMA MODELO MILANO ,CAMA MILANO 2X2CON SUS NOCHEROS,Nochero,SECCION TERMINACION,94,LIENCILLO,4.0,METROS,4000.0,16000.0,LINEAL
3039,37,38,CAMA MODELO MILANO ,CAMA MILANO 2X2CON SUS NOCHEROS,Nochero,SECCION TERMINACION,95,GRAPAS,6.0,CAJA,1000.0,6000.0,ESPACIADO
3040,37,38,CAMA MODELO MILANO ,CAMA MILANO 2X2CON SUS NOCHEROS,Nochero,SECCION TERMINACION,96,MDF DE 9,1.0,LAMINA,140000.0,140000.0,AREA
3041,37,38,CAMA MODELO MILANO ,CAMA MILANO 2X2CON SUS NOCHEROS,Nochero,SECCION TERMINACION,97,COLBON,0.4,LITRO,14000.0,5600.0,VOLUMEN
3042,37,38,CAMA MODELO MILANO ,CAMA MILANO 2X2CON SUS NOCHEROS,Nochero,SECCION TERMINACION,98,"TORNILLOS DE 2""",40.0,UNIDAD,100.0,4000.0,ESPACIADO
3043,37,38,CAMA MODELO MILANO ,CAMA MILANO 2X2CON SUS NOCHEROS,Nochero,SECCION TERMINACION,99,PATAS DE TENDIDOS,6.0,TIRA,2100.0,12600.0,FORMULA
3044,37,38,CAMA MODELO MILANO ,CAMA MILANO 2X2CON SUS NOCHEROS,Nochero,SECCION TERMINACION,100,HECHURA,1.0,UNIDAD,63000.0,63000.0,FIJO
3045,37,38,CAMA MODELO MILANO ,CAMA MILANO 2X2CON SUS NOCHEROS,Nochero,SECCION TAPICERIA MANO DE OBRA=,103,SECCION TAPICERIA,,MANO DE OBRA=,,,FORMULA
3046,37,38,CAMA MODELO MILANO ,CAMA MILANO 2X2CON SUS NOCHEROS,Nochero,SECCION TAPICERIA MANO DE OBRA=,104,TELA FOCUS HIELO,,METROS,33500.0,0.0,FORMULA
3047,37,38,CAMA MODELO MILANO ,CAMA MILANO 2X2CON SUS NOCHEROS,Nochero,SECCION TAPICERIA MANO DE OBRA=,105,ESPUMA 2 AZUL,0.83,LAMINA,41340.0,34312.2,AREA
3048,37,38,CAMA MODELO MILANO ,CAMA MILANO 2X2CON SUS NOCHEROS,Nochero,SECCION TAPICERIA MANO DE OBRA=,106,GRAPAS,0.5,CAJA DE GRAPAS,12000.0,6000.0,ESPACIADO
3049,37,38,CAMA MODELO MILANO ,CAMA MILANO 2X2CON SUS NOCHEROS,Nochero,SECCION TAPICERIA MANO DE OBRA=,107,TORNILLOS 2,46.0,UNIDADES,100.0,4600.0,ESPACIADO
3050,37,38,CAMA MODELO MILANO ,CAMA MILANO 2X2CON SUS NOCHEROS,Nochero,SECCION TAPICERIA MANO DE OBRA=,108,ESPUMA DE 1 1/2'' ROSADA,1.5,UNIDADES,30000.0,45000.0,AREA
3051,37,38,CAMA MODELO MILANO ,CAMA MILANO 2X2CON SUS NOCHEROS,Nochero,SECCION TAPICERIA MANO DE OBRA=,109,ESPUMA DE 1/2'' ROSADA,0.16,UNIDADES,20000.0,3200.0,AREA
3052,37,38,CAMA MODELO MILANO ,CAMA MILANO 2X2CON SUS NOCHEROS,Nochero,SECCION TAPICERIA MANO DE OBRA=,110,"ESPUMA 1,1/2 BLANCA",1.5,LAMINA,12500.0,18750.0,AREA
3053,37,38,CAMA MODELO MILANO ,CAMA MILANO 2X2CON SUS NOCHEROS,Nochero,SECCION TAPICERIA MANO DE OBRA=,111,ESPUMA 1 1/2'' AZUL,,MTS,1000.0,0.0,FORMULA
3054,37,38,CAMA MODELO MILANO ,CAMA MILANO 2X2CON SUS NOCHEROS,Nochero,SECCION TAPICERIA MANO DE OBRA=,112,COSTAL,2.2,METROS,3500.0,7700.0,AREA
3055,37,38,CAMA MODELO MILANO ,CAMA MILANO 2X2CON SUS NOCHEROS,Nochero,SECCION TAPICERIA MANO DE OBRA=,113,HILO,0.3,UNIDAD,25000.0,7500.0,FORMULA
3056,37,38,CAMA MODELO MILANO ,CAMA MILANO 2X2CON SUS NOCHEROS,Nochero,SECCION TAPICERIA MANO DE OBRA=,114,PEGANTE DE PISTOLA,0.5,PISTOLADA,13000.0,6500.0,VOLUMEN
3057,37,38,CAMA MODELO MILANO ,CAMA MILANO 2X2CON SUS NOCHEROS,Nochero,SECCION TAPICERIA MANO DE OBRA=,115,SUPER,0.5,LITRO,19000.0,9500.0,VOLUMEN
3058,37,38,CAMA MODELO MILANO ,CAMA MILANO 2X2CON SUS NOCHEROS,Nochero,SECCION TAPICERIA MANO DE OBRA=,116,CARTON,,UNIDADES,5500.0,0.0,FORMULA
3059,37,38,CAMA MODELO MILANO ,CAMA MILANO 2X2CON SUS NOCHEROS,Nochero,SECCION TAPICERIA MANO DE OBRA=,117,HECHURA,1.0,,210000.0,210000.0,FIJO
3060,37,38,CAMA MODELO MILANO ,CAMA MILANO 2X2CON SUS NOCHEROS,Nochero,SECCION TAPICERIA MANO DE OBRA=,118,LENCILLO,1.93,METROS,4000.0,7720.0,LINEAL
3061,38,39,CAMA ABANANADO 12-11-25,CAMA ABANANADO 1.60 CON SUS NOCHEROS,Nochero,EBANISTA WILMER MANO DE OBRA=,8,MADERA (2),1400.0,APAMATE,140.0,196000.0,FORMULA
3062,38,39,CAMA ABANANADO 12-11-25,CAMA ABANANADO 1.60 CON SUS NOCHEROS,Nochero,EBANISTA WILMER MANO DE OBRA=,9,MDF DE 2.7,0.6,LAMINA,65000.0,39000.0,AREA
3063,38,39,CAMA ABANANADO 12-11-25,CAMA ABANANADO 1.60 CON SUS NOCHEROS,Nochero,EBANISTA WILMER MANO DE OBRA=,10,LAMINA DE 15,0.4,LAMINA,210000.0,84000.0,AREA
3064,38,39,CAMA ABANANADO 12-11-25,CAMA ABANANADO 1.60 CON SUS NOCHEROS,Nochero,EBANISTA WILMER MANO DE OBRA=,11,LAMINA DE 5.5,,LAMINA,130000.0,0.0,FORMULA
3065,38,39,CAMA ABANANADO 12-11-25,CAMA ABANANADO 1.60 CON SUS NOCHEROS,Nochero,EBANISTA WILMER MANO DE OBRA=,12,COLBON,0.7,LITRO,14000.0,9800.0,VOLUMEN
3066,38,39,CAMA ABANANADO 12-11-25,CAMA ABANANADO 1.60 CON SUS NOCHEROS,Nochero,EBANISTA WILMER MANO DE OBRA=,13,GRAPAS,3.0,CAJA,5000.0,15000.0,ESPACIADO
3067,38,39,CAMA ABANANADO 12-11-25,CAMA ABANANADO 1.60 CON SUS NOCHEROS,Nochero,EBANISTA WILMER MANO DE OBRA=,14,GANCHOS,1.0,PAR,20000.0,20000.0,FIJO
3068,38,39,CAMA ABANANADO 12-11-25,CAMA ABANANADO 1.60 CON SUS NOCHEROS,Nochero,EBANISTA WILMER MANO DE OBRA=,15,F40,8.0,TIRAS,1000.0,8000.0,FORMULA
3069,38,39,CAMA ABANANADO 12-11-25,CAMA ABANANADO 1.60 CON SUS NOCHEROS,Nochero,EBANISTA WILMER MANO DE OBRA=,16,"TORNILLOS DE 2""",120.0,Unidad,100.0,12000.0,ESPACIADO
3070,38,39,CAMA ABANANADO 12-11-25,CAMA ABANANADO 1.60 CON SUS NOCHEROS,Nochero,EBANISTA WILMER MANO DE OBRA=,17,ebanisteria 300.000 x 5% de m.o,,,,315000.0,FORMULA
3071,38,39,CAMA ABANANADO 12-11-25,CAMA ABANANADO 1.60 CON SUS NOCHEROS,Nochero,EBANISTA WILMER MANO DE OBRA=,19,gastos de Ebanisteria e 10%,,,,69800.0,FORMULA
3072,38,39,CAMA ABANANADO 12-11-25,CAMA ABANANADO 1.60 CON SUS NOCHEROS,Nochero,EBANISTA WILMER MANO DE OBRA=,23,CORREDERAS 35 NORMAL,2.0,PAR,28000.0,56000.0,FORMULA
3073,38,39,CAMA ABANANADO 12-11-25,CAMA ABANANADO 1.60 CON SUS NOCHEROS,Nochero,EBANISTA WILMER MANO DE OBRA=,24,CORREDERAS 35 PUFF,,PAR,38999.0,0.0,FIJO
3074,38,39,CAMA ABANANADO 12-11-25,CAMA ABANANADO 1.60 CON SUS NOCHEROS,Nochero,EBANISTA WILMER MANO DE OBRA=,25,MANIJAS,2.0,UNIDAD,10000.0,20000.0,FORMULA
3075,38,39,CAMA ABANANADO 12-11-25,CAMA ABANANADO 1.60 CON SUS NOCHEROS,Nochero,EBANISTA WILMER MANO DE OBRA=,26,"MDF DE 2,7",,1 PEDAZO DE 1.00X46=46,65000.0,0.0,FORMULA
3076,38,39,CAMA ABANANADO 12-11-25,CAMA ABANANADO 1.60 CON SUS NOCHEROS,Nochero,EBANISTA WILMER MANO DE OBRA=,27,LAM MDF 5,,1 PEDASO DE 1.50X40=60,130000.0,0.0,FORMULA
3077,38,39,CAMA ABANANADO 12-11-25,CAMA ABANANADO 1.60 CON SUS NOCHEROS,Nochero,EBANISTA WILMER MANO DE OBRA=,28,LAM MDF 9,,"1 PEDASO DE 1,50X40=60",140.0,0.0,FORMULA
3078,38,39,CAMA ABANANADO 12-11-25,CAMA ABANANADO 1.60 CON SUS NOCHEROS,Nochero,EBANISTA WILMER MANO DE OBRA=,29,COLBON,,litros,14000.0,0.0,FORMULA
3079,38,39,CAMA ABANANADO 12-11-25,CAMA ABANANADO 1.60 CON SUS NOCHEROS,Nochero,EBANISTA WILMER MANO DE OBRA=,30,GRAPAS,,Unidad,600.0,0.0,FIJO
3080,38,39,CAMA ABANANADO 12-11-25,CAMA ABANANADO 1.60 CON SUS NOCHEROS,Nochero,EBANISTA WILMER MANO DE OBRA=,31,CLAVILLOS N F 40,,TIRA,1000.0,0.0,FIJO
3081,38,39,CAMA ABANANADO 12-11-25,CAMA ABANANADO 1.60 CON SUS NOCHEROS,Nochero,EBANISTA WILMER MANO DE OBRA=,32,HECHURA,2.0,PAR,250000.0,500000.0,FORMULA
3082,38,39,CAMA ABANANADO 12-11-25,CAMA ABANANADO 1.60 CON SUS NOCHEROS,Nochero,EBANISTA WILMER MANO DE OBRA=,33,"TORNILLOS DE 2""",4.0,Unidad,100.0,400.0,ESPACIADO
3083,38,39,CAMA ABANANADO 12-11-25,CAMA ABANANADO 1.60 CON SUS NOCHEROS,Nochero,EBANISTA WILMER MANO DE OBRA=,36,gastos de Ebanisteria e 5%,,,,28820.0,FORMULA
3084,38,39,CAMA ABANANADO 12-11-25,CAMA ABANANADO 1.60 CON SUS NOCHEROS,Nochero,SECCION PINTURA Y PREPARADA DE NOCHERO,38,SECCION PINTURA Y PREPARADA,DE NOCHERO,,,,FORMULA
3085,38,39,CAMA ABANANADO 12-11-25,CAMA ABANANADO 1.60 CON SUS NOCHEROS,Nochero,SECCION PINTURA Y PREPARADA DE NOCHERO,39,PREPARADO JOTA,2.0,CON EL 5%,36750.0,73500.0,FORMULA
3086,38,39,CAMA ABANANADO 12-11-25,CAMA ABANANADO 1.60 CON SUS NOCHEROS,Nochero,SECCION PINTURA Y PREPARADA DE NOCHERO,40,PINTURA ALEX,2.0,CON EL 5%,36750.0,73500.0,FORMULA
3087,38,39,CAMA ABANANADO 12-11-25,CAMA ABANANADO 1.60 CON SUS NOCHEROS,Nochero,SECCION PINTURA Y PREPARADA DE NOCHERO,41,SELLADOR,2.0,PISTOLADAS,18000.0,36000.0,VOLUMEN
3088,38,39,CAMA ABANANADO 12-11-25,CAMA ABANANADO 1.60 CON SUS NOCHEROS,Nochero,SECCION PINTURA Y PREPARADA DE NOCHERO,42,LIJA 400,1.5,unidades,2000.0,3000.0,FORMULA
3089,38,39,CAMA ABANANADO 12-11-25,CAMA ABANANADO 1.60 CON SUS NOCHEROS,Nochero,SECCION PINTURA Y PREPARADA DE NOCHERO,43,NITRO,,galon,70000.0,0.0,FORMULA
3090,38,39,CAMA ABANANADO 12-11-25,CAMA ABANANADO 1.60 CON SUS NOCHEROS,Nochero,SECCION PINTURA Y PREPARADA DE NOCHERO,44,VIDRIOS,,unidad,45000.0,0.0,FORMULA
3091,38,39,CAMA ABANANADO 12-11-25,CAMA ABANANADO 1.60 CON SUS NOCHEROS,Nochero,SECCION PINTURA Y PREPARADA DE NOCHERO,45,TALCO,1.0,unidad,3000.0,3000.0,FIJO
3092,38,39,CAMA ABANANADO 12-11-25,CAMA ABANANADO 1.60 CON SUS NOCHEROS,Nochero,SECCION PINTURA Y PREPARADA DE NOCHERO,46,TINER,,GALON,34000.0,0.0,FORMULA
3093,38,39,CAMA ABANANADO 12-11-25,CAMA ABANANADO 1.60 CON SUS NOCHEROS,Nochero,SECCION PINTURA Y PREPARADA DE NOCHERO,47,TOPES,,JALADORES,3000.0,0.0,FORMULA
3094,38,39,CAMA ABANANADO 12-11-25,CAMA ABANANADO 1.60 CON SUS NOCHEROS,Nochero,SECCION PINTURA Y PREPARADA DE NOCHERO,48,COLOR,2.0,PISTOLADA,22000.0,44000.0,VOLUMEN
3095,38,39,CAMA ABANANADO 12-11-25,CAMA ABANANADO 1.60 CON SUS NOCHEROS,Nochero,SECCION PINTURA Y PREPARADA DE NOCHERO,49,COLOR,0.0,PISTOLADA,22000.0,0.0,VOLUMEN
3096,38,39,CAMA ABANANADO 12-11-25,CAMA ABANANADO 1.60 CON SUS NOCHEROS,Nochero,SECCION PINTURA Y PREPARADA DE NOCHERO,50,ENCINA,,galon,160000.0,0.0,FORMULA
3097,38,39,CAMA ABANANADO 12-11-25,CAMA ABANANADO 1.60 CON SUS NOCHEROS,Nochero,SECCION PINTURA Y PREPARADA DE NOCHERO,51,GASOLINA,0.1,ML,4500.0,450.0,LINEAL
3098,38,39,CAMA ABANANADO 12-11-25,CAMA ABANANADO 1.60 CON SUS NOCHEROS,Nochero,SECCION PINTURA Y PREPARADA DE NOCHERO,52,RESANE,,LITRO,20000.0,0.0,FORMULA
3099,38,39,CAMA ABANANADO 12-11-25,CAMA ABANANADO 1.60 CON SUS NOCHEROS,Nochero,SECCION PINTURA Y PREPARADA DE NOCHERO,53,LACA S/M,1.5,PISTOLADA,23000.0,34500.0,VOLUMEN
3100,38,39,CAMA ABANANADO 12-11-25,CAMA ABANANADO 1.60 CON SUS NOCHEROS,Nochero,SECCION PINTURA Y PREPARADA DE NOCHERO,55,Gastos de Pintura 10%,,,,26795.0,FORMULA
3101,38,39,CAMA ABANANADO 12-11-25,CAMA ABANANADO 1.60 CON SUS NOCHEROS,Nochero,SECCION PINTURA Y PREPARADA PATAS,57,SECCION PINTURA Y PREPARADA,PATAS ,,,,FORMULA
3102,38,39,CAMA ABANANADO 12-11-25,CAMA ABANANADO 1.60 CON SUS NOCHEROS,Nochero,SECCION PINTURA Y PREPARADA PATAS,58,PREPARADO JOTA,,CON EL 5%,63000.0,0.0,FORMULA
3103,38,39,CAMA ABANANADO 12-11-25,CAMA ABANANADO 1.60 CON SUS NOCHEROS,Nochero,SECCION PINTURA Y PREPARADA PATAS,59,PINTURA ALEX,,CON EL 5%,26250.0,0.0,FORMULA
3104,38,39,CAMA ABANANADO 12-11-25,CAMA ABANANADO 1.60 CON SUS NOCHEROS,Nochero,SECCION PINTURA Y PREPARADA PATAS,60,PINTURA DE PATAS ALEX,,,2100.0,0.0,FIJO
3105,38,39,CAMA ABANANADO 12-11-25,CAMA ABANANADO 1.60 CON SUS NOCHEROS,Nochero,SECCION PINTURA Y PREPARADA PATAS,61,SELLADOR,,PISTOLADAS,18000.0,0.0,FORMULA
3106,38,39,CAMA ABANANADO 12-11-25,CAMA ABANANADO 1.60 CON SUS NOCHEROS,Nochero,SECCION PINTURA Y PREPARADA PATAS,62,LIJA 400,,unidades,2000.0,0.0,FORMULA
3107,38,39,CAMA ABANANADO 12-11-25,CAMA ABANANADO 1.60 CON SUS NOCHEROS,Nochero,SECCION PINTURA Y PREPARADA PATAS,63,NITRO,,galon,,0.0,FORMULA
3108,38,39,CAMA ABANANADO 12-11-25,CAMA ABANANADO 1.60 CON SUS NOCHEROS,Nochero,SECCION PINTURA Y PREPARADA PATAS,64,lija 220,,unidad,2000.0,0.0,FORMULA
3109,38,39,CAMA ABANANADO 12-11-25,CAMA ABANANADO 1.60 CON SUS NOCHEROS,Nochero,SECCION PINTURA Y PREPARADA PATAS,65,lija 120,,unidad,2000.0,0.0,FORMULA
3110,38,39,CAMA ABANANADO 12-11-25,CAMA ABANANADO 1.60 CON SUS NOCHEROS,Nochero,SECCION PINTURA Y PREPARADA PATAS,66,LACA SEMIMATE,,GALON,23000.0,0.0,FORMULA
3111,38,39,CAMA ABANANADO 12-11-25,CAMA ABANANADO 1.60 CON SUS NOCHEROS,Nochero,SECCION PINTURA Y PREPARADA PATAS,67,kerosen,,litro,18000.0,0.0,FORMULA
3112,38,39,CAMA ABANANADO 12-11-25,CAMA ABANANADO 1.60 CON SUS NOCHEROS,Nochero,SECCION PINTURA Y PREPARADA PATAS,68,COLOR,,PISTOLADA,20000.0,0.0,FORMULA
3113,38,39,CAMA ABANANADO 12-11-25,CAMA ABANANADO 1.60 CON SUS NOCHEROS,Nochero,SECCION PINTURA Y PREPARADA PATAS,69,TINTE MIEL,,galon,,0.0,FORMULA
3114,38,39,CAMA ABANANADO 12-11-25,CAMA ABANANADO 1.60 CON SUS NOCHEROS,Nochero,SECCION PINTURA Y PREPARADA PATAS,70,GASOLINA,,LITRO,4.5,0.0,FORMULA
3115,38,39,CAMA ABANANADO 12-11-25,CAMA ABANANADO 1.60 CON SUS NOCHEROS,Nochero,SECCION PINTURA Y PREPARADA PATAS,71,RESANE,,LITRO,23000.0,0.0,FORMULA
3116,38,39,CAMA ABANANADO 12-11-25,CAMA ABANANADO 1.60 CON SUS NOCHEROS,Nochero,SECCION PINTURA Y PREPARADA PATAS,72,TORNIILLOS DE PATAS,16.0,UNIDAD,100.0,1600.0,FORMULA
3117,38,39,CAMA ABANANADO 12-11-25,CAMA ABANANADO 1.60 CON SUS NOCHEROS,Nochero,SECCION PINTURA Y PREPARADA PATAS,74,Gastos de Pintura 10%,,,,2400.0,FORMULA
3118,38,39,CAMA ABANANADO 12-11-25,CAMA ABANANADO 1.60 CON SUS NOCHEROS,Nochero,SECCION TERMINACION,77,TOMAS NEGROS,,UNIDAD,10500.0,0.0,FORMULA
3119,38,39,CAMA ABANANADO 12-11-25,CAMA ABANANADO 1.60 CON SUS NOCHEROS,Nochero,SECCION TERMINACION,78,REGLETA ANCHA,,UNIDAD,20000.0,0.0,FORMULA
3120,38,39,CAMA ABANANADO 12-11-25,CAMA ABANANADO 1.60 CON SUS NOCHEROS,Nochero,SECCION TERMINACION,79,REGLETA DELGADA,,UNIDAD,20000.0,0.0,FORMULA
3121,38,39,CAMA ABANANADO 12-11-25,CAMA ABANANADO 1.60 CON SUS NOCHEROS,Nochero,SECCION TERMINACION,80,LAMPARAS DE LUZ,,UNIDADES,100000.0,0.0,FORMULA
3122,38,39,CAMA ABANANADO 12-11-25,CAMA ABANANADO 1.60 CON SUS NOCHEROS,Nochero,SECCION TERMINACION,81,CABLE DE 12,,METROS,3000.0,0.0,FORMULA
3123,38,39,CAMA ABANANADO 12-11-25,CAMA ABANANADO 1.60 CON SUS NOCHEROS,Nochero,SECCION TERMINACION,82,APAGADORES,,PAR,1500.0,0.0,FORMULA
3124,38,39,CAMA ABANANADO 12-11-25,CAMA ABANANADO 1.60 CON SUS NOCHEROS,Nochero,SECCION TERMINACION,83,ENCHUFLES BLANCO MACHO,,UNIDADES,2000.0,0.0,FORMULA
3125,38,39,CAMA ABANANADO 12-11-25,CAMA ABANANADO 1.60 CON SUS NOCHEROS,Nochero,SECCION TERMINACION,84,HERRAJES DE CAMA,,PAR,160000.0,0.0,FORMULA
3126,38,39,CAMA ABANANADO 12-11-25,CAMA ABANANADO 1.60 CON SUS NOCHEROS,Nochero,SECCION TERMINACION,85,JALADORES,,UNIDAD,26800.0,0.0,FIJO
3127,38,39,CAMA ABANANADO 12-11-25,CAMA ABANANADO 1.60 CON SUS NOCHEROS,Nochero,SECCION TERMINACION,86,MULTIUSOS,,UNIDADES,3000.0,0.0,FORMULA
3128,38,39,CAMA ABANANADO 12-11-25,CAMA ABANANADO 1.60 CON SUS NOCHEROS,Nochero,SECCION TERMINACION,87,CORREDERAS,,unidades,8000.0,0.0,FIJO
3129,38,39,CAMA ABANANADO 12-11-25,CAMA ABANANADO 1.60 CON SUS NOCHEROS,Nochero,SECCION TERMINACION,88,EMBALADA,1.0,unidades,150000.0,150000.0,FIJO
3130,38,39,CAMA ABANANADO 12-11-25,CAMA ABANANADO 1.60 CON SUS NOCHEROS,Nochero,SECCION TERMINACION,91,SECCION TENDIDO,,,,0.0,FORMULA
3131,38,39,CAMA ABANANADO 12-11-25,CAMA ABANANADO 1.60 CON SUS NOCHEROS,Nochero,SECCION TERMINACION,92,MADERA 60X1X4,600.0,APAMATE,140.0,84000.0,FORMULA
3132,38,39,CAMA ABANANADO 12-11-25,CAMA ABANANADO 1.60 CON SUS NOCHEROS,Nochero,SECCION TERMINACION,93,LIENCILLO,4.0,METROS,4000.0,16000.0,LINEAL
3133,38,39,CAMA ABANANADO 12-11-25,CAMA ABANANADO 1.60 CON SUS NOCHEROS,Nochero,SECCION TERMINACION,94,GRAPAS,6.0,CAJA,1000.0,6000.0,ESPACIADO
3134,38,39,CAMA ABANANADO 12-11-25,CAMA ABANANADO 1.60 CON SUS NOCHEROS,Nochero,SECCION TERMINACION,95,MDF DE 9,1.0,LAMINA,140000.0,140000.0,AREA
3135,38,39,CAMA ABANANADO 12-11-25,CAMA ABANANADO 1.60 CON SUS NOCHEROS,Nochero,SECCION TERMINACION,96,COLBON,0.4,LITRO,14000.0,5600.0,VOLUMEN
3136,38,39,CAMA ABANANADO 12-11-25,CAMA ABANANADO 1.60 CON SUS NOCHEROS,Nochero,SECCION TERMINACION,97,"TORNILLOS DE 2""",40.0,UNIDAD,100.0,4000.0,ESPACIADO
3137,38,39,CAMA ABANANADO 12-11-25,CAMA ABANANADO 1.60 CON SUS NOCHEROS,Nochero,SECCION TERMINACION,98,PATAS DE TENDIDOS,6.0,TIRA,2100.0,12600.0,FORMULA
3138,38,39,CAMA ABANANADO 12-11-25,CAMA ABANANADO 1.60 CON SUS NOCHEROS,Nochero,SECCION TERMINACION,99,HECHURA,1.0,UNIDAD,63000.0,63000.0,FIJO
3139,38,39,CAMA ABANANADO 12-11-25,CAMA ABANANADO 1.60 CON SUS NOCHEROS,Nochero,SECCION TAPICERIA MANO DE OBRA=,102,SECCION TAPICERIA,,MANO DE OBRA=,,,FORMULA
3140,38,39,CAMA ABANANADO 12-11-25,CAMA ABANANADO 1.60 CON SUS NOCHEROS,Nochero,SECCION TAPICERIA MANO DE OBRA=,103,TELA FOCUS HIELO,13.0,METROS,33500.0,435500.0,AREA
3141,38,39,CAMA ABANANADO 12-11-25,CAMA ABANANADO 1.60 CON SUS NOCHEROS,Nochero,SECCION TAPICERIA MANO DE OBRA=,104,ESPUMA 2 AZUL,2.5,LAMINA,41340.0,103350.0,AREA
3142,38,39,CAMA ABANANADO 12-11-25,CAMA ABANANADO 1.60 CON SUS NOCHEROS,Nochero,SECCION TAPICERIA MANO DE OBRA=,105,GRAPAS,0.5,CAJA DE GRAPAS,12000.0,6000.0,ESPACIADO
3143,38,39,CAMA ABANANADO 12-11-25,CAMA ABANANADO 1.60 CON SUS NOCHEROS,Nochero,SECCION TAPICERIA MANO DE OBRA=,106,TORNILLOS 2,20.0,UNIDADES,100.0,2000.0,ESPACIADO
3144,38,39,CAMA ABANANADO 12-11-25,CAMA ABANANADO 1.60 CON SUS NOCHEROS,Nochero,SECCION TAPICERIA MANO DE OBRA=,107,ESPUMA DE 1 1/2'' ROSADA,5.0,UNIDADES,30000.0,150000.0,AREA
3145,38,39,CAMA ABANANADO 12-11-25,CAMA ABANANADO 1.60 CON SUS NOCHEROS,Nochero,SECCION TAPICERIA MANO DE OBRA=,108,ESPUMA 1 BLANCA,,LAMINA,9804.0,0.0,FORMULA
3146,38,39,CAMA ABANANADO 12-11-25,CAMA ABANANADO 1.60 CON SUS NOCHEROS,Nochero,SECCION TAPICERIA MANO DE OBRA=,109,ESPUMA 1 1/2'' AZUL,,MTS,1000.0,0.0,FORMULA
3147,38,39,CAMA ABANANADO 12-11-25,CAMA ABANANADO 1.60 CON SUS NOCHEROS,Nochero,SECCION TAPICERIA MANO DE OBRA=,110,COSTAL,5.0,METROS,3500.0,17500.0,AREA
3148,38,39,CAMA ABANANADO 12-11-25,CAMA ABANANADO 1.60 CON SUS NOCHEROS,Nochero,SECCION TAPICERIA MANO DE OBRA=,111,HILO,0.5,UNIDAD,25000.0,12500.0,FORMULA
3149,38,39,CAMA ABANANADO 12-11-25,CAMA ABANANADO 1.60 CON SUS NOCHEROS,Nochero,SECCION TAPICERIA MANO DE OBRA=,112,PEGANTE DE PISTOLA,,PISTOLADA,43000.0,0.0,FORMULA
3150,38,39,CAMA ABANANADO 12-11-25,CAMA ABANANADO 1.60 CON SUS NOCHEROS,Nochero,SECCION TAPICERIA MANO DE OBRA=,113,SUPER,0.3,LITRO,19000.0,5700.0,VOLUMEN
3151,38,39,CAMA ABANANADO 12-11-25,CAMA ABANANADO 1.60 CON SUS NOCHEROS,Nochero,SECCION TAPICERIA MANO DE OBRA=,114,CARTON,4.0,UNIDADES,5500.0,22000.0,FORMULA
3152,38,39,CAMA ABANANADO 12-11-25,CAMA ABANANADO 1.60 CON SUS NOCHEROS,Nochero,SECCION TAPICERIA MANO DE OBRA=,115,HECHURA,1.0,,210000.0,210000.0,FIJO
3153,38,39,CAMA ABANANADO 12-11-25,CAMA ABANANADO 1.60 CON SUS NOCHEROS,Nochero,SECCION TAPICERIA MANO DE OBRA=,116,LENCILLO,,METROS,2650.0,0.0,FORMULA
3154,39,40,MODELO BUBALU,CAMA BUBALU 2X2,Cama,EBANISTA WILMER MANO DE OBRA=,8,MADERA (2),1300.0,APAMATE,140.0,182000.0,FORMULA
3155,39,40,MODELO BUBALU,CAMA BUBALU 2X2,Cama,EBANISTA WILMER MANO DE OBRA=,9,MDF DE 3,0.5,LAMINA,67000.0,33500.0,AREA
3156,39,40,MODELO BUBALU,CAMA BUBALU 2X2,Cama,EBANISTA WILMER MANO DE OBRA=,10,LAMINA DE 15,0.3,LAMINA,220000.0,66000.0,AREA
3157,39,40,MODELO BUBALU,CAMA BUBALU 2X2,Cama,EBANISTA WILMER MANO DE OBRA=,11,LAMINA DE 5.5,0.75,LAMINA,140000.0,105000.0,AREA
3158,39,40,MODELO BUBALU,CAMA BUBALU 2X2,Cama,EBANISTA WILMER MANO DE OBRA=,12,COLBON,2.0,LITRO,14000.0,28000.0,VOLUMEN
3159,39,40,MODELO BUBALU,CAMA BUBALU 2X2,Cama,EBANISTA WILMER MANO DE OBRA=,13,GRAPAS,0.5,CAJA,12000.0,6000.0,ESPACIADO
3160,39,40,MODELO BUBALU,CAMA BUBALU 2X2,Cama,EBANISTA WILMER MANO DE OBRA=,14,GANCHOS,1.0,PAR,20000.0,20000.0,FIJO
3161,39,40,MODELO BUBALU,CAMA BUBALU 2X2,Cama,EBANISTA WILMER MANO DE OBRA=,15,F40,7.0,TIRAS,1000.0,7000.0,FORMULA
3162,39,40,MODELO BUBALU,CAMA BUBALU 2X2,Cama,EBANISTA WILMER MANO DE OBRA=,16,"TORNILLOS DE 2""",250.0,Unidad,100.0,25000.0,ESPACIADO
3163,39,40,MODELO BUBALU,CAMA BUBALU 2X2,Cama,EBANISTA WILMER MANO DE OBRA=,17,ebanisteria 300.000 x 5% de m.o,,,,315000.0,FORMULA
3164,39,40,MODELO BUBALU,CAMA BUBALU 2X2,Cama,EBANISTA WILMER MANO DE OBRA=,19,gastos de Ebanisteria e 10%,,,,78750.0,FORMULA
3165,39,40,MODELO BUBALU,CAMA BUBALU 2X2,Cama,EBANISTA WILMER MANO DE OBRA=,23,CORREDERAS 35 NORMAL,2.0,PAR,250000.0,500000.0,FORMULA
3166,39,40,MODELO BUBALU,CAMA BUBALU 2X2,Cama,EBANISTA WILMER MANO DE OBRA=,24,CORREDERAS,4.0,1 PEDAZO DE 1.00X46=46,15000.0,60000.0,FORMULA
3167,39,40,MODELO BUBALU,CAMA BUBALU 2X2,Cama,EBANISTA WILMER MANO DE OBRA=,25,LAM MDF 5,,1 PEDASO DE 1.50X40=60,130000.0,0.0,FORMULA
3168,39,40,MODELO BUBALU,CAMA BUBALU 2X2,Cama,EBANISTA WILMER MANO DE OBRA=,26,LAM MDF 9,,"1 PEDASO DE 1,50X40=60",140.0,,FORMULA
3169,39,40,MODELO BUBALU,CAMA BUBALU 2X2,Cama,EBANISTA WILMER MANO DE OBRA=,27,COLBON,,litros,14000.0,0.0,FORMULA
3170,39,40,MODELO BUBALU,CAMA BUBALU 2X2,Cama,EBANISTA WILMER MANO DE OBRA=,28,GRAPAS,,Unidad,600.0,0.0,FIJO
3171,39,40,MODELO BUBALU,CAMA BUBALU 2X2,Cama,EBANISTA WILMER MANO DE OBRA=,29,CLAVILLOS N F 40,,TIRA,1000.0,0.0,FIJO
3172,39,40,MODELO BUBALU,CAMA BUBALU 2X2,Cama,EBANISTA WILMER MANO DE OBRA=,30,HECHURA,,PAR,157500.0,0.0,FIJO
3173,39,40,MODELO BUBALU,CAMA BUBALU 2X2,Cama,EBANISTA WILMER MANO DE OBRA=,31,"TORNILLOS DE 2""",,Unidad,100.0,0.0,FIJO
3174,39,40,MODELO BUBALU,CAMA BUBALU 2X2,Cama,EBANISTA WILMER MANO DE OBRA=,34,gastos de Ebanisteria e 5%,,,,28000.0,FORMULA
3175,39,40,MODELO BUBALU,CAMA BUBALU 2X2,Cama,SECCION PINTURA Y PREPARADA DE NOCHERO,36,SECCION PINTURA Y PREPARADA,DE NOCHERO,,,,FORMULA
3176,39,40,MODELO BUBALU,CAMA BUBALU 2X2,Cama,SECCION PINTURA Y PREPARADA DE NOCHERO,37,PREPARADO JOTA,2.0,CON EL 5%,36750.0,73500.0,FORMULA
3177,39,40,MODELO BUBALU,CAMA BUBALU 2X2,Cama,SECCION PINTURA Y PREPARADA DE NOCHERO,38,PINTURA ALEX,2.0,CON EL 5%,36750.0,73500.0,FORMULA
3178,39,40,MODELO BUBALU,CAMA BUBALU 2X2,Cama,SECCION PINTURA Y PREPARADA DE NOCHERO,39,SELLADOR,2.5,PISTOLADAS,18000.0,45000.0,VOLUMEN
3179,39,40,MODELO BUBALU,CAMA BUBALU 2X2,Cama,SECCION PINTURA Y PREPARADA DE NOCHERO,40,LIJA 400,2.0,unidades,2000.0,4000.0,FORMULA
3180,39,40,MODELO BUBALU,CAMA BUBALU 2X2,Cama,SECCION PINTURA Y PREPARADA DE NOCHERO,41,NITRO,,galon,70000.0,0.0,FORMULA
3181,39,40,MODELO BUBALU,CAMA BUBALU 2X2,Cama,SECCION PINTURA Y PREPARADA DE NOCHERO,42,VIDRIOS,,unidad,45000.0,0.0,FORMULA
3182,39,40,MODELO BUBALU,CAMA BUBALU 2X2,Cama,SECCION PINTURA Y PREPARADA DE NOCHERO,43,TALCO,,unidad,2500.0,0.0,FORMULA
3183,39,40,MODELO BUBALU,CAMA BUBALU 2X2,Cama,SECCION PINTURA Y PREPARADA DE NOCHERO,44,TINER,,GALON,34000.0,0.0,FORMULA
3184,39,40,MODELO BUBALU,CAMA BUBALU 2X2,Cama,SECCION PINTURA Y PREPARADA DE NOCHERO,45,TOPES,,JALADORES,3000.0,0.0,FORMULA
3185,39,40,MODELO BUBALU,CAMA BUBALU 2X2,Cama,SECCION PINTURA Y PREPARADA DE NOCHERO,46,BLANCO POLIURETANO,1.5,PISTOLADA,57500.0,86250.0,VOLUMEN
3186,39,40,MODELO BUBALU,CAMA BUBALU 2X2,Cama,SECCION PINTURA Y PREPARADA DE NOCHERO,47,COLOR,2.0,PISTOLADA,22000.0,44000.0,VOLUMEN
3187,39,40,MODELO BUBALU,CAMA BUBALU 2X2,Cama,SECCION PINTURA Y PREPARADA DE NOCHERO,48,ENCINA,,galon,160000.0,0.0,FORMULA
3188,39,40,MODELO BUBALU,CAMA BUBALU 2X2,Cama,SECCION PINTURA Y PREPARADA DE NOCHERO,49,GASOLINA,0.5,ML,4500.0,2250.0,LINEAL
3189,39,40,MODELO BUBALU,CAMA BUBALU 2X2,Cama,SECCION PINTURA Y PREPARADA DE NOCHERO,50,RESANE,0.5,LITRO,20000.0,10000.0,VOLUMEN
3190,39,40,MODELO BUBALU,CAMA BUBALU 2X2,Cama,SECCION PINTURA Y PREPARADA DE NOCHERO,51,LACA S/M,2.0,PISTOLADA,23000.0,46000.0,VOLUMEN
3191,39,40,MODELO BUBALU,CAMA BUBALU 2X2,Cama,SECCION PINTURA Y PREPARADA DE NOCHERO,53,Gastos de Pintura 10%,,,,38450.0,FORMULA
3192,39,40,MODELO BUBALU,CAMA BUBALU 2X2,Cama,SECCION PINTURA Y PREPARADA PATAS,55,SECCION PINTURA Y PREPARADA,PATAS ,,,,FORMULA
3193,39,40,MODELO BUBALU,CAMA BUBALU 2X2,Cama,SECCION PINTURA Y PREPARADA PATAS,56,PREPARADO JOTA,8.0,CON EL 5%,1050.0,8400.0,FORMULA
3194,39,40,MODELO BUBALU,CAMA BUBALU 2X2,Cama,SECCION PINTURA Y PREPARADA PATAS,57,PINTURA ALEX,8.0,CON EL 5%,2100.0,16800.0,FORMULA
3195,39,40,MODELO BUBALU,CAMA BUBALU 2X2,Cama,SECCION PINTURA Y PREPARADA PATAS,58,PINTURA DE PATAS ALEX,,,2100.0,0.0,FIJO
3196,39,40,MODELO BUBALU,CAMA BUBALU 2X2,Cama,SECCION PINTURA Y PREPARADA PATAS,59,SELLADOR,0.23,PISTOLADAS,18000.0,4140.0,VOLUMEN
3197,39,40,MODELO BUBALU,CAMA BUBALU 2X2,Cama,SECCION PINTURA Y PREPARADA PATAS,60,LIJA 400,0.5,unidades,2000.0,1000.0,FORMULA
3198,39,40,MODELO BUBALU,CAMA BUBALU 2X2,Cama,SECCION PINTURA Y PREPARADA PATAS,61,NITRO,,galon,,0.0,FORMULA
3199,39,40,MODELO BUBALU,CAMA BUBALU 2X2,Cama,SECCION PINTURA Y PREPARADA PATAS,62,lija 220,,unidad,2000.0,0.0,FORMULA
3200,39,40,MODELO BUBALU,CAMA BUBALU 2X2,Cama,SECCION PINTURA Y PREPARADA PATAS,63,lija 120,,unidad,2000.0,0.0,FORMULA
3201,39,40,MODELO BUBALU,CAMA BUBALU 2X2,Cama,SECCION PINTURA Y PREPARADA PATAS,64,LACA SEMIMATE,0.2,GALON,23000.0,4600.0,VOLUMEN
3202,39,40,MODELO BUBALU,CAMA BUBALU 2X2,Cama,SECCION PINTURA Y PREPARADA PATAS,65,kerosen,,litro,18000.0,0.0,FORMULA
3203,39,40,MODELO BUBALU,CAMA BUBALU 2X2,Cama,SECCION PINTURA Y PREPARADA PATAS,66,COLOR,0.25,PISTOLADA,22000.0,5500.0,VOLUMEN
3204,39,40,MODELO BUBALU,CAMA BUBALU 2X2,Cama,SECCION PINTURA Y PREPARADA PATAS,67,TINTE MIEL,,galon,,0.0,FORMULA
3205,39,40,MODELO BUBALU,CAMA BUBALU 2X2,Cama,SECCION PINTURA Y PREPARADA PATAS,68,GASOLINA,,LITRO,4.5,0.0,FORMULA
3206,39,40,MODELO BUBALU,CAMA BUBALU 2X2,Cama,SECCION PINTURA Y PREPARADA PATAS,69,RESANE,,LITRO,23000.0,0.0,FORMULA
3207,39,40,MODELO BUBALU,CAMA BUBALU 2X2,Cama,SECCION PINTURA Y PREPARADA PATAS,70,LACA BRILLANTE,,PISTOLADA,23000.0,0.0,FORMULA
3208,39,40,MODELO BUBALU,CAMA BUBALU 2X2,Cama,SECCION PINTURA Y PREPARADA PATAS,72,Gastos de Pintura 10%,,,,32095.1,FORMULA
3209,39,40,MODELO BUBALU,CAMA BUBALU 2X2,Cama,SECCION TERMINACION,75,TOMAS NEGROS,,UNIDAD,10500.0,0.0,FORMULA
3210,39,40,MODELO BUBALU,CAMA BUBALU 2X2,Cama,SECCION TERMINACION,76,REGLETA ANCHA,,UNIDAD,20000.0,0.0,FORMULA
3211,39,40,MODELO BUBALU,CAMA BUBALU 2X2,Cama,SECCION TERMINACION,77,REGLETA DELGADA,,UNIDAD,20000.0,0.0,FORMULA
3212,39,40,MODELO BUBALU,CAMA BUBALU 2X2,Cama,SECCION TERMINACION,78,LAMPARAS DE LUZ,,UNIDADES,100000.0,0.0,FORMULA
3213,39,40,MODELO BUBALU,CAMA BUBALU 2X2,Cama,SECCION TERMINACION,79,CABLE DE 12,,METROS,3000.0,0.0,FORMULA
3214,39,40,MODELO BUBALU,CAMA BUBALU 2X2,Cama,SECCION TERMINACION,80,APAGADORES,,PAR,1500.0,0.0,FORMULA
3215,39,40,MODELO BUBALU,CAMA BUBALU 2X2,Cama,SECCION TERMINACION,81,ENCHUFLES BLANCO MACHO,,UNIDADES,2000.0,0.0,FORMULA
3216,39,40,MODELO BUBALU,CAMA BUBALU 2X2,Cama,SECCION TERMINACION,82,HERRAJES DE CAMA,,PAR,160000.0,0.0,FORMULA
3217,39,40,MODELO BUBALU,CAMA BUBALU 2X2,Cama,SECCION TERMINACION,83,JALADORES,,UNIDAD,26800.0,0.0,FIJO
3218,39,40,MODELO BUBALU,CAMA BUBALU 2X2,Cama,SECCION TERMINACION,84,MULTIUSOS,,UNIDADES,3000.0,0.0,FORMULA
3219,39,40,MODELO BUBALU,CAMA BUBALU 2X2,Cama,SECCION TERMINACION,85,CORREDERAS,,unidades,8000.0,0.0,FIJO
3220,39,40,MODELO BUBALU,CAMA BUBALU 2X2,Cama,SECCION TERMINACION,86,EMBALADA,1.0,unidades,150000.0,150000.0,FIJO
3221,39,40,MODELO BUBALU,CAMA BUBALU 2X2,Cama,SECCION TERMINACION,89,SECCION TENDIDO,,,,0.0,FORMULA
3222,39,40,MODELO BUBALU,CAMA BUBALU 2X2,Cama,SECCION TERMINACION,90,MADERA 60X1X4,614.0,APAMATE,140.0,85960.0,FORMULA
3223,39,40,MODELO BUBALU,CAMA BUBALU 2X2,Cama,SECCION TERMINACION,91,PEOPE,2.0,,3500.0,7000.0,FORMULA
3224,39,40,MODELO BUBALU,CAMA BUBALU 2X2,Cama,SECCION TERMINACION,93,GRAPAS,0.1,CAJA,12000.0,1200.0,ESPACIADO
3225,39,40,MODELO BUBALU,CAMA BUBALU 2X2,Cama,SECCION TERMINACION,94,MDF DE 9,1.0,LAMINA,140000.0,140000.0,AREA
3226,39,40,MODELO BUBALU,CAMA BUBALU 2X2,Cama,SECCION TERMINACION,95,COLBON,0.2,LITRO,14000.0,2800.0,VOLUMEN
3227,39,40,MODELO BUBALU,CAMA BUBALU 2X2,Cama,SECCION TERMINACION,96,"TORNILLOS DE 2""",40.0,UNIDAD,100.0,4000.0,ESPACIADO
3228,39,40,MODELO BUBALU,CAMA BUBALU 2X2,Cama,SECCION TERMINACION,97,CLAVILLO,2.0,TIRA,1000.0,2000.0,ESPACIADO
3229,39,40,MODELO BUBALU,CAMA BUBALU 2X2,Cama,SECCION TERMINACION,98,HECHURA,1.0,UNIDAD,63000.0,63000.0,FIJO
3230,39,40,MODELO BUBALU,CAMA BUBALU 2X2,Cama,SECCION TAPICERIA MANO DE OBRA=,101,SECCION TAPICERIA,,MANO DE OBRA=,,,FORMULA
3231,39,40,MODELO BUBALU,CAMA BUBALU 2X2,Cama,SECCION TAPICERIA MANO DE OBRA=,102,TELA DIVERSA BEIS,13.0,METROS,35000.0,455000.0,AREA
3232,39,40,MODELO BUBALU,CAMA BUBALU 2X2,Cama,SECCION TAPICERIA MANO DE OBRA=,103,ESPUMA 1/2 ROSADA,0.5,LAMINA,25125.0,12562.5,AREA
3233,39,40,MODELO BUBALU,CAMA BUBALU 2X2,Cama,SECCION TAPICERIA MANO DE OBRA=,104,GRAPAS,1.0,CAJA DE GRAPAS,12000.0,12000.0,ESPACIADO
3234,39,40,MODELO BUBALU,CAMA BUBALU 2X2,Cama,SECCION TAPICERIA MANO DE OBRA=,105,PATAS L PLATEADAS,,UNIDADES,8000.0,0.0,FIJO
3235,39,40,MODELO BUBALU,CAMA BUBALU 2X2,Cama,SECCION TAPICERIA MANO DE OBRA=,106,TORNILLOS,,UNIDADES,100.0,0.0,FIJO
3236,39,40,MODELO BUBALU,CAMA BUBALU 2X2,Cama,SECCION TAPICERIA MANO DE OBRA=,107,ESPUMA DE 1 1/2'' ROSADA,1.0,UNIDADES,30000.0,30000.0,AREA
3237,39,40,MODELO BUBALU,CAMA BUBALU 2X2,Cama,SECCION TAPICERIA MANO DE OBRA=,108,ESPUMA 2 AZUL,2.0,LAMINA,40000.0,80000.0,AREA
3238,39,40,MODELO BUBALU,CAMA BUBALU 2X2,Cama,SECCION TAPICERIA MANO DE OBRA=,109,ESPUMA 1 1/2'' AZUL,,MTS,30000.0,0.0,FORMULA
3239,39,40,MODELO BUBALU,CAMA BUBALU 2X2,Cama,SECCION TAPICERIA MANO DE OBRA=,110,COSTAL,,METROS,4000.0,0.0,FORMULA
3240,39,40,MODELO BUBALU,CAMA BUBALU 2X2,Cama,SECCION TAPICERIA MANO DE OBRA=,111,HILO,0.5,UNIDAD,28000.0,14000.0,FORMULA
3241,39,40,MODELO BUBALU,CAMA BUBALU 2X2,Cama,SECCION TAPICERIA MANO DE OBRA=,112,CABULLA,0.5,,18000.0,9000.0,FORMULA
3242,39,40,MODELO BUBALU,CAMA BUBALU 2X2,Cama,SECCION TAPICERIA MANO DE OBRA=,113,CANAMO,,ROLLO,12000.0,0.0,FORMULA
3243,39,40,MODELO BUBALU,CAMA BUBALU 2X2,Cama,SECCION TAPICERIA MANO DE OBRA=,114,SUPER,2.0,LITRO,19000.0,38000.0,VOLUMEN
3244,39,40,MODELO BUBALU,CAMA BUBALU 2X2,Cama,SECCION TAPICERIA MANO DE OBRA=,115,CARTON,4.0,UNIDADES,5000.0,20000.0,FORMULA
3245,39,40,MODELO BUBALU,CAMA BUBALU 2X2,Cama,SECCION TAPICERIA MANO DE OBRA=,116,HECHURA,1.0,CAMA,210000.0,210000.0,FIJO
3246,39,40,MODELO BUBALU,CAMA BUBALU 2X2,Cama,SECCION TAPICERIA MANO DE OBRA=,117,LENCILLO,4.0,METROS,3500.0,14000.0,LINEAL
3247,40,41,MODELO MINIMALISTA ,CAMA MODELO MINIMALISTA 2X2,Cama,EBANISTA WILMER MANO DE OBRA=,8,MADERA (2),800.0,APAMATE,140.0,112000.0,FORMULA
3248,40,41,MODELO MINIMALISTA ,CAMA MODELO MINIMALISTA 2X2,Cama,EBANISTA WILMER MANO DE OBRA=,9,MDF DE 3,1.0,LAMINA,67000.0,67000.0,AREA
3249,40,41,MODELO MINIMALISTA ,CAMA MODELO MINIMALISTA 2X2,Cama,EBANISTA WILMER MANO DE OBRA=,10,LAMINA DE 15,0.25,LAMINA,220000.0,55000.0,AREA
3250,40,41,MODELO MINIMALISTA ,CAMA MODELO MINIMALISTA 2X2,Cama,EBANISTA WILMER MANO DE OBRA=,11,LAMINA DE 5.5,,LAMINA,140000.0,0.0,FORMULA
3251,40,41,MODELO MINIMALISTA ,CAMA MODELO MINIMALISTA 2X2,Cama,EBANISTA WILMER MANO DE OBRA=,12,LAMINA DE 9,,LAMINA,140000.0,0.0,FORMULA
3252,40,41,MODELO MINIMALISTA ,CAMA MODELO MINIMALISTA 2X2,Cama,EBANISTA WILMER MANO DE OBRA=,13,COLBON,1.0,LITRO,14000.0,14000.0,VOLUMEN
3253,40,41,MODELO MINIMALISTA ,CAMA MODELO MINIMALISTA 2X2,Cama,EBANISTA WILMER MANO DE OBRA=,14,GRAPAS,0.5,CAJA,12000.0,6000.0,ESPACIADO
3254,40,41,MODELO MINIMALISTA ,CAMA MODELO MINIMALISTA 2X2,Cama,EBANISTA WILMER MANO DE OBRA=,15,GANCHOS,1.0,PAR,20000.0,20000.0,FIJO
3255,40,41,MODELO MINIMALISTA ,CAMA MODELO MINIMALISTA 2X2,Cama,EBANISTA WILMER MANO DE OBRA=,16,F40,14.0,TIRAS,1000.0,14000.0,FORMULA
3256,40,41,MODELO MINIMALISTA ,CAMA MODELO MINIMALISTA 2X2,Cama,EBANISTA WILMER MANO DE OBRA=,17,"TORNILLOS DE 2""",250.0,Unidad,100.0,25000.0,ESPACIADO
3257,40,41,MODELO MINIMALISTA ,CAMA MODELO MINIMALISTA 2X2,Cama,EBANISTA WILMER MANO DE OBRA=,18,ebanisteria 300.000 x 5% de m.o,,,,315000.0,FORMULA
3258,40,41,MODELO MINIMALISTA ,CAMA MODELO MINIMALISTA 2X2,Cama,EBANISTA WILMER MANO DE OBRA=,20,gastos de Ebanisteria e 10%,,,,62800.0,FORMULA
3259,40,41,MODELO MINIMALISTA ,CAMA MODELO MINIMALISTA 2X2,Cama,EBANISTA WILMER MANO DE OBRA=,24,CORREDERAS 35 NORMAL,2.0,PAR,250000.0,500000.0,FORMULA
3260,40,41,MODELO MINIMALISTA ,CAMA MODELO MINIMALISTA 2X2,Cama,EBANISTA WILMER MANO DE OBRA=,25,"MDF DE 2,7",,1 PEDAZO DE 1.00X46=46,65000.0,0.0,FORMULA
3261,40,41,MODELO MINIMALISTA ,CAMA MODELO MINIMALISTA 2X2,Cama,EBANISTA WILMER MANO DE OBRA=,26,LAM MDF 5,,1 PEDASO DE 1.50X40=60,130000.0,0.0,FORMULA
3262,40,41,MODELO MINIMALISTA ,CAMA MODELO MINIMALISTA 2X2,Cama,EBANISTA WILMER MANO DE OBRA=,27,LAM MDF 9,,"1 PEDASO DE 1,50X40=60",140.0,,FORMULA
3263,40,41,MODELO MINIMALISTA ,CAMA MODELO MINIMALISTA 2X2,Cama,EBANISTA WILMER MANO DE OBRA=,28,CORREDERAS,4.0,UNIDADES,15000.0,60000.0,FORMULA
3264,40,41,MODELO MINIMALISTA ,CAMA MODELO MINIMALISTA 2X2,Cama,EBANISTA WILMER MANO DE OBRA=,29,GRAPAS,,Unidad,600.0,0.0,FIJO
3265,40,41,MODELO MINIMALISTA ,CAMA MODELO MINIMALISTA 2X2,Cama,EBANISTA WILMER MANO DE OBRA=,30,CLAVILLOS N F 40,,TIRA,1000.0,0.0,FIJO
3266,40,41,MODELO MINIMALISTA ,CAMA MODELO MINIMALISTA 2X2,Cama,EBANISTA WILMER MANO DE OBRA=,31,HECHURA,,PAR,157500.0,0.0,FIJO
3267,40,41,MODELO MINIMALISTA ,CAMA MODELO MINIMALISTA 2X2,Cama,EBANISTA WILMER MANO DE OBRA=,32,"TORNILLOS DE 2""",,Unidad,100.0,0.0,FIJO
3268,40,41,MODELO MINIMALISTA ,CAMA MODELO MINIMALISTA 2X2,Cama,EBANISTA WILMER MANO DE OBRA=,35,gastos de Ebanisteria e 5%,,,,28000.0,FORMULA
3269,40,41,MODELO MINIMALISTA ,CAMA MODELO MINIMALISTA 2X2,Cama,SECCION PINTURA Y PREPARADA DE NOCHERO,37,SECCION PINTURA Y PREPARADA,DE NOCHERO,,,,FORMULA
3270,40,41,MODELO MINIMALISTA ,CAMA MODELO MINIMALISTA 2X2,Cama,SECCION PINTURA Y PREPARADA DE NOCHERO,38,PREPARADO JOTA,2.0,CON EL 5%,36750.0,73500.0,FORMULA
3271,40,41,MODELO MINIMALISTA ,CAMA MODELO MINIMALISTA 2X2,Cama,SECCION PINTURA Y PREPARADA DE NOCHERO,39,PINTURA ALEX,2.0,CON EL 5%,36750.0,73500.0,FORMULA
3272,40,41,MODELO MINIMALISTA ,CAMA MODELO MINIMALISTA 2X2,Cama,SECCION PINTURA Y PREPARADA DE NOCHERO,40,SELLADOR,2.5,PISTOLADAS,18000.0,45000.0,VOLUMEN
3273,40,41,MODELO MINIMALISTA ,CAMA MODELO MINIMALISTA 2X2,Cama,SECCION PINTURA Y PREPARADA DE NOCHERO,41,LIJA 400,2.0,unidades,2000.0,4000.0,FORMULA
3274,40,41,MODELO MINIMALISTA ,CAMA MODELO MINIMALISTA 2X2,Cama,SECCION PINTURA Y PREPARADA DE NOCHERO,42,NITRO,,galon,70000.0,0.0,FORMULA
3275,40,41,MODELO MINIMALISTA ,CAMA MODELO MINIMALISTA 2X2,Cama,SECCION PINTURA Y PREPARADA DE NOCHERO,43,VIDRIOS,,unidad,45000.0,0.0,FORMULA
3276,40,41,MODELO MINIMALISTA ,CAMA MODELO MINIMALISTA 2X2,Cama,SECCION PINTURA Y PREPARADA DE NOCHERO,44,TALCO,,unidad,2500.0,0.0,FORMULA
3277,40,41,MODELO MINIMALISTA ,CAMA MODELO MINIMALISTA 2X2,Cama,SECCION PINTURA Y PREPARADA DE NOCHERO,45,TINER,,GALON,34000.0,0.0,FORMULA
3278,40,41,MODELO MINIMALISTA ,CAMA MODELO MINIMALISTA 2X2,Cama,SECCION PINTURA Y PREPARADA DE NOCHERO,46,TOPES,,JALADORES,3000.0,0.0,FORMULA
3279,40,41,MODELO MINIMALISTA ,CAMA MODELO MINIMALISTA 2X2,Cama,SECCION PINTURA Y PREPARADA DE NOCHERO,47,BLANCO POLIURETANO,1.5,PISTOLADA,57500.0,86250.0,VOLUMEN
3280,40,41,MODELO MINIMALISTA ,CAMA MODELO MINIMALISTA 2X2,Cama,SECCION PINTURA Y PREPARADA DE NOCHERO,48,COLOR,2.0,PISTOLADA,22000.0,44000.0,VOLUMEN
3281,40,41,MODELO MINIMALISTA ,CAMA MODELO MINIMALISTA 2X2,Cama,SECCION PINTURA Y PREPARADA DE NOCHERO,49,ENCINA,,galon,160000.0,0.0,FORMULA
3282,40,41,MODELO MINIMALISTA ,CAMA MODELO MINIMALISTA 2X2,Cama,SECCION PINTURA Y PREPARADA DE NOCHERO,50,GASOLINA,0.5,ML,4500.0,2250.0,LINEAL
3283,40,41,MODELO MINIMALISTA ,CAMA MODELO MINIMALISTA 2X2,Cama,SECCION PINTURA Y PREPARADA DE NOCHERO,51,RESANE,0.5,LITRO,20000.0,10000.0,VOLUMEN
3284,40,41,MODELO MINIMALISTA ,CAMA MODELO MINIMALISTA 2X2,Cama,SECCION PINTURA Y PREPARADA DE NOCHERO,52,LACA S/M,2.0,PISTOLADA,23000.0,46000.0,VOLUMEN
3285,40,41,MODELO MINIMALISTA ,CAMA MODELO MINIMALISTA 2X2,Cama,SECCION PINTURA Y PREPARADA DE NOCHERO,54,Gastos de Pintura 10%,,,,38450.0,FORMULA
3286,40,41,MODELO MINIMALISTA ,CAMA MODELO MINIMALISTA 2X2,Cama,SECCION PINTURA Y PREPARADA PATAS,56,SECCION PINTURA Y PREPARADA,PATAS ,,,,FORMULA
3287,40,41,MODELO MINIMALISTA ,CAMA MODELO MINIMALISTA 2X2,Cama,SECCION PINTURA Y PREPARADA PATAS,57,PREPARADO JOTA,4.0,CON EL 5%,2625.0,10500.0,FORMULA
3288,40,41,MODELO MINIMALISTA ,CAMA MODELO MINIMALISTA 2X2,Cama,SECCION PINTURA Y PREPARADA PATAS,58,PINTURA ALEX,4.0,CON EL 5%,3150.0,12600.0,FORMULA
3289,40,41,MODELO MINIMALISTA ,CAMA MODELO MINIMALISTA 2X2,Cama,SECCION PINTURA Y PREPARADA PATAS,59,PINTURA DE PATAS ALEX,,,2100.0,0.0,FIJO
3290,40,41,MODELO MINIMALISTA ,CAMA MODELO MINIMALISTA 2X2,Cama,SECCION PINTURA Y PREPARADA PATAS,60,SELLADOR,1.0,PISTOLADAS,18000.0,18000.0,VOLUMEN
3291,40,41,MODELO MINIMALISTA ,CAMA MODELO MINIMALISTA 2X2,Cama,SECCION PINTURA Y PREPARADA PATAS,61,LIJA 400,,unidades,2000.0,0.0,FORMULA
3292,40,41,MODELO MINIMALISTA ,CAMA MODELO MINIMALISTA 2X2,Cama,SECCION PINTURA Y PREPARADA PATAS,62,NITRO,,galon,,0.0,FORMULA
3293,40,41,MODELO MINIMALISTA ,CAMA MODELO MINIMALISTA 2X2,Cama,SECCION PINTURA Y PREPARADA PATAS,63,lija 220,1.5,unidad,2000.0,3000.0,FORMULA
3294,40,41,MODELO MINIMALISTA ,CAMA MODELO MINIMALISTA 2X2,Cama,SECCION PINTURA Y PREPARADA PATAS,64,lija 120,,unidad,2000.0,0.0,FORMULA
3295,40,41,MODELO MINIMALISTA ,CAMA MODELO MINIMALISTA 2X2,Cama,SECCION PINTURA Y PREPARADA PATAS,65,LACA SEMIMATE,0.5,GALON,23000.0,11500.0,VOLUMEN
3296,40,41,MODELO MINIMALISTA ,CAMA MODELO MINIMALISTA 2X2,Cama,SECCION PINTURA Y PREPARADA PATAS,66,kerosen,,litro,18000.0,0.0,FORMULA
3297,40,41,MODELO MINIMALISTA ,CAMA MODELO MINIMALISTA 2X2,Cama,SECCION PINTURA Y PREPARADA PATAS,67,COLOR,0.5,PISTOLADA,22000.0,11000.0,VOLUMEN
3298,40,41,MODELO MINIMALISTA ,CAMA MODELO MINIMALISTA 2X2,Cama,SECCION PINTURA Y PREPARADA PATAS,68,TINTE MIEL,,galon,,0.0,FORMULA
3299,40,41,MODELO MINIMALISTA ,CAMA MODELO MINIMALISTA 2X2,Cama,SECCION PINTURA Y PREPARADA PATAS,69,GASOLINA,,LITRO,4.5,0.0,FORMULA
3300,40,41,MODELO MINIMALISTA ,CAMA MODELO MINIMALISTA 2X2,Cama,SECCION PINTURA Y PREPARADA PATAS,70,RESANE,,LITRO,23000.0,0.0,FORMULA
3301,40,41,MODELO MINIMALISTA ,CAMA MODELO MINIMALISTA 2X2,Cama,SECCION PINTURA Y PREPARADA PATAS,71,LACA BRILLANTE,,PISTOLADA,23000.0,0.0,FORMULA
3302,40,41,MODELO MINIMALISTA ,CAMA MODELO MINIMALISTA 2X2,Cama,SECCION PINTURA Y PREPARADA PATAS,73,Gastos de Pintura 10%,,,,6600.0,FORMULA
3303,40,41,MODELO MINIMALISTA ,CAMA MODELO MINIMALISTA 2X2,Cama,SECCION TERMINACION,76,COLAPATOS,1.0,PARES,40000.0,40000.0,FIJO
3304,40,41,MODELO MINIMALISTA ,CAMA MODELO MINIMALISTA 2X2,Cama,SECCION TERMINACION,77,MULTIUSOS,2.0,PARES,6000.0,12000.0,FORMULA
3305,40,41,MODELO MINIMALISTA ,CAMA MODELO MINIMALISTA 2X2,Cama,SECCION TERMINACION,78,REGLETA DELGADA,,UNIDAD,20000.0,0.0,FORMULA
3306,40,41,MODELO MINIMALISTA ,CAMA MODELO MINIMALISTA 2X2,Cama,SECCION TERMINACION,79,LAMPARAS DE LUZ,,UNIDADES,100000.0,0.0,FORMULA
3307,40,41,MODELO MINIMALISTA ,CAMA MODELO MINIMALISTA 2X2,Cama,SECCION TERMINACION,80,CABLE DE 12,,METROS,3000.0,0.0,FORMULA
3308,40,41,MODELO MINIMALISTA ,CAMA MODELO MINIMALISTA 2X2,Cama,SECCION TERMINACION,81,APAGADORES,,PAR,1500.0,0.0,FORMULA
3309,40,41,MODELO MINIMALISTA ,CAMA MODELO MINIMALISTA 2X2,Cama,SECCION TERMINACION,82,ENCHUFLES BLANCO MACHO,,UNIDADES,2000.0,0.0,FORMULA
3310,40,41,MODELO MINIMALISTA ,CAMA MODELO MINIMALISTA 2X2,Cama,SECCION TERMINACION,83,HERRAJES DE CAMA,,PAR,160000.0,0.0,FORMULA
3311,40,41,MODELO MINIMALISTA ,CAMA MODELO MINIMALISTA 2X2,Cama,SECCION TERMINACION,84,JALADORES,,UNIDAD,26800.0,0.0,FIJO
3312,40,41,MODELO MINIMALISTA ,CAMA MODELO MINIMALISTA 2X2,Cama,SECCION TERMINACION,85,MULTIUSOS,,UNIDADES,3000.0,0.0,FORMULA
3313,40,41,MODELO MINIMALISTA ,CAMA MODELO MINIMALISTA 2X2,Cama,SECCION TERMINACION,86,CORREDERAS,,unidades,8000.0,0.0,FIJO
3314,40,41,MODELO MINIMALISTA ,CAMA MODELO MINIMALISTA 2X2,Cama,SECCION TERMINACION,87,EMBALADA,1.0,unidades,150000.0,150000.0,FIJO
3315,40,41,MODELO MINIMALISTA ,CAMA MODELO MINIMALISTA 2X2,Cama,SECCION TERMINACION,90,SECCION TENDIDO,,,,0.0,FORMULA
3316,40,41,MODELO MINIMALISTA ,CAMA MODELO MINIMALISTA 2X2,Cama,SECCION TERMINACION,91,MADERA 60X1X4,614.0,APAMATE,140.0,85960.0,FORMULA
3317,40,41,MODELO MINIMALISTA ,CAMA MODELO MINIMALISTA 2X2,Cama,SECCION TERMINACION,92,PEOPE,2.0,,3500.0,7000.0,FORMULA
3318,40,41,MODELO MINIMALISTA ,CAMA MODELO MINIMALISTA 2X2,Cama,SECCION TERMINACION,94,GRAPAS,0.1,CAJA,12000.0,1200.0,ESPACIADO
3319,40,41,MODELO MINIMALISTA ,CAMA MODELO MINIMALISTA 2X2,Cama,SECCION TERMINACION,95,MDF DE 9,1.0,LAMINA,140000.0,140000.0,AREA
3320,40,41,MODELO MINIMALISTA ,CAMA MODELO MINIMALISTA 2X2,Cama,SECCION TERMINACION,96,COLBON,0.2,LITRO,14000.0,2800.0,VOLUMEN
3321,40,41,MODELO MINIMALISTA ,CAMA MODELO MINIMALISTA 2X2,Cama,SECCION TERMINACION,97,"TORNILLOS DE 2""",40.0,UNIDAD,100.0,4000.0,ESPACIADO
3322,40,41,MODELO MINIMALISTA ,CAMA MODELO MINIMALISTA 2X2,Cama,SECCION TERMINACION,98,CLAVILLO,2.0,TIRA,1000.0,2000.0,ESPACIADO
3323,40,41,MODELO MINIMALISTA ,CAMA MODELO MINIMALISTA 2X2,Cama,SECCION TERMINACION,99,HECHURA,1.0,UNIDAD,63000.0,63000.0,FIJO
3324,40,41,MODELO MINIMALISTA ,CAMA MODELO MINIMALISTA 2X2,Cama,SECCION TAPICERIA MANO DE OBRA=,102,SECCION TAPICERIA,,MANO DE OBRA=,,,FORMULA
3325,40,41,MODELO MINIMALISTA ,CAMA MODELO MINIMALISTA 2X2,Cama,SECCION TAPICERIA MANO DE OBRA=,103,TELA DIVERSA BEIS,12.0,METROS,35000.0,420000.0,AREA
3326,40,41,MODELO MINIMALISTA ,CAMA MODELO MINIMALISTA 2X2,Cama,SECCION TAPICERIA MANO DE OBRA=,104,ESPUMA 1/2 ROSADA,,LAMINA,25000.0,0.0,FORMULA
3327,40,41,MODELO MINIMALISTA ,CAMA MODELO MINIMALISTA 2X2,Cama,SECCION TAPICERIA MANO DE OBRA=,105,GRAPAS,0.5,CAJA DE GRAPAS,12000.0,6000.0,ESPACIADO
3328,40,41,MODELO MINIMALISTA ,CAMA MODELO MINIMALISTA 2X2,Cama,SECCION TAPICERIA MANO DE OBRA=,106,CASQUETES,,UNIDADES,300.0,0.0,FORMULA
3329,40,41,MODELO MINIMALISTA ,CAMA MODELO MINIMALISTA 2X2,Cama,SECCION TAPICERIA MANO DE OBRA=,107,TORNILLOS,,UNIDADES,100.0,0.0,FIJO
3330,40,41,MODELO MINIMALISTA ,CAMA MODELO MINIMALISTA 2X2,Cama,SECCION TAPICERIA MANO DE OBRA=,108,ESPUMA DE 1 1/2'' ROSADA,2.25,UNIDADES,30000.0,67500.0,AREA
3331,40,41,MODELO MINIMALISTA ,CAMA MODELO MINIMALISTA 2X2,Cama,SECCION TAPICERIA MANO DE OBRA=,109,ESPUMA 2 AZUL,1.5,LAMINA,50250.0,75375.0,AREA
3332,40,41,MODELO MINIMALISTA ,CAMA MODELO MINIMALISTA 2X2,Cama,SECCION TAPICERIA MANO DE OBRA=,110,ESPUMA 1 1/2'' AZUL,,MTS,30000.0,0.0,FORMULA
3333,40,41,MODELO MINIMALISTA ,CAMA MODELO MINIMALISTA 2X2,Cama,SECCION TAPICERIA MANO DE OBRA=,111,RIATA,0.5,METROS,37000.0,18500.0,LINEAL
3334,40,41,MODELO MINIMALISTA ,CAMA MODELO MINIMALISTA 2X2,Cama,SECCION TAPICERIA MANO DE OBRA=,112,HILO,0.25,UNIDAD,25000.0,6250.0,FORMULA
3335,40,41,MODELO MINIMALISTA ,CAMA MODELO MINIMALISTA 2X2,Cama,SECCION TAPICERIA MANO DE OBRA=,113,PEGANTE EPRAY,0.5,ROLLO,19000.0,9500.0,FORMULA
3336,40,41,MODELO MINIMALISTA ,CAMA MODELO MINIMALISTA 2X2,Cama,SECCION TAPICERIA MANO DE OBRA=,114,COSTAL,2.0,METROS,3500.0,7000.0,AREA
3337,40,41,MODELO MINIMALISTA ,CAMA MODELO MINIMALISTA 2X2,Cama,SECCION TAPICERIA MANO DE OBRA=,115,SUPER,1.0,LITRO,19000.0,19000.0,VOLUMEN
3338,40,41,MODELO MINIMALISTA ,CAMA MODELO MINIMALISTA 2X2,Cama,SECCION TAPICERIA MANO DE OBRA=,116,CARTON,2.0,UNIDADES,5000.0,10000.0,FORMULA
3339,40,41,MODELO MINIMALISTA ,CAMA MODELO MINIMALISTA 2X2,Cama,SECCION TAPICERIA MANO DE OBRA=,117,HECHURA,1.0,CAMA,210000.0,210000.0,FIJO
3340,40,41,MODELO MINIMALISTA ,CAMA MODELO MINIMALISTA 2X2,Cama,SECCION TAPICERIA MANO DE OBRA=,118,LENCILLO,,METROS,2650.0,0.0,FORMULA
3341,41,42,MODELO CHEMBER ,CAMA CHEMBER 2X2,Cama,EBANISTA WILMER MANO DE OBRA=,8,MADERA (2),1250.0,APAMATE,140.0,175000.0,FORMULA
3342,41,42,MODELO CHEMBER ,CAMA CHEMBER 2X2,Cama,EBANISTA WILMER MANO DE OBRA=,9,MDF DE 3,1.0,LAMINA,67000.0,67000.0,AREA
3343,41,42,MODELO CHEMBER ,CAMA CHEMBER 2X2,Cama,EBANISTA WILMER MANO DE OBRA=,10,LAMINA DE 15,,LAMINA,220000.0,0.0,FORMULA
3344,41,42,MODELO CHEMBER ,CAMA CHEMBER 2X2,Cama,EBANISTA WILMER MANO DE OBRA=,11,LAMINA DE 5.5,2.0,LAMINA,140000.0,280000.0,AREA
3345,41,42,MODELO CHEMBER ,CAMA CHEMBER 2X2,Cama,EBANISTA WILMER MANO DE OBRA=,12,LAMINA DE 9,1.0,LAMINA,140000.0,140000.0,AREA
3346,41,42,MODELO CHEMBER ,CAMA CHEMBER 2X2,Cama,EBANISTA WILMER MANO DE OBRA=,13,COLBON,2.0,LITRO,14000.0,28000.0,VOLUMEN
3347,41,42,MODELO CHEMBER ,CAMA CHEMBER 2X2,Cama,EBANISTA WILMER MANO DE OBRA=,14,GRAPAS,0.5,CAJA,12000.0,6000.0,ESPACIADO
3348,41,42,MODELO CHEMBER ,CAMA CHEMBER 2X2,Cama,EBANISTA WILMER MANO DE OBRA=,15,GANCHOS,1.0,PAR,20000.0,20000.0,FIJO
3349,41,42,MODELO CHEMBER ,CAMA CHEMBER 2X2,Cama,EBANISTA WILMER MANO DE OBRA=,16,F40,14.0,TIRAS,1000.0,14000.0,FORMULA
3350,41,42,MODELO CHEMBER ,CAMA CHEMBER 2X2,Cama,EBANISTA WILMER MANO DE OBRA=,17,"TORNILLOS DE 2""",250.0,Unidad,100.0,25000.0,ESPACIADO
3351,41,42,MODELO CHEMBER ,CAMA CHEMBER 2X2,Cama,EBANISTA WILMER MANO DE OBRA=,18,ebanisteria 300.000 x 5% de m.o,,,,315000.0,FORMULA
3352,41,42,MODELO CHEMBER ,CAMA CHEMBER 2X2,Cama,EBANISTA WILMER MANO DE OBRA=,20,gastos de Ebanisteria e 10%,,,,107000.0,FORMULA
3353,41,42,MODELO CHEMBER ,CAMA CHEMBER 2X2,Cama,EBANISTA WILMER MANO DE OBRA=,24,CORREDERAS 35 NORMAL,2.0,PAR,250000.0,500000.0,FORMULA
3354,41,42,MODELO CHEMBER ,CAMA CHEMBER 2X2,Cama,EBANISTA WILMER MANO DE OBRA=,25,"MDF DE 2,7",,1 PEDAZO DE 1.00X46=46,65000.0,0.0,FORMULA
3355,41,42,MODELO CHEMBER ,CAMA CHEMBER 2X2,Cama,EBANISTA WILMER MANO DE OBRA=,26,LAM MDF 5,,1 PEDASO DE 1.50X40=60,130000.0,0.0,FORMULA
3356,41,42,MODELO CHEMBER ,CAMA CHEMBER 2X2,Cama,EBANISTA WILMER MANO DE OBRA=,27,LAM MDF 9,,"1 PEDASO DE 1,50X40=60",140.0,,FORMULA
3357,41,42,MODELO CHEMBER ,CAMA CHEMBER 2X2,Cama,EBANISTA WILMER MANO DE OBRA=,28,CORREDERAS,4.0,UNIDADES,15000.0,60000.0,FORMULA
3358,41,42,MODELO CHEMBER ,CAMA CHEMBER 2X2,Cama,EBANISTA WILMER MANO DE OBRA=,29,GRAPAS,,Unidad,600.0,0.0,FIJO
3359,41,42,MODELO CHEMBER ,CAMA CHEMBER 2X2,Cama,EBANISTA WILMER MANO DE OBRA=,30,CLAVILLOS N F 40,,TIRA,1000.0,0.0,FIJO
3360,41,42,MODELO CHEMBER ,CAMA CHEMBER 2X2,Cama,EBANISTA WILMER MANO DE OBRA=,31,HECHURA,,PAR,157500.0,0.0,FIJO
3361,41,42,MODELO CHEMBER ,CAMA CHEMBER 2X2,Cama,EBANISTA WILMER MANO DE OBRA=,32,"TORNILLOS DE 2""",,Unidad,100.0,0.0,FIJO
3362,41,42,MODELO CHEMBER ,CAMA CHEMBER 2X2,Cama,EBANISTA WILMER MANO DE OBRA=,35,gastos de Ebanisteria e 5%,,,,28000.0,FORMULA
3363,41,42,MODELO CHEMBER ,CAMA CHEMBER 2X2,Cama,SECCION PINTURA Y PREPARADA DE NOCHERO,37,SECCION PINTURA Y PREPARADA,DE NOCHERO,,,,FORMULA
3364,41,42,MODELO CHEMBER ,CAMA CHEMBER 2X2,Cama,SECCION PINTURA Y PREPARADA DE NOCHERO,38,PREPARADO JOTA,2.0,CON EL 5%,36750.0,73500.0,FORMULA
3365,41,42,MODELO CHEMBER ,CAMA CHEMBER 2X2,Cama,SECCION PINTURA Y PREPARADA DE NOCHERO,39,PINTURA ALEX,2.0,CON EL 5%,36750.0,73500.0,FORMULA
3366,41,42,MODELO CHEMBER ,CAMA CHEMBER 2X2,Cama,SECCION PINTURA Y PREPARADA DE NOCHERO,40,SELLADOR,2.5,PISTOLADAS,18000.0,45000.0,VOLUMEN
3367,41,42,MODELO CHEMBER ,CAMA CHEMBER 2X2,Cama,SECCION PINTURA Y PREPARADA DE NOCHERO,41,LIJA 400,2.0,unidades,2000.0,4000.0,FORMULA
3368,41,42,MODELO CHEMBER ,CAMA CHEMBER 2X2,Cama,SECCION PINTURA Y PREPARADA DE NOCHERO,42,NITRO,,galon,70000.0,0.0,FORMULA
3369,41,42,MODELO CHEMBER ,CAMA CHEMBER 2X2,Cama,SECCION PINTURA Y PREPARADA DE NOCHERO,43,VIDRIOS,,unidad,45000.0,0.0,FORMULA
3370,41,42,MODELO CHEMBER ,CAMA CHEMBER 2X2,Cama,SECCION PINTURA Y PREPARADA DE NOCHERO,44,TALCO,,unidad,2500.0,0.0,FORMULA
3371,41,42,MODELO CHEMBER ,CAMA CHEMBER 2X2,Cama,SECCION PINTURA Y PREPARADA DE NOCHERO,45,TINER,,GALON,34000.0,0.0,FORMULA
3372,41,42,MODELO CHEMBER ,CAMA CHEMBER 2X2,Cama,SECCION PINTURA Y PREPARADA DE NOCHERO,46,TOPES,,JALADORES,3000.0,0.0,FORMULA
3373,41,42,MODELO CHEMBER ,CAMA CHEMBER 2X2,Cama,SECCION PINTURA Y PREPARADA DE NOCHERO,47,BLANCO POLIURETANO,1.5,PISTOLADA,57500.0,86250.0,VOLUMEN
3374,41,42,MODELO CHEMBER ,CAMA CHEMBER 2X2,Cama,SECCION PINTURA Y PREPARADA DE NOCHERO,48,COLOR,2.0,PISTOLADA,22000.0,44000.0,VOLUMEN
3375,41,42,MODELO CHEMBER ,CAMA CHEMBER 2X2,Cama,SECCION PINTURA Y PREPARADA DE NOCHERO,49,ENCINA,,galon,160000.0,0.0,FORMULA
3376,41,42,MODELO CHEMBER ,CAMA CHEMBER 2X2,Cama,SECCION PINTURA Y PREPARADA DE NOCHERO,50,GASOLINA,0.5,ML,4500.0,2250.0,LINEAL
3377,41,42,MODELO CHEMBER ,CAMA CHEMBER 2X2,Cama,SECCION PINTURA Y PREPARADA DE NOCHERO,51,RESANE,0.5,LITRO,20000.0,10000.0,VOLUMEN
3378,41,42,MODELO CHEMBER ,CAMA CHEMBER 2X2,Cama,SECCION PINTURA Y PREPARADA DE NOCHERO,52,LACA S/M,2.0,PISTOLADA,23000.0,46000.0,VOLUMEN
3379,41,42,MODELO CHEMBER ,CAMA CHEMBER 2X2,Cama,SECCION PINTURA Y PREPARADA DE NOCHERO,54,Gastos de Pintura 10%,,,,38450.0,FORMULA
3380,41,42,MODELO CHEMBER ,CAMA CHEMBER 2X2,Cama,SECCION PINTURA Y PREPARADA PATAS,56,SECCION PINTURA Y PREPARADA,PATAS ,,,,FORMULA
3381,41,42,MODELO CHEMBER ,CAMA CHEMBER 2X2,Cama,SECCION PINTURA Y PREPARADA PATAS,57,PREPARADO JOTA,8.0,CON EL 5%,1050.0,8400.0,FORMULA
3382,41,42,MODELO CHEMBER ,CAMA CHEMBER 2X2,Cama,SECCION PINTURA Y PREPARADA PATAS,58,PINTURA ALEX,8.0,CON EL 5%,2100.0,16800.0,FORMULA
3383,41,42,MODELO CHEMBER ,CAMA CHEMBER 2X2,Cama,SECCION PINTURA Y PREPARADA PATAS,59,PINTURA DE PATAS ALEX,,,2100.0,0.0,FIJO
3384,41,42,MODELO CHEMBER ,CAMA CHEMBER 2X2,Cama,SECCION PINTURA Y PREPARADA PATAS,60,SELLADOR,0.23,PISTOLADAS,18000.0,4140.0,VOLUMEN
3385,41,42,MODELO CHEMBER ,CAMA CHEMBER 2X2,Cama,SECCION PINTURA Y PREPARADA PATAS,61,LIJA 400,0.5,unidades,2000.0,1000.0,FORMULA
3386,41,42,MODELO CHEMBER ,CAMA CHEMBER 2X2,Cama,SECCION PINTURA Y PREPARADA PATAS,62,NITRO,,galon,,0.0,FORMULA
3387,41,42,MODELO CHEMBER ,CAMA CHEMBER 2X2,Cama,SECCION PINTURA Y PREPARADA PATAS,63,lija 220,,unidad,2000.0,0.0,FORMULA
3388,41,42,MODELO CHEMBER ,CAMA CHEMBER 2X2,Cama,SECCION PINTURA Y PREPARADA PATAS,64,lija 120,,unidad,2000.0,0.0,FORMULA
3389,41,42,MODELO CHEMBER ,CAMA CHEMBER 2X2,Cama,SECCION PINTURA Y PREPARADA PATAS,65,LACA SEMIMATE,0.2,GALON,23000.0,4600.0,VOLUMEN
3390,41,42,MODELO CHEMBER ,CAMA CHEMBER 2X2,Cama,SECCION PINTURA Y PREPARADA PATAS,66,kerosen,,litro,18000.0,0.0,FORMULA
3391,41,42,MODELO CHEMBER ,CAMA CHEMBER 2X2,Cama,SECCION PINTURA Y PREPARADA PATAS,67,COLOR,0.25,PISTOLADA,22000.0,5500.0,VOLUMEN
3392,41,42,MODELO CHEMBER ,CAMA CHEMBER 2X2,Cama,SECCION PINTURA Y PREPARADA PATAS,68,TINTE MIEL,,galon,,0.0,FORMULA
3393,41,42,MODELO CHEMBER ,CAMA CHEMBER 2X2,Cama,SECCION PINTURA Y PREPARADA PATAS,69,GASOLINA,,LITRO,4.5,0.0,FORMULA
3394,41,42,MODELO CHEMBER ,CAMA CHEMBER 2X2,Cama,SECCION PINTURA Y PREPARADA PATAS,70,RESANE,,LITRO,23000.0,0.0,FORMULA
3395,41,42,MODELO CHEMBER ,CAMA CHEMBER 2X2,Cama,SECCION PINTURA Y PREPARADA PATAS,71,LACA BRILLANTE,,PISTOLADA,23000.0,0.0,FORMULA
3396,41,42,MODELO CHEMBER ,CAMA CHEMBER 2X2,Cama,SECCION PINTURA Y PREPARADA PATAS,73,Gastos de Pintura 10%,,,,32095.1,FORMULA
3397,41,42,MODELO CHEMBER ,CAMA CHEMBER 2X2,Cama,SECCION TERMINACION,76,COLAPATOS,1.0,PARES,40000.0,40000.0,FIJO
3398,41,42,MODELO CHEMBER ,CAMA CHEMBER 2X2,Cama,SECCION TERMINACION,77,MULTIUSOS,2.0,PARES,6000.0,12000.0,FORMULA
3399,41,42,MODELO CHEMBER ,CAMA CHEMBER 2X2,Cama,SECCION TERMINACION,78,REGLETA DELGADA,,UNIDAD,20000.0,0.0,FORMULA
3400,41,42,MODELO CHEMBER ,CAMA CHEMBER 2X2,Cama,SECCION TERMINACION,79,LAMPARAS DE LUZ,,UNIDADES,100000.0,0.0,FORMULA
3401,41,42,MODELO CHEMBER ,CAMA CHEMBER 2X2,Cama,SECCION TERMINACION,80,CABLE DE 12,,METROS,3000.0,0.0,FORMULA
3402,41,42,MODELO CHEMBER ,CAMA CHEMBER 2X2,Cama,SECCION TERMINACION,81,APAGADORES,,PAR,1500.0,0.0,FORMULA
3403,41,42,MODELO CHEMBER ,CAMA CHEMBER 2X2,Cama,SECCION TERMINACION,82,ENCHUFLES BLANCO MACHO,,UNIDADES,2000.0,0.0,FORMULA
3404,41,42,MODELO CHEMBER ,CAMA CHEMBER 2X2,Cama,SECCION TERMINACION,83,HERRAJES DE CAMA,,PAR,160000.0,0.0,FORMULA
3405,41,42,MODELO CHEMBER ,CAMA CHEMBER 2X2,Cama,SECCION TERMINACION,84,JALADORES,,UNIDAD,26800.0,0.0,FIJO
3406,41,42,MODELO CHEMBER ,CAMA CHEMBER 2X2,Cama,SECCION TERMINACION,85,MULTIUSOS,,UNIDADES,3000.0,0.0,FORMULA
3407,41,42,MODELO CHEMBER ,CAMA CHEMBER 2X2,Cama,SECCION TERMINACION,86,CORREDERAS,,unidades,8000.0,0.0,FIJO
3408,41,42,MODELO CHEMBER ,CAMA CHEMBER 2X2,Cama,SECCION TERMINACION,87,EMBALADA,1.0,unidades,150000.0,150000.0,FIJO
3409,41,42,MODELO CHEMBER ,CAMA CHEMBER 2X2,Cama,SECCION TERMINACION,90,SECCION TENDIDO,,,,0.0,FORMULA
3410,41,42,MODELO CHEMBER ,CAMA CHEMBER 2X2,Cama,SECCION TERMINACION,91,MADERA 60X1X4,614.0,APAMATE,140.0,85960.0,FORMULA
3411,41,42,MODELO CHEMBER ,CAMA CHEMBER 2X2,Cama,SECCION TERMINACION,92,PEOPE,2.0,,3500.0,7000.0,FORMULA
3412,41,42,MODELO CHEMBER ,CAMA CHEMBER 2X2,Cama,SECCION TERMINACION,94,GRAPAS,0.1,CAJA,12000.0,1200.0,ESPACIADO
3413,41,42,MODELO CHEMBER ,CAMA CHEMBER 2X2,Cama,SECCION TERMINACION,95,MDF DE 9,1.0,LAMINA,140000.0,140000.0,AREA
3414,41,42,MODELO CHEMBER ,CAMA CHEMBER 2X2,Cama,SECCION TERMINACION,96,COLBON,0.2,LITRO,14000.0,2800.0,VOLUMEN
3415,41,42,MODELO CHEMBER ,CAMA CHEMBER 2X2,Cama,SECCION TERMINACION,97,"TORNILLOS DE 2""",40.0,UNIDAD,100.0,4000.0,ESPACIADO
3416,41,42,MODELO CHEMBER ,CAMA CHEMBER 2X2,Cama,SECCION TERMINACION,98,CLAVILLO,2.0,TIRA,1000.0,2000.0,ESPACIADO
3417,41,42,MODELO CHEMBER ,CAMA CHEMBER 2X2,Cama,SECCION TERMINACION,99,HECHURA,1.0,UNIDAD,63000.0,63000.0,FIJO
3418,41,42,MODELO CHEMBER ,CAMA CHEMBER 2X2,Cama,SECCION TAPICERIA MANO DE OBRA=,102,SECCION TAPICERIA,,MANO DE OBRA=,,,FORMULA
3419,41,42,MODELO CHEMBER ,CAMA CHEMBER 2X2,Cama,SECCION TAPICERIA MANO DE OBRA=,103,TELA DIVERSA BEIS,13.0,METROS,35000.0,455000.0,AREA
3420,41,42,MODELO CHEMBER ,CAMA CHEMBER 2X2,Cama,SECCION TAPICERIA MANO DE OBRA=,104,ESPUMA 1/2 ROSADA,1.0,LAMINA,25000.0,25000.0,AREA
3421,41,42,MODELO CHEMBER ,CAMA CHEMBER 2X2,Cama,SECCION TAPICERIA MANO DE OBRA=,105,GRAPAS,0.5,CAJA DE GRAPAS,12000.0,6000.0,ESPACIADO
3422,41,42,MODELO CHEMBER ,CAMA CHEMBER 2X2,Cama,SECCION TAPICERIA MANO DE OBRA=,106,CASQUETES,,UNIDADES,300.0,0.0,FORMULA
3423,41,42,MODELO CHEMBER ,CAMA CHEMBER 2X2,Cama,SECCION TAPICERIA MANO DE OBRA=,107,TORNILLOS,20.0,UNIDADES,100.0,2000.0,ESPACIADO
3424,41,42,MODELO CHEMBER ,CAMA CHEMBER 2X2,Cama,SECCION TAPICERIA MANO DE OBRA=,108,ESPUMA DE 1 1/2'' ROSADA,,UNIDADES,30000.0,0.0,FORMULA
3425,41,42,MODELO CHEMBER ,CAMA CHEMBER 2X2,Cama,SECCION TAPICERIA MANO DE OBRA=,109,ESPUMA 2 AZUL,2.0,LAMINA,50250.0,100500.0,AREA
3426,41,42,MODELO CHEMBER ,CAMA CHEMBER 2X2,Cama,SECCION TAPICERIA MANO DE OBRA=,110,ESPUMA 1 1/2'' AZUL,2.5,MTS,30000.0,75000.0,AREA
3427,41,42,MODELO CHEMBER ,CAMA CHEMBER 2X2,Cama,SECCION TAPICERIA MANO DE OBRA=,111,RIATA,,METROS,3000.0,0.0,FORMULA
3428,41,42,MODELO CHEMBER ,CAMA CHEMBER 2X2,Cama,SECCION TAPICERIA MANO DE OBRA=,112,HILO,,UNIDAD,25000.0,0.0,FORMULA
3429,41,42,MODELO CHEMBER ,CAMA CHEMBER 2X2,Cama,SECCION TAPICERIA MANO DE OBRA=,113,CANAMO,,ROLLO,12000.0,0.0,FORMULA
3430,41,42,MODELO CHEMBER ,CAMA CHEMBER 2X2,Cama,SECCION TAPICERIA MANO DE OBRA=,114,COSTAL,2.7,METROS,3500.0,9450.0,AREA
3431,41,42,MODELO CHEMBER ,CAMA CHEMBER 2X2,Cama,SECCION TAPICERIA MANO DE OBRA=,115,SUPER,2.0,LITRO,19000.0,38000.0,VOLUMEN
3432,41,42,MODELO CHEMBER ,CAMA CHEMBER 2X2,Cama,SECCION TAPICERIA MANO DE OBRA=,116,CARTON,6.0,UNIDADES,5000.0,30000.0,FORMULA
3433,41,42,MODELO CHEMBER ,CAMA CHEMBER 2X2,Cama,SECCION TAPICERIA MANO DE OBRA=,117,HECHURA,1.0,CAMA,210000.0,210000.0,FIJO
3434,41,42,MODELO CHEMBER ,CAMA CHEMBER 2X2,Cama,SECCION TAPICERIA MANO DE OBRA=,118,LENCILLO,,METROS,2650.0,0.0,FORMULA
3435,42,43,MODELO RUZO ,CAMA RUZO 2X2,Cama,EBANISTA WILMER MANO DE OBRA=,8,MADERA (2),1350.0,APAMATE,140.0,189000.0,FORMULA
3436,42,43,MODELO RUZO ,CAMA RUZO 2X2,Cama,EBANISTA WILMER MANO DE OBRA=,9,MDF DE 3,0.7,LAMINA,67000.0,46900.0,AREA
3437,42,43,MODELO RUZO ,CAMA RUZO 2X2,Cama,EBANISTA WILMER MANO DE OBRA=,10,LAMINA DE 15,0.5,LAMINA,220000.0,110000.0,AREA
3438,42,43,MODELO RUZO ,CAMA RUZO 2X2,Cama,EBANISTA WILMER MANO DE OBRA=,11,LAMINA DE 9,0.5,LAMINA,140000.0,70000.0,AREA
3439,42,43,MODELO RUZO ,CAMA RUZO 2X2,Cama,EBANISTA WILMER MANO DE OBRA=,12,COLBON,1.5,LITRO,14000.0,21000.0,VOLUMEN
3440,42,43,MODELO RUZO ,CAMA RUZO 2X2,Cama,EBANISTA WILMER MANO DE OBRA=,13,GRAPAS,15.0,CAJA,12000.0,180000.0,ESPACIADO
3441,42,43,MODELO RUZO ,CAMA RUZO 2X2,Cama,EBANISTA WILMER MANO DE OBRA=,14,GANCHOS,1.0,PAR,20000.0,20000.0,FIJO
3442,42,43,MODELO RUZO ,CAMA RUZO 2X2,Cama,EBANISTA WILMER MANO DE OBRA=,15,F40,11.0,TIRAS,1000.0,11000.0,FORMULA
3443,42,43,MODELO RUZO ,CAMA RUZO 2X2,Cama,EBANISTA WILMER MANO DE OBRA=,16,"TORNILLOS DE 2""",250.0,Unidad,100.0,25000.0,ESPACIADO
3444,42,43,MODELO RUZO ,CAMA RUZO 2X2,Cama,EBANISTA WILMER MANO DE OBRA=,17,ebanisteria 300.000 x 5% de m.o,,,,315000.0,FORMULA
3445,42,43,MODELO RUZO ,CAMA RUZO 2X2,Cama,EBANISTA WILMER MANO DE OBRA=,19,gastos de Ebanisteria e 10%,,,,98790.0,FORMULA
3446,42,43,MODELO RUZO ,CAMA RUZO 2X2,Cama,EBANISTA WILMER MANO DE OBRA=,23,CORREDERAS 35 NORMAL,2.0,PAR,250000.0,500000.0,FORMULA
3447,42,43,MODELO RUZO ,CAMA RUZO 2X2,Cama,EBANISTA WILMER MANO DE OBRA=,24,"MDF DE 2,7",,1 PEDAZO DE 1.00X46=46,65000.0,0.0,FORMULA
3448,42,43,MODELO RUZO ,CAMA RUZO 2X2,Cama,EBANISTA WILMER MANO DE OBRA=,25,LAM MDF 5,,1 PEDASO DE 1.50X40=60,130000.0,0.0,FORMULA
3449,42,43,MODELO RUZO ,CAMA RUZO 2X2,Cama,EBANISTA WILMER MANO DE OBRA=,26,LAM MDF 9,,"1 PEDASO DE 1,50X40=60",140.0,,FORMULA
3450,42,43,MODELO RUZO ,CAMA RUZO 2X2,Cama,EBANISTA WILMER MANO DE OBRA=,27,CORREDERAS,4.0,UNIDADES,15000.0,60000.0,FORMULA
3451,42,43,MODELO RUZO ,CAMA RUZO 2X2,Cama,EBANISTA WILMER MANO DE OBRA=,28,GRAPAS,,Unidad,600.0,0.0,FIJO
3452,42,43,MODELO RUZO ,CAMA RUZO 2X2,Cama,EBANISTA WILMER MANO DE OBRA=,29,CLAVILLOS N F 40,,TIRA,1000.0,0.0,FIJO
3453,42,43,MODELO RUZO ,CAMA RUZO 2X2,Cama,EBANISTA WILMER MANO DE OBRA=,30,HECHURA,,PAR,157500.0,0.0,FIJO
3454,42,43,MODELO RUZO ,CAMA RUZO 2X2,Cama,EBANISTA WILMER MANO DE OBRA=,31,"TORNILLOS DE 2""",,Unidad,100.0,0.0,FIJO
3455,42,43,MODELO RUZO ,CAMA RUZO 2X2,Cama,EBANISTA WILMER MANO DE OBRA=,34,gastos de Ebanisteria e 5%,,,,28000.0,FORMULA
3456,42,43,MODELO RUZO ,CAMA RUZO 2X2,Cama,SECCION PINTURA Y PREPARADA DE NOCHERO,36,SECCION PINTURA Y PREPARADA,DE NOCHERO,,,,FORMULA
3457,42,43,MODELO RUZO ,CAMA RUZO 2X2,Cama,SECCION PINTURA Y PREPARADA DE NOCHERO,37,PREPARADO JOTA,2.0,CON EL 5%,36750.0,73500.0,FORMULA
3458,42,43,MODELO RUZO ,CAMA RUZO 2X2,Cama,SECCION PINTURA Y PREPARADA DE NOCHERO,38,PINTURA ALEX,2.0,CON EL 5%,36750.0,73500.0,FORMULA
3459,42,43,MODELO RUZO ,CAMA RUZO 2X2,Cama,SECCION PINTURA Y PREPARADA DE NOCHERO,39,SELLADOR,2.5,PISTOLADAS,18000.0,45000.0,VOLUMEN
3460,42,43,MODELO RUZO ,CAMA RUZO 2X2,Cama,SECCION PINTURA Y PREPARADA DE NOCHERO,40,LIJA 400,2.0,unidades,2000.0,4000.0,FORMULA
3461,42,43,MODELO RUZO ,CAMA RUZO 2X2,Cama,SECCION PINTURA Y PREPARADA DE NOCHERO,41,NITRO,,galon,70000.0,0.0,FORMULA
3462,42,43,MODELO RUZO ,CAMA RUZO 2X2,Cama,SECCION PINTURA Y PREPARADA DE NOCHERO,42,VIDRIOS,,unidad,45000.0,0.0,FORMULA
3463,42,43,MODELO RUZO ,CAMA RUZO 2X2,Cama,SECCION PINTURA Y PREPARADA DE NOCHERO,43,TALCO,,unidad,2500.0,0.0,FORMULA
3464,42,43,MODELO RUZO ,CAMA RUZO 2X2,Cama,SECCION PINTURA Y PREPARADA DE NOCHERO,44,TINER,,GALON,34000.0,0.0,FORMULA
3465,42,43,MODELO RUZO ,CAMA RUZO 2X2,Cama,SECCION PINTURA Y PREPARADA DE NOCHERO,45,TOPES,,JALADORES,3000.0,0.0,FORMULA
3466,42,43,MODELO RUZO ,CAMA RUZO 2X2,Cama,SECCION PINTURA Y PREPARADA DE NOCHERO,46,BLANCO POLIURETANO,1.5,PISTOLADA,57500.0,86250.0,VOLUMEN
3467,42,43,MODELO RUZO ,CAMA RUZO 2X2,Cama,SECCION PINTURA Y PREPARADA DE NOCHERO,47,COLOR,2.0,PISTOLADA,22000.0,44000.0,VOLUMEN
3468,42,43,MODELO RUZO ,CAMA RUZO 2X2,Cama,SECCION PINTURA Y PREPARADA DE NOCHERO,48,ENCINA,,galon,160000.0,0.0,FORMULA
3469,42,43,MODELO RUZO ,CAMA RUZO 2X2,Cama,SECCION PINTURA Y PREPARADA DE NOCHERO,49,GASOLINA,0.5,ML,4500.0,2250.0,LINEAL
3470,42,43,MODELO RUZO ,CAMA RUZO 2X2,Cama,SECCION PINTURA Y PREPARADA DE NOCHERO,50,RESANE,0.5,LITRO,20000.0,10000.0,VOLUMEN
3471,42,43,MODELO RUZO ,CAMA RUZO 2X2,Cama,SECCION PINTURA Y PREPARADA DE NOCHERO,51,LACA S/M,2.0,PISTOLADA,23000.0,46000.0,VOLUMEN
3472,42,43,MODELO RUZO ,CAMA RUZO 2X2,Cama,SECCION PINTURA Y PREPARADA DE NOCHERO,53,Gastos de Pintura 10%,,,,38450.0,FORMULA
3473,42,43,MODELO RUZO ,CAMA RUZO 2X2,Cama,SECCION PINTURA Y PREPARADA PATAS,55,SECCION PINTURA Y PREPARADA,PATAS ,,,,FORMULA
3474,42,43,MODELO RUZO ,CAMA RUZO 2X2,Cama,SECCION PINTURA Y PREPARADA PATAS,56,PREPARADO JOTA,8.0,CON EL 5%,1050.0,8400.0,FORMULA
3475,42,43,MODELO RUZO ,CAMA RUZO 2X2,Cama,SECCION PINTURA Y PREPARADA PATAS,57,PINTURA ALEX,8.0,CON EL 5%,2100.0,16800.0,FORMULA
3476,42,43,MODELO RUZO ,CAMA RUZO 2X2,Cama,SECCION PINTURA Y PREPARADA PATAS,58,PINTURA DE PATAS ALEX,,,2100.0,0.0,FIJO
3477,42,43,MODELO RUZO ,CAMA RUZO 2X2,Cama,SECCION PINTURA Y PREPARADA PATAS,59,SELLADOR,0.23,PISTOLADAS,18000.0,4140.0,VOLUMEN
3478,42,43,MODELO RUZO ,CAMA RUZO 2X2,Cama,SECCION PINTURA Y PREPARADA PATAS,60,LIJA 400,0.5,unidades,2000.0,1000.0,FORMULA
3479,42,43,MODELO RUZO ,CAMA RUZO 2X2,Cama,SECCION PINTURA Y PREPARADA PATAS,61,NITRO,,galon,,0.0,FORMULA
3480,42,43,MODELO RUZO ,CAMA RUZO 2X2,Cama,SECCION PINTURA Y PREPARADA PATAS,62,lija 220,,unidad,2000.0,0.0,FORMULA
3481,42,43,MODELO RUZO ,CAMA RUZO 2X2,Cama,SECCION PINTURA Y PREPARADA PATAS,63,lija 120,,unidad,2000.0,0.0,FORMULA
3482,42,43,MODELO RUZO ,CAMA RUZO 2X2,Cama,SECCION PINTURA Y PREPARADA PATAS,64,LACA SEMIMATE,0.2,GALON,23000.0,4600.0,VOLUMEN
3483,42,43,MODELO RUZO ,CAMA RUZO 2X2,Cama,SECCION PINTURA Y PREPARADA PATAS,65,kerosen,,litro,18000.0,0.0,FORMULA
3484,42,43,MODELO RUZO ,CAMA RUZO 2X2,Cama,SECCION PINTURA Y PREPARADA PATAS,66,COLOR,0.25,PISTOLADA,22000.0,5500.0,VOLUMEN
3485,42,43,MODELO RUZO ,CAMA RUZO 2X2,Cama,SECCION PINTURA Y PREPARADA PATAS,67,TINTE MIEL,,galon,,0.0,FORMULA
3486,42,43,MODELO RUZO ,CAMA RUZO 2X2,Cama,SECCION PINTURA Y PREPARADA PATAS,68,GASOLINA,,LITRO,4.5,0.0,FORMULA
3487,42,43,MODELO RUZO ,CAMA RUZO 2X2,Cama,SECCION PINTURA Y PREPARADA PATAS,69,RESANE,,LITRO,23000.0,0.0,FORMULA
3488,42,43,MODELO RUZO ,CAMA RUZO 2X2,Cama,SECCION PINTURA Y PREPARADA PATAS,70,LACA BRILLANTE,,PISTOLADA,23000.0,0.0,FORMULA
3489,42,43,MODELO RUZO ,CAMA RUZO 2X2,Cama,SECCION PINTURA Y PREPARADA PATAS,72,Gastos de Pintura 10%,,,,32095.1,FORMULA
3490,42,43,MODELO RUZO ,CAMA RUZO 2X2,Cama,SECCION TERMINACION,75,COLAPATOS,1.0,PARES,40000.0,40000.0,FIJO
3491,42,43,MODELO RUZO ,CAMA RUZO 2X2,Cama,SECCION TERMINACION,76,MULTIUSOS,2.0,PARES,6000.0,12000.0,FORMULA
3492,42,43,MODELO RUZO ,CAMA RUZO 2X2,Cama,SECCION TERMINACION,77,REGLETA DELGADA,,UNIDAD,20000.0,0.0,FORMULA
3493,42,43,MODELO RUZO ,CAMA RUZO 2X2,Cama,SECCION TERMINACION,78,LAMPARAS DE LUZ,,UNIDADES,100000.0,0.0,FORMULA
3494,42,43,MODELO RUZO ,CAMA RUZO 2X2,Cama,SECCION TERMINACION,79,CABLE DE 12,,METROS,3000.0,0.0,FORMULA
3495,42,43,MODELO RUZO ,CAMA RUZO 2X2,Cama,SECCION TERMINACION,80,APAGADORES,,PAR,1500.0,0.0,FORMULA
3496,42,43,MODELO RUZO ,CAMA RUZO 2X2,Cama,SECCION TERMINACION,81,ENCHUFLES BLANCO MACHO,,UNIDADES,2000.0,0.0,FORMULA
3497,42,43,MODELO RUZO ,CAMA RUZO 2X2,Cama,SECCION TERMINACION,82,HERRAJES DE CAMA,,PAR,160000.0,0.0,FORMULA
3498,42,43,MODELO RUZO ,CAMA RUZO 2X2,Cama,SECCION TERMINACION,83,JALADORES,,UNIDAD,26800.0,0.0,FIJO
3499,42,43,MODELO RUZO ,CAMA RUZO 2X2,Cama,SECCION TERMINACION,84,MULTIUSOS,,UNIDADES,3000.0,0.0,FORMULA
3500,42,43,MODELO RUZO ,CAMA RUZO 2X2,Cama,SECCION TERMINACION,85,CORREDERAS,,unidades,8000.0,0.0,FIJO
3501,42,43,MODELO RUZO ,CAMA RUZO 2X2,Cama,SECCION TERMINACION,86,EMBALADA,1.0,unidades,150000.0,150000.0,FIJO
3502,42,43,MODELO RUZO ,CAMA RUZO 2X2,Cama,SECCION TERMINACION,89,SECCION TENDIDO,,,,0.0,FORMULA
3503,42,43,MODELO RUZO ,CAMA RUZO 2X2,Cama,SECCION TERMINACION,90,MADERA 60X1X4,614.0,APAMATE,140.0,85960.0,FORMULA
3504,42,43,MODELO RUZO ,CAMA RUZO 2X2,Cama,SECCION TERMINACION,91,PEOPE,2.0,,3500.0,7000.0,FORMULA
3505,42,43,MODELO RUZO ,CAMA RUZO 2X2,Cama,SECCION TERMINACION,93,GRAPAS,0.1,CAJA,12000.0,1200.0,ESPACIADO
3506,42,43,MODELO RUZO ,CAMA RUZO 2X2,Cama,SECCION TERMINACION,94,MDF DE 9,1.0,LAMINA,140000.0,140000.0,AREA
3507,42,43,MODELO RUZO ,CAMA RUZO 2X2,Cama,SECCION TERMINACION,95,COLBON,0.2,LITRO,14000.0,2800.0,VOLUMEN
3508,42,43,MODELO RUZO ,CAMA RUZO 2X2,Cama,SECCION TERMINACION,96,"TORNILLOS DE 2""",40.0,UNIDAD,100.0,4000.0,ESPACIADO
3509,42,43,MODELO RUZO ,CAMA RUZO 2X2,Cama,SECCION TERMINACION,97,CLAVILLO,2.0,TIRA,1000.0,2000.0,ESPACIADO
3510,42,43,MODELO RUZO ,CAMA RUZO 2X2,Cama,SECCION TERMINACION,98,HECHURA,1.0,UNIDAD,63000.0,63000.0,FIJO
3511,42,43,MODELO RUZO ,CAMA RUZO 2X2,Cama,SECCION TAPICERIA MANO DE OBRA=,101,SECCION TAPICERIA,,MANO DE OBRA=,,,FORMULA
3512,42,43,MODELO RUZO ,CAMA RUZO 2X2,Cama,SECCION TAPICERIA MANO DE OBRA=,102,TELA DIVERSA BEIS,11.0,METROS,35000.0,385000.0,AREA
3513,42,43,MODELO RUZO ,CAMA RUZO 2X2,Cama,SECCION TAPICERIA MANO DE OBRA=,103,ESPUMA 1/2 ROSADA,0.5,LAMINA,25000.0,12500.0,AREA
3514,42,43,MODELO RUZO ,CAMA RUZO 2X2,Cama,SECCION TAPICERIA MANO DE OBRA=,104,GRAPAS,0.5,CAJA DE GRAPAS,12000.0,6000.0,ESPACIADO
3515,42,43,MODELO RUZO ,CAMA RUZO 2X2,Cama,SECCION TAPICERIA MANO DE OBRA=,105,CASQUETES,,UNIDADES,300.0,0.0,FORMULA
3516,42,43,MODELO RUZO ,CAMA RUZO 2X2,Cama,SECCION TAPICERIA MANO DE OBRA=,106,TORNILLOS,,UNIDADES,100.0,0.0,FIJO
3517,42,43,MODELO RUZO ,CAMA RUZO 2X2,Cama,SECCION TAPICERIA MANO DE OBRA=,107,ESPUMA DE 1 1/2'' ROSADA,1.0,UNIDADES,30000.0,30000.0,AREA
3518,42,43,MODELO RUZO ,CAMA RUZO 2X2,Cama,SECCION TAPICERIA MANO DE OBRA=,108,ESPUMA 2 AZUL,1.0,LAMINA,50250.0,50250.0,AREA
3519,42,43,MODELO RUZO ,CAMA RUZO 2X2,Cama,SECCION TAPICERIA MANO DE OBRA=,109,ESPUMA 1 1/2'' AZUL,,MTS,1000.0,0.0,FORMULA
3520,42,43,MODELO RUZO ,CAMA RUZO 2X2,Cama,SECCION TAPICERIA MANO DE OBRA=,110,RIATA,,METROS,3000.0,0.0,FORMULA
3521,42,43,MODELO RUZO ,CAMA RUZO 2X2,Cama,SECCION TAPICERIA MANO DE OBRA=,111,HILO,0.5,UNIDAD,25000.0,12500.0,FORMULA
3522,42,43,MODELO RUZO ,CAMA RUZO 2X2,Cama,SECCION TAPICERIA MANO DE OBRA=,112,CANAMO,,ROLLO,12000.0,0.0,FORMULA
3523,42,43,MODELO RUZO ,CAMA RUZO 2X2,Cama,SECCION TAPICERIA MANO DE OBRA=,113,COSTAL,5.0,METROS,3500.0,17500.0,AREA
3524,42,43,MODELO RUZO ,CAMA RUZO 2X2,Cama,SECCION TAPICERIA MANO DE OBRA=,114,SUPER,1.0,LITRO,19000.0,19000.0,VOLUMEN
3525,42,43,MODELO RUZO ,CAMA RUZO 2X2,Cama,SECCION TAPICERIA MANO DE OBRA=,115,CARTON,,UNIDADES,5000.0,0.0,FORMULA
3526,42,43,MODELO RUZO ,CAMA RUZO 2X2,Cama,SECCION TAPICERIA MANO DE OBRA=,116,HECHURA,1.0,CAMA,210000.0,210000.0,FIJO
3527,42,43,MODELO RUZO ,CAMA RUZO 2X2,Cama,SECCION TAPICERIA MANO DE OBRA=,117,LENCILLO,,METROS,2650.0,0.0,FORMULA
3528,43,44,MODELO TINAJA ,CAMA TINAJA 2X2,Cama,EBANISTA WILMER MANO DE OBRA=,8,MADERA (2),450.0,APAMATE,140.0,63000.0,FORMULA
3529,43,44,MODELO TINAJA ,CAMA TINAJA 2X2,Cama,EBANISTA WILMER MANO DE OBRA=,9,MDF DE 3,1.34,LAMINA,67000.0,89780.0,AREA
3530,43,44,MODELO TINAJA ,CAMA TINAJA 2X2,Cama,EBANISTA WILMER MANO DE OBRA=,10,LAMINA DE 15,1.0,LAMINA,220000.0,220000.0,AREA
3531,43,44,MODELO TINAJA ,CAMA TINAJA 2X2,Cama,EBANISTA WILMER MANO DE OBRA=,11,LAMINA DE,,LAMINA,130000.0,0.0,FORMULA
3532,43,44,MODELO TINAJA ,CAMA TINAJA 2X2,Cama,EBANISTA WILMER MANO DE OBRA=,12,COLBON,1.5,LITRO,14000.0,21000.0,VOLUMEN
3533,43,44,MODELO TINAJA ,CAMA TINAJA 2X2,Cama,EBANISTA WILMER MANO DE OBRA=,13,GRAPAS,0.5,CAJA,12000.0,6000.0,ESPACIADO
3534,43,44,MODELO TINAJA ,CAMA TINAJA 2X2,Cama,EBANISTA WILMER MANO DE OBRA=,14,GANCHOS,1.0,PAR,20000.0,20000.0,FIJO
3535,43,44,MODELO TINAJA ,CAMA TINAJA 2X2,Cama,EBANISTA WILMER MANO DE OBRA=,15,F40,15.0,TIRAS,1000.0,15000.0,FORMULA
3536,43,44,MODELO TINAJA ,CAMA TINAJA 2X2,Cama,EBANISTA WILMER MANO DE OBRA=,16,"TORNILLOS DE 2""",150.0,Unidad,100.0,15000.0,ESPACIADO
3537,43,44,MODELO TINAJA ,CAMA TINAJA 2X2,Cama,EBANISTA WILMER MANO DE OBRA=,17,ebanisteria 300.000 x 5% de m.o,,,,315000.0,FORMULA
3538,43,44,MODELO TINAJA ,CAMA TINAJA 2X2,Cama,EBANISTA WILMER MANO DE OBRA=,19,gastos de Ebanisteria e 10%,,,,76478.0,FORMULA
3539,43,44,MODELO TINAJA ,CAMA TINAJA 2X2,Cama,EBANISTA WILMER MANO DE OBRA=,23,CORREDERAS 35 NORMAL,2.0,PAR,250000.0,500000.0,FORMULA
3540,43,44,MODELO TINAJA ,CAMA TINAJA 2X2,Cama,EBANISTA WILMER MANO DE OBRA=,24,"MDF DE 2,7",,1 PEDAZO DE 1.00X46=46,65000.0,0.0,FORMULA
3541,43,44,MODELO TINAJA ,CAMA TINAJA 2X2,Cama,EBANISTA WILMER MANO DE OBRA=,25,LAM MDF 5,,1 PEDASO DE 1.50X40=60,130000.0,0.0,FORMULA
3542,43,44,MODELO TINAJA ,CAMA TINAJA 2X2,Cama,EBANISTA WILMER MANO DE OBRA=,26,LAM MDF 9,,"1 PEDASO DE 1,50X40=60",140.0,,FORMULA
3543,43,44,MODELO TINAJA ,CAMA TINAJA 2X2,Cama,EBANISTA WILMER MANO DE OBRA=,27,CORREDERAS,4.0,UNIDADES,15000.0,60000.0,FORMULA
3544,43,44,MODELO TINAJA ,CAMA TINAJA 2X2,Cama,EBANISTA WILMER MANO DE OBRA=,28,GRAPAS,,Unidad,600.0,0.0,FIJO
3545,43,44,MODELO TINAJA ,CAMA TINAJA 2X2,Cama,EBANISTA WILMER MANO DE OBRA=,29,CLAVILLOS N F 40,,TIRA,1000.0,0.0,FIJO
3546,43,44,MODELO TINAJA ,CAMA TINAJA 2X2,Cama,EBANISTA WILMER MANO DE OBRA=,30,HECHURA,,PAR,157500.0,0.0,FIJO
3547,43,44,MODELO TINAJA ,CAMA TINAJA 2X2,Cama,EBANISTA WILMER MANO DE OBRA=,31,"TORNILLOS DE 2""",,Unidad,100.0,0.0,FIJO
3548,43,44,MODELO TINAJA ,CAMA TINAJA 2X2,Cama,EBANISTA WILMER MANO DE OBRA=,34,gastos de Ebanisteria e 5%,,,,28000.0,FORMULA
3549,43,44,MODELO TINAJA ,CAMA TINAJA 2X2,Cama,SECCION PINTURA Y PREPARADA DE NOCHERO,36,SECCION PINTURA Y PREPARADA,DE NOCHERO,,,,FORMULA
3550,43,44,MODELO TINAJA ,CAMA TINAJA 2X2,Cama,SECCION PINTURA Y PREPARADA DE NOCHERO,37,PREPARADO JOTA,2.0,CON EL 5%,36750.0,73500.0,FORMULA
3551,43,44,MODELO TINAJA ,CAMA TINAJA 2X2,Cama,SECCION PINTURA Y PREPARADA DE NOCHERO,38,PINTURA ALEX,2.0,CON EL 5%,36750.0,73500.0,FORMULA
3552,43,44,MODELO TINAJA ,CAMA TINAJA 2X2,Cama,SECCION PINTURA Y PREPARADA DE NOCHERO,39,SELLADOR,2.5,PISTOLADAS,18000.0,45000.0,VOLUMEN
3553,43,44,MODELO TINAJA ,CAMA TINAJA 2X2,Cama,SECCION PINTURA Y PREPARADA DE NOCHERO,40,LIJA 400,2.0,unidades,2000.0,4000.0,FORMULA
3554,43,44,MODELO TINAJA ,CAMA TINAJA 2X2,Cama,SECCION PINTURA Y PREPARADA DE NOCHERO,41,NITRO,,galon,70000.0,0.0,FORMULA
3555,43,44,MODELO TINAJA ,CAMA TINAJA 2X2,Cama,SECCION PINTURA Y PREPARADA DE NOCHERO,42,VIDRIOS,,unidad,45000.0,0.0,FORMULA
3556,43,44,MODELO TINAJA ,CAMA TINAJA 2X2,Cama,SECCION PINTURA Y PREPARADA DE NOCHERO,43,TALCO,,unidad,2500.0,0.0,FORMULA
3557,43,44,MODELO TINAJA ,CAMA TINAJA 2X2,Cama,SECCION PINTURA Y PREPARADA DE NOCHERO,44,TINER,,GALON,34000.0,0.0,FORMULA
3558,43,44,MODELO TINAJA ,CAMA TINAJA 2X2,Cama,SECCION PINTURA Y PREPARADA DE NOCHERO,45,TOPES,,JALADORES,3000.0,0.0,FORMULA
3559,43,44,MODELO TINAJA ,CAMA TINAJA 2X2,Cama,SECCION PINTURA Y PREPARADA DE NOCHERO,46,BLANCO POLIURETANO,1.5,PISTOLADA,57500.0,86250.0,VOLUMEN
3560,43,44,MODELO TINAJA ,CAMA TINAJA 2X2,Cama,SECCION PINTURA Y PREPARADA DE NOCHERO,47,COLOR,2.0,PISTOLADA,22000.0,44000.0,VOLUMEN
3561,43,44,MODELO TINAJA ,CAMA TINAJA 2X2,Cama,SECCION PINTURA Y PREPARADA DE NOCHERO,48,ENCINA,,galon,160000.0,0.0,FORMULA
3562,43,44,MODELO TINAJA ,CAMA TINAJA 2X2,Cama,SECCION PINTURA Y PREPARADA DE NOCHERO,49,GASOLINA,0.5,ML,4500.0,2250.0,LINEAL
3563,43,44,MODELO TINAJA ,CAMA TINAJA 2X2,Cama,SECCION PINTURA Y PREPARADA DE NOCHERO,50,RESANE,0.5,LITRO,20000.0,10000.0,VOLUMEN
3564,43,44,MODELO TINAJA ,CAMA TINAJA 2X2,Cama,SECCION PINTURA Y PREPARADA DE NOCHERO,51,LACA S/M,2.0,PISTOLADA,23000.0,46000.0,VOLUMEN
3565,43,44,MODELO TINAJA ,CAMA TINAJA 2X2,Cama,SECCION PINTURA Y PREPARADA DE NOCHERO,53,Gastos de Pintura 10%,,,,38450.0,FORMULA
3566,43,44,MODELO TINAJA ,CAMA TINAJA 2X2,Cama,SECCION PINTURA Y PREPARADA PATAS,55,SECCION PINTURA Y PREPARADA,PATAS ,,,,FORMULA
3567,43,44,MODELO TINAJA ,CAMA TINAJA 2X2,Cama,SECCION PINTURA Y PREPARADA PATAS,56,PREPARADO JOTA,8.0,CON EL 5%,1050.0,8400.0,FORMULA
3568,43,44,MODELO TINAJA ,CAMA TINAJA 2X2,Cama,SECCION PINTURA Y PREPARADA PATAS,57,PINTURA ALEX,8.0,CON EL 5%,2100.0,16800.0,FORMULA
3569,43,44,MODELO TINAJA ,CAMA TINAJA 2X2,Cama,SECCION PINTURA Y PREPARADA PATAS,58,PINTURA DE PATAS ALEX,,,2100.0,0.0,FIJO
3570,43,44,MODELO TINAJA ,CAMA TINAJA 2X2,Cama,SECCION PINTURA Y PREPARADA PATAS,59,SELLADOR,0.23,PISTOLADAS,18000.0,4140.0,VOLUMEN
3571,43,44,MODELO TINAJA ,CAMA TINAJA 2X2,Cama,SECCION PINTURA Y PREPARADA PATAS,60,LIJA 400,0.5,unidades,2000.0,1000.0,FORMULA
3572,43,44,MODELO TINAJA ,CAMA TINAJA 2X2,Cama,SECCION PINTURA Y PREPARADA PATAS,61,NITRO,,galon,,0.0,FORMULA
3573,43,44,MODELO TINAJA ,CAMA TINAJA 2X2,Cama,SECCION PINTURA Y PREPARADA PATAS,62,lija 220,,unidad,2000.0,0.0,FORMULA
3574,43,44,MODELO TINAJA ,CAMA TINAJA 2X2,Cama,SECCION PINTURA Y PREPARADA PATAS,63,lija 120,,unidad,2000.0,0.0,FORMULA
3575,43,44,MODELO TINAJA ,CAMA TINAJA 2X2,Cama,SECCION PINTURA Y PREPARADA PATAS,64,LACA SEMIMATE,0.2,GALON,23000.0,4600.0,VOLUMEN
3576,43,44,MODELO TINAJA ,CAMA TINAJA 2X2,Cama,SECCION PINTURA Y PREPARADA PATAS,65,kerosen,,litro,18000.0,0.0,FORMULA
3577,43,44,MODELO TINAJA ,CAMA TINAJA 2X2,Cama,SECCION PINTURA Y PREPARADA PATAS,66,COLOR,0.25,PISTOLADA,22000.0,5500.0,VOLUMEN
3578,43,44,MODELO TINAJA ,CAMA TINAJA 2X2,Cama,SECCION PINTURA Y PREPARADA PATAS,67,TINTE MIEL,,galon,,0.0,FORMULA
3579,43,44,MODELO TINAJA ,CAMA TINAJA 2X2,Cama,SECCION PINTURA Y PREPARADA PATAS,68,GASOLINA,,LITRO,4.5,0.0,FORMULA
3580,43,44,MODELO TINAJA ,CAMA TINAJA 2X2,Cama,SECCION PINTURA Y PREPARADA PATAS,69,RESANE,,LITRO,23000.0,0.0,FORMULA
3581,43,44,MODELO TINAJA ,CAMA TINAJA 2X2,Cama,SECCION PINTURA Y PREPARADA PATAS,70,LACA BRILLANTE,,PISTOLADA,23000.0,0.0,FORMULA
3582,43,44,MODELO TINAJA ,CAMA TINAJA 2X2,Cama,SECCION PINTURA Y PREPARADA PATAS,72,Gastos de Pintura 10%,,,,32095.1,FORMULA
3583,43,44,MODELO TINAJA ,CAMA TINAJA 2X2,Cama,SECCION TERMINACION,75,TOMAS NEGROS,,UNIDAD,10500.0,0.0,FORMULA
3584,43,44,MODELO TINAJA ,CAMA TINAJA 2X2,Cama,SECCION TERMINACION,76,REGLETA ANCHA,,UNIDAD,20000.0,0.0,FORMULA
3585,43,44,MODELO TINAJA ,CAMA TINAJA 2X2,Cama,SECCION TERMINACION,77,REGLETA DELGADA,,UNIDAD,20000.0,0.0,FORMULA
3586,43,44,MODELO TINAJA ,CAMA TINAJA 2X2,Cama,SECCION TERMINACION,78,LAMPARAS DE LUZ,,UNIDADES,100000.0,0.0,FORMULA
3587,43,44,MODELO TINAJA ,CAMA TINAJA 2X2,Cama,SECCION TERMINACION,79,CABLE DE 12,,METROS,3000.0,0.0,FORMULA
3588,43,44,MODELO TINAJA ,CAMA TINAJA 2X2,Cama,SECCION TERMINACION,80,APAGADORES,,PAR,1500.0,0.0,FORMULA
3589,43,44,MODELO TINAJA ,CAMA TINAJA 2X2,Cama,SECCION TERMINACION,81,ENCHUFLES BLANCO MACHO,,UNIDADES,2000.0,0.0,FORMULA
3590,43,44,MODELO TINAJA ,CAMA TINAJA 2X2,Cama,SECCION TERMINACION,82,HERRAJES DE CAMA,,PAR,160000.0,0.0,FORMULA
3591,43,44,MODELO TINAJA ,CAMA TINAJA 2X2,Cama,SECCION TERMINACION,83,JALADORES,,UNIDAD,26800.0,0.0,FIJO
3592,43,44,MODELO TINAJA ,CAMA TINAJA 2X2,Cama,SECCION TERMINACION,84,MULTIUSOS,,UNIDADES,3000.0,0.0,FORMULA
3593,43,44,MODELO TINAJA ,CAMA TINAJA 2X2,Cama,SECCION TERMINACION,85,CORREDERAS,,unidades,8000.0,0.0,FIJO
3594,43,44,MODELO TINAJA ,CAMA TINAJA 2X2,Cama,SECCION TERMINACION,86,EMBALADA,1.0,unidades,150000.0,150000.0,FIJO
3595,43,44,MODELO TINAJA ,CAMA TINAJA 2X2,Cama,SECCION TERMINACION,89,SECCION TENDIDO,,,,0.0,FORMULA
3596,43,44,MODELO TINAJA ,CAMA TINAJA 2X2,Cama,SECCION TERMINACION,90,MADERA 60X1X4,614.0,APAMATE,140.0,85960.0,FORMULA
3597,43,44,MODELO TINAJA ,CAMA TINAJA 2X2,Cama,SECCION TERMINACION,91,PEOPE,2.0,,3500.0,7000.0,FORMULA
3598,43,44,MODELO TINAJA ,CAMA TINAJA 2X2,Cama,SECCION TERMINACION,93,GRAPAS,0.1,CAJA,12000.0,1200.0,ESPACIADO
3599,43,44,MODELO TINAJA ,CAMA TINAJA 2X2,Cama,SECCION TERMINACION,94,MDF DE 9,1.0,LAMINA,140000.0,140000.0,AREA
3600,43,44,MODELO TINAJA ,CAMA TINAJA 2X2,Cama,SECCION TERMINACION,95,COLBON,0.2,LITRO,14000.0,2800.0,VOLUMEN
3601,43,44,MODELO TINAJA ,CAMA TINAJA 2X2,Cama,SECCION TERMINACION,96,"TORNILLOS DE 2""",40.0,UNIDAD,100.0,4000.0,ESPACIADO
3602,43,44,MODELO TINAJA ,CAMA TINAJA 2X2,Cama,SECCION TERMINACION,97,CLAVILLO,2.0,TIRA,1000.0,2000.0,ESPACIADO
3603,43,44,MODELO TINAJA ,CAMA TINAJA 2X2,Cama,SECCION TERMINACION,98,HECHURA,1.0,UNIDAD,63000.0,63000.0,FIJO
3604,43,44,MODELO TINAJA ,CAMA TINAJA 2X2,Cama,SECCION TAPICERIA MANO DE OBRA=,101,SECCION TAPICERIA,,MANO DE OBRA=,,,FORMULA
3605,43,44,MODELO TINAJA ,CAMA TINAJA 2X2,Cama,SECCION TAPICERIA MANO DE OBRA=,102,TELA DIVERSA BEIS,13.0,METROS,35000.0,455000.0,AREA
3606,43,44,MODELO TINAJA ,CAMA TINAJA 2X2,Cama,SECCION TAPICERIA MANO DE OBRA=,103,ESPUMA 1/2 ROSADA,,LAMINA,25000.0,0.0,FORMULA
3607,43,44,MODELO TINAJA ,CAMA TINAJA 2X2,Cama,SECCION TAPICERIA MANO DE OBRA=,104,GRAPAS,0.5,CAJA DE GRAPAS,12000.0,6000.0,ESPACIADO
3608,43,44,MODELO TINAJA ,CAMA TINAJA 2X2,Cama,SECCION TAPICERIA MANO DE OBRA=,105,CASQUETES,260.0,UNIDADES,300.0,78000.0,FORMULA
3609,43,44,MODELO TINAJA ,CAMA TINAJA 2X2,Cama,SECCION TAPICERIA MANO DE OBRA=,106,TORNILLOS,,UNIDADES,100.0,0.0,FIJO
3610,43,44,MODELO TINAJA ,CAMA TINAJA 2X2,Cama,SECCION TAPICERIA MANO DE OBRA=,107,ESPUMA DE 1 1/2'' ROSADA,,UNIDADES,30000.0,0.0,FORMULA
3611,43,44,MODELO TINAJA ,CAMA TINAJA 2X2,Cama,SECCION TAPICERIA MANO DE OBRA=,108,ESPUMA 2 AZUL,3.0,LAMINA,50250.0,150750.0,AREA
3612,43,44,MODELO TINAJA ,CAMA TINAJA 2X2,Cama,SECCION TAPICERIA MANO DE OBRA=,109,ESPUMA 1 1/2'' AZUL,,MTS,1000.0,0.0,FORMULA
3613,43,44,MODELO TINAJA ,CAMA TINAJA 2X2,Cama,SECCION TAPICERIA MANO DE OBRA=,110,RIATA,10.0,METROS,3000.0,30000.0,LINEAL
3614,43,44,MODELO TINAJA ,CAMA TINAJA 2X2,Cama,SECCION TAPICERIA MANO DE OBRA=,111,HILO,,UNIDAD,25000.0,0.0,FORMULA
3615,43,44,MODELO TINAJA ,CAMA TINAJA 2X2,Cama,SECCION TAPICERIA MANO DE OBRA=,112,CANAMO,1.0,ROLLO,12000.0,12000.0,FIJO
3616,43,44,MODELO TINAJA ,CAMA TINAJA 2X2,Cama,SECCION TAPICERIA MANO DE OBRA=,113,COSTAL,6.0,METROS,3500.0,21000.0,AREA
3617,43,44,MODELO TINAJA ,CAMA TINAJA 2X2,Cama,SECCION TAPICERIA MANO DE OBRA=,114,SUPER,2.0,LITRO,19000.0,38000.0,VOLUMEN
3618,43,44,MODELO TINAJA ,CAMA TINAJA 2X2,Cama,SECCION TAPICERIA MANO DE OBRA=,115,CARTON,4.0,UNIDADES,5000.0,20000.0,FORMULA
3619,43,44,MODELO TINAJA ,CAMA TINAJA 2X2,Cama,SECCION TAPICERIA MANO DE OBRA=,116,HECHURA,1.0,CAMA,210000.0,210000.0,FIJO
3620,43,44,MODELO TINAJA ,CAMA TINAJA 2X2,Cama,SECCION TAPICERIA MANO DE OBRA=,117,LENCILLO,,METROS,2650.0,0.0,FORMULA
3621,44,45, MINIMALISTA ,CAMA MINIMALISTA 2X2,Cama,EBANISTA JORGE OLAYA MANO DE OBRA= 300000,8,MADERA (2),1751.0,APAMATE,140.0,245140.0,FORMULA
3622,44,45, MINIMALISTA ,CAMA MINIMALISTA 2X2,Cama,EBANISTA JORGE OLAYA MANO DE OBRA= 300000,9,MDF DE 3,0.0,LAMINA,67000.0,0.0,AREA
3623,44,45, MINIMALISTA ,CAMA MINIMALISTA 2X2,Cama,EBANISTA JORGE OLAYA MANO DE OBRA= 300000,10,LAMINA DE 15,1.0,LAMINA,220000.0,220000.0,AREA
3624,44,45, MINIMALISTA ,CAMA MINIMALISTA 2X2,Cama,EBANISTA JORGE OLAYA MANO DE OBRA= 300000,11,"LAMINA DE 2,7",3.0,LAMINA,68000.0,204000.0,AREA
3625,44,45, MINIMALISTA ,CAMA MINIMALISTA 2X2,Cama,EBANISTA JORGE OLAYA MANO DE OBRA= 300000,12,COLBON,1.0,LITRO,14000.0,14000.0,VOLUMEN
3626,44,45, MINIMALISTA ,CAMA MINIMALISTA 2X2,Cama,EBANISTA JORGE OLAYA MANO DE OBRA= 300000,13,GRAPAS,0.3,CAJA,12000.0,3600.0,ESPACIADO
3627,44,45, MINIMALISTA ,CAMA MINIMALISTA 2X2,Cama,EBANISTA JORGE OLAYA MANO DE OBRA= 300000,14,GANCHOS,2.0,PAR,20000.0,40000.0,FORMULA
3628,44,45, MINIMALISTA ,CAMA MINIMALISTA 2X2,Cama,EBANISTA JORGE OLAYA MANO DE OBRA= 300000,15,F40,20.0,TIRAS,1000.0,20000.0,FORMULA
3629,44,45, MINIMALISTA ,CAMA MINIMALISTA 2X2,Cama,EBANISTA JORGE OLAYA MANO DE OBRA= 300000,16,"TORNILLOS DE 2""",400.0,Unidad,100.0,40000.0,ESPACIADO
3630,44,45, MINIMALISTA ,CAMA MINIMALISTA 2X2,Cama,EBANISTA JORGE OLAYA MANO DE OBRA= 300000,17,ebanisteria 300.000 x 5% de m.o,,,,315000.0,FORMULA
3631,44,45, MINIMALISTA ,CAMA MINIMALISTA 2X2,Cama,EBANISTA JORGE OLAYA MANO DE OBRA= 300000,19,gastos de Ebanisteria e 10%,,,,60375.0,FORMULA
3632,44,45, MINIMALISTA ,CAMA MINIMALISTA 2X2,Cama,EBANISTA JORGE OLAYA MANO DE OBRA= 300000,23,CORREDERAS 35 NORMAL,0.0,PAR,250000.0,0.0,FORMULA
3633,44,45, MINIMALISTA ,CAMA MINIMALISTA 2X2,Cama,EBANISTA JORGE OLAYA MANO DE OBRA= 300000,24,"MDF DE 2,7",0.0,1 PEDAZO DE 1.00X46=46,65000.0,0.0,AREA
3634,44,45, MINIMALISTA ,CAMA MINIMALISTA 2X2,Cama,EBANISTA JORGE OLAYA MANO DE OBRA= 300000,25,LAM MDF 5,,1 PEDASO DE 1.50X40=60,130000.0,0.0,FORMULA
3635,44,45, MINIMALISTA ,CAMA MINIMALISTA 2X2,Cama,EBANISTA JORGE OLAYA MANO DE OBRA= 300000,26,LAM MDF 9,,"1 PEDASO DE 1,50X40=60",140.0,,FORMULA
3636,44,45, MINIMALISTA ,CAMA MINIMALISTA 2X2,Cama,EBANISTA JORGE OLAYA MANO DE OBRA= 300000,27,COLBON,,litros,14000.0,0.0,FORMULA
3637,44,45, MINIMALISTA ,CAMA MINIMALISTA 2X2,Cama,EBANISTA JORGE OLAYA MANO DE OBRA= 300000,28,GRAPAS,,Unidad,600.0,0.0,FIJO
3638,44,45, MINIMALISTA ,CAMA MINIMALISTA 2X2,Cama,EBANISTA JORGE OLAYA MANO DE OBRA= 300000,29,CLAVILLOS N F 40,,TIRA,1000.0,0.0,FIJO
3639,44,45, MINIMALISTA ,CAMA MINIMALISTA 2X2,Cama,EBANISTA JORGE OLAYA MANO DE OBRA= 300000,30,HECHURA,,PAR,157500.0,0.0,FIJO
3640,44,45, MINIMALISTA ,CAMA MINIMALISTA 2X2,Cama,EBANISTA JORGE OLAYA MANO DE OBRA= 300000,31,"TORNILLOS DE 2""",,Unidad,100.0,0.0,FIJO
3641,44,45, MINIMALISTA ,CAMA MINIMALISTA 2X2,Cama,EBANISTA JORGE OLAYA MANO DE OBRA= 300000,34,gastos de Ebanisteria e 5%,,,,26294.75,FORMULA
3642,44,45, MINIMALISTA ,CAMA MINIMALISTA 2X2,Cama,SECCION PINTURA Y PREPARADA DE NOCHERO,36,SECCION PINTURA Y PREPARADA,DE NOCHERO,,,,FORMULA
3643,44,45, MINIMALISTA ,CAMA MINIMALISTA 2X2,Cama,SECCION PINTURA Y PREPARADA DE NOCHERO,37,PREPARADO JOTA,2.0,CON EL 5%,36750.0,73500.0,FORMULA
3644,44,45, MINIMALISTA ,CAMA MINIMALISTA 2X2,Cama,SECCION PINTURA Y PREPARADA DE NOCHERO,38,PINTURA ALEX,2.0,CON EL 5%,36750.0,73500.0,FORMULA
3645,44,45, MINIMALISTA ,CAMA MINIMALISTA 2X2,Cama,SECCION PINTURA Y PREPARADA DE NOCHERO,39,SELLADOR,2.5,PISTOLADAS,18000.0,45000.0,VOLUMEN
3646,44,45, MINIMALISTA ,CAMA MINIMALISTA 2X2,Cama,SECCION PINTURA Y PREPARADA DE NOCHERO,40,LIJA 400,2.0,unidades,2000.0,4000.0,FORMULA
3647,44,45, MINIMALISTA ,CAMA MINIMALISTA 2X2,Cama,SECCION PINTURA Y PREPARADA DE NOCHERO,41,NITRO,,galon,70000.0,0.0,FORMULA
3648,44,45, MINIMALISTA ,CAMA MINIMALISTA 2X2,Cama,SECCION PINTURA Y PREPARADA DE NOCHERO,42,VIDRIOS,,unidad,45000.0,0.0,FORMULA
3649,44,45, MINIMALISTA ,CAMA MINIMALISTA 2X2,Cama,SECCION PINTURA Y PREPARADA DE NOCHERO,43,TALCO,,unidad,2500.0,0.0,FORMULA
3650,44,45, MINIMALISTA ,CAMA MINIMALISTA 2X2,Cama,SECCION PINTURA Y PREPARADA DE NOCHERO,44,TINER,,GALON,34000.0,0.0,FORMULA
3651,44,45, MINIMALISTA ,CAMA MINIMALISTA 2X2,Cama,SECCION PINTURA Y PREPARADA DE NOCHERO,45,TOPES,,JALADORES,3000.0,0.0,FORMULA
3652,44,45, MINIMALISTA ,CAMA MINIMALISTA 2X2,Cama,SECCION PINTURA Y PREPARADA DE NOCHERO,46,BLANCO POLIURETANO,1.5,PISTOLADA,57500.0,86250.0,VOLUMEN
3653,44,45, MINIMALISTA ,CAMA MINIMALISTA 2X2,Cama,SECCION PINTURA Y PREPARADA DE NOCHERO,47,COLOR,2.0,PISTOLADA,22000.0,44000.0,VOLUMEN
3654,44,45, MINIMALISTA ,CAMA MINIMALISTA 2X2,Cama,SECCION PINTURA Y PREPARADA DE NOCHERO,48,ENCINA,,galon,160000.0,0.0,FORMULA
3655,44,45, MINIMALISTA ,CAMA MINIMALISTA 2X2,Cama,SECCION PINTURA Y PREPARADA DE NOCHERO,49,GASOLINA,0.5,ML,4500.0,2250.0,LINEAL
3656,44,45, MINIMALISTA ,CAMA MINIMALISTA 2X2,Cama,SECCION PINTURA Y PREPARADA DE NOCHERO,50,RESANE,0.5,LITRO,20000.0,10000.0,VOLUMEN
3657,44,45, MINIMALISTA ,CAMA MINIMALISTA 2X2,Cama,SECCION PINTURA Y PREPARADA DE NOCHERO,51,LACA S/M,2.0,PISTOLADA,23000.0,46000.0,VOLUMEN
3658,44,45, MINIMALISTA ,CAMA MINIMALISTA 2X2,Cama,SECCION PINTURA Y PREPARADA DE NOCHERO,53,Gastos de Pintura 10%,,,,38450.0,FORMULA
3659,44,45, MINIMALISTA ,CAMA MINIMALISTA 2X2,Cama,SECCION PINTURA Y PREPARADA PATAS,55,SECCION PINTURA Y PREPARADA,PATAS ,,,,FORMULA
3660,44,45, MINIMALISTA ,CAMA MINIMALISTA 2X2,Cama,SECCION PINTURA Y PREPARADA PATAS,56,PREPARADO JOTA,8.0,CON EL 5%,1050.0,8400.0,FORMULA
3661,44,45, MINIMALISTA ,CAMA MINIMALISTA 2X2,Cama,SECCION PINTURA Y PREPARADA PATAS,57,PINTURA ALEX,8.0,CON EL 5%,2100.0,16800.0,FORMULA
3662,44,45, MINIMALISTA ,CAMA MINIMALISTA 2X2,Cama,SECCION PINTURA Y PREPARADA PATAS,58,PINTURA DE PATAS ALEX,,,2100.0,0.0,FIJO
3663,44,45, MINIMALISTA ,CAMA MINIMALISTA 2X2,Cama,SECCION PINTURA Y PREPARADA PATAS,59,SELLADOR,0.23,PISTOLADAS,18000.0,4140.0,VOLUMEN
3664,44,45, MINIMALISTA ,CAMA MINIMALISTA 2X2,Cama,SECCION PINTURA Y PREPARADA PATAS,60,LIJA 400,0.5,unidades,2000.0,1000.0,FORMULA
3665,44,45, MINIMALISTA ,CAMA MINIMALISTA 2X2,Cama,SECCION PINTURA Y PREPARADA PATAS,61,NITRO,,galon,,0.0,FORMULA
3666,44,45, MINIMALISTA ,CAMA MINIMALISTA 2X2,Cama,SECCION PINTURA Y PREPARADA PATAS,62,lija 220,,unidad,2000.0,0.0,FORMULA
3667,44,45, MINIMALISTA ,CAMA MINIMALISTA 2X2,Cama,SECCION PINTURA Y PREPARADA PATAS,63,lija 120,,unidad,2000.0,0.0,FORMULA
3668,44,45, MINIMALISTA ,CAMA MINIMALISTA 2X2,Cama,SECCION PINTURA Y PREPARADA PATAS,64,LACA SEMIMATE,0.2,GALON,23000.0,4600.0,VOLUMEN
3669,44,45, MINIMALISTA ,CAMA MINIMALISTA 2X2,Cama,SECCION PINTURA Y PREPARADA PATAS,65,kerosen,,litro,18000.0,0.0,FORMULA
3670,44,45, MINIMALISTA ,CAMA MINIMALISTA 2X2,Cama,SECCION PINTURA Y PREPARADA PATAS,66,COLOR,0.25,PISTOLADA,22000.0,5500.0,VOLUMEN
3671,44,45, MINIMALISTA ,CAMA MINIMALISTA 2X2,Cama,SECCION PINTURA Y PREPARADA PATAS,67,TINTE MIEL,,galon,,0.0,FORMULA
3672,44,45, MINIMALISTA ,CAMA MINIMALISTA 2X2,Cama,SECCION PINTURA Y PREPARADA PATAS,68,GASOLINA,,LITRO,4.5,0.0,FORMULA
3673,44,45, MINIMALISTA ,CAMA MINIMALISTA 2X2,Cama,SECCION PINTURA Y PREPARADA PATAS,69,RESANE,,LITRO,23000.0,0.0,FORMULA
3674,44,45, MINIMALISTA ,CAMA MINIMALISTA 2X2,Cama,SECCION PINTURA Y PREPARADA PATAS,70,LACA BRILLANTE,,PISTOLADA,23000.0,0.0,FORMULA
3675,44,45, MINIMALISTA ,CAMA MINIMALISTA 2X2,Cama,SECCION PINTURA Y PREPARADA PATAS,72,Gastos de Pintura 10%,,,,32095.1,FORMULA
3676,44,45, MINIMALISTA ,CAMA MINIMALISTA 2X2,Cama,SECCION TERMINACION,75,TOMAS NEGROS,,UNIDAD,10500.0,0.0,FORMULA
3677,44,45, MINIMALISTA ,CAMA MINIMALISTA 2X2,Cama,SECCION TERMINACION,76,REGLETA ANCHA,,UNIDAD,20000.0,0.0,FORMULA
3678,44,45, MINIMALISTA ,CAMA MINIMALISTA 2X2,Cama,SECCION TERMINACION,77,REGLETA DELGADA,,UNIDAD,20000.0,0.0,FORMULA
3679,44,45, MINIMALISTA ,CAMA MINIMALISTA 2X2,Cama,SECCION TERMINACION,78,LAMPARAS DE LUZ,,UNIDADES,100000.0,0.0,FORMULA
3680,44,45, MINIMALISTA ,CAMA MINIMALISTA 2X2,Cama,SECCION TERMINACION,79,CABLE DE 12,,METROS,3000.0,0.0,FORMULA
3681,44,45, MINIMALISTA ,CAMA MINIMALISTA 2X2,Cama,SECCION TERMINACION,80,APAGADORES,,PAR,1500.0,0.0,FORMULA
3682,44,45, MINIMALISTA ,CAMA MINIMALISTA 2X2,Cama,SECCION TERMINACION,81,ENCHUFLES BLANCO MACHO,,UNIDADES,2000.0,0.0,FORMULA
3683,44,45, MINIMALISTA ,CAMA MINIMALISTA 2X2,Cama,SECCION TERMINACION,82,HERRAJES DE CAMA,,PAR,160000.0,0.0,FORMULA
3684,44,45, MINIMALISTA ,CAMA MINIMALISTA 2X2,Cama,SECCION TERMINACION,83,JALADORES,,UNIDAD,26800.0,0.0,FIJO
3685,44,45, MINIMALISTA ,CAMA MINIMALISTA 2X2,Cama,SECCION TERMINACION,84,MULTIUSOS,,UNIDADES,3000.0,0.0,FORMULA
3686,44,45, MINIMALISTA ,CAMA MINIMALISTA 2X2,Cama,SECCION TERMINACION,85,CORREDERAS,,unidades,8000.0,0.0,FIJO
3687,44,45, MINIMALISTA ,CAMA MINIMALISTA 2X2,Cama,SECCION TERMINACION,86,EMBALADA,1.0,unidades,150000.0,150000.0,FIJO
3688,44,45, MINIMALISTA ,CAMA MINIMALISTA 2X2,Cama,SECCION TERMINACION,89,SECCION TENDIDO,,,,0.0,FORMULA
3689,44,45, MINIMALISTA ,CAMA MINIMALISTA 2X2,Cama,SECCION TERMINACION,90,MADERA 60X1X4,614.0,APAMATE,140.0,85960.0,FORMULA
3690,44,45, MINIMALISTA ,CAMA MINIMALISTA 2X2,Cama,SECCION TERMINACION,91,PEOPE,2.0,,3500.0,7000.0,FORMULA
3691,44,45, MINIMALISTA ,CAMA MINIMALISTA 2X2,Cama,SECCION TERMINACION,93,GRAPAS,0.1,CAJA,12000.0,1200.0,ESPACIADO
3692,44,45, MINIMALISTA ,CAMA MINIMALISTA 2X2,Cama,SECCION TERMINACION,94,MDF DE 9,1.0,LAMINA,140000.0,140000.0,AREA
3693,44,45, MINIMALISTA ,CAMA MINIMALISTA 2X2,Cama,SECCION TERMINACION,95,COLBON,0.2,LITRO,14000.0,2800.0,VOLUMEN
3694,44,45, MINIMALISTA ,CAMA MINIMALISTA 2X2,Cama,SECCION TERMINACION,96,"TORNILLOS DE 2""",40.0,UNIDAD,100.0,4000.0,ESPACIADO
3695,44,45, MINIMALISTA ,CAMA MINIMALISTA 2X2,Cama,SECCION TERMINACION,97,CLAVILLO,2.0,TIRA,1000.0,2000.0,ESPACIADO
3696,44,45, MINIMALISTA ,CAMA MINIMALISTA 2X2,Cama,SECCION TERMINACION,98,HECHURA,1.0,UNIDAD,63000.0,63000.0,FIJO
3697,44,45, MINIMALISTA ,CAMA MINIMALISTA 2X2,Cama,SECCION TAPICERIA MANO DE OBRA=,101,SECCION TAPICERIA,,MANO DE OBRA=,,,FORMULA
3698,44,45, MINIMALISTA ,CAMA MINIMALISTA 2X2,Cama,SECCION TAPICERIA MANO DE OBRA=,102,TELA DIVERSA BEIS,13.0,METROS,35000.0,455000.0,AREA
3699,44,45, MINIMALISTA ,CAMA MINIMALISTA 2X2,Cama,SECCION TAPICERIA MANO DE OBRA=,103,ESPUMA 1/2 ROSADA,0.5,LAMINA,25000.0,12500.0,AREA
3700,44,45, MINIMALISTA ,CAMA MINIMALISTA 2X2,Cama,SECCION TAPICERIA MANO DE OBRA=,104,GRAPAS,0.8,CAJA DE GRAPAS,12000.0,9600.0,ESPACIADO
3701,44,45, MINIMALISTA ,CAMA MINIMALISTA 2X2,Cama,SECCION TAPICERIA MANO DE OBRA=,105,PATAS L PLATEADAS,,UNIDADES,8000.0,0.0,FIJO
3702,44,45, MINIMALISTA ,CAMA MINIMALISTA 2X2,Cama,SECCION TAPICERIA MANO DE OBRA=,106,TORNILLOS,,UNIDADES,100.0,0.0,FIJO
3703,44,45, MINIMALISTA ,CAMA MINIMALISTA 2X2,Cama,SECCION TAPICERIA MANO DE OBRA=,107,ESPUMA DE 1 1/2'' ROSADA,2.0,UNIDADES,30000.0,60000.0,AREA
3704,44,45, MINIMALISTA ,CAMA MINIMALISTA 2X2,Cama,SECCION TAPICERIA MANO DE OBRA=,108,ESPUMA 2 AZUL,3.5,LAMINA,50000.0,175000.0,AREA
3705,44,45, MINIMALISTA ,CAMA MINIMALISTA 2X2,Cama,SECCION TAPICERIA MANO DE OBRA=,109,ESPUMA 1 1/2'' AZUL,,MTS,1000.0,0.0,FORMULA
3706,44,45, MINIMALISTA ,CAMA MINIMALISTA 2X2,Cama,SECCION TAPICERIA MANO DE OBRA=,110,COSTAL,2.0,METROS,4000.0,8000.0,AREA
3707,44,45, MINIMALISTA ,CAMA MINIMALISTA 2X2,Cama,SECCION TAPICERIA MANO DE OBRA=,111,HILO,0.5,UNIDAD,25000.0,12500.0,FORMULA
3708,44,45, MINIMALISTA ,CAMA MINIMALISTA 2X2,Cama,SECCION TAPICERIA MANO DE OBRA=,112,CANAMO,1.0,ROLLO,12000.0,12000.0,FIJO
3709,44,45, MINIMALISTA ,CAMA MINIMALISTA 2X2,Cama,SECCION TAPICERIA MANO DE OBRA=,113,SUPER,1.0,LITRO,19000.0,19000.0,VOLUMEN
3710,44,45, MINIMALISTA ,CAMA MINIMALISTA 2X2,Cama,SECCION TAPICERIA MANO DE OBRA=,114,CARTON,4.0,UNIDADES,5000.0,20000.0,FORMULA
3711,44,45, MINIMALISTA ,CAMA MINIMALISTA 2X2,Cama,SECCION TAPICERIA MANO DE OBRA=,115,HECHURA,1.0,CAMA,210000.0,210000.0,FIJO
3712,44,45, MINIMALISTA ,CAMA MINIMALISTA 2X2,Cama,SECCION TAPICERIA MANO DE OBRA=,116,LENCILLO,3.1,METROS,2650.0,8215.0,LINEAL
3713,45,46,CAMA TURKIA DE 1.60 DE MADERA ,"CAMA TURQUIA DE 1,60 24/02/2026",Cama,EBANISTA EDUAR MANO DE OBRA= EN CRUDO,8,MADERA (2),1775.0,APAMATE,140.0,248500.0,FORMULA
3714,45,46,CAMA TURKIA DE 1.60 DE MADERA ,"CAMA TURQUIA DE 1,60 24/02/2026",Cama,EBANISTA EDUAR MANO DE OBRA= EN CRUDO,9,MDF DE 3,0.57,"0,30X 1,90 DE MDF DE 3",16800.0,9576.0,AREA
3715,45,46,CAMA TURKIA DE 1.60 DE MADERA ,"CAMA TURQUIA DE 1,60 24/02/2026",Cama,EBANISTA EDUAR MANO DE OBRA= EN CRUDO,10,LAMINA DE 15,1.5,LAMINA,220000.0,330000.0,AREA
3716,45,46,CAMA TURKIA DE 1.60 DE MADERA ,"CAMA TURQUIA DE 1,60 24/02/2026",Cama,EBANISTA EDUAR MANO DE OBRA= EN CRUDO,11,"LAMINA DE 9""",1.8,LAMINA,32000.0,57600.0,AREA
3717,45,46,CAMA TURKIA DE 1.60 DE MADERA ,"CAMA TURQUIA DE 1,60 24/02/2026",Cama,EBANISTA EDUAR MANO DE OBRA= EN CRUDO,12,COLBON,1.0,LITRO,14000.0,14000.0,VOLUMEN
3718,45,46,CAMA TURKIA DE 1.60 DE MADERA ,"CAMA TURQUIA DE 1,60 24/02/2026",Cama,EBANISTA EDUAR MANO DE OBRA= EN CRUDO,13,GRAPAS,0.5,CAJA,12000.0,6000.0,ESPACIADO
3719,45,46,CAMA TURKIA DE 1.60 DE MADERA ,"CAMA TURQUIA DE 1,60 24/02/2026",Cama,EBANISTA EDUAR MANO DE OBRA= EN CRUDO,14,GANCHOS,1.0,PAR,20000.0,20000.0,FIJO
3720,45,46,CAMA TURKIA DE 1.60 DE MADERA ,"CAMA TURQUIA DE 1,60 24/02/2026",Cama,EBANISTA EDUAR MANO DE OBRA= EN CRUDO,15,SUPER,0.5,LITRO,13300.0,6650.0,VOLUMEN
3721,45,46,CAMA TURKIA DE 1.60 DE MADERA ,"CAMA TURQUIA DE 1,60 24/02/2026",Cama,EBANISTA EDUAR MANO DE OBRA= EN CRUDO,16,F40,5.0,TIRAS,1000.0,5000.0,FORMULA
3722,45,46,CAMA TURKIA DE 1.60 DE MADERA ,"CAMA TURQUIA DE 1,60 24/02/2026",Cama,EBANISTA EDUAR MANO DE OBRA= EN CRUDO,17,"TORNILLOS DE 2""",120.0,Unidad,100.0,12000.0,ESPACIADO
3723,45,46,CAMA TURKIA DE 1.60 DE MADERA ,"CAMA TURQUIA DE 1,60 24/02/2026",Cama,EBANISTA EDUAR MANO DE OBRA= EN CRUDO,18,ebanisteria 300.000 x 5% de m.o,,,,315000.0,FORMULA
3724,45,46,CAMA TURKIA DE 1.60 DE MADERA ,"CAMA TURQUIA DE 1,60 24/02/2026",Cama,EBANISTA EDUAR MANO DE OBRA= EN CRUDO,20,gastos de Ebanisteria e 10%,,,,102432.6,FORMULA
3725,45,46,CAMA TURKIA DE 1.60 DE MADERA ,"CAMA TURQUIA DE 1,60 24/02/2026",Cama,EBANISTA EDUAR MANO DE OBRA= EN CRUDO,24,CORREDERAS 35 NORMAL,4.0,PAR,10000.0,40000.0,FORMULA
3726,45,46,CAMA TURKIA DE 1.60 DE MADERA ,"CAMA TURQUIA DE 1,60 24/02/2026",Cama,EBANISTA EDUAR MANO DE OBRA= EN CRUDO,25,"MDF DE 2,7",,1 PEDAZO DE 1.00X46=46,65000.0,0.0,FORMULA
3727,45,46,CAMA TURKIA DE 1.60 DE MADERA ,"CAMA TURQUIA DE 1,60 24/02/2026",Cama,EBANISTA EDUAR MANO DE OBRA= EN CRUDO,26,LAM MDF 5,,1 PEDASO DE 1.50X40=60,130000.0,0.0,FORMULA
3728,45,46,CAMA TURKIA DE 1.60 DE MADERA ,"CAMA TURQUIA DE 1,60 24/02/2026",Cama,EBANISTA EDUAR MANO DE OBRA= EN CRUDO,27,LAM MDF 9,,"1 PEDASO DE 1,50X40=60",140.0,,FORMULA
3729,45,46,CAMA TURKIA DE 1.60 DE MADERA ,"CAMA TURQUIA DE 1,60 24/02/2026",Cama,EBANISTA EDUAR MANO DE OBRA= EN CRUDO,28,COLBON,,litros,14000.0,0.0,FORMULA
3730,45,46,CAMA TURKIA DE 1.60 DE MADERA ,"CAMA TURQUIA DE 1,60 24/02/2026",Cama,EBANISTA EDUAR MANO DE OBRA= EN CRUDO,29,GRAPAS,,Unidad,600.0,0.0,FIJO
3731,45,46,CAMA TURKIA DE 1.60 DE MADERA ,"CAMA TURQUIA DE 1,60 24/02/2026",Cama,EBANISTA EDUAR MANO DE OBRA= EN CRUDO,30,CLAVILLOS N F 40,,TIRA,1000.0,0.0,FIJO
3732,45,46,CAMA TURKIA DE 1.60 DE MADERA ,"CAMA TURQUIA DE 1,60 24/02/2026",Cama,EBANISTA EDUAR MANO DE OBRA= EN CRUDO,31,HECHURA,2.0,PAR,250000.0,500000.0,FORMULA
3733,45,46,CAMA TURKIA DE 1.60 DE MADERA ,"CAMA TURQUIA DE 1,60 24/02/2026",Cama,EBANISTA EDUAR MANO DE OBRA= EN CRUDO,32,"TORNILLOS DE 2""",,Unidad,100.0,0.0,FIJO
3734,45,46,CAMA TURKIA DE 1.60 DE MADERA ,"CAMA TURQUIA DE 1,60 24/02/2026",Cama,EBANISTA EDUAR MANO DE OBRA= EN CRUDO,35,gastos de Ebanisteria e 5%,,,,27000.0,FORMULA
3735,45,46,CAMA TURKIA DE 1.60 DE MADERA ,"CAMA TURQUIA DE 1,60 24/02/2026",Cama,SECCION PINTURA Y PREPARADA DE NOCHERO,37,SECCION PINTURA Y PREPARADA,DE NOCHERO,,,,FORMULA
3736,45,46,CAMA TURKIA DE 1.60 DE MADERA ,"CAMA TURQUIA DE 1,60 24/02/2026",Cama,SECCION PINTURA Y PREPARADA DE NOCHERO,38,PREPARADO JOTA,2.0,CON EL 5%,36750.0,73500.0,FORMULA
3737,45,46,CAMA TURKIA DE 1.60 DE MADERA ,"CAMA TURQUIA DE 1,60 24/02/2026",Cama,SECCION PINTURA Y PREPARADA DE NOCHERO,39,PINTURA ALEX,2.0,CON EL 5%,36750.0,73500.0,FORMULA
3738,45,46,CAMA TURKIA DE 1.60 DE MADERA ,"CAMA TURQUIA DE 1,60 24/02/2026",Cama,SECCION PINTURA Y PREPARADA DE NOCHERO,40,SELLADOR,4.0,PISTOLADAS,18000.0,72000.0,VOLUMEN
3739,45,46,CAMA TURKIA DE 1.60 DE MADERA ,"CAMA TURQUIA DE 1,60 24/02/2026",Cama,SECCION PINTURA Y PREPARADA DE NOCHERO,41,LIJA 400,2.0,unidades,2000.0,4000.0,FORMULA
3740,45,46,CAMA TURKIA DE 1.60 DE MADERA ,"CAMA TURQUIA DE 1,60 24/02/2026",Cama,SECCION PINTURA Y PREPARADA DE NOCHERO,42,NITRO,,galon,70000.0,0.0,FORMULA
3741,45,46,CAMA TURKIA DE 1.60 DE MADERA ,"CAMA TURQUIA DE 1,60 24/02/2026",Cama,SECCION PINTURA Y PREPARADA DE NOCHERO,43,VIDRIOS,,unidad,45000.0,0.0,FORMULA
3742,45,46,CAMA TURKIA DE 1.60 DE MADERA ,"CAMA TURQUIA DE 1,60 24/02/2026",Cama,SECCION PINTURA Y PREPARADA DE NOCHERO,44,TALCO,,unidad,2500.0,0.0,FORMULA
3743,45,46,CAMA TURKIA DE 1.60 DE MADERA ,"CAMA TURQUIA DE 1,60 24/02/2026",Cama,SECCION PINTURA Y PREPARADA DE NOCHERO,45,TINER,,GALON,34000.0,0.0,FORMULA
3744,45,46,CAMA TURKIA DE 1.60 DE MADERA ,"CAMA TURQUIA DE 1,60 24/02/2026",Cama,SECCION PINTURA Y PREPARADA DE NOCHERO,46,TOPES,,JALADORES,3000.0,0.0,FORMULA
3745,45,46,CAMA TURKIA DE 1.60 DE MADERA ,"CAMA TURQUIA DE 1,60 24/02/2026",Cama,SECCION PINTURA Y PREPARADA DE NOCHERO,47,COLOR TABACO,2.5,PISTOLADA,22000.0,55000.0,VOLUMEN
3746,45,46,CAMA TURKIA DE 1.60 DE MADERA ,"CAMA TURQUIA DE 1,60 24/02/2026",Cama,SECCION PINTURA Y PREPARADA DE NOCHERO,48,COLOR,2.0,PISTOLADA,22000.0,44000.0,VOLUMEN
3747,45,46,CAMA TURKIA DE 1.60 DE MADERA ,"CAMA TURQUIA DE 1,60 24/02/2026",Cama,SECCION PINTURA Y PREPARADA DE NOCHERO,49,ENCINA,,galon,160000.0,0.0,FORMULA
3748,45,46,CAMA TURKIA DE 1.60 DE MADERA ,"CAMA TURQUIA DE 1,60 24/02/2026",Cama,SECCION PINTURA Y PREPARADA DE NOCHERO,50,GASOLINA,0.5,ML,4500.0,2250.0,LINEAL
3749,45,46,CAMA TURKIA DE 1.60 DE MADERA ,"CAMA TURQUIA DE 1,60 24/02/2026",Cama,SECCION PINTURA Y PREPARADA DE NOCHERO,51,RESANE,0.5,LITRO,20000.0,10000.0,VOLUMEN
3750,45,46,CAMA TURKIA DE 1.60 DE MADERA ,"CAMA TURQUIA DE 1,60 24/02/2026",Cama,SECCION PINTURA Y PREPARADA DE NOCHERO,52,LACA S/M,1.5,PISTOLADA,22000.0,33000.0,VOLUMEN
3751,45,46,CAMA TURKIA DE 1.60 DE MADERA ,"CAMA TURQUIA DE 1,60 24/02/2026",Cama,SECCION PINTURA Y PREPARADA DE NOCHERO,54,Gastos de Pintura 10%,,,,36725.0,FORMULA
3752,45,46,CAMA TURKIA DE 1.60 DE MADERA ,"CAMA TURQUIA DE 1,60 24/02/2026",Cama,SECCION PINTURA Y PREPARADA DE CAMA,56,SECCION PINTURA Y PREPARADA,DE CAMA ,,,,FORMULA
3753,45,46,CAMA TURKIA DE 1.60 DE MADERA ,"CAMA TURQUIA DE 1,60 24/02/2026",Cama,SECCION PINTURA Y PREPARADA DE CAMA,57,PREPARADO JOTA,1.0,CON EL 5%,73500.0,73500.0,FIJO
3754,45,46,CAMA TURKIA DE 1.60 DE MADERA ,"CAMA TURQUIA DE 1,60 24/02/2026",Cama,SECCION PINTURA Y PREPARADA DE CAMA,58,PINTURA ALEX,1.0,CON EL 5%,63000.0,63000.0,FIJO
3755,45,46,CAMA TURKIA DE 1.60 DE MADERA ,"CAMA TURQUIA DE 1,60 24/02/2026",Cama,SECCION PINTURA Y PREPARADA DE CAMA,59,PINTURA DE PATAS ALEX,,,2100.0,0.0,FIJO
3756,45,46,CAMA TURKIA DE 1.60 DE MADERA ,"CAMA TURQUIA DE 1,60 24/02/2026",Cama,SECCION PINTURA Y PREPARADA DE CAMA,60,SELLADOR,2.0,PISTOLADAS,18000.0,36000.0,VOLUMEN
3757,45,46,CAMA TURKIA DE 1.60 DE MADERA ,"CAMA TURQUIA DE 1,60 24/02/2026",Cama,SECCION PINTURA Y PREPARADA DE CAMA,61,LIJA 400,1.5,unidades,2000.0,3000.0,FORMULA
3758,45,46,CAMA TURKIA DE 1.60 DE MADERA ,"CAMA TURQUIA DE 1,60 24/02/2026",Cama,SECCION PINTURA Y PREPARADA DE CAMA,62,NITRO,,galon,,0.0,FORMULA
3759,45,46,CAMA TURKIA DE 1.60 DE MADERA ,"CAMA TURQUIA DE 1,60 24/02/2026",Cama,SECCION PINTURA Y PREPARADA DE CAMA,63,lija 220,,unidad,2000.0,0.0,FORMULA
3760,45,46,CAMA TURKIA DE 1.60 DE MADERA ,"CAMA TURQUIA DE 1,60 24/02/2026",Cama,SECCION PINTURA Y PREPARADA DE CAMA,64,lija 120,,unidad,2000.0,0.0,FORMULA
3761,45,46,CAMA TURKIA DE 1.60 DE MADERA ,"CAMA TURQUIA DE 1,60 24/02/2026",Cama,SECCION PINTURA Y PREPARADA DE CAMA,65,LACA SEMIMATE,2.5,GALON,22000.0,55000.0,VOLUMEN
3762,45,46,CAMA TURKIA DE 1.60 DE MADERA ,"CAMA TURQUIA DE 1,60 24/02/2026",Cama,SECCION PINTURA Y PREPARADA DE CAMA,66,kerosen,,litro,18000.0,0.0,FORMULA
3763,45,46,CAMA TURKIA DE 1.60 DE MADERA ,"CAMA TURQUIA DE 1,60 24/02/2026",Cama,SECCION PINTURA Y PREPARADA DE CAMA,67,COLOR TABACO,,PISTOLADA,22000.0,77000.0,FORMULA
3764,45,46,CAMA TURKIA DE 1.60 DE MADERA ,"CAMA TURQUIA DE 1,60 24/02/2026",Cama,SECCION PINTURA Y PREPARADA DE CAMA,68,TINTE MIEL,3.5,galon,,,VOLUMEN
3765,45,46,CAMA TURKIA DE 1.60 DE MADERA ,"CAMA TURQUIA DE 1,60 24/02/2026",Cama,SECCION PINTURA Y PREPARADA DE CAMA,69,GASOLINA,0.5,LITRO,4500.0,2250.0,VOLUMEN
3766,45,46,CAMA TURKIA DE 1.60 DE MADERA ,"CAMA TURQUIA DE 1,60 24/02/2026",Cama,SECCION PINTURA Y PREPARADA DE CAMA,70,RESANE,0.2,LITRO,23000.0,4600.0,VOLUMEN
3767,45,46,CAMA TURKIA DE 1.60 DE MADERA ,"CAMA TURQUIA DE 1,60 24/02/2026",Cama,SECCION PINTURA Y PREPARADA DE CAMA,71,LACA BRILLANTE,,PISTOLADA,23000.0,0.0,FORMULA
3768,45,46,CAMA TURKIA DE 1.60 DE MADERA ,"CAMA TURQUIA DE 1,60 24/02/2026",Cama,SECCION PINTURA Y PREPARADA DE CAMA,73,Gastos de Pintura 10%,,,,31435.0,FORMULA
3769,45,46,CAMA TURKIA DE 1.60 DE MADERA ,"CAMA TURQUIA DE 1,60 24/02/2026",Cama,SECCION TERMINACION,76,ESPEJOS,1.0,METRO,137800.0,137800.0,LINEAL
3770,45,46,CAMA TURKIA DE 1.60 DE MADERA ,"CAMA TURQUIA DE 1,60 24/02/2026",Cama,SECCION TERMINACION,77,BISELADO DEL ESPEJO BORDE,10.3,UNIDAD,7000.0,72100.0,FORMULA
3771,45,46,CAMA TURKIA DE 1.60 DE MADERA ,"CAMA TURQUIA DE 1,60 24/02/2026",Cama,SECCION TERMINACION,78,CORTE Y NPULIDA,1.0,UNIDAD,50000.0,50000.0,FIJO
3772,45,46,CAMA TURKIA DE 1.60 DE MADERA ,"CAMA TURQUIA DE 1,60 24/02/2026",Cama,SECCION TERMINACION,80,LAMPARAS DE LUZ,,UNIDADES,100000.0,,FORMULA
3773,45,46,CAMA TURKIA DE 1.60 DE MADERA ,"CAMA TURQUIA DE 1,60 24/02/2026",Cama,SECCION TERMINACION,81,CABLE DE 12,,METROS,3000.0,0.0,FORMULA
3774,45,46,CAMA TURKIA DE 1.60 DE MADERA ,"CAMA TURQUIA DE 1,60 24/02/2026",Cama,SECCION TERMINACION,82,APAGADORES,,PAR,1500.0,0.0,FORMULA
3775,45,46,CAMA TURKIA DE 1.60 DE MADERA ,"CAMA TURQUIA DE 1,60 24/02/2026",Cama,SECCION TERMINACION,83,ENCHUFLES BLANCO MACHO,,UNIDADES,2000.0,0.0,FORMULA
3776,45,46,CAMA TURKIA DE 1.60 DE MADERA ,"CAMA TURQUIA DE 1,60 24/02/2026",Cama,SECCION TERMINACION,84,HERRAJES DE CAMA,,PAR,160000.0,0.0,FORMULA
3777,45,46,CAMA TURKIA DE 1.60 DE MADERA ,"CAMA TURQUIA DE 1,60 24/02/2026",Cama,SECCION TERMINACION,85,JALADORES,,UNIDAD,26800.0,0.0,FIJO
3778,45,46,CAMA TURKIA DE 1.60 DE MADERA ,"CAMA TURQUIA DE 1,60 24/02/2026",Cama,SECCION TERMINACION,86,MULTIUSOS,,UNIDADES,3000.0,0.0,FORMULA
3779,45,46,CAMA TURKIA DE 1.60 DE MADERA ,"CAMA TURQUIA DE 1,60 24/02/2026",Cama,SECCION TERMINACION,87,CORREDERAS,,unidades,10000.0,0.0,FIJO
3780,45,46,CAMA TURKIA DE 1.60 DE MADERA ,"CAMA TURQUIA DE 1,60 24/02/2026",Cama,SECCION TERMINACION,88,EMBALADA,1.0,unidades,150000.0,150000.0,FIJO
3781,45,46,CAMA TURKIA DE 1.60 DE MADERA ,"CAMA TURQUIA DE 1,60 24/02/2026",Cama,SECCION TERMINACION,91,SECCION TENDIDO DE REJAS,,,,0.0,FORMULA
3782,45,46,CAMA TURKIA DE 1.60 DE MADERA ,"CAMA TURQUIA DE 1,60 24/02/2026",Cama,SECCION TERMINACION,92,MADERA 60X1X4,730.0,APAMATE,140.0,0.0,FORMULA
3783,45,46,CAMA TURKIA DE 1.60 DE MADERA ,"CAMA TURQUIA DE 1,60 24/02/2026",Cama,SECCION TERMINACION,93,PEOPE METROS,2.0,,3500.0,102200.0,FORMULA
3784,45,46,CAMA TURKIA DE 1.60 DE MADERA ,"CAMA TURQUIA DE 1,60 24/02/2026",Cama,SECCION TERMINACION,95,GRAPAS,0.3,CAJA,12000.0,0.0,ESPACIADO
3785,45,46,CAMA TURKIA DE 1.60 DE MADERA ,"CAMA TURQUIA DE 1,60 24/02/2026",Cama,SECCION TERMINACION,96,MDF DE 9,1.0,LAMINA,140000.0,3600.0,AREA
3786,45,46,CAMA TURKIA DE 1.60 DE MADERA ,"CAMA TURQUIA DE 1,60 24/02/2026",Cama,SECCION TERMINACION,97,COLBON,0.2,LITRO,14000.0,140000.0,VOLUMEN
3787,45,46,CAMA TURKIA DE 1.60 DE MADERA ,"CAMA TURQUIA DE 1,60 24/02/2026",Cama,SECCION TERMINACION,98,"TORNILLOS DE 2""",40.0,UNIDAD,100.0,2800.0,ESPACIADO
3788,45,46,CAMA TURKIA DE 1.60 DE MADERA ,"CAMA TURQUIA DE 1,60 24/02/2026",Cama,SECCION TERMINACION,99,CLAVILLO,2.0,TIRA,1000.0,4000.0,ESPACIADO
3789,45,46,CAMA TURKIA DE 1.60 DE MADERA ,"CAMA TURQUIA DE 1,60 24/02/2026",Cama,SECCION TERMINACION,100,HECHURA,1.0,UNIDAD,63000.0,63000.0,FIJO
3790,45,46,CAMA TURKIA DE 1.60 DE MADERA ,"CAMA TURQUIA DE 1,60 24/02/2026",Cama,SECCION TAPICERIA MANO DE OBRA=,103,SECCION TAPICERIA,,MANO DE OBRA=,,,FORMULA
3791,45,46,CAMA TURKIA DE 1.60 DE MADERA ,"CAMA TURQUIA DE 1,60 24/02/2026",Cama,SECCION TAPICERIA MANO DE OBRA=,104,TELA ESTALIN BLANCA,4.0,METROS,31000.0,124000.0,AREA
3792,45,46,CAMA TURKIA DE 1.60 DE MADERA ,"CAMA TURQUIA DE 1,60 24/02/2026",Cama,SECCION TAPICERIA MANO DE OBRA=,105,ESPUMA DE 1 1/2'' ROSADA,1.25,LAMINA,30000.0,37500.0,AREA
3793,45,46,CAMA TURKIA DE 1.60 DE MADERA ,"CAMA TURQUIA DE 1,60 24/02/2026",Cama,SECCION TAPICERIA MANO DE OBRA=,106,GRAPAS,0.5,CAJA DE GRAPAS,12000.0,6000.0,ESPACIADO
3794,45,46,CAMA TURKIA DE 1.60 DE MADERA ,"CAMA TURQUIA DE 1,60 24/02/2026",Cama,SECCION TAPICERIA MANO DE OBRA=,107,PATAS L PLATEADAS,,UNIDADES,,6000.0,FIJO
3795,45,46,CAMA TURKIA DE 1.60 DE MADERA ,"CAMA TURQUIA DE 1,60 24/02/2026",Cama,SECCION TAPICERIA MANO DE OBRA=,108,TORNILLOS,50.0,UNIDADES,100.0,5000.0,ESPACIADO
3796,45,46,CAMA TURKIA DE 1.60 DE MADERA ,"CAMA TURQUIA DE 1,60 24/02/2026",Cama,SECCION TAPICERIA MANO DE OBRA=,109,ESPUMA DE 2'' ROSADA,0.0,UNIDADES,30000.0,5000.0,AREA
3797,45,46,CAMA TURKIA DE 1.60 DE MADERA ,"CAMA TURQUIA DE 1,60 24/02/2026",Cama,SECCION TAPICERIA MANO DE OBRA=,110,ESPUMA 2 AZUL,0.0,LAMINA,50000.0,0.0,AREA
3798,45,46,CAMA TURKIA DE 1.60 DE MADERA ,"CAMA TURQUIA DE 1,60 24/02/2026",Cama,SECCION TAPICERIA MANO DE OBRA=,111,o,,MTS,1000.0,0.0,FORMULA
3799,45,46,CAMA TURKIA DE 1.60 DE MADERA ,"CAMA TURQUIA DE 1,60 24/02/2026",Cama,SECCION TAPICERIA MANO DE OBRA=,112,COSTAL,0.0,METROS,4000.0,0.0,AREA
3800,45,46,CAMA TURKIA DE 1.60 DE MADERA ,"CAMA TURQUIA DE 1,60 24/02/2026",Cama,SECCION TAPICERIA MANO DE OBRA=,113,HILO,0.5,UNIDAD,25000.0,0.0,FORMULA
3801,45,46,CAMA TURKIA DE 1.60 DE MADERA ,"CAMA TURQUIA DE 1,60 24/02/2026",Cama,SECCION TAPICERIA MANO DE OBRA=,114,CANAMO,0.0,ROLLO,12000.0,12500.0,FORMULA
3802,45,46,CAMA TURKIA DE 1.60 DE MADERA ,"CAMA TURQUIA DE 1,60 24/02/2026",Cama,SECCION TAPICERIA MANO DE OBRA=,115,SUPER,0.2,LITRO,19000.0,0.0,VOLUMEN
3803,45,46,CAMA TURKIA DE 1.60 DE MADERA ,"CAMA TURQUIA DE 1,60 24/02/2026",Cama,SECCION TAPICERIA MANO DE OBRA=,116,CARTON,0.0,UNIDADES,5000.0,3800.0,FORMULA
3804,45,46,CAMA TURKIA DE 1.60 DE MADERA ,"CAMA TURQUIA DE 1,60 24/02/2026",Cama,SECCION TAPICERIA MANO DE OBRA=,117,HECHURA,1.0,CAMA,210000.0,210000.0,FIJO
3805,45,46,CAMA TURKIA DE 1.60 DE MADERA ,"CAMA TURQUIA DE 1,60 24/02/2026",Cama,SECCION TAPICERIA MANO DE OBRA=,118,LENCILLO,0.0,METROS,2650.0,210000.0,LINEAL
3806,46,47,MODELO MANANTIAL ,CAMA MANANTIAL 2X2,Cama,EBANISTA WILMER MANO DE OBRA=,8,MADERA (2),1000.0,APAMATE,140.0,140000.0,FORMULA
3807,46,47,MODELO MANANTIAL ,CAMA MANANTIAL 2X2,Cama,EBANISTA WILMER MANO DE OBRA=,9,MDF DE 3,1.25,LAMINA,67000.0,83750.0,AREA
3808,46,47,MODELO MANANTIAL ,CAMA MANANTIAL 2X2,Cama,EBANISTA WILMER MANO DE OBRA=,10,LAMINA DE 15,0.0,LAMINA,210000.0,0.0,AREA
3809,46,47,MODELO MANANTIAL ,CAMA MANANTIAL 2X2,Cama,EBANISTA WILMER MANO DE OBRA=,11,LAMINA DE,,LAMINA,130000.0,0.0,FORMULA
3810,46,47,MODELO MANANTIAL ,CAMA MANANTIAL 2X2,Cama,EBANISTA WILMER MANO DE OBRA=,12,COLBON,1.0,LITRO,14000.0,14000.0,VOLUMEN
3811,46,47,MODELO MANANTIAL ,CAMA MANANTIAL 2X2,Cama,EBANISTA WILMER MANO DE OBRA=,13,GRAPAS,0.5,CAJA,12000.0,6000.0,ESPACIADO
3812,46,47,MODELO MANANTIAL ,CAMA MANANTIAL 2X2,Cama,EBANISTA WILMER MANO DE OBRA=,14,GANCHOS,1.0,PAR,20000.0,20000.0,FIJO
3813,46,47,MODELO MANANTIAL ,CAMA MANANTIAL 2X2,Cama,EBANISTA WILMER MANO DE OBRA=,15,F40,15.0,TIRAS,1000.0,15000.0,FORMULA
3814,46,47,MODELO MANANTIAL ,CAMA MANANTIAL 2X2,Cama,EBANISTA WILMER MANO DE OBRA=,16,"TORNILLOS DE 2""",100.0,Unidad,100.0,10000.0,ESPACIADO
3815,46,47,MODELO MANANTIAL ,CAMA MANANTIAL 2X2,Cama,EBANISTA WILMER MANO DE OBRA=,17,ebanisteria 300.000 x 5% de m.o,,,,315000.0,FORMULA
3816,46,47,MODELO MANANTIAL ,CAMA MANANTIAL 2X2,Cama,EBANISTA WILMER MANO DE OBRA=,19,gastos de Ebanisteria e 10%,,,,60375.0,FORMULA
3817,46,47,MODELO MANANTIAL ,CAMA MANANTIAL 2X2,Cama,EBANISTA WILMER MANO DE OBRA=,23,CORREDERAS 35 NORMAL,2.0,PAR,250000.0,500000.0,FORMULA
3818,46,47,MODELO MANANTIAL ,CAMA MANANTIAL 2X2,Cama,EBANISTA WILMER MANO DE OBRA=,24,"MDF DE 2,7",,1 PEDAZO DE 1.00X46=46,65000.0,0.0,FORMULA
3819,46,47,MODELO MANANTIAL ,CAMA MANANTIAL 2X2,Cama,EBANISTA WILMER MANO DE OBRA=,25,LAM MDF 5,,1 PEDASO DE 1.50X40=60,130000.0,0.0,FORMULA
3820,46,47,MODELO MANANTIAL ,CAMA MANANTIAL 2X2,Cama,EBANISTA WILMER MANO DE OBRA=,26,LAM MDF 9,,"1 PEDASO DE 1,50X40=60",140.0,,FORMULA
3821,46,47,MODELO MANANTIAL ,CAMA MANANTIAL 2X2,Cama,EBANISTA WILMER MANO DE OBRA=,27,COLBON,,litros,14000.0,0.0,FORMULA
3822,46,47,MODELO MANANTIAL ,CAMA MANANTIAL 2X2,Cama,EBANISTA WILMER MANO DE OBRA=,28,GRAPAS,,Unidad,600.0,0.0,FIJO
3823,46,47,MODELO MANANTIAL ,CAMA MANANTIAL 2X2,Cama,EBANISTA WILMER MANO DE OBRA=,29,CLAVILLOS N F 40,,TIRA,1000.0,0.0,FIJO
3824,46,47,MODELO MANANTIAL ,CAMA MANANTIAL 2X2,Cama,EBANISTA WILMER MANO DE OBRA=,30,HECHURA,,PAR,157500.0,0.0,FIJO
3825,46,47,MODELO MANANTIAL ,CAMA MANANTIAL 2X2,Cama,EBANISTA WILMER MANO DE OBRA=,31,"TORNILLOS DE 2""",,Unidad,100.0,0.0,FIJO
3826,46,47,MODELO MANANTIAL ,CAMA MANANTIAL 2X2,Cama,EBANISTA WILMER MANO DE OBRA=,34,gastos de Ebanisteria e 5%,,,,26294.75,FORMULA
3827,46,47,MODELO MANANTIAL ,CAMA MANANTIAL 2X2,Cama,SECCION PINTURA Y PREPARADA DE NOCHERO,36,SECCION PINTURA Y PREPARADA,DE NOCHERO,,,,FORMULA
3828,46,47,MODELO MANANTIAL ,CAMA MANANTIAL 2X2,Cama,SECCION PINTURA Y PREPARADA DE NOCHERO,37,PREPARADO JOTA,2.0,CON EL 5%,36750.0,73500.0,FORMULA
3829,46,47,MODELO MANANTIAL ,CAMA MANANTIAL 2X2,Cama,SECCION PINTURA Y PREPARADA DE NOCHERO,38,PINTURA ALEX,2.0,CON EL 5%,36750.0,73500.0,FORMULA
3830,46,47,MODELO MANANTIAL ,CAMA MANANTIAL 2X2,Cama,SECCION PINTURA Y PREPARADA DE NOCHERO,39,SELLADOR,2.5,PISTOLADAS,18000.0,45000.0,VOLUMEN
3831,46,47,MODELO MANANTIAL ,CAMA MANANTIAL 2X2,Cama,SECCION PINTURA Y PREPARADA DE NOCHERO,40,LIJA 400,2.0,unidades,2000.0,4000.0,FORMULA
3832,46,47,MODELO MANANTIAL ,CAMA MANANTIAL 2X2,Cama,SECCION PINTURA Y PREPARADA DE NOCHERO,41,NITRO,,galon,70000.0,0.0,FORMULA
3833,46,47,MODELO MANANTIAL ,CAMA MANANTIAL 2X2,Cama,SECCION PINTURA Y PREPARADA DE NOCHERO,42,VIDRIOS,,unidad,45000.0,0.0,FORMULA
3834,46,47,MODELO MANANTIAL ,CAMA MANANTIAL 2X2,Cama,SECCION PINTURA Y PREPARADA DE NOCHERO,43,TALCO,,unidad,2500.0,0.0,FORMULA
3835,46,47,MODELO MANANTIAL ,CAMA MANANTIAL 2X2,Cama,SECCION PINTURA Y PREPARADA DE NOCHERO,44,TINER,,GALON,34000.0,0.0,FORMULA
3836,46,47,MODELO MANANTIAL ,CAMA MANANTIAL 2X2,Cama,SECCION PINTURA Y PREPARADA DE NOCHERO,45,TOPES,,JALADORES,3000.0,0.0,FORMULA
3837,46,47,MODELO MANANTIAL ,CAMA MANANTIAL 2X2,Cama,SECCION PINTURA Y PREPARADA DE NOCHERO,46,BLANCO POLIURETANO,1.5,PISTOLADA,57500.0,86250.0,VOLUMEN
3838,46,47,MODELO MANANTIAL ,CAMA MANANTIAL 2X2,Cama,SECCION PINTURA Y PREPARADA DE NOCHERO,47,COLOR,2.0,PISTOLADA,22000.0,44000.0,VOLUMEN
3839,46,47,MODELO MANANTIAL ,CAMA MANANTIAL 2X2,Cama,SECCION PINTURA Y PREPARADA DE NOCHERO,48,ENCINA,,galon,160000.0,0.0,FORMULA
3840,46,47,MODELO MANANTIAL ,CAMA MANANTIAL 2X2,Cama,SECCION PINTURA Y PREPARADA DE NOCHERO,49,GASOLINA,0.5,ML,4500.0,2250.0,LINEAL
3841,46,47,MODELO MANANTIAL ,CAMA MANANTIAL 2X2,Cama,SECCION PINTURA Y PREPARADA DE NOCHERO,50,RESANE,0.5,LITRO,20000.0,10000.0,VOLUMEN
3842,46,47,MODELO MANANTIAL ,CAMA MANANTIAL 2X2,Cama,SECCION PINTURA Y PREPARADA DE NOCHERO,51,LACA S/M,2.0,PISTOLADA,23000.0,46000.0,VOLUMEN
3843,46,47,MODELO MANANTIAL ,CAMA MANANTIAL 2X2,Cama,SECCION PINTURA Y PREPARADA DE NOCHERO,53,Gastos de Pintura 10%,,,,38450.0,FORMULA
3844,46,47,MODELO MANANTIAL ,CAMA MANANTIAL 2X2,Cama,SECCION PINTURA Y PREPARADA PATAS,55,SECCION PINTURA Y PREPARADA,PATAS ,,,,FORMULA
3845,46,47,MODELO MANANTIAL ,CAMA MANANTIAL 2X2,Cama,SECCION PINTURA Y PREPARADA PATAS,56,PREPARADO JOTA,8.0,CON EL 5%,1050.0,8400.0,FORMULA
3846,46,47,MODELO MANANTIAL ,CAMA MANANTIAL 2X2,Cama,SECCION PINTURA Y PREPARADA PATAS,57,PINTURA ALEX,8.0,CON EL 5%,2100.0,16800.0,FORMULA
3847,46,47,MODELO MANANTIAL ,CAMA MANANTIAL 2X2,Cama,SECCION PINTURA Y PREPARADA PATAS,58,PINTURA DE PATAS ALEX,,,2100.0,0.0,FIJO
3848,46,47,MODELO MANANTIAL ,CAMA MANANTIAL 2X2,Cama,SECCION PINTURA Y PREPARADA PATAS,59,SELLADOR,0.23,PISTOLADAS,18000.0,4140.0,VOLUMEN
3849,46,47,MODELO MANANTIAL ,CAMA MANANTIAL 2X2,Cama,SECCION PINTURA Y PREPARADA PATAS,60,LIJA 400,0.5,unidades,2000.0,1000.0,FORMULA
3850,46,47,MODELO MANANTIAL ,CAMA MANANTIAL 2X2,Cama,SECCION PINTURA Y PREPARADA PATAS,61,NITRO,,galon,,0.0,FORMULA
3851,46,47,MODELO MANANTIAL ,CAMA MANANTIAL 2X2,Cama,SECCION PINTURA Y PREPARADA PATAS,62,lija 220,,unidad,2000.0,0.0,FORMULA
3852,46,47,MODELO MANANTIAL ,CAMA MANANTIAL 2X2,Cama,SECCION PINTURA Y PREPARADA PATAS,63,lija 120,,unidad,2000.0,0.0,FORMULA
3853,46,47,MODELO MANANTIAL ,CAMA MANANTIAL 2X2,Cama,SECCION PINTURA Y PREPARADA PATAS,64,LACA SEMIMATE,0.2,GALON,23000.0,4600.0,VOLUMEN
3854,46,47,MODELO MANANTIAL ,CAMA MANANTIAL 2X2,Cama,SECCION PINTURA Y PREPARADA PATAS,65,kerosen,,litro,18000.0,0.0,FORMULA
3855,46,47,MODELO MANANTIAL ,CAMA MANANTIAL 2X2,Cama,SECCION PINTURA Y PREPARADA PATAS,66,COLOR,0.25,PISTOLADA,22000.0,5500.0,VOLUMEN
3856,46,47,MODELO MANANTIAL ,CAMA MANANTIAL 2X2,Cama,SECCION PINTURA Y PREPARADA PATAS,67,TINTE MIEL,,galon,,0.0,FORMULA
3857,46,47,MODELO MANANTIAL ,CAMA MANANTIAL 2X2,Cama,SECCION PINTURA Y PREPARADA PATAS,68,GASOLINA,,LITRO,4.5,0.0,FORMULA
3858,46,47,MODELO MANANTIAL ,CAMA MANANTIAL 2X2,Cama,SECCION PINTURA Y PREPARADA PATAS,69,RESANE,,LITRO,23000.0,0.0,FORMULA
3859,46,47,MODELO MANANTIAL ,CAMA MANANTIAL 2X2,Cama,SECCION PINTURA Y PREPARADA PATAS,70,LACA BRILLANTE,,PISTOLADA,23000.0,0.0,FORMULA
3860,46,47,MODELO MANANTIAL ,CAMA MANANTIAL 2X2,Cama,SECCION PINTURA Y PREPARADA PATAS,72,Gastos de Pintura 10%,,,,32095.1,FORMULA
3861,46,47,MODELO MANANTIAL ,CAMA MANANTIAL 2X2,Cama,SECCION TERMINACION,75,TOMAS NEGROS,,UNIDAD,10500.0,0.0,FORMULA
3862,46,47,MODELO MANANTIAL ,CAMA MANANTIAL 2X2,Cama,SECCION TERMINACION,76,REGLETA ANCHA,,UNIDAD,20000.0,0.0,FORMULA
3863,46,47,MODELO MANANTIAL ,CAMA MANANTIAL 2X2,Cama,SECCION TERMINACION,77,REGLETA DELGADA,,UNIDAD,20000.0,0.0,FORMULA
3864,46,47,MODELO MANANTIAL ,CAMA MANANTIAL 2X2,Cama,SECCION TERMINACION,78,LAMPARAS DE LUZ,,UNIDADES,100000.0,0.0,FORMULA
3865,46,47,MODELO MANANTIAL ,CAMA MANANTIAL 2X2,Cama,SECCION TERMINACION,79,CABLE DE 12,,METROS,3000.0,0.0,FORMULA
3866,46,47,MODELO MANANTIAL ,CAMA MANANTIAL 2X2,Cama,SECCION TERMINACION,80,APAGADORES,,PAR,1500.0,0.0,FORMULA
3867,46,47,MODELO MANANTIAL ,CAMA MANANTIAL 2X2,Cama,SECCION TERMINACION,81,ENCHUFLES BLANCO MACHO,,UNIDADES,2000.0,0.0,FORMULA
3868,46,47,MODELO MANANTIAL ,CAMA MANANTIAL 2X2,Cama,SECCION TERMINACION,82,HERRAJES DE CAMA,,PAR,160000.0,0.0,FORMULA
3869,46,47,MODELO MANANTIAL ,CAMA MANANTIAL 2X2,Cama,SECCION TERMINACION,83,JALADORES,,UNIDAD,26800.0,0.0,FIJO
3870,46,47,MODELO MANANTIAL ,CAMA MANANTIAL 2X2,Cama,SECCION TERMINACION,84,MULTIUSOS,,UNIDADES,3000.0,0.0,FORMULA
3871,46,47,MODELO MANANTIAL ,CAMA MANANTIAL 2X2,Cama,SECCION TERMINACION,85,CORREDERAS,,unidades,8000.0,0.0,FIJO
3872,46,47,MODELO MANANTIAL ,CAMA MANANTIAL 2X2,Cama,SECCION TERMINACION,86,EMBALADA,1.0,unidades,150000.0,150000.0,FIJO
3873,46,47,MODELO MANANTIAL ,CAMA MANANTIAL 2X2,Cama,SECCION TERMINACION,89,SECCION TENDIDO,,,,0.0,FORMULA
3874,46,47,MODELO MANANTIAL ,CAMA MANANTIAL 2X2,Cama,SECCION TERMINACION,90,MADERA 60X1X4,614.0,APAMATE,140.0,85960.0,FORMULA
3875,46,47,MODELO MANANTIAL ,CAMA MANANTIAL 2X2,Cama,SECCION TERMINACION,91,PEOPE,2.0,,3500.0,7000.0,FORMULA
3876,46,47,MODELO MANANTIAL ,CAMA MANANTIAL 2X2,Cama,SECCION TERMINACION,93,GRAPAS,0.1,CAJA,12000.0,1200.0,ESPACIADO
3877,46,47,MODELO MANANTIAL ,CAMA MANANTIAL 2X2,Cama,SECCION TERMINACION,94,MDF DE 9,1.0,LAMINA,140000.0,140000.0,AREA
3878,46,47,MODELO MANANTIAL ,CAMA MANANTIAL 2X2,Cama,SECCION TERMINACION,95,COLBON,0.2,LITRO,14000.0,2800.0,VOLUMEN
3879,46,47,MODELO MANANTIAL ,CAMA MANANTIAL 2X2,Cama,SECCION TERMINACION,96,"TORNILLOS DE 2""",40.0,UNIDAD,100.0,4000.0,ESPACIADO
3880,46,47,MODELO MANANTIAL ,CAMA MANANTIAL 2X2,Cama,SECCION TERMINACION,97,CLAVILLO,2.0,TIRA,1000.0,2000.0,ESPACIADO
3881,46,47,MODELO MANANTIAL ,CAMA MANANTIAL 2X2,Cama,SECCION TERMINACION,98,HECHURA,1.0,UNIDAD,63000.0,63000.0,FIJO
3882,46,47,MODELO MANANTIAL ,CAMA MANANTIAL 2X2,Cama,SECCION TAPICERIA MANO DE OBRA=,101,SECCION TAPICERIA,,MANO DE OBRA=,,,FORMULA
3883,46,47,MODELO MANANTIAL ,CAMA MANANTIAL 2X2,Cama,SECCION TAPICERIA MANO DE OBRA=,102,TELA DIVERSA BEIS,13.0,METROS,35000.0,455000.0,AREA
3884,46,47,MODELO MANANTIAL ,CAMA MANANTIAL 2X2,Cama,SECCION TAPICERIA MANO DE OBRA=,103,ESPUMA 1/2 ROSADA,0.5,LAMINA,25000.0,12500.0,AREA
3885,46,47,MODELO MANANTIAL ,CAMA MANANTIAL 2X2,Cama,SECCION TAPICERIA MANO DE OBRA=,104,GRAPAS,0.8,CAJA DE GRAPAS,12000.0,9600.0,ESPACIADO
3886,46,47,MODELO MANANTIAL ,CAMA MANANTIAL 2X2,Cama,SECCION TAPICERIA MANO DE OBRA=,105,PATAS L PLATEADAS,,UNIDADES,8000.0,0.0,FIJO
3887,46,47,MODELO MANANTIAL ,CAMA MANANTIAL 2X2,Cama,SECCION TAPICERIA MANO DE OBRA=,106,TORNILLOS,,UNIDADES,100.0,0.0,FIJO
3888,46,47,MODELO MANANTIAL ,CAMA MANANTIAL 2X2,Cama,SECCION TAPICERIA MANO DE OBRA=,107,ESPUMA DE 1 1/2'' ROSADA,2.0,UNIDADES,30000.0,60000.0,AREA
3889,46,47,MODELO MANANTIAL ,CAMA MANANTIAL 2X2,Cama,SECCION TAPICERIA MANO DE OBRA=,108,ESPUMA 2 AZUL,3.5,LAMINA,50000.0,175000.0,AREA
3890,46,47,MODELO MANANTIAL ,CAMA MANANTIAL 2X2,Cama,SECCION TAPICERIA MANO DE OBRA=,109,ESPUMA 1 1/2'' AZUL,,MTS,1000.0,0.0,FORMULA
3891,46,47,MODELO MANANTIAL ,CAMA MANANTIAL 2X2,Cama,SECCION TAPICERIA MANO DE OBRA=,110,COSTAL,2.0,METROS,4000.0,8000.0,AREA
3892,46,47,MODELO MANANTIAL ,CAMA MANANTIAL 2X2,Cama,SECCION TAPICERIA MANO DE OBRA=,111,HILO,0.5,UNIDAD,25000.0,12500.0,FORMULA
3893,46,47,MODELO MANANTIAL ,CAMA MANANTIAL 2X2,Cama,SECCION TAPICERIA MANO DE OBRA=,112,CANAMO,1.0,ROLLO,12000.0,12000.0,FIJO
3894,46,47,MODELO MANANTIAL ,CAMA MANANTIAL 2X2,Cama,SECCION TAPICERIA MANO DE OBRA=,113,SUPER,1.0,LITRO,19000.0,19000.0,VOLUMEN
3895,46,47,MODELO MANANTIAL ,CAMA MANANTIAL 2X2,Cama,SECCION TAPICERIA MANO DE OBRA=,114,CARTON,4.0,UNIDADES,5000.0,20000.0,FORMULA
3896,46,47,MODELO MANANTIAL ,CAMA MANANTIAL 2X2,Cama,SECCION TAPICERIA MANO DE OBRA=,115,HECHURA,1.0,CAMA,210000.0,210000.0,FIJO
3897,46,47,MODELO MANANTIAL ,CAMA MANANTIAL 2X2,Cama,SECCION TAPICERIA MANO DE OBRA=,116,LENCILLO,3.1,METROS,2650.0,8215.0,LINEAL
3898,47,48,SOMIER Y ESPALDAR EVELYN JARAMI,SOMIER Y ESPALDAR EVELYN TRUJILLO,Cama,EBANISTA EDUAR MANO DE OBRA= EN CRUDO,8,MADERA (2),220.0,APAMATE,140.0,30800.0,FORMULA
3899,47,48,SOMIER Y ESPALDAR EVELYN JARAMI,SOMIER Y ESPALDAR EVELYN TRUJILLO,Cama,EBANISTA EDUAR MANO DE OBRA= EN CRUDO,9,MDF DE 3,,LAMINA,140000.0,0.0,FORMULA
3900,47,48,SOMIER Y ESPALDAR EVELYN JARAMI,SOMIER Y ESPALDAR EVELYN TRUJILLO,Cama,EBANISTA EDUAR MANO DE OBRA= EN CRUDO,10,TABLAS,4.0,"2,10x21x25",21000.0,84000.0,FORMULA
3901,47,48,SOMIER Y ESPALDAR EVELYN JARAMI,SOMIER Y ESPALDAR EVELYN TRUJILLO,Cama,EBANISTA EDUAR MANO DE OBRA= EN CRUDO,11,"LAMINA DE 9""",1.5,LAMINA,140000.0,210000.0,AREA
3902,47,48,SOMIER Y ESPALDAR EVELYN JARAMI,SOMIER Y ESPALDAR EVELYN TRUJILLO,Cama,EBANISTA EDUAR MANO DE OBRA= EN CRUDO,12,COLBON,1.0,LITRO,14000.0,14000.0,VOLUMEN
3903,47,48,SOMIER Y ESPALDAR EVELYN JARAMI,SOMIER Y ESPALDAR EVELYN TRUJILLO,Cama,EBANISTA EDUAR MANO DE OBRA= EN CRUDO,13,GRAPAS,0.5,CAJA,12000.0,6000.0,ESPACIADO
3904,47,48,SOMIER Y ESPALDAR EVELYN JARAMI,SOMIER Y ESPALDAR EVELYN TRUJILLO,Cama,EBANISTA EDUAR MANO DE OBRA= EN CRUDO,14,GANCHOS,0.0,PAR,20000.0,0.0,FORMULA
3905,47,48,SOMIER Y ESPALDAR EVELYN JARAMI,SOMIER Y ESPALDAR EVELYN TRUJILLO,Cama,EBANISTA EDUAR MANO DE OBRA= EN CRUDO,15,SUPER,0.0,LITRO,13300.0,0.0,VOLUMEN
3906,47,48,SOMIER Y ESPALDAR EVELYN JARAMI,SOMIER Y ESPALDAR EVELYN TRUJILLO,Cama,EBANISTA EDUAR MANO DE OBRA= EN CRUDO,16,F50,3.0,TIRAS,1000.0,3000.0,FORMULA
3907,47,48,SOMIER Y ESPALDAR EVELYN JARAMI,SOMIER Y ESPALDAR EVELYN TRUJILLO,Cama,EBANISTA EDUAR MANO DE OBRA= EN CRUDO,17,"TORNILLOS DE 2""",150.0,Unidad,100.0,15000.0,ESPACIADO
3908,47,48,SOMIER Y ESPALDAR EVELYN JARAMI,SOMIER Y ESPALDAR EVELYN TRUJILLO,Cama,EBANISTA EDUAR MANO DE OBRA= EN CRUDO,18,ebanisteria 300.000 x 5% de m.o,,,,242000.0,FORMULA
3909,47,48,SOMIER Y ESPALDAR EVELYN JARAMI,SOMIER Y ESPALDAR EVELYN TRUJILLO,Cama,EBANISTA EDUAR MANO DE OBRA= EN CRUDO,20,gastos de Ebanisteria e 10%,,,,60480.0,FORMULA
3910,47,48,SOMIER Y ESPALDAR EVELYN JARAMI,SOMIER Y ESPALDAR EVELYN TRUJILLO,Cama,EBANISTA EDUAR MANO DE OBRA= EN CRUDO,24,CORREDERAS 35 NORMAL,,PAR,10000.0,0.0,FIJO
3911,47,48,SOMIER Y ESPALDAR EVELYN JARAMI,SOMIER Y ESPALDAR EVELYN TRUJILLO,Cama,EBANISTA EDUAR MANO DE OBRA= EN CRUDO,25,"MDF DE 2,7",,1 PEDAZO DE 1.00X46=46,65000.0,0.0,FORMULA
3912,47,48,SOMIER Y ESPALDAR EVELYN JARAMI,SOMIER Y ESPALDAR EVELYN TRUJILLO,Cama,EBANISTA EDUAR MANO DE OBRA= EN CRUDO,26,LAM MDF 5,,1 PEDASO DE 1.50X40=60,130000.0,0.0,FORMULA
3913,47,48,SOMIER Y ESPALDAR EVELYN JARAMI,SOMIER Y ESPALDAR EVELYN TRUJILLO,Cama,EBANISTA EDUAR MANO DE OBRA= EN CRUDO,27,LAM MDF 9,,"1 PEDASO DE 1,50X40=60",140.0,,FORMULA
3914,47,48,SOMIER Y ESPALDAR EVELYN JARAMI,SOMIER Y ESPALDAR EVELYN TRUJILLO,Cama,EBANISTA EDUAR MANO DE OBRA= EN CRUDO,28,COLBON,,litros,14000.0,0.0,FORMULA
3915,47,48,SOMIER Y ESPALDAR EVELYN JARAMI,SOMIER Y ESPALDAR EVELYN TRUJILLO,Cama,EBANISTA EDUAR MANO DE OBRA= EN CRUDO,29,GRAPAS,,Unidad,600.0,0.0,FIJO
3916,47,48,SOMIER Y ESPALDAR EVELYN JARAMI,SOMIER Y ESPALDAR EVELYN TRUJILLO,Cama,EBANISTA EDUAR MANO DE OBRA= EN CRUDO,30,CLAVILLOS N F 40,,TIRA,1000.0,0.0,FIJO
3917,47,48,SOMIER Y ESPALDAR EVELYN JARAMI,SOMIER Y ESPALDAR EVELYN TRUJILLO,Cama,EBANISTA EDUAR MANO DE OBRA= EN CRUDO,31,HECHURA,,PAR,250000.0,0.0,FIJO
3918,47,48,SOMIER Y ESPALDAR EVELYN JARAMI,SOMIER Y ESPALDAR EVELYN TRUJILLO,Cama,EBANISTA EDUAR MANO DE OBRA= EN CRUDO,32,"TORNILLOS DE 2""",,Unidad,100.0,0.0,FIJO
3919,47,48,SOMIER Y ESPALDAR EVELYN JARAMI,SOMIER Y ESPALDAR EVELYN TRUJILLO,Cama,EBANISTA EDUAR MANO DE OBRA= EN CRUDO,35,gastos de Ebanisteria e 5%,,,,0.0,FORMULA
3920,47,48,SOMIER Y ESPALDAR EVELYN JARAMI,SOMIER Y ESPALDAR EVELYN TRUJILLO,Cama,SECCION PINTURA Y PREPARADA DE NOCHERO,37,SECCION PINTURA Y PREPARADA,DE NOCHERO,,,,FORMULA
3921,47,48,SOMIER Y ESPALDAR EVELYN JARAMI,SOMIER Y ESPALDAR EVELYN TRUJILLO,Cama,SECCION PINTURA Y PREPARADA DE NOCHERO,38,PREPARADO JOTA,,CON EL 5%,36750.0,0.0,FORMULA
3922,47,48,SOMIER Y ESPALDAR EVELYN JARAMI,SOMIER Y ESPALDAR EVELYN TRUJILLO,Cama,SECCION PINTURA Y PREPARADA DE NOCHERO,39,PINTURA ALEX,,CON EL 5%,36750.0,0.0,FORMULA
3923,47,48,SOMIER Y ESPALDAR EVELYN JARAMI,SOMIER Y ESPALDAR EVELYN TRUJILLO,Cama,SECCION PINTURA Y PREPARADA DE NOCHERO,40,SELLADOR,,PISTOLADAS,18000.0,0.0,FORMULA
3924,47,48,SOMIER Y ESPALDAR EVELYN JARAMI,SOMIER Y ESPALDAR EVELYN TRUJILLO,Cama,SECCION PINTURA Y PREPARADA DE NOCHERO,41,LIJA 400,,unidades,2000.0,0.0,FORMULA
3925,47,48,SOMIER Y ESPALDAR EVELYN JARAMI,SOMIER Y ESPALDAR EVELYN TRUJILLO,Cama,SECCION PINTURA Y PREPARADA DE NOCHERO,42,NITRO,,galon,70000.0,0.0,FORMULA
3926,47,48,SOMIER Y ESPALDAR EVELYN JARAMI,SOMIER Y ESPALDAR EVELYN TRUJILLO,Cama,SECCION PINTURA Y PREPARADA DE NOCHERO,43,VIDRIOS,,unidad,45000.0,0.0,FORMULA
3927,47,48,SOMIER Y ESPALDAR EVELYN JARAMI,SOMIER Y ESPALDAR EVELYN TRUJILLO,Cama,SECCION PINTURA Y PREPARADA DE NOCHERO,44,TALCO,,unidad,2500.0,0.0,FORMULA
3928,47,48,SOMIER Y ESPALDAR EVELYN JARAMI,SOMIER Y ESPALDAR EVELYN TRUJILLO,Cama,SECCION PINTURA Y PREPARADA DE NOCHERO,45,TINER,,GALON,34000.0,0.0,FORMULA
3929,47,48,SOMIER Y ESPALDAR EVELYN JARAMI,SOMIER Y ESPALDAR EVELYN TRUJILLO,Cama,SECCION PINTURA Y PREPARADA DE NOCHERO,46,TOPES,,JALADORES,3000.0,0.0,FORMULA
3930,47,48,SOMIER Y ESPALDAR EVELYN JARAMI,SOMIER Y ESPALDAR EVELYN TRUJILLO,Cama,SECCION PINTURA Y PREPARADA DE NOCHERO,47,COLOR TABACO,,PISTOLADA,22000.0,0.0,FORMULA
3931,47,48,SOMIER Y ESPALDAR EVELYN JARAMI,SOMIER Y ESPALDAR EVELYN TRUJILLO,Cama,SECCION PINTURA Y PREPARADA DE NOCHERO,48,COLOR,,PISTOLADA,22000.0,0.0,FORMULA
3932,47,48,SOMIER Y ESPALDAR EVELYN JARAMI,SOMIER Y ESPALDAR EVELYN TRUJILLO,Cama,SECCION PINTURA Y PREPARADA DE NOCHERO,49,ENCINA,,galon,160000.0,0.0,FORMULA
3933,47,48,SOMIER Y ESPALDAR EVELYN JARAMI,SOMIER Y ESPALDAR EVELYN TRUJILLO,Cama,SECCION PINTURA Y PREPARADA DE NOCHERO,50,GASOLINA,,ML,4500.0,0.0,FORMULA
3934,47,48,SOMIER Y ESPALDAR EVELYN JARAMI,SOMIER Y ESPALDAR EVELYN TRUJILLO,Cama,SECCION PINTURA Y PREPARADA DE NOCHERO,51,RESANE,,LITRO,20000.0,0.0,FORMULA
3935,47,48,SOMIER Y ESPALDAR EVELYN JARAMI,SOMIER Y ESPALDAR EVELYN TRUJILLO,Cama,SECCION PINTURA Y PREPARADA DE NOCHERO,52,LACA S/M,,PISTOLADA,22000.0,0.0,FORMULA
3936,47,48,SOMIER Y ESPALDAR EVELYN JARAMI,SOMIER Y ESPALDAR EVELYN TRUJILLO,Cama,SECCION PINTURA Y PREPARADA DE NOCHERO,54,Gastos de Pintura 10%,,,,0.0,FORMULA
3937,47,48,SOMIER Y ESPALDAR EVELYN JARAMI,SOMIER Y ESPALDAR EVELYN TRUJILLO,Cama,SECCION PINTURA Y PREPARADA PATAS DE CABECERO,56,SECCION PINTURA Y PREPARADA,PATAS DE CABECERO,,,,FORMULA
3938,47,48,SOMIER Y ESPALDAR EVELYN JARAMI,SOMIER Y ESPALDAR EVELYN TRUJILLO,Cama,SECCION PINTURA Y PREPARADA PATAS DE CABECERO,57,PREPARADO JOTA,2.0,CON EL 5%,1000.0,2100.0,FORMULA
3939,47,48,SOMIER Y ESPALDAR EVELYN JARAMI,SOMIER Y ESPALDAR EVELYN TRUJILLO,Cama,SECCION PINTURA Y PREPARADA PATAS DE CABECERO,58,PINTURA ALEX,2.0,CON EL 5%,2000.0,4200.0,FORMULA
3940,47,48,SOMIER Y ESPALDAR EVELYN JARAMI,SOMIER Y ESPALDAR EVELYN TRUJILLO,Cama,SECCION PINTURA Y PREPARADA PATAS DE CABECERO,59,PINTURA DE PATAS ALEX,,,2100.0,0.0,FIJO
3941,47,48,SOMIER Y ESPALDAR EVELYN JARAMI,SOMIER Y ESPALDAR EVELYN TRUJILLO,Cama,SECCION PINTURA Y PREPARADA PATAS DE CABECERO,60,SELLADOR,0.25,PISTOLADAS,18000.0,4500.0,VOLUMEN
3942,47,48,SOMIER Y ESPALDAR EVELYN JARAMI,SOMIER Y ESPALDAR EVELYN TRUJILLO,Cama,SECCION PINTURA Y PREPARADA PATAS DE CABECERO,61,LIJA 400,0.25,unidades,2000.0,500.0,FORMULA
3943,47,48,SOMIER Y ESPALDAR EVELYN JARAMI,SOMIER Y ESPALDAR EVELYN TRUJILLO,Cama,SECCION PINTURA Y PREPARADA PATAS DE CABECERO,62,NITRO,,galon,,0.0,FORMULA
3944,47,48,SOMIER Y ESPALDAR EVELYN JARAMI,SOMIER Y ESPALDAR EVELYN TRUJILLO,Cama,SECCION PINTURA Y PREPARADA PATAS DE CABECERO,63,lija 220,,unidad,2000.0,0.0,FORMULA
3945,47,48,SOMIER Y ESPALDAR EVELYN JARAMI,SOMIER Y ESPALDAR EVELYN TRUJILLO,Cama,SECCION PINTURA Y PREPARADA PATAS DE CABECERO,64,lija 120,,unidad,2000.0,0.0,FORMULA
3946,47,48,SOMIER Y ESPALDAR EVELYN JARAMI,SOMIER Y ESPALDAR EVELYN TRUJILLO,Cama,SECCION PINTURA Y PREPARADA PATAS DE CABECERO,65,LACA SEMIMATE,,GALON,22000.0,0.0,FORMULA
3947,47,48,SOMIER Y ESPALDAR EVELYN JARAMI,SOMIER Y ESPALDAR EVELYN TRUJILLO,Cama,SECCION PINTURA Y PREPARADA PATAS DE CABECERO,66,kerosen,,litro,18000.0,0.0,FORMULA
3948,47,48,SOMIER Y ESPALDAR EVELYN JARAMI,SOMIER Y ESPALDAR EVELYN TRUJILLO,Cama,SECCION PINTURA Y PREPARADA PATAS DE CABECERO,67,COLOR CON LACA,0.2,PISTOLADA,22000.0,4400.0,VOLUMEN
3949,47,48,SOMIER Y ESPALDAR EVELYN JARAMI,SOMIER Y ESPALDAR EVELYN TRUJILLO,Cama,SECCION PINTURA Y PREPARADA PATAS DE CABECERO,68,TINTE MIEL,0.0,galon,,,VOLUMEN
3950,47,48,SOMIER Y ESPALDAR EVELYN JARAMI,SOMIER Y ESPALDAR EVELYN TRUJILLO,Cama,SECCION PINTURA Y PREPARADA PATAS DE CABECERO,69,GASOLINA,0.0,LITRO,4500.0,0.0,VOLUMEN
3951,47,48,SOMIER Y ESPALDAR EVELYN JARAMI,SOMIER Y ESPALDAR EVELYN TRUJILLO,Cama,SECCION PINTURA Y PREPARADA PATAS DE CABECERO,70,RESANE,0.0,LITRO,23000.0,0.0,VOLUMEN
3952,47,48,SOMIER Y ESPALDAR EVELYN JARAMI,SOMIER Y ESPALDAR EVELYN TRUJILLO,Cama,SECCION PINTURA Y PREPARADA PATAS DE CABECERO,71,LACA BRILLANTE,,PISTOLADA,23000.0,0.0,FORMULA
3953,47,48,SOMIER Y ESPALDAR EVELYN JARAMI,SOMIER Y ESPALDAR EVELYN TRUJILLO,Cama,SECCION PINTURA Y PREPARADA PATAS DE CABECERO,73,Gastos de Pintura 10%,,,,1570.0,FORMULA
3954,47,48,SOMIER Y ESPALDAR EVELYN JARAMI,SOMIER Y ESPALDAR EVELYN TRUJILLO,Cama,SECCION TERMINACION,76,ESPEJOS,0.0,METRO,137800.0,0.0,LINEAL
3955,47,48,SOMIER Y ESPALDAR EVELYN JARAMI,SOMIER Y ESPALDAR EVELYN TRUJILLO,Cama,SECCION TERMINACION,77,BISELADO DEL ESPEJO BORDE,0.0,UNIDAD,7000.0,0.0,FORMULA
3956,47,48,SOMIER Y ESPALDAR EVELYN JARAMI,SOMIER Y ESPALDAR EVELYN TRUJILLO,Cama,SECCION TERMINACION,78,CORTE Y NPULIDA,0.0,UNIDAD,50000.0,0.0,FORMULA
3957,47,48,SOMIER Y ESPALDAR EVELYN JARAMI,SOMIER Y ESPALDAR EVELYN TRUJILLO,Cama,SECCION TERMINACION,80,LAMPARAS DE LUZ,,UNIDADES,100000.0,,FORMULA
3958,47,48,SOMIER Y ESPALDAR EVELYN JARAMI,SOMIER Y ESPALDAR EVELYN TRUJILLO,Cama,SECCION TERMINACION,81,CABLE DE 12,,METROS,3000.0,0.0,FORMULA
3959,47,48,SOMIER Y ESPALDAR EVELYN JARAMI,SOMIER Y ESPALDAR EVELYN TRUJILLO,Cama,SECCION TERMINACION,82,APAGADORES,,PAR,1500.0,0.0,FORMULA
3960,47,48,SOMIER Y ESPALDAR EVELYN JARAMI,SOMIER Y ESPALDAR EVELYN TRUJILLO,Cama,SECCION TERMINACION,83,ENCHUFLES BLANCO MACHO,,UNIDADES,2000.0,0.0,FORMULA
3961,47,48,SOMIER Y ESPALDAR EVELYN JARAMI,SOMIER Y ESPALDAR EVELYN TRUJILLO,Cama,SECCION TERMINACION,84,HERRAJES DE CAMA,,PAR,160000.0,0.0,FORMULA
3962,47,48,SOMIER Y ESPALDAR EVELYN JARAMI,SOMIER Y ESPALDAR EVELYN TRUJILLO,Cama,SECCION TERMINACION,85,JALADORES,,UNIDAD,26800.0,0.0,FIJO
3963,47,48,SOMIER Y ESPALDAR EVELYN JARAMI,SOMIER Y ESPALDAR EVELYN TRUJILLO,Cama,SECCION TERMINACION,86,MULTIUSOS,,UNIDADES,3000.0,0.0,FORMULA
3964,47,48,SOMIER Y ESPALDAR EVELYN JARAMI,SOMIER Y ESPALDAR EVELYN TRUJILLO,Cama,SECCION TERMINACION,87,CORREDERAS,,unidades,10000.0,0.0,FIJO
3965,47,48,SOMIER Y ESPALDAR EVELYN JARAMI,SOMIER Y ESPALDAR EVELYN TRUJILLO,Cama,SECCION TERMINACION,88,EMBALADA,1.0,unidades,150000.0,150000.0,FIJO
3966,47,48,SOMIER Y ESPALDAR EVELYN JARAMI,SOMIER Y ESPALDAR EVELYN TRUJILLO,Cama,SECCION TERMINACION,91,SECCION TENDIDO DE REJAS,,,,0.0,FORMULA
3967,47,48,SOMIER Y ESPALDAR EVELYN JARAMI,SOMIER Y ESPALDAR EVELYN TRUJILLO,Cama,SECCION TERMINACION,92,MADERA 60X1X4,0.0,APAMATE,140.0,0.0,FORMULA
3968,47,48,SOMIER Y ESPALDAR EVELYN JARAMI,SOMIER Y ESPALDAR EVELYN TRUJILLO,Cama,SECCION TERMINACION,93,PEOPE METROS,0.0,,3500.0,0.0,FORMULA
3969,47,48,SOMIER Y ESPALDAR EVELYN JARAMI,SOMIER Y ESPALDAR EVELYN TRUJILLO,Cama,SECCION TERMINACION,95,GRAPAS,,CAJA,12000.0,0.0,FIJO
3970,47,48,SOMIER Y ESPALDAR EVELYN JARAMI,SOMIER Y ESPALDAR EVELYN TRUJILLO,Cama,SECCION TERMINACION,96,MDF DE 9,0.0,LAMINA,140000.0,0.0,AREA
3971,47,48,SOMIER Y ESPALDAR EVELYN JARAMI,SOMIER Y ESPALDAR EVELYN TRUJILLO,Cama,SECCION TERMINACION,97,COLBON,0.0,LITRO,14000.0,0.0,VOLUMEN
3972,47,48,SOMIER Y ESPALDAR EVELYN JARAMI,SOMIER Y ESPALDAR EVELYN TRUJILLO,Cama,SECCION TERMINACION,98,"TORNILLOS DE 2""",0.0,UNIDAD,100.0,0.0,ESPACIADO
3973,47,48,SOMIER Y ESPALDAR EVELYN JARAMI,SOMIER Y ESPALDAR EVELYN TRUJILLO,Cama,SECCION TERMINACION,99,CLAVILLO,0.0,TIRA,1000.0,0.0,ESPACIADO
3974,47,48,SOMIER Y ESPALDAR EVELYN JARAMI,SOMIER Y ESPALDAR EVELYN TRUJILLO,Cama,SECCION TERMINACION,100,HECHURA,0.0,UNIDAD,63000.0,0.0,FORMULA
3975,47,48,SOMIER Y ESPALDAR EVELYN JARAMI,SOMIER Y ESPALDAR EVELYN TRUJILLO,Cama,SECCION TAPICERIA MANO DE OBRA= CARLOS,103,SECCION TAPICERIA,,MANO DE OBRA=,,,FORMULA
3976,47,48,SOMIER Y ESPALDAR EVELYN JARAMI,SOMIER Y ESPALDAR EVELYN TRUJILLO,Cama,SECCION TAPICERIA MANO DE OBRA= CARLOS,104,TELA CHICAGO,6.0,METROS,20000.0,120000.0,AREA
3977,47,48,SOMIER Y ESPALDAR EVELYN JARAMI,SOMIER Y ESPALDAR EVELYN TRUJILLO,Cama,SECCION TAPICERIA MANO DE OBRA= CARLOS,105,ESPUMA DE 1 1/2'' ROSADA,1.0,LAMINA,30000.0,30000.0,AREA
3978,47,48,SOMIER Y ESPALDAR EVELYN JARAMI,SOMIER Y ESPALDAR EVELYN TRUJILLO,Cama,SECCION TAPICERIA MANO DE OBRA= CARLOS,106,"ESPUMA BLANCA 1""",2.0,LAMINA,12500.0,25000.0,AREA
3979,47,48,SOMIER Y ESPALDAR EVELYN JARAMI,SOMIER Y ESPALDAR EVELYN TRUJILLO,Cama,SECCION TAPICERIA MANO DE OBRA= CARLOS,107,PATAS METALICAS,5.0,UNIDADES,6000.0,30000.0,FORMULA
3980,47,48,SOMIER Y ESPALDAR EVELYN JARAMI,SOMIER Y ESPALDAR EVELYN TRUJILLO,Cama,SECCION TAPICERIA MANO DE OBRA= CARLOS,108,"TORNILLOS 1""1/2",28.0,UNIDADES,100.0,2800.0,ESPACIADO
3981,47,48,SOMIER Y ESPALDAR EVELYN JARAMI,SOMIER Y ESPALDAR EVELYN TRUJILLO,Cama,SECCION TAPICERIA MANO DE OBRA= CARLOS,109,"TORNILLOS 1""",20.0,UNIDADES,100.0,2000.0,ESPACIADO
3982,47,48,SOMIER Y ESPALDAR EVELYN JARAMI,SOMIER Y ESPALDAR EVELYN TRUJILLO,Cama,SECCION TAPICERIA MANO DE OBRA= CARLOS,110,"TORNILLOS 2""",4.0,UNIDADES,100.0,400.0,ESPACIADO
3983,47,48,SOMIER Y ESPALDAR EVELYN JARAMI,SOMIER Y ESPALDAR EVELYN TRUJILLO,Cama,SECCION TAPICERIA MANO DE OBRA= CARLOS,111,"ESPUMA DE 1/2"" ROSADA",1.2,UNIDADES,6630.0,7956.0,AREA
3984,47,48,SOMIER Y ESPALDAR EVELYN JARAMI,SOMIER Y ESPALDAR EVELYN TRUJILLO,Cama,SECCION TAPICERIA MANO DE OBRA= CARLOS,112,ESPUMA 2 AZUL,,LAMINA,50000.0,0.0,FORMULA
3985,47,48,SOMIER Y ESPALDAR EVELYN JARAMI,SOMIER Y ESPALDAR EVELYN TRUJILLO,Cama,SECCION TAPICERIA MANO DE OBRA= CARLOS,113,GRAPAS,0.5,CAJA DE GRAPAS,12000.0,6000.0,ESPACIADO
3986,47,48,SOMIER Y ESPALDAR EVELYN JARAMI,SOMIER Y ESPALDAR EVELYN TRUJILLO,Cama,SECCION TAPICERIA MANO DE OBRA= CARLOS,114,COSTAL,2.5,METROS,4000.0,10000.0,AREA
3987,47,48,SOMIER Y ESPALDAR EVELYN JARAMI,SOMIER Y ESPALDAR EVELYN TRUJILLO,Cama,SECCION TAPICERIA MANO DE OBRA= CARLOS,115,HILO,0.25,UNIDAD,25000.0,6250.0,FORMULA
3988,47,48,SOMIER Y ESPALDAR EVELYN JARAMI,SOMIER Y ESPALDAR EVELYN TRUJILLO,Cama,SECCION TAPICERIA MANO DE OBRA= CARLOS,116,CANAMO,0.0,ROLLO,12000.0,0.0,FORMULA
3989,47,48,SOMIER Y ESPALDAR EVELYN JARAMI,SOMIER Y ESPALDAR EVELYN TRUJILLO,Cama,SECCION TAPICERIA MANO DE OBRA= CARLOS,117,SUPER,0.2,LITRO,19000.0,3800.0,VOLUMEN
3990,47,48,SOMIER Y ESPALDAR EVELYN JARAMI,SOMIER Y ESPALDAR EVELYN TRUJILLO,Cama,SECCION TAPICERIA MANO DE OBRA= CARLOS,118,CARTON,0.0,UNIDADES,5000.0,0.0,FORMULA
3991,47,48,SOMIER Y ESPALDAR EVELYN JARAMI,SOMIER Y ESPALDAR EVELYN TRUJILLO,Cama,SECCION TAPICERIA MANO DE OBRA= CARLOS,119,HECHURA,,CAMA,210000.0,0.0,FIJO
3992,47,48,SOMIER Y ESPALDAR EVELYN JARAMI,SOMIER Y ESPALDAR EVELYN TRUJILLO,Cama,SECCION TAPICERIA MANO DE OBRA= CARLOS,120,LENCILLO,9.25,METROS,2650.0,24512.5,LINEAL
3993,48,49,CAMA ESTRELLA..,"1 CAMAS ESTRELLAS DE 1,60 24/02/2026",Cama,EBANISTA WILMER MANO DE OBRA= EN CRUDO,8,MADERA,1303.0,APAMATE,140.0,182420.0,FORMULA
3994,48,49,CAMA ESTRELLA..,"1 CAMAS ESTRELLAS DE 1,60 24/02/2026",Cama,EBANISTA WILMER MANO DE OBRA= EN CRUDO,9,MDF DE 3,0.0,LAMINA,16800.0,0.0,AREA
3995,48,49,CAMA ESTRELLA..,"1 CAMAS ESTRELLAS DE 1,60 24/02/2026",Cama,EBANISTA WILMER MANO DE OBRA= EN CRUDO,10,"LAMINA DE 5,5""",2.0,LAMINA,130000.0,260000.0,AREA
3996,48,49,CAMA ESTRELLA..,"1 CAMAS ESTRELLAS DE 1,60 24/02/2026",Cama,EBANISTA WILMER MANO DE OBRA= EN CRUDO,11,"LAMINA DE 9""",1.0,LAMINA,140000.0,140000.0,AREA
3997,48,49,CAMA ESTRELLA..,"1 CAMAS ESTRELLAS DE 1,60 24/02/2026",Cama,EBANISTA WILMER MANO DE OBRA= EN CRUDO,12,COLBON,1.0,LITRO,14000.0,14000.0,VOLUMEN
3998,48,49,CAMA ESTRELLA..,"1 CAMAS ESTRELLAS DE 1,60 24/02/2026",Cama,EBANISTA WILMER MANO DE OBRA= EN CRUDO,13,GRAPAS,0.5,CAJA,12000.0,6000.0,ESPACIADO
3999,48,49,CAMA ESTRELLA..,"1 CAMAS ESTRELLAS DE 1,60 24/02/2026",Cama,EBANISTA WILMER MANO DE OBRA= EN CRUDO,14,GANCHOS,1.0,PAR,20000.0,20000.0,FIJO
4000,48,49,CAMA ESTRELLA..,"1 CAMAS ESTRELLAS DE 1,60 24/02/2026",Cama,EBANISTA WILMER MANO DE OBRA= EN CRUDO,15,SUPER,0.0,LITRO,13300.0,0.0,VOLUMEN
4001,48,49,CAMA ESTRELLA..,"1 CAMAS ESTRELLAS DE 1,60 24/02/2026",Cama,EBANISTA WILMER MANO DE OBRA= EN CRUDO,16,CLAVILLO F40,7.5,TIRAS,1000.0,7500.0,ESPACIADO
4002,48,49,CAMA ESTRELLA..,"1 CAMAS ESTRELLAS DE 1,60 24/02/2026",Cama,EBANISTA WILMER MANO DE OBRA= EN CRUDO,17,"TORNILLOS DE 1""1/2",100.0,UNIDAD,100.0,10000.0,ESPACIADO
4003,48,49,CAMA ESTRELLA..,"1 CAMAS ESTRELLAS DE 1,60 24/02/2026",Cama,EBANISTA WILMER MANO DE OBRA= EN CRUDO,18,"TORNILLOS DE 2""",200.0,Unidad,100.0,20000.0,ESPACIADO
4004,48,49,CAMA ESTRELLA..,"1 CAMAS ESTRELLAS DE 1,60 24/02/2026",Cama,EBANISTA WILMER MANO DE OBRA= EN CRUDO,19,ebanisteria 300.000 x 5% de m.o,,,,315000.0,FORMULA
4005,48,49,CAMA ESTRELLA..,"1 CAMAS ESTRELLAS DE 1,60 24/02/2026",Cama,EBANISTA WILMER MANO DE OBRA= EN CRUDO,21,gastos de Ebanisteria e 10%,,,,97492.0,FORMULA
4006,48,49,CAMA ESTRELLA..,"1 CAMAS ESTRELLAS DE 1,60 24/02/2026",Cama,EBANISTA WILMER MANO DE OBRA= EN CRUDO,25,CORREDERAS 35 PUSH,4.0,PAR,17500.0,70000.0,FORMULA
4007,48,49,CAMA ESTRELLA..,"1 CAMAS ESTRELLAS DE 1,60 24/02/2026",Cama,EBANISTA WILMER MANO DE OBRA= EN CRUDO,26,MADERA,430.0,APAMATE,140.0,60200.0,FORMULA
4008,48,49,CAMA ESTRELLA..,"1 CAMAS ESTRELLAS DE 1,60 24/02/2026",Cama,EBANISTA WILMER MANO DE OBRA= EN CRUDO,27,"LAM MDF 15""",0.25,LAMINA,220000.0,55000.0,AREA
4009,48,49,CAMA ESTRELLA..,"1 CAMAS ESTRELLAS DE 1,60 24/02/2026",Cama,EBANISTA WILMER MANO DE OBRA= EN CRUDO,28,"LAM MDF 2,7""",0.3,LAMINA,68000.0,20400.0,AREA
4010,48,49,CAMA ESTRELLA..,"1 CAMAS ESTRELLAS DE 1,60 24/02/2026",Cama,EBANISTA WILMER MANO DE OBRA= EN CRUDO,29,LAM MDF 9,0.5,LAMINA,140000.0,70000.0,AREA
4011,48,49,CAMA ESTRELLA..,"1 CAMAS ESTRELLAS DE 1,60 24/02/2026",Cama,EBANISTA WILMER MANO DE OBRA= EN CRUDO,30,COLBON,2.0,litros,14000.0,28000.0,VOLUMEN
4012,48,49,CAMA ESTRELLA..,"1 CAMAS ESTRELLAS DE 1,60 24/02/2026",Cama,EBANISTA WILMER MANO DE OBRA= EN CRUDO,31,GRAPAS,0.5,CAJA,12000.0,6000.0,ESPACIADO
4013,48,49,CAMA ESTRELLA..,"1 CAMAS ESTRELLAS DE 1,60 24/02/2026",Cama,EBANISTA WILMER MANO DE OBRA= EN CRUDO,32,CLAVILLOS N F 40,10.0,TIRA,1000.0,10000.0,ESPACIADO
4014,48,49,CAMA ESTRELLA..,"1 CAMAS ESTRELLAS DE 1,60 24/02/2026",Cama,EBANISTA WILMER MANO DE OBRA= EN CRUDO,33,HECHURA,2.0,PAR,105000.0,210000.0,FORMULA
4015,48,49,CAMA ESTRELLA..,"1 CAMAS ESTRELLAS DE 1,60 24/02/2026",Cama,EBANISTA WILMER MANO DE OBRA= EN CRUDO,34,"TORNILLOS DE 2""",20.0,Unidad,100.0,2000.0,ESPACIADO
4016,48,49,CAMA ESTRELLA..,"1 CAMAS ESTRELLAS DE 1,60 24/02/2026",Cama,EBANISTA WILMER MANO DE OBRA= EN CRUDO,35,HECHURA,,PAR,,0.0,FIJO
4017,48,49,CAMA ESTRELLA..,"1 CAMAS ESTRELLAS DE 1,60 24/02/2026",Cama,EBANISTA WILMER MANO DE OBRA= EN CRUDO,37,gastos de Ebanisteria e 10%,,,,53160.0,FORMULA
4018,48,49,CAMA ESTRELLA..,"1 CAMAS ESTRELLAS DE 1,60 24/02/2026",Cama,SECCION PINTURA Y PREPARADA DE NOCHERO,39,SECCION PINTURA Y PREPARADA,DE NOCHERO ,,,,FORMULA
4019,48,49,CAMA ESTRELLA..,"1 CAMAS ESTRELLAS DE 1,60 24/02/2026",Cama,SECCION PINTURA Y PREPARADA DE NOCHERO,40,PREPARADO JOTA,2.0,CON EL 5%,36750.0,73500.0,FORMULA
4020,48,49,CAMA ESTRELLA..,"1 CAMAS ESTRELLAS DE 1,60 24/02/2026",Cama,SECCION PINTURA Y PREPARADA DE NOCHERO,41,PINTURA ALEX,2.0,CON EL 5%,36750.0,73500.0,FORMULA
4021,48,49,CAMA ESTRELLA..,"1 CAMAS ESTRELLAS DE 1,60 24/02/2026",Cama,SECCION PINTURA Y PREPARADA DE NOCHERO,42,SELLADOR,4.0,PISTOLADAS,18000.0,72000.0,VOLUMEN
4022,48,49,CAMA ESTRELLA..,"1 CAMAS ESTRELLAS DE 1,60 24/02/2026",Cama,SECCION PINTURA Y PREPARADA DE NOCHERO,43,LIJA # 220,1.5,UNIDADES,2000.0,3000.0,FORMULA
4023,48,49,CAMA ESTRELLA..,"1 CAMAS ESTRELLAS DE 1,60 24/02/2026",Cama,SECCION PINTURA Y PREPARADA DE NOCHERO,44,LIJA # 120,0.5,UNIDADES,20000.0,10000.0,FORMULA
4024,48,49,CAMA ESTRELLA..,"1 CAMAS ESTRELLAS DE 1,60 24/02/2026",Cama,SECCION PINTURA Y PREPARADA DE NOCHERO,45,LIJA 400,0.5,unidades,2000.0,1000.0,FORMULA
4025,48,49,CAMA ESTRELLA..,"1 CAMAS ESTRELLAS DE 1,60 24/02/2026",Cama,SECCION PINTURA Y PREPARADA DE NOCHERO,46,NITRO,,galon,70000.0,0.0,FORMULA
4026,48,49,CAMA ESTRELLA..,"1 CAMAS ESTRELLAS DE 1,60 24/02/2026",Cama,SECCION PINTURA Y PREPARADA DE NOCHERO,47,VIDRIOS,,unidad,45000.0,0.0,FORMULA
4027,48,49,CAMA ESTRELLA..,"1 CAMAS ESTRELLAS DE 1,60 24/02/2026",Cama,SECCION PINTURA Y PREPARADA DE NOCHERO,48,TALCO,1.0,unidad,2500.0,2500.0,FIJO
4028,48,49,CAMA ESTRELLA..,"1 CAMAS ESTRELLAS DE 1,60 24/02/2026",Cama,SECCION PINTURA Y PREPARADA DE NOCHERO,49,TINER,,GALON,34000.0,0.0,FORMULA
4029,48,49,CAMA ESTRELLA..,"1 CAMAS ESTRELLAS DE 1,60 24/02/2026",Cama,SECCION PINTURA Y PREPARADA DE NOCHERO,50,TOPES,,JALADORES,3000.0,0.0,FORMULA
4030,48,49,CAMA ESTRELLA..,"1 CAMAS ESTRELLAS DE 1,60 24/02/2026",Cama,SECCION PINTURA Y PREPARADA DE NOCHERO,51,COLOR TABACO,,PISTOLADA,22000.0,0.0,FORMULA
4031,48,49,CAMA ESTRELLA..,"1 CAMAS ESTRELLAS DE 1,60 24/02/2026",Cama,SECCION PINTURA Y PREPARADA DE NOCHERO,52,COLOR NEGRO,2.0,PISTOLADA,22000.0,44000.0,VOLUMEN
4032,48,49,CAMA ESTRELLA..,"1 CAMAS ESTRELLAS DE 1,60 24/02/2026",Cama,SECCION PINTURA Y PREPARADA DE NOCHERO,53,ENCINA,,galon,160000.0,0.0,FORMULA
4033,48,49,CAMA ESTRELLA..,"1 CAMAS ESTRELLAS DE 1,60 24/02/2026",Cama,SECCION PINTURA Y PREPARADA DE NOCHERO,54,GASOLINA,,ML,4500.0,0.0,FORMULA
4034,48,49,CAMA ESTRELLA..,"1 CAMAS ESTRELLAS DE 1,60 24/02/2026",Cama,SECCION PINTURA Y PREPARADA DE NOCHERO,55,RESANE,,LITRO,20000.0,0.0,FORMULA
4035,48,49,CAMA ESTRELLA..,"1 CAMAS ESTRELLAS DE 1,60 24/02/2026",Cama,SECCION PINTURA Y PREPARADA DE NOCHERO,56,LACA BRILLANTE CON ESCARCHA,2.0,PISTOLADA,23000.0,46000.0,VOLUMEN
4036,48,49,CAMA ESTRELLA..,"1 CAMAS ESTRELLAS DE 1,60 24/02/2026",Cama,SECCION PINTURA Y PREPARADA DE NOCHERO,58,Gastos de Pintura 10%,,,,32550.0,FORMULA
4037,48,49,CAMA ESTRELLA..,"1 CAMAS ESTRELLAS DE 1,60 24/02/2026",Cama,SECCION PINTURA Y PREPARADA DE PATAS,60,SECCION PINTURA Y PREPARADA,DE PATAS,,,,FORMULA
4038,48,49,CAMA ESTRELLA..,"1 CAMAS ESTRELLAS DE 1,60 24/02/2026",Cama,SECCION PINTURA Y PREPARADA DE PATAS,61,PREPARADO JOTA,6.0,CON EL 5%,1000.0,12600.0,FORMULA
4039,48,49,CAMA ESTRELLA..,"1 CAMAS ESTRELLAS DE 1,60 24/02/2026",Cama,SECCION PINTURA Y PREPARADA DE PATAS,62,PINTURA ALEX,6.0,CON EL 5%,2000.0,25200.0,FORMULA
4040,48,49,CAMA ESTRELLA..,"1 CAMAS ESTRELLAS DE 1,60 24/02/2026",Cama,SECCION PINTURA Y PREPARADA DE PATAS,63,PINTURA DE PATAS ALEX,,,2100.0,0.0,FIJO
4041,48,49,CAMA ESTRELLA..,"1 CAMAS ESTRELLAS DE 1,60 24/02/2026",Cama,SECCION PINTURA Y PREPARADA DE PATAS,64,SELLADOR,1.5,PISTOLADAS,18000.0,27000.0,VOLUMEN
4042,48,49,CAMA ESTRELLA..,"1 CAMAS ESTRELLAS DE 1,60 24/02/2026",Cama,SECCION PINTURA Y PREPARADA DE PATAS,65,LIJA 400,1.0,unidades,4000.0,4000.0,FIJO
4043,48,49,CAMA ESTRELLA..,"1 CAMAS ESTRELLAS DE 1,60 24/02/2026",Cama,SECCION PINTURA Y PREPARADA DE PATAS,66,NITRO,,galon,,0.0,FORMULA
4044,48,49,CAMA ESTRELLA..,"1 CAMAS ESTRELLAS DE 1,60 24/02/2026",Cama,SECCION PINTURA Y PREPARADA DE PATAS,67,lija 220,1.0,unidad,2000.0,2000.0,FIJO
4045,48,49,CAMA ESTRELLA..,"1 CAMAS ESTRELLAS DE 1,60 24/02/2026",Cama,SECCION PINTURA Y PREPARADA DE PATAS,68,lija 120,,unidad,2000.0,0.0,FORMULA
4046,48,49,CAMA ESTRELLA..,"1 CAMAS ESTRELLAS DE 1,60 24/02/2026",Cama,SECCION PINTURA Y PREPARADA DE PATAS,69,LACA SEMIMATE,,GALON,22000.0,0.0,FORMULA
4047,48,49,CAMA ESTRELLA..,"1 CAMAS ESTRELLAS DE 1,60 24/02/2026",Cama,SECCION PINTURA Y PREPARADA DE PATAS,70,kerosen,,litro,18000.0,0.0,FORMULA
4048,48,49,CAMA ESTRELLA..,"1 CAMAS ESTRELLAS DE 1,60 24/02/2026",Cama,SECCION PINTURA Y PREPARADA DE PATAS,71,COLOR NEGRO,0.5,PISTOLADA,22000.0,11000.0,VOLUMEN
4049,48,49,CAMA ESTRELLA..,"1 CAMAS ESTRELLAS DE 1,60 24/02/2026",Cama,SECCION PINTURA Y PREPARADA DE PATAS,72,TINTE MIEL,,galon,,,FORMULA
4050,48,49,CAMA ESTRELLA..,"1 CAMAS ESTRELLAS DE 1,60 24/02/2026",Cama,SECCION PINTURA Y PREPARADA DE PATAS,73,GASOLINA,,LITRO,4500.0,0.0,FORMULA
4051,48,49,CAMA ESTRELLA..,"1 CAMAS ESTRELLAS DE 1,60 24/02/2026",Cama,SECCION PINTURA Y PREPARADA DE PATAS,74,RESANE,0.3,LITRO,23000.0,6900.0,VOLUMEN
4052,48,49,CAMA ESTRELLA..,"1 CAMAS ESTRELLAS DE 1,60 24/02/2026",Cama,SECCION PINTURA Y PREPARADA DE PATAS,75,LACA BRILLANTE,0.5,PISTOLADA,23000.0,11500.0,VOLUMEN
4053,48,49,CAMA ESTRELLA..,"1 CAMAS ESTRELLAS DE 1,60 24/02/2026",Cama,SECCION PINTURA Y PREPARADA DE PATAS,77,Gastos de Pintura 10%,,,,10020.0,FORMULA
4054,48,49,CAMA ESTRELLA..,"1 CAMAS ESTRELLAS DE 1,60 24/02/2026",Cama,SECCION TERMINACION,80,"ESPEJOS 1,20X1,83",2.196,METRO,137800.0,302608.8,LINEAL
4055,48,49,CAMA ESTRELLA..,"1 CAMAS ESTRELLAS DE 1,60 24/02/2026",Cama,SECCION TERMINACION,81,BISELADO DEL ESPEJO BORDE,35.0,METROS,7000.0,245000.0,LINEAL
4056,48,49,CAMA ESTRELLA..,"1 CAMAS ESTRELLAS DE 1,60 24/02/2026",Cama,SECCION TERMINACION,82,CORTE Y NPULIDA Y BISELADO ESPEJO,2.0,UNIDAD,20000.0,40000.0,FORMULA
4057,48,49,CAMA ESTRELLA..,"1 CAMAS ESTRELLAS DE 1,60 24/02/2026",Cama,SECCION TERMINACION,83,PINTUTRA DE CAMA,,,,587608.8,FORMULA
4058,48,49,CAMA ESTRELLA..,"1 CAMAS ESTRELLAS DE 1,60 24/02/2026",Cama,SECCION TERMINACION,84,PREPARRACION,1.0,UNIDAD,31500.0,31500.0,FIJO
4059,48,49,CAMA ESTRELLA..,"1 CAMAS ESTRELLAS DE 1,60 24/02/2026",Cama,SECCION TERMINACION,85,LACA BRILLANTE CON ESCARCHA,2.5,PISTOLADA,22000.0,55000.0,VOLUMEN
4060,48,49,CAMA ESTRELLA..,"1 CAMAS ESTRELLAS DE 1,60 24/02/2026",Cama,SECCION TERMINACION,86,PINTURA,1.0,UNIDAD,31500.0,31500.0,FIJO
4061,48,49,CAMA ESTRELLA..,"1 CAMAS ESTRELLAS DE 1,60 24/02/2026",Cama,SECCION TERMINACION,87,SELLADOR,1.5,PISTOLADAS,18000.0,27000.0,VOLUMEN
4062,48,49,CAMA ESTRELLA..,"1 CAMAS ESTRELLAS DE 1,60 24/02/2026",Cama,SECCION TERMINACION,88,LIJA,2.0,PISTOLADAS,2000.0,4000.0,VOLUMEN
4063,48,49,CAMA ESTRELLA..,"1 CAMAS ESTRELLAS DE 1,60 24/02/2026",Cama,SECCION TERMINACION,89,COLOR NEGRO,4.0,UNIDAD,20000.0,80000.0,FORMULA
4064,48,49,CAMA ESTRELLA..,"1 CAMAS ESTRELLAS DE 1,60 24/02/2026",Cama,SECCION TERMINACION,95,LAMPARAS DE LUZ,,UNIDADES,100000.0,,FORMULA
4065,48,49,CAMA ESTRELLA..,"1 CAMAS ESTRELLAS DE 1,60 24/02/2026",Cama,SECCION TERMINACION,96,CABLE DE 12,10.0,METROS,3000.0,3000.0,LINEAL
4066,48,49,CAMA ESTRELLA..,"1 CAMAS ESTRELLAS DE 1,60 24/02/2026",Cama,SECCION TERMINACION,97,APAGADORES,2.0,PARES,29000.0,58000.0,FORMULA
4067,48,49,CAMA ESTRELLA..,"1 CAMAS ESTRELLAS DE 1,60 24/02/2026",Cama,SECCION TERMINACION,98,ENCHUFLES BLANCO MACHO,1.0,UNIDADES,2000.0,2000.0,FIJO
4068,48,49,CAMA ESTRELLA..,"1 CAMAS ESTRELLAS DE 1,60 24/02/2026",Cama,SECCION TERMINACION,99,HERRAJES DE CAMA,,PAR,160000.0,2000.0,FORMULA
4069,48,49,CAMA ESTRELLA..,"1 CAMAS ESTRELLAS DE 1,60 24/02/2026",Cama,SECCION TERMINACION,100,JALADORES,,UNIDAD,26800.0,0.0,FIJO
4070,48,49,CAMA ESTRELLA..,"1 CAMAS ESTRELLAS DE 1,60 24/02/2026",Cama,SECCION TERMINACION,101,MANO DE OBRA DE JOTA,2.0,UNIDADES,15750.0,31500.0,FORMULA
4071,48,49,CAMA ESTRELLA..,"1 CAMAS ESTRELLAS DE 1,60 24/02/2026",Cama,SECCION TERMINACION,102,CORREDERAS,,unidades,10000.0,31500.0,FIJO
4072,48,49,CAMA ESTRELLA..,"1 CAMAS ESTRELLAS DE 1,60 24/02/2026",Cama,SECCION TERMINACION,103,EMBALADA,1.0,unidades,150000.0,150000.0,FIJO
4073,48,49,CAMA ESTRELLA..,"1 CAMAS ESTRELLAS DE 1,60 24/02/2026",Cama,SECCION TERMINACION,106,SECCION TENDIDO PATAS,,,,0.0,FIJO
4074,48,49,CAMA ESTRELLA..,"1 CAMAS ESTRELLAS DE 1,60 24/02/2026",Cama,SECCION TERMINACION,107,MADERA 60X1X4,350.0,APAMATE,140.0,49000.0,FORMULA
4075,48,49,CAMA ESTRELLA..,"1 CAMAS ESTRELLAS DE 1,60 24/02/2026",Cama,SECCION TERMINACION,108,PEOPE METROS,2.0,,3000.0,6000.0,FORMULA
4076,48,49,CAMA ESTRELLA..,"1 CAMAS ESTRELLAS DE 1,60 24/02/2026",Cama,SECCION TERMINACION,110,GRAPAS,0.5,CAJA,12000.0,6000.0,ESPACIADO
4077,48,49,CAMA ESTRELLA..,"1 CAMAS ESTRELLAS DE 1,60 24/02/2026",Cama,SECCION TERMINACION,111,MDF DE 9,1.0,LAMINA,140000.0,140000.0,AREA
4078,48,49,CAMA ESTRELLA..,"1 CAMAS ESTRELLAS DE 1,60 24/02/2026",Cama,SECCION TERMINACION,112,COLBON,0.5,LITRO,14000.0,7000.0,VOLUMEN
4079,48,49,CAMA ESTRELLA..,"1 CAMAS ESTRELLAS DE 1,60 24/02/2026",Cama,SECCION TERMINACION,113,"TORNILLOS DE 2""",40.0,UNIDAD,100.0,4000.0,ESPACIADO
4080,48,49,CAMA ESTRELLA..,"1 CAMAS ESTRELLAS DE 1,60 24/02/2026",Cama,SECCION TERMINACION,114,CLAVILLO,5.0,TIRA,1000.0,5000.0,ESPACIADO
4081,48,49,CAMA ESTRELLA..,"1 CAMAS ESTRELLAS DE 1,60 24/02/2026",Cama,SECCION TERMINACION,115,HECHURA FABRICACION,1.0,UNIDAD,63000.0,63000.0,FIJO
4082,48,49,CAMA ESTRELLA..,"1 CAMAS ESTRELLAS DE 1,60 24/02/2026",Cama,SECCION TAPICERIA MANO DE OBRA=,118,SECCION TAPICERIA,,MANO DE OBRA=,,,FORMULA
4083,48,49,CAMA ESTRELLA..,"1 CAMAS ESTRELLAS DE 1,60 24/02/2026",Cama,SECCION TAPICERIA MANO DE OBRA=,119,TELA ESTALIN NEGRA,10.0,METROS,28900.0,289000.0,AREA
4084,48,49,CAMA ESTRELLA..,"1 CAMAS ESTRELLAS DE 1,60 24/02/2026",Cama,SECCION TAPICERIA MANO DE OBRA=,120,ESPUMA DE 1 1/2'' ROSADA,3.0,LAMINA,30000.0,90000.0,AREA
4085,48,49,CAMA ESTRELLA..,"1 CAMAS ESTRELLAS DE 1,60 24/02/2026",Cama,SECCION TAPICERIA MANO DE OBRA=,121,GRAPAS,0.5,CAJA DE GRAPAS,12000.0,6000.0,ESPACIADO
4086,48,49,CAMA ESTRELLA..,"1 CAMAS ESTRELLAS DE 1,60 24/02/2026",Cama,SECCION TAPICERIA MANO DE OBRA=,122,PATAS L PLATEADAS,0.0,UNIDADES,,0.0,FORMULA
4087,48,49,CAMA ESTRELLA..,"1 CAMAS ESTRELLAS DE 1,60 24/02/2026",Cama,SECCION TAPICERIA MANO DE OBRA=,123,"TORNILLOS 1""",100.0,UNIDADES,100.0,10000.0,ESPACIADO
4088,48,49,CAMA ESTRELLA..,"1 CAMAS ESTRELLAS DE 1,60 24/02/2026",Cama,SECCION TAPICERIA MANO DE OBRA=,124,ESPUMA DE 2'' ROSADA,0.0,UNIDADES,30000.0,0.0,AREA
4089,48,49,CAMA ESTRELLA..,"1 CAMAS ESTRELLAS DE 1,60 24/02/2026",Cama,SECCION TAPICERIA MANO DE OBRA=,125,ESPUMA 2 AZUL,0.0,LAMINA,50000.0,0.0,AREA
4090,48,49,CAMA ESTRELLA..,"1 CAMAS ESTRELLAS DE 1,60 24/02/2026",Cama,SECCION TAPICERIA MANO DE OBRA=,127,COSTAL,0.0,METROS,4000.0,0.0,AREA
4091,48,49,CAMA ESTRELLA..,"1 CAMAS ESTRELLAS DE 1,60 24/02/2026",Cama,SECCION TAPICERIA MANO DE OBRA=,128,HILO,0.0,UNIDAD,25000.0,0.0,FORMULA
4092,48,49,CAMA ESTRELLA..,"1 CAMAS ESTRELLAS DE 1,60 24/02/2026",Cama,SECCION TAPICERIA MANO DE OBRA=,129,CANAMO,0.0,ROLLO,12000.0,0.0,FORMULA
4093,48,49,CAMA ESTRELLA..,"1 CAMAS ESTRELLAS DE 1,60 24/02/2026",Cama,SECCION TAPICERIA MANO DE OBRA=,130,SUPER,1.0,LITRO,19000.0,19000.0,VOLUMEN
4094,48,49,CAMA ESTRELLA..,"1 CAMAS ESTRELLAS DE 1,60 24/02/2026",Cama,SECCION TAPICERIA MANO DE OBRA=,131,CARTON,0.0,UNIDADES,5000.0,0.0,FORMULA
4095,48,49,CAMA ESTRELLA..,"1 CAMAS ESTRELLAS DE 1,60 24/02/2026",Cama,SECCION TAPICERIA MANO DE OBRA=,132,HECHURA,1.0,CAMA,210000.0,210000.0,FIJO
4096,48,49,CAMA ESTRELLA..,"1 CAMAS ESTRELLAS DE 1,60 24/02/2026",Cama,SECCION TAPICERIA MANO DE OBRA=,133,LENCILLO,0.0,METROS,2650.0,210000.0,LINEAL
4097,49,50,ALDEMARYN MONTILVA,ALDEMARYN MONTILVA,Otro,EBANISTA EDUAR MANO DE OBRA= EN CRUDO,8,MADERA,1234.0,APAMATE,140.0,172760.0,FORMULA
4098,49,50,ALDEMARYN MONTILVA,ALDEMARYN MONTILVA,Otro,EBANISTA EDUAR MANO DE OBRA= EN CRUDO,9,"LAMINA DE 15""",0.5,LAMINA,220000.0,110000.0,AREA
4099,49,50,ALDEMARYN MONTILVA,ALDEMARYN MONTILVA,Otro,EBANISTA EDUAR MANO DE OBRA= EN CRUDO,10,"LAMINA DE 5,5""",1.27,LAMINA,29114.0,36974.78,AREA
4100,49,50,ALDEMARYN MONTILVA,ALDEMARYN MONTILVA,Otro,EBANISTA EDUAR MANO DE OBRA= EN CRUDO,11,"LAMINA DE 2,7""",3.48,LAMINA,15229.0,52996.92,AREA
4101,49,50,ALDEMARYN MONTILVA,ALDEMARYN MONTILVA,Otro,EBANISTA EDUAR MANO DE OBRA= EN CRUDO,12,TABLAS,,UNIDAD,21000.0,0.0,FORMULA
4102,49,50,ALDEMARYN MONTILVA,ALDEMARYN MONTILVA,Otro,EBANISTA EDUAR MANO DE OBRA= EN CRUDO,13,"LAMINA DE 9""",2.2,"0,90*2,44",31900.0,70180.0,AREA
4103,49,50,ALDEMARYN MONTILVA,ALDEMARYN MONTILVA,Otro,EBANISTA EDUAR MANO DE OBRA= EN CRUDO,14,COLBON,1.0,LITRO,14000.0,14000.0,VOLUMEN
4104,49,50,ALDEMARYN MONTILVA,ALDEMARYN MONTILVA,Otro,EBANISTA EDUAR MANO DE OBRA= EN CRUDO,15,GRAPAS,0.5,CAJA,12000.0,6000.0,ESPACIADO
4105,49,50,ALDEMARYN MONTILVA,ALDEMARYN MONTILVA,Otro,EBANISTA EDUAR MANO DE OBRA= EN CRUDO,16,GANCHOS,1.0,PAR,20000.0,20000.0,FIJO
4106,49,50,ALDEMARYN MONTILVA,ALDEMARYN MONTILVA,Otro,EBANISTA EDUAR MANO DE OBRA= EN CRUDO,17,TORNILLOS TUERCA DE UNA,4.0,UNIDAD,800.0,3200.0,ESPACIADO
4107,49,50,ALDEMARYN MONTILVA,ALDEMARYN MONTILVA,Otro,EBANISTA EDUAR MANO DE OBRA= EN CRUDO,18,SUPER,,LITRO,13300.0,0.0,FORMULA
4108,49,50,ALDEMARYN MONTILVA,ALDEMARYN MONTILVA,Otro,EBANISTA EDUAR MANO DE OBRA= EN CRUDO,19,F50,5.0,TIRAS,1000.0,5000.0,FORMULA
4109,49,50,ALDEMARYN MONTILVA,ALDEMARYN MONTILVA,Otro,EBANISTA EDUAR MANO DE OBRA= EN CRUDO,20,"TORNILLOS DE 2""",150.0,Unidad,100.0,15000.0,ESPACIADO
4110,49,50,ALDEMARYN MONTILVA,ALDEMARYN MONTILVA,Otro,EBANISTA EDUAR MANO DE OBRA= EN CRUDO,21,ebanisteria 300.000 x 5% de m.o,,,,315000.0,FORMULA
4111,49,50,ALDEMARYN MONTILVA,ALDEMARYN MONTILVA,Otro,EBANISTA EDUAR MANO DE OBRA= EN CRUDO,23,gastos de Ebanisteria e 10%,,,,82111.17,FORMULA
4112,49,50,ALDEMARYN MONTILVA,ALDEMARYN MONTILVA,Otro,EBANISTA EDUAR MANO DE OBRA= EN CRUDO,27,CORREDERAS 35 NORMAL,2.0,PAR,17500.0,35000.0,FORMULA
4113,49,50,ALDEMARYN MONTILVA,ALDEMARYN MONTILVA,Otro,EBANISTA EDUAR MANO DE OBRA= EN CRUDO,28,"MDF DE 2,7",0.72,"1 PEDAZO DE 0,40*1,80",15229.0,10964.88,AREA
4114,49,50,ALDEMARYN MONTILVA,ALDEMARYN MONTILVA,Otro,EBANISTA EDUAR MANO DE OBRA= EN CRUDO,29,"LAM MDF 15""",2.24,"1 PEDASO DE 100*2,24",49270.0,110364.8,AREA
4115,49,50,ALDEMARYN MONTILVA,ALDEMARYN MONTILVA,Otro,EBANISTA EDUAR MANO DE OBRA= EN CRUDO,30,LAM MDF 9,,"1 PEDASO DE 1,50X40=60",140.0,0.0,FORMULA
4116,49,50,ALDEMARYN MONTILVA,ALDEMARYN MONTILVA,Otro,EBANISTA EDUAR MANO DE OBRA= EN CRUDO,31,COLBON,0.5,litros,14000.0,7000.0,VOLUMEN
4117,49,50,ALDEMARYN MONTILVA,ALDEMARYN MONTILVA,Otro,EBANISTA EDUAR MANO DE OBRA= EN CRUDO,32,GRAPAS,,Unidad,600.0,0.0,FIJO
4118,49,50,ALDEMARYN MONTILVA,ALDEMARYN MONTILVA,Otro,EBANISTA EDUAR MANO DE OBRA= EN CRUDO,33,CLAVILLOS N F 40,30.0,TIRA,1000.0,30000.0,ESPACIADO
4119,49,50,ALDEMARYN MONTILVA,ALDEMARYN MONTILVA,Otro,EBANISTA EDUAR MANO DE OBRA= EN CRUDO,34,HECHURA,,PAR,250000.0,0.0,FIJO
4120,49,50,ALDEMARYN MONTILVA,ALDEMARYN MONTILVA,Otro,EBANISTA EDUAR MANO DE OBRA= EN CRUDO,35,"TORNILLOS DE 1"" 1/2",30.0,Unidad,100.0,3000.0,ESPACIADO
4121,49,50,ALDEMARYN MONTILVA,ALDEMARYN MONTILVA,Otro,EBANISTA EDUAR MANO DE OBRA= EN CRUDO,36,MANO DE OBRA OLAYA,,,,105000.0,FORMULA
4122,49,50,ALDEMARYN MONTILVA,ALDEMARYN MONTILVA,Otro,EBANISTA EDUAR MANO DE OBRA= EN CRUDO,38,gastos de Ebanisteria e 5%,,,,15066.484,FORMULA
4123,49,50,ALDEMARYN MONTILVA,ALDEMARYN MONTILVA,Otro,SECCION PINTURA Y PREPARADA DE NOCHERO,40,SECCION PINTURA Y PREPARADA,DE NOCHERO,,,,FORMULA
4124,49,50,ALDEMARYN MONTILVA,ALDEMARYN MONTILVA,Otro,SECCION PINTURA Y PREPARADA DE NOCHERO,41,PREPARADO JOTA,,CON EL 5%,36750.0,0.0,FORMULA
4125,49,50,ALDEMARYN MONTILVA,ALDEMARYN MONTILVA,Otro,SECCION PINTURA Y PREPARADA DE NOCHERO,42,PINTURA ALEX,,CON EL 5%,36750.0,0.0,FORMULA
4126,49,50,ALDEMARYN MONTILVA,ALDEMARYN MONTILVA,Otro,SECCION PINTURA Y PREPARADA DE NOCHERO,43,SELLADOR,,PISTOLADAS,18000.0,0.0,FORMULA
4127,49,50,ALDEMARYN MONTILVA,ALDEMARYN MONTILVA,Otro,SECCION PINTURA Y PREPARADA DE NOCHERO,44,LIJA 400,,unidades,2000.0,0.0,FORMULA
4128,49,50,ALDEMARYN MONTILVA,ALDEMARYN MONTILVA,Otro,SECCION PINTURA Y PREPARADA DE NOCHERO,45,NITRO,,galon,70000.0,0.0,FORMULA
4129,49,50,ALDEMARYN MONTILVA,ALDEMARYN MONTILVA,Otro,SECCION PINTURA Y PREPARADA DE NOCHERO,46,VIDRIOS,,unidad,45000.0,0.0,FORMULA
4130,49,50,ALDEMARYN MONTILVA,ALDEMARYN MONTILVA,Otro,SECCION PINTURA Y PREPARADA DE NOCHERO,47,TALCO,,unidad,2500.0,0.0,FORMULA
4131,49,50,ALDEMARYN MONTILVA,ALDEMARYN MONTILVA,Otro,SECCION PINTURA Y PREPARADA DE NOCHERO,48,TINER,,GALON,34000.0,0.0,FORMULA
4132,49,50,ALDEMARYN MONTILVA,ALDEMARYN MONTILVA,Otro,SECCION PINTURA Y PREPARADA DE NOCHERO,49,TOPES,,JALADORES,3000.0,0.0,FORMULA
4133,49,50,ALDEMARYN MONTILVA,ALDEMARYN MONTILVA,Otro,SECCION PINTURA Y PREPARADA DE NOCHERO,50,COLOR TABACO,,PISTOLADA,22000.0,0.0,FORMULA
4134,49,50,ALDEMARYN MONTILVA,ALDEMARYN MONTILVA,Otro,SECCION PINTURA Y PREPARADA DE NOCHERO,51,COLOR,,PISTOLADA,22000.0,0.0,FORMULA
4135,49,50,ALDEMARYN MONTILVA,ALDEMARYN MONTILVA,Otro,SECCION PINTURA Y PREPARADA DE NOCHERO,52,ENCINA,,galon,160000.0,0.0,FORMULA
4136,49,50,ALDEMARYN MONTILVA,ALDEMARYN MONTILVA,Otro,SECCION PINTURA Y PREPARADA DE NOCHERO,53,GASOLINA,,ML,4500.0,0.0,FORMULA
4137,49,50,ALDEMARYN MONTILVA,ALDEMARYN MONTILVA,Otro,SECCION PINTURA Y PREPARADA DE NOCHERO,54,RESANE,,LITRO,20000.0,0.0,FORMULA
4138,49,50,ALDEMARYN MONTILVA,ALDEMARYN MONTILVA,Otro,SECCION PINTURA Y PREPARADA DE NOCHERO,55,LACA S/M,,PISTOLADA,22000.0,0.0,FORMULA
4139,49,50,ALDEMARYN MONTILVA,ALDEMARYN MONTILVA,Otro,SECCION PINTURA Y PREPARADA DE NOCHERO,57,Gastos de Pintura 10%,,,,0.0,FORMULA
4140,49,50,ALDEMARYN MONTILVA,ALDEMARYN MONTILVA,Otro,SECCION PINTURA Y PREPARADA PATAS DE CABECERO,59,SECCION PINTURA Y PREPARADA,PATAS DE CABECERO,,,,FORMULA
4141,49,50,ALDEMARYN MONTILVA,ALDEMARYN MONTILVA,Otro,SECCION PINTURA Y PREPARADA PATAS DE CABECERO,60,PREPARADO JOTA,2.0,CON EL 5%,1000.0,2100.0,FORMULA
4142,49,50,ALDEMARYN MONTILVA,ALDEMARYN MONTILVA,Otro,SECCION PINTURA Y PREPARADA PATAS DE CABECERO,61,PINTURA ALEX,2.0,CON EL 5%,2000.0,4200.0,FORMULA
4143,49,50,ALDEMARYN MONTILVA,ALDEMARYN MONTILVA,Otro,SECCION PINTURA Y PREPARADA PATAS DE CABECERO,62,PINTURA DE PATAS ALEX,,,2100.0,0.0,FIJO
4144,49,50,ALDEMARYN MONTILVA,ALDEMARYN MONTILVA,Otro,SECCION PINTURA Y PREPARADA PATAS DE CABECERO,63,SELLADOR,0.25,PISTOLADAS,18000.0,4500.0,VOLUMEN
4145,49,50,ALDEMARYN MONTILVA,ALDEMARYN MONTILVA,Otro,SECCION PINTURA Y PREPARADA PATAS DE CABECERO,64,LIJA 400,0.25,unidades,2000.0,500.0,FORMULA
4146,49,50,ALDEMARYN MONTILVA,ALDEMARYN MONTILVA,Otro,SECCION PINTURA Y PREPARADA PATAS DE CABECERO,65,NITRO,,galon,,0.0,FORMULA
4147,49,50,ALDEMARYN MONTILVA,ALDEMARYN MONTILVA,Otro,SECCION PINTURA Y PREPARADA PATAS DE CABECERO,66,lija 220,,unidad,2000.0,0.0,FORMULA
4148,49,50,ALDEMARYN MONTILVA,ALDEMARYN MONTILVA,Otro,SECCION PINTURA Y PREPARADA PATAS DE CABECERO,67,lija 120,,unidad,2000.0,0.0,FORMULA
4149,49,50,ALDEMARYN MONTILVA,ALDEMARYN MONTILVA,Otro,SECCION PINTURA Y PREPARADA PATAS DE CABECERO,68,LACA SEMIMATE,,GALON,22000.0,0.0,FORMULA
4150,49,50,ALDEMARYN MONTILVA,ALDEMARYN MONTILVA,Otro,SECCION PINTURA Y PREPARADA PATAS DE CABECERO,69,kerosen,,litro,18000.0,0.0,FORMULA
4151,49,50,ALDEMARYN MONTILVA,ALDEMARYN MONTILVA,Otro,SECCION PINTURA Y PREPARADA PATAS DE CABECERO,70,COLOR CON LACA,0.2,PISTOLADA,22000.0,4400.0,VOLUMEN
4152,49,50,ALDEMARYN MONTILVA,ALDEMARYN MONTILVA,Otro,SECCION PINTURA Y PREPARADA PATAS DE CABECERO,71,TINTE MIEL,0.0,galon,,,VOLUMEN
4153,49,50,ALDEMARYN MONTILVA,ALDEMARYN MONTILVA,Otro,SECCION PINTURA Y PREPARADA PATAS DE CABECERO,72,GASOLINA,0.0,LITRO,4500.0,0.0,VOLUMEN
4154,49,50,ALDEMARYN MONTILVA,ALDEMARYN MONTILVA,Otro,SECCION PINTURA Y PREPARADA PATAS DE CABECERO,73,RESANE,0.0,LITRO,23000.0,0.0,VOLUMEN
4155,49,50,ALDEMARYN MONTILVA,ALDEMARYN MONTILVA,Otro,SECCION PINTURA Y PREPARADA PATAS DE CABECERO,74,LACA BRILLANTE,,PISTOLADA,23000.0,0.0,FORMULA
4156,49,50,ALDEMARYN MONTILVA,ALDEMARYN MONTILVA,Otro,SECCION PINTURA Y PREPARADA PATAS DE CABECERO,76,Gastos de Pintura 10%,,,,1570.0,FORMULA
4157,49,50,ALDEMARYN MONTILVA,ALDEMARYN MONTILVA,Otro,SECCION TERMINACION,79,ESPEJOS,0.0,METRO,137800.0,0.0,LINEAL
4158,49,50,ALDEMARYN MONTILVA,ALDEMARYN MONTILVA,Otro,SECCION TERMINACION,80,BISELADO DEL ESPEJO BORDE,0.0,UNIDAD,7000.0,0.0,FORMULA
4159,49,50,ALDEMARYN MONTILVA,ALDEMARYN MONTILVA,Otro,SECCION TERMINACION,81,CORTE Y NPULIDA,0.0,UNIDAD,50000.0,0.0,FORMULA
4160,49,50,ALDEMARYN MONTILVA,ALDEMARYN MONTILVA,Otro,SECCION TERMINACION,83,LAMPARAS DE LUZ,,UNIDADES,100000.0,,FORMULA
4161,49,50,ALDEMARYN MONTILVA,ALDEMARYN MONTILVA,Otro,SECCION TERMINACION,84,CABLE DE 12,,METROS,3000.0,0.0,FORMULA
4162,49,50,ALDEMARYN MONTILVA,ALDEMARYN MONTILVA,Otro,SECCION TERMINACION,85,APAGADORES,,PAR,1500.0,0.0,FORMULA
4163,49,50,ALDEMARYN MONTILVA,ALDEMARYN MONTILVA,Otro,SECCION TERMINACION,86,ENCHUFLES BLANCO MACHO,,UNIDADES,2000.0,0.0,FORMULA
4164,49,50,ALDEMARYN MONTILVA,ALDEMARYN MONTILVA,Otro,SECCION TERMINACION,87,HERRAJES DE CAMA,,PAR,160000.0,0.0,FORMULA
4165,49,50,ALDEMARYN MONTILVA,ALDEMARYN MONTILVA,Otro,SECCION TERMINACION,88,JALADORES,,UNIDAD,26800.0,0.0,FIJO
4166,49,50,ALDEMARYN MONTILVA,ALDEMARYN MONTILVA,Otro,SECCION TERMINACION,89,MULTIUSOS,,UNIDADES,3000.0,0.0,FORMULA
4167,49,50,ALDEMARYN MONTILVA,ALDEMARYN MONTILVA,Otro,SECCION TERMINACION,90,CORREDERAS,,unidades,10000.0,0.0,FIJO
4168,49,50,ALDEMARYN MONTILVA,ALDEMARYN MONTILVA,Otro,SECCION TERMINACION,91,EMBALADA,1.0,unidades,150000.0,150000.0,FIJO
4169,49,50,ALDEMARYN MONTILVA,ALDEMARYN MONTILVA,Otro,SECCION TERMINACION,94,SECCION TENDIDO DE REJAS,,,,0.0,FORMULA
4170,49,50,ALDEMARYN MONTILVA,ALDEMARYN MONTILVA,Otro,SECCION TERMINACION,95,MADERA 60X1X4,0.0,APAMATE,140.0,0.0,FORMULA
4171,49,50,ALDEMARYN MONTILVA,ALDEMARYN MONTILVA,Otro,SECCION TERMINACION,96,PEOPE METROS,0.0,,3500.0,0.0,FORMULA
4172,49,50,ALDEMARYN MONTILVA,ALDEMARYN MONTILVA,Otro,SECCION TERMINACION,98,GRAPAS,,CAJA,12000.0,0.0,FIJO
4173,49,50,ALDEMARYN MONTILVA,ALDEMARYN MONTILVA,Otro,SECCION TERMINACION,99,MDF DE 9,0.0,LAMINA,140000.0,0.0,AREA
4174,49,50,ALDEMARYN MONTILVA,ALDEMARYN MONTILVA,Otro,SECCION TERMINACION,100,COLBON,0.0,LITRO,14000.0,0.0,VOLUMEN
4175,49,50,ALDEMARYN MONTILVA,ALDEMARYN MONTILVA,Otro,SECCION TERMINACION,101,"TORNILLOS DE 2""",0.0,UNIDAD,100.0,0.0,ESPACIADO
4176,49,50,ALDEMARYN MONTILVA,ALDEMARYN MONTILVA,Otro,SECCION TERMINACION,102,CLAVILLO,0.0,TIRA,1000.0,0.0,ESPACIADO
4177,49,50,ALDEMARYN MONTILVA,ALDEMARYN MONTILVA,Otro,SECCION TERMINACION,103,HECHURA,0.0,UNIDAD,63000.0,0.0,FORMULA
4178,49,50,ALDEMARYN MONTILVA,ALDEMARYN MONTILVA,Otro,SECCION TAPICERIA MANO DE OBRA= CARLOS,106,SECCION TAPICERIA,,MANO DE OBRA=,,,FORMULA
4179,49,50,ALDEMARYN MONTILVA,ALDEMARYN MONTILVA,Otro,SECCION TAPICERIA MANO DE OBRA= CARLOS,107,TELA CHICAGO,6.0,METROS,20000.0,120000.0,AREA
4180,49,50,ALDEMARYN MONTILVA,ALDEMARYN MONTILVA,Otro,SECCION TAPICERIA MANO DE OBRA= CARLOS,108,ESPUMA DE 1 1/2'' ROSADA,1.0,LAMINA,30000.0,30000.0,AREA
4181,49,50,ALDEMARYN MONTILVA,ALDEMARYN MONTILVA,Otro,SECCION TAPICERIA MANO DE OBRA= CARLOS,109,"ESPUMA BLANCA 1""",2.0,LAMINA,12500.0,25000.0,AREA
4182,49,50,ALDEMARYN MONTILVA,ALDEMARYN MONTILVA,Otro,SECCION TAPICERIA MANO DE OBRA= CARLOS,110,PATAS METALICAS,5.0,UNIDADES,6000.0,30000.0,FORMULA
4183,49,50,ALDEMARYN MONTILVA,ALDEMARYN MONTILVA,Otro,SECCION TAPICERIA MANO DE OBRA= CARLOS,111,"TORNILLOS 1""1/2",28.0,UNIDADES,100.0,2800.0,ESPACIADO
4184,49,50,ALDEMARYN MONTILVA,ALDEMARYN MONTILVA,Otro,SECCION TAPICERIA MANO DE OBRA= CARLOS,112,"TORNILLOS 1""",20.0,UNIDADES,100.0,2000.0,ESPACIADO
4185,49,50,ALDEMARYN MONTILVA,ALDEMARYN MONTILVA,Otro,SECCION TAPICERIA MANO DE OBRA= CARLOS,113,"TORNILLOS 2""",4.0,UNIDADES,100.0,400.0,ESPACIADO
4186,49,50,ALDEMARYN MONTILVA,ALDEMARYN MONTILVA,Otro,SECCION TAPICERIA MANO DE OBRA= CARLOS,114,"ESPUMA DE 1/2"" ROSADA",1.2,UNIDADES,6630.0,7956.0,AREA
4187,49,50,ALDEMARYN MONTILVA,ALDEMARYN MONTILVA,Otro,SECCION TAPICERIA MANO DE OBRA= CARLOS,115,ESPUMA 2 AZUL,,LAMINA,50000.0,0.0,FORMULA
4188,49,50,ALDEMARYN MONTILVA,ALDEMARYN MONTILVA,Otro,SECCION TAPICERIA MANO DE OBRA= CARLOS,116,GRAPAS,0.5,CAJA DE GRAPAS,12000.0,6000.0,ESPACIADO
4189,49,50,ALDEMARYN MONTILVA,ALDEMARYN MONTILVA,Otro,SECCION TAPICERIA MANO DE OBRA= CARLOS,117,COSTAL,2.5,METROS,4000.0,10000.0,AREA
4190,49,50,ALDEMARYN MONTILVA,ALDEMARYN MONTILVA,Otro,SECCION TAPICERIA MANO DE OBRA= CARLOS,118,HILO,0.25,UNIDAD,25000.0,6250.0,FORMULA
4191,49,50,ALDEMARYN MONTILVA,ALDEMARYN MONTILVA,Otro,SECCION TAPICERIA MANO DE OBRA= CARLOS,119,CANAMO,0.0,ROLLO,12000.0,0.0,FORMULA
4192,49,50,ALDEMARYN MONTILVA,ALDEMARYN MONTILVA,Otro,SECCION TAPICERIA MANO DE OBRA= CARLOS,120,SUPER,0.2,LITRO,19000.0,3800.0,VOLUMEN
4193,49,50,ALDEMARYN MONTILVA,ALDEMARYN MONTILVA,Otro,SECCION TAPICERIA MANO DE OBRA= CARLOS,121,CARTON,0.0,UNIDADES,5000.0,0.0,FORMULA
4194,49,50,ALDEMARYN MONTILVA,ALDEMARYN MONTILVA,Otro,SECCION TAPICERIA MANO DE OBRA= CARLOS,122,HECHURA,,CAMA,210000.0,0.0,FIJO
4195,49,50,ALDEMARYN MONTILVA,ALDEMARYN MONTILVA,Otro,SECCION TAPICERIA MANO DE OBRA= CARLOS,123,LENCILLO,9.25,METROS,2650.0,24512.5,LINEAL
4196,50,51,CAMA NUBE EL SOL,10/03/2026 CAMA EL SOL 2*2,Cama,EBANISTA WILMER MANO DE OBRA=,8,MADERA,450.0,APAMATE,140.0,63000.0,FORMULA
4197,50,51,CAMA NUBE EL SOL,10/03/2026 CAMA EL SOL 2*2,Cama,EBANISTA WILMER MANO DE OBRA=,9,MDF DE 15,0.5,LAMINA,220000.0,110000.0,AREA
4198,50,51,CAMA NUBE EL SOL,10/03/2026 CAMA EL SOL 2*2,Cama,EBANISTA WILMER MANO DE OBRA=,10,"MDF 2,7",0.5,LAMINA,68000.0,34000.0,AREA
4199,50,51,CAMA NUBE EL SOL,10/03/2026 CAMA EL SOL 2*2,Cama,EBANISTA WILMER MANO DE OBRA=,11,TABLA,0.5,"2,50*20*2,5",28600.0,14300.0,FORMULA
4200,50,51,CAMA NUBE EL SOL,10/03/2026 CAMA EL SOL 2*2,Cama,EBANISTA WILMER MANO DE OBRA=,12,TABLA,0.5,"3*20*2,5",31500.0,15750.0,FORMULA
4201,50,51,CAMA NUBE EL SOL,10/03/2026 CAMA EL SOL 2*2,Cama,EBANISTA WILMER MANO DE OBRA=,13,TABLA,0.5,"3*30*2,5",50000.0,25000.0,FORMULA
4202,50,51,CAMA NUBE EL SOL,10/03/2026 CAMA EL SOL 2*2,Cama,EBANISTA WILMER MANO DE OBRA=,14,COLBON,1.5,LITRO,14000.0,21000.0,VOLUMEN
4203,50,51,CAMA NUBE EL SOL,10/03/2026 CAMA EL SOL 2*2,Cama,EBANISTA WILMER MANO DE OBRA=,15,GRAPAS,0.5,CAJA,12000.0,6000.0,ESPACIADO
4204,50,51,CAMA NUBE EL SOL,10/03/2026 CAMA EL SOL 2*2,Cama,EBANISTA WILMER MANO DE OBRA=,16,GANCHOS,1.0,PAR,20000.0,20000.0,FIJO
4205,50,51,CAMA NUBE EL SOL,10/03/2026 CAMA EL SOL 2*2,Cama,EBANISTA WILMER MANO DE OBRA=,17,CLAVILLO,5.0,TIRAS,1000.0,5000.0,ESPACIADO
4206,50,51,CAMA NUBE EL SOL,10/03/2026 CAMA EL SOL 2*2,Cama,EBANISTA WILMER MANO DE OBRA=,18,"TORNILLOS DE 1"" 1/2",100.0,Unidad,100.0,10000.0,ESPACIADO
4207,50,51,CAMA NUBE EL SOL,10/03/2026 CAMA EL SOL 2*2,Cama,EBANISTA WILMER MANO DE OBRA=,19,ebanisteria 300.000 x 5% de m.o,,,,315000.0,FORMULA
4208,50,51,CAMA NUBE EL SOL,10/03/2026 CAMA EL SOL 2*2,Cama,EBANISTA WILMER MANO DE OBRA=,21,gastos de Ebanisteria e 10%,,,,63905.0,FORMULA
4209,50,51,CAMA NUBE EL SOL,10/03/2026 CAMA EL SOL 2*2,Cama,EBANISTA WILMER MANO DE OBRA=,25,CORREDERAS,4.0,Unidad,10000.0,40000.0,FORMULA
4210,50,51,CAMA NUBE EL SOL,10/03/2026 CAMA EL SOL 2*2,Cama,EBANISTA WILMER MANO DE OBRA=,26,HECHURA LUIS ALFONSO,2.0,PAR,250000.0,500000.0,FORMULA
4211,50,51,CAMA NUBE EL SOL,10/03/2026 CAMA EL SOL 2*2,Cama,EBANISTA WILMER MANO DE OBRA=,28,gastos de Ebanisteria e 5%,,,,0.0,FORMULA
4212,50,51,CAMA NUBE EL SOL,10/03/2026 CAMA EL SOL 2*2,Cama,SECCION PINTURA Y PREPARADA DOS NOCHERO,30,SECCION PINTURA Y PREPARADA,DOS NOCHERO,,,,FORMULA
4213,50,51,CAMA NUBE EL SOL,10/03/2026 CAMA EL SOL 2*2,Cama,SECCION PINTURA Y PREPARADA DOS NOCHERO,31,PREPARADO JOTA,2.0,CON EL 5%,36750.0,73500.0,FORMULA
4214,50,51,CAMA NUBE EL SOL,10/03/2026 CAMA EL SOL 2*2,Cama,SECCION PINTURA Y PREPARADA DOS NOCHERO,32,PINTURA ALEX,2.0,CON EL 5%,36750.0,73500.0,FORMULA
4215,50,51,CAMA NUBE EL SOL,10/03/2026 CAMA EL SOL 2*2,Cama,SECCION PINTURA Y PREPARADA DOS NOCHERO,33,SELLADOR,4.0,PISTOLADAS,18000.0,72000.0,VOLUMEN
4216,50,51,CAMA NUBE EL SOL,10/03/2026 CAMA EL SOL 2*2,Cama,SECCION PINTURA Y PREPARADA DOS NOCHERO,34,LIJA 400,0.5,unidades,2000.0,1000.0,FORMULA
4217,50,51,CAMA NUBE EL SOL,10/03/2026 CAMA EL SOL 2*2,Cama,SECCION PINTURA Y PREPARADA DOS NOCHERO,35,LIJA 150,0.5,galon,2000.0,1000.0,VOLUMEN
4218,50,51,CAMA NUBE EL SOL,10/03/2026 CAMA EL SOL 2*2,Cama,SECCION PINTURA Y PREPARADA DOS NOCHERO,36,LIJA 120,1.0,unidad,2000.0,2000.0,FIJO
4219,50,51,CAMA NUBE EL SOL,10/03/2026 CAMA EL SOL 2*2,Cama,SECCION PINTURA Y PREPARADA DOS NOCHERO,37,COLOR,2.5,PISTOLADA,22000.0,55000.0,VOLUMEN
4220,50,51,CAMA NUBE EL SOL,10/03/2026 CAMA EL SOL 2*2,Cama,SECCION PINTURA Y PREPARADA DOS NOCHERO,38,GASOLINA,0.5,ML,5000.0,2500.0,LINEAL
4221,50,51,CAMA NUBE EL SOL,10/03/2026 CAMA EL SOL 2*2,Cama,SECCION PINTURA Y PREPARADA DOS NOCHERO,39,RESANE,1.0,LITRO,20000.0,20000.0,VOLUMEN
4222,50,51,CAMA NUBE EL SOL,10/03/2026 CAMA EL SOL 2*2,Cama,SECCION PINTURA Y PREPARADA DOS NOCHERO,40,LACA S/M,2.0,PISTOLADA,23000.0,46000.0,VOLUMEN
4223,50,51,CAMA NUBE EL SOL,10/03/2026 CAMA EL SOL 2*2,Cama,SECCION PINTURA Y PREPARADA DOS NOCHERO,42,Gastos de Pintura 10%,,,,34650.0,FORMULA
4224,50,51,CAMA NUBE EL SOL,10/03/2026 CAMA EL SOL 2*2,Cama,SECCION PINTURA Y PREPARADA PATAS,44,SECCION PINTURA Y PREPARADA,PATAS  ,,,,FORMULA
4225,50,51,CAMA NUBE EL SOL,10/03/2026 CAMA EL SOL 2*2,Cama,SECCION PINTURA Y PREPARADA PATAS,45,PREPARADO JOTA,8.0,CON EL 5%,1050.0,8400.0,FORMULA
4226,50,51,CAMA NUBE EL SOL,10/03/2026 CAMA EL SOL 2*2,Cama,SECCION PINTURA Y PREPARADA PATAS,46,PINTURA ALEX,8.0,CON EL 5%,2100.0,16800.0,FORMULA
4227,50,51,CAMA NUBE EL SOL,10/03/2026 CAMA EL SOL 2*2,Cama,SECCION PINTURA Y PREPARADA PATAS,47,SELLADOR,0.3,PISTOLADAS,18000.0,5400.0,VOLUMEN
4228,50,51,CAMA NUBE EL SOL,10/03/2026 CAMA EL SOL 2*2,Cama,SECCION PINTURA Y PREPARADA PATAS,48,LIJA 400,0.5,unidades,2000.0,1000.0,FORMULA
4229,50,51,CAMA NUBE EL SOL,10/03/2026 CAMA EL SOL 2*2,Cama,SECCION PINTURA Y PREPARADA PATAS,49,lija 220,0.5,unidad,2000.0,1000.0,FORMULA
4230,50,51,CAMA NUBE EL SOL,10/03/2026 CAMA EL SOL 2*2,Cama,SECCION PINTURA Y PREPARADA PATAS,50,COLOR,0.25,PISTOLADA,22000.0,5500.0,VOLUMEN
4231,50,51,CAMA NUBE EL SOL,10/03/2026 CAMA EL SOL 2*2,Cama,SECCION PINTURA Y PREPARADA PATAS,51,RESANE,0.5,LITRO,20000.0,10000.0,VOLUMEN
4232,50,51,CAMA NUBE EL SOL,10/03/2026 CAMA EL SOL 2*2,Cama,SECCION PINTURA Y PREPARADA PATAS,52,LACA SM,0.25,PISTOLADA,23000.0,5750.0,VOLUMEN
4233,50,51,CAMA NUBE EL SOL,10/03/2026 CAMA EL SOL 2*2,Cama,SECCION PINTURA Y PREPARADA PATAS,54,Gastos de Pintura 10%,,,,5385.0,FORMULA
4234,50,51,CAMA NUBE EL SOL,10/03/2026 CAMA EL SOL 2*2,Cama,SECCION TERMINACION,57,TOMAS NEGROS,,UNIDAD,10500.0,0.0,FORMULA
4235,50,51,CAMA NUBE EL SOL,10/03/2026 CAMA EL SOL 2*2,Cama,SECCION TERMINACION,58,REGLETA ANCHA,,UNIDAD,20000.0,0.0,FORMULA
4236,50,51,CAMA NUBE EL SOL,10/03/2026 CAMA EL SOL 2*2,Cama,SECCION TERMINACION,59,REGLETA DELGADA,,UNIDAD,20000.0,0.0,FORMULA
4237,50,51,CAMA NUBE EL SOL,10/03/2026 CAMA EL SOL 2*2,Cama,SECCION TERMINACION,60,LAMPARAS DE LUZ,,UNIDADES,100000.0,0.0,FORMULA
4238,50,51,CAMA NUBE EL SOL,10/03/2026 CAMA EL SOL 2*2,Cama,SECCION TERMINACION,61,CABLE DE 12,,METROS,3000.0,0.0,FORMULA
4239,50,51,CAMA NUBE EL SOL,10/03/2026 CAMA EL SOL 2*2,Cama,SECCION TERMINACION,62,APAGADORES,,PAR,1500.0,0.0,FORMULA
4240,50,51,CAMA NUBE EL SOL,10/03/2026 CAMA EL SOL 2*2,Cama,SECCION TERMINACION,63,ENCHUFLES BLANCO MACHO,,UNIDADES,2000.0,0.0,FORMULA
4241,50,51,CAMA NUBE EL SOL,10/03/2026 CAMA EL SOL 2*2,Cama,SECCION TERMINACION,64,HERRAJES DE CAMA,,PAR,160000.0,0.0,FORMULA
4242,50,51,CAMA NUBE EL SOL,10/03/2026 CAMA EL SOL 2*2,Cama,SECCION TERMINACION,65,JALADORES,,UNIDAD,26800.0,0.0,FIJO
4243,50,51,CAMA NUBE EL SOL,10/03/2026 CAMA EL SOL 2*2,Cama,SECCION TERMINACION,66,MULTIUSOS,,UNIDADES,3000.0,0.0,FORMULA
4244,50,51,CAMA NUBE EL SOL,10/03/2026 CAMA EL SOL 2*2,Cama,SECCION TERMINACION,67,CORREDERAS,,unidades,8000.0,0.0,FIJO
4245,50,51,CAMA NUBE EL SOL,10/03/2026 CAMA EL SOL 2*2,Cama,SECCION TERMINACION,68,EMBALADA,1.0,unidades,150000.0,150000.0,FIJO
4246,50,51,CAMA NUBE EL SOL,10/03/2026 CAMA EL SOL 2*2,Cama,SECCION TERMINACION,70,SECCION TENDIDO,,,,0.0,FORMULA
4247,50,51,CAMA NUBE EL SOL,10/03/2026 CAMA EL SOL 2*2,Cama,SECCION TERMINACION,71,MADERA,639.0,APAMATE,140.0,89460.0,FORMULA
4248,50,51,CAMA NUBE EL SOL,10/03/2026 CAMA EL SOL 2*2,Cama,SECCION TERMINACION,72,PEOPE,4.2,,3500.0,14700.0,FORMULA
4249,50,51,CAMA NUBE EL SOL,10/03/2026 CAMA EL SOL 2*2,Cama,SECCION TERMINACION,73,GRAPAS,0.25,CAJA,12000.0,3000.0,ESPACIADO
4250,50,51,CAMA NUBE EL SOL,10/03/2026 CAMA EL SOL 2*2,Cama,SECCION TERMINACION,74,MDF DE 9,1.0,LAMINA,140000.0,140000.0,AREA
4251,50,51,CAMA NUBE EL SOL,10/03/2026 CAMA EL SOL 2*2,Cama,SECCION TERMINACION,75,COLBON,0.5,LITRO,14000.0,7000.0,VOLUMEN
4252,50,51,CAMA NUBE EL SOL,10/03/2026 CAMA EL SOL 2*2,Cama,SECCION TERMINACION,76,"TORNILLOS DE 2""",40.0,UNIDAD,100.0,4000.0,ESPACIADO
4253,50,51,CAMA NUBE EL SOL,10/03/2026 CAMA EL SOL 2*2,Cama,SECCION TERMINACION,77,COLOR NEGRO TENDIDOS,0.5,PISTOLADAS,22000.0,11000.0,VOLUMEN
4254,50,51,CAMA NUBE EL SOL,10/03/2026 CAMA EL SOL 2*2,Cama,SECCION TERMINACION,78,PINTURA DE TENDIDOS,2.0,CON EL 5%,6300.0,12600.0,FORMULA
4255,50,51,CAMA NUBE EL SOL,10/03/2026 CAMA EL SOL 2*2,Cama,SECCION TERMINACION,79,CLAVILLO,3.0,TIRA,1000.0,3000.0,ESPACIADO
4256,50,51,CAMA NUBE EL SOL,10/03/2026 CAMA EL SOL 2*2,Cama,SECCION TERMINACION,80,HECHURA,1.0,UNIDAD,63000.0,63000.0,FIJO
4257,50,51,CAMA NUBE EL SOL,10/03/2026 CAMA EL SOL 2*2,Cama,SECCION TAPICERIA MANO DE OBRA=,83,SECCION TAPICERIA,,MANO DE OBRA=,,,FORMULA
4258,50,51,CAMA NUBE EL SOL,10/03/2026 CAMA EL SOL 2*2,Cama,SECCION TAPICERIA MANO DE OBRA=,84,TELA AZULA GRAFO DIVERSA/(BRUN,12.0,METROS,24600.0,295200.0,AREA
4259,50,51,CAMA NUBE EL SOL,10/03/2026 CAMA EL SOL 2*2,Cama,SECCION TAPICERIA MANO DE OBRA=,85,"ESPUMA 1"" ROSADA",1.75,LAMINA,20000.0,35000.0,AREA
4260,50,51,CAMA NUBE EL SOL,10/03/2026 CAMA EL SOL 2*2,Cama,SECCION TAPICERIA MANO DE OBRA=,86,GRAPAS,0.75,CAJA DE GRAPAS,12000.0,9000.0,ESPACIADO
4261,50,51,CAMA NUBE EL SOL,10/03/2026 CAMA EL SOL 2*2,Cama,SECCION TAPICERIA MANO DE OBRA=,87,ESPUMA 1/2 ROSADA,0.5,LAMINA,8000.0,4000.0,AREA
4262,50,51,CAMA NUBE EL SOL,10/03/2026 CAMA EL SOL 2*2,Cama,SECCION TAPICERIA MANO DE OBRA=,88,ESPUMA 2 AZUL,1.75,LAMINA,41000.0,71750.0,AREA
4263,50,51,CAMA NUBE EL SOL,10/03/2026 CAMA EL SOL 2*2,Cama,SECCION TAPICERIA MANO DE OBRA=,89,COSTAL,4.0,METROS,3500.0,14000.0,AREA
4264,50,51,CAMA NUBE EL SOL,10/03/2026 CAMA EL SOL 2*2,Cama,SECCION TAPICERIA MANO DE OBRA=,90,HILO,0.5,UNIDAD,25000.0,12500.0,FORMULA
4265,50,51,CAMA NUBE EL SOL,10/03/2026 CAMA EL SOL 2*2,Cama,SECCION TAPICERIA MANO DE OBRA=,91,SUPER SPRAY,0.75,LITRO,18000.0,13500.0,VOLUMEN
4266,50,51,CAMA NUBE EL SOL,10/03/2026 CAMA EL SOL 2*2,Cama,SECCION TAPICERIA MANO DE OBRA=,92,HECHURA,1.0,CAMA,210000.0,210000.0,FIJO
4267,51,52,"CAMA NUBE EL SOL1,40","10/03/2026 CAMA NUBE 1,40",Cama,EBANISTA WILMER MANO DE OBRA=,8,MADERA,400.0,APAMATE,140.0,56000.0,FORMULA
4268,51,52,"CAMA NUBE EL SOL1,40","10/03/2026 CAMA NUBE 1,40",Cama,EBANISTA WILMER MANO DE OBRA=,9,MDF DE 15,0.5,LAMINA,330000.0,165000.0,AREA
4269,51,52,"CAMA NUBE EL SOL1,40","10/03/2026 CAMA NUBE 1,40",Cama,EBANISTA WILMER MANO DE OBRA=,10,"MDF 2,7",0.25,LAMINA,68000.0,17000.0,AREA
4270,51,52,"CAMA NUBE EL SOL1,40","10/03/2026 CAMA NUBE 1,40",Cama,EBANISTA WILMER MANO DE OBRA=,11,LAMINA DE 15,,LAMINA,220000.0,0.0,FORMULA
4271,51,52,"CAMA NUBE EL SOL1,40","10/03/2026 CAMA NUBE 1,40",Cama,EBANISTA WILMER MANO DE OBRA=,12,TABLA,0.25,"2,50*20*2,5",28600.0,7150.0,FORMULA
4272,51,52,"CAMA NUBE EL SOL1,40","10/03/2026 CAMA NUBE 1,40",Cama,EBANISTA WILMER MANO DE OBRA=,13,TABLA,0.25,"3*20*2,5",31500.0,7875.0,FORMULA
4273,51,52,"CAMA NUBE EL SOL1,40","10/03/2026 CAMA NUBE 1,40",Cama,EBANISTA WILMER MANO DE OBRA=,14,TABLA,0.5,"3*30*2,5",93000.0,46500.0,FORMULA
4274,51,52,"CAMA NUBE EL SOL1,40","10/03/2026 CAMA NUBE 1,40",Cama,EBANISTA WILMER MANO DE OBRA=,15,COLBON,1.0,LITRO,14000.0,14000.0,VOLUMEN
4275,51,52,"CAMA NUBE EL SOL1,40","10/03/2026 CAMA NUBE 1,40",Cama,EBANISTA WILMER MANO DE OBRA=,16,GRAPAS,0.5,CAJA,12000.0,6000.0,ESPACIADO
4276,51,52,"CAMA NUBE EL SOL1,40","10/03/2026 CAMA NUBE 1,40",Cama,EBANISTA WILMER MANO DE OBRA=,17,GANCHOS,0.5,PAR,20000.0,10000.0,FORMULA
4277,51,52,"CAMA NUBE EL SOL1,40","10/03/2026 CAMA NUBE 1,40",Cama,EBANISTA WILMER MANO DE OBRA=,18,F40,5.0,TIRAS,1000.0,5000.0,FORMULA
4278,51,52,"CAMA NUBE EL SOL1,40","10/03/2026 CAMA NUBE 1,40",Cama,EBANISTA WILMER MANO DE OBRA=,19,"TORNILLOS DE 2""",100.0,Unidad,100.0,10000.0,ESPACIADO
4279,51,52,"CAMA NUBE EL SOL1,40","10/03/2026 CAMA NUBE 1,40",Cama,EBANISTA WILMER MANO DE OBRA=,20,ebanisteria 300.000 x 5% de m.o,,,,315000.0,FORMULA
4280,51,52,"CAMA NUBE EL SOL1,40","10/03/2026 CAMA NUBE 1,40",Cama,EBANISTA WILMER MANO DE OBRA=,22,gastos de Ebanisteria e 10%,,,,65952.5,FORMULA
4281,51,52,"CAMA NUBE EL SOL1,40","10/03/2026 CAMA NUBE 1,40",Cama,EBANISTA WILMER MANO DE OBRA=,26,CORREDERAS 35 NORMAL,,PAR,250000.0,0.0,FIJO
4282,51,52,"CAMA NUBE EL SOL1,40","10/03/2026 CAMA NUBE 1,40",Cama,EBANISTA WILMER MANO DE OBRA=,27,CORREDERAS,,1 PEDAZO DE 1.00X46=46,15000.0,0.0,FIJO
4283,51,52,"CAMA NUBE EL SOL1,40","10/03/2026 CAMA NUBE 1,40",Cama,EBANISTA WILMER MANO DE OBRA=,28,LAM MDF 5,,1 PEDASO DE 1.50X40=60,130000.0,0.0,FORMULA
4284,51,52,"CAMA NUBE EL SOL1,40","10/03/2026 CAMA NUBE 1,40",Cama,EBANISTA WILMER MANO DE OBRA=,29,LAM MDF 9,,"1 PEDASO DE 1,50X40=60",140.0,,FORMULA
4285,51,52,"CAMA NUBE EL SOL1,40","10/03/2026 CAMA NUBE 1,40",Cama,EBANISTA WILMER MANO DE OBRA=,30,COLBON,,litros,14000.0,0.0,FORMULA
4286,51,52,"CAMA NUBE EL SOL1,40","10/03/2026 CAMA NUBE 1,40",Cama,EBANISTA WILMER MANO DE OBRA=,31,GRAPAS,,Unidad,600.0,0.0,FIJO
4287,51,52,"CAMA NUBE EL SOL1,40","10/03/2026 CAMA NUBE 1,40",Cama,EBANISTA WILMER MANO DE OBRA=,32,CLAVILLOS N F 40,,TIRA,1000.0,0.0,FIJO
4288,51,52,"CAMA NUBE EL SOL1,40","10/03/2026 CAMA NUBE 1,40",Cama,EBANISTA WILMER MANO DE OBRA=,33,HECHURA LUIS ANTONIO,2.0,PAR,250000.0,500000.0,FORMULA
4289,51,52,"CAMA NUBE EL SOL1,40","10/03/2026 CAMA NUBE 1,40",Cama,EBANISTA WILMER MANO DE OBRA=,34,"TORNILLOS DE 2""",,Unidad,100.0,0.0,FIJO
4290,51,52,"CAMA NUBE EL SOL1,40","10/03/2026 CAMA NUBE 1,40",Cama,SECCION PINTURA Y PREPARADA DE NOCHERO,39,SECCION PINTURA Y PREPARADA,DE NOCHERO,,,,FORMULA
4291,51,52,"CAMA NUBE EL SOL1,40","10/03/2026 CAMA NUBE 1,40",Cama,SECCION PINTURA Y PREPARADA DE NOCHERO,40,PREPARADO JOTA,2.0,CON EL 5%,36750.0,73500.0,FORMULA
4292,51,52,"CAMA NUBE EL SOL1,40","10/03/2026 CAMA NUBE 1,40",Cama,SECCION PINTURA Y PREPARADA DE NOCHERO,41,PINTURA ALEX,2.0,CON EL 5%,36750.0,73500.0,FORMULA
4293,51,52,"CAMA NUBE EL SOL1,40","10/03/2026 CAMA NUBE 1,40",Cama,SECCION PINTURA Y PREPARADA DE NOCHERO,42,SELLADOR,4.0,PISTOLADAS,18000.0,72000.0,VOLUMEN
4294,51,52,"CAMA NUBE EL SOL1,40","10/03/2026 CAMA NUBE 1,40",Cama,SECCION PINTURA Y PREPARADA DE NOCHERO,43,LIJA 400,0.5,unidades,4000.0,2000.0,FORMULA
4295,51,52,"CAMA NUBE EL SOL1,40","10/03/2026 CAMA NUBE 1,40",Cama,SECCION PINTURA Y PREPARADA DE NOCHERO,44,LIJA 150,0.5,galon,2000.0,1000.0,VOLUMEN
4296,51,52,"CAMA NUBE EL SOL1,40","10/03/2026 CAMA NUBE 1,40",Cama,SECCION PINTURA Y PREPARADA DE NOCHERO,45,LIJA 120,1.0,unidad,2000.0,2000.0,FIJO
4297,51,52,"CAMA NUBE EL SOL1,40","10/03/2026 CAMA NUBE 1,40",Cama,SECCION PINTURA Y PREPARADA DE NOCHERO,46,TALCO,,unidad,2500.0,0.0,FORMULA
4298,51,52,"CAMA NUBE EL SOL1,40","10/03/2026 CAMA NUBE 1,40",Cama,SECCION PINTURA Y PREPARADA DE NOCHERO,47,COLOR,2.0,PISTOLADAS,22000.0,44000.0,VOLUMEN
4299,51,52,"CAMA NUBE EL SOL1,40","10/03/2026 CAMA NUBE 1,40",Cama,SECCION PINTURA Y PREPARADA DE NOCHERO,48,TOPES,,JALADORES,3000.0,0.0,FORMULA
4300,51,52,"CAMA NUBE EL SOL1,40","10/03/2026 CAMA NUBE 1,40",Cama,SECCION PINTURA Y PREPARADA DE NOCHERO,49,BLANCO POLIURETANO,,PISTOLADA,57500.0,0.0,FORMULA
4301,51,52,"CAMA NUBE EL SOL1,40","10/03/2026 CAMA NUBE 1,40",Cama,SECCION PINTURA Y PREPARADA DE NOCHERO,50,COLOR,,PISTOLADA,22000.0,0.0,FORMULA
4302,51,52,"CAMA NUBE EL SOL1,40","10/03/2026 CAMA NUBE 1,40",Cama,SECCION PINTURA Y PREPARADA DE NOCHERO,51,ENCINA,,galon,160000.0,0.0,FORMULA
4303,51,52,"CAMA NUBE EL SOL1,40","10/03/2026 CAMA NUBE 1,40",Cama,SECCION PINTURA Y PREPARADA DE NOCHERO,52,GASOLINA,0.5,ML,5000.0,2500.0,LINEAL
4304,51,52,"CAMA NUBE EL SOL1,40","10/03/2026 CAMA NUBE 1,40",Cama,SECCION PINTURA Y PREPARADA DE NOCHERO,53,RESANE,1.0,LITRO,20000.0,20000.0,VOLUMEN
4305,51,52,"CAMA NUBE EL SOL1,40","10/03/2026 CAMA NUBE 1,40",Cama,SECCION PINTURA Y PREPARADA DE NOCHERO,54,LACA S/M,2.0,PISTOLADA,23000.0,46000.0,VOLUMEN
4306,51,52,"CAMA NUBE EL SOL1,40","10/03/2026 CAMA NUBE 1,40",Cama,SECCION PINTURA Y PREPARADA DE NOCHERO,56,Gastos de Pintura 10%,,,,33650.0,FORMULA
4307,51,52,"CAMA NUBE EL SOL1,40","10/03/2026 CAMA NUBE 1,40",Cama,SECCION PINTURA Y PREPARADA PATAS Y TENDIDO,58,SECCION PINTURA Y PREPARADA,PATAS  Y TENDIDO,,,,FORMULA
4308,51,52,"CAMA NUBE EL SOL1,40","10/03/2026 CAMA NUBE 1,40",Cama,SECCION PINTURA Y PREPARADA PATAS Y TENDIDO,59,PREPARADO JOTA,8.0,CON EL 5%,1050.0,8400.0,FORMULA
4309,51,52,"CAMA NUBE EL SOL1,40","10/03/2026 CAMA NUBE 1,40",Cama,SECCION PINTURA Y PREPARADA PATAS Y TENDIDO,60,PINTURA ALEX,8.0,CON EL 5%,2100.0,16800.0,FORMULA
4310,51,52,"CAMA NUBE EL SOL1,40","10/03/2026 CAMA NUBE 1,40",Cama,SECCION PINTURA Y PREPARADA PATAS Y TENDIDO,61,PINTURA DE TENDIDOS,2.0,CON EL 5%,6300.0,12600.0,FORMULA
4311,51,52,"CAMA NUBE EL SOL1,40","10/03/2026 CAMA NUBE 1,40",Cama,SECCION PINTURA Y PREPARADA PATAS Y TENDIDO,62,SELLADOR,0.3,PISTOLADAS,18000.0,5400.0,VOLUMEN
4312,51,52,"CAMA NUBE EL SOL1,40","10/03/2026 CAMA NUBE 1,40",Cama,SECCION PINTURA Y PREPARADA PATAS Y TENDIDO,63,LIJA 400,,unidades,2000.0,0.0,FORMULA
4313,51,52,"CAMA NUBE EL SOL1,40","10/03/2026 CAMA NUBE 1,40",Cama,SECCION PINTURA Y PREPARADA PATAS Y TENDIDO,64,COLOR NEGRO TENDIDOS,0.5,PISTOLADAS,22000.0,11000.0,VOLUMEN
4314,51,52,"CAMA NUBE EL SOL1,40","10/03/2026 CAMA NUBE 1,40",Cama,SECCION PINTURA Y PREPARADA PATAS Y TENDIDO,65,lija 220,0.5,unidad,2000.0,1000.0,FORMULA
4315,51,52,"CAMA NUBE EL SOL1,40","10/03/2026 CAMA NUBE 1,40",Cama,SECCION PINTURA Y PREPARADA PATAS Y TENDIDO,66,lija 120,0.5,unidad,2000.0,1000.0,FORMULA
4316,51,52,"CAMA NUBE EL SOL1,40","10/03/2026 CAMA NUBE 1,40",Cama,SECCION PINTURA Y PREPARADA PATAS Y TENDIDO,67,LACA SEMIMATE,,GALON,23000.0,0.0,FORMULA
4317,51,52,"CAMA NUBE EL SOL1,40","10/03/2026 CAMA NUBE 1,40",Cama,SECCION PINTURA Y PREPARADA PATAS Y TENDIDO,68,kerosen,,litro,18000.0,0.0,FORMULA
4318,51,52,"CAMA NUBE EL SOL1,40","10/03/2026 CAMA NUBE 1,40",Cama,SECCION PINTURA Y PREPARADA PATAS Y TENDIDO,69,COLOR,0.3,PISTOLADA,22000.0,6600.0,VOLUMEN
4319,51,52,"CAMA NUBE EL SOL1,40","10/03/2026 CAMA NUBE 1,40",Cama,SECCION PINTURA Y PREPARADA PATAS Y TENDIDO,70,TINTE MIEL,,galon,,0.0,FORMULA
4320,51,52,"CAMA NUBE EL SOL1,40","10/03/2026 CAMA NUBE 1,40",Cama,SECCION PINTURA Y PREPARADA PATAS Y TENDIDO,71,GASOLINA,,LITRO,4.5,0.0,FORMULA
4321,51,52,"CAMA NUBE EL SOL1,40","10/03/2026 CAMA NUBE 1,40",Cama,SECCION PINTURA Y PREPARADA PATAS Y TENDIDO,72,RESANE,0.5,LITRO,20000.0,10000.0,VOLUMEN
4322,51,52,"CAMA NUBE EL SOL1,40","10/03/2026 CAMA NUBE 1,40",Cama,SECCION PINTURA Y PREPARADA PATAS Y TENDIDO,73,LACA SM,0.3,PISTOLADA,23000.0,6900.0,VOLUMEN
4323,51,52,"CAMA NUBE EL SOL1,40","10/03/2026 CAMA NUBE 1,40",Cama,SECCION PINTURA Y PREPARADA PATAS Y TENDIDO,75,Gastos de Pintura 10%,,,,7970.0,FORMULA
4324,51,52,"CAMA NUBE EL SOL1,40","10/03/2026 CAMA NUBE 1,40",Cama,SECCION TERMINACION,78,TOMAS NEGROS,,UNIDAD,10500.0,0.0,FORMULA
4325,51,52,"CAMA NUBE EL SOL1,40","10/03/2026 CAMA NUBE 1,40",Cama,SECCION TERMINACION,79,REGLETA ANCHA,,UNIDAD,20000.0,0.0,FORMULA
4326,51,52,"CAMA NUBE EL SOL1,40","10/03/2026 CAMA NUBE 1,40",Cama,SECCION TERMINACION,80,REGLETA DELGADA,,UNIDAD,20000.0,0.0,FORMULA
4327,51,52,"CAMA NUBE EL SOL1,40","10/03/2026 CAMA NUBE 1,40",Cama,SECCION TERMINACION,81,LAMPARAS DE LUZ,,UNIDADES,100000.0,0.0,FORMULA
4328,51,52,"CAMA NUBE EL SOL1,40","10/03/2026 CAMA NUBE 1,40",Cama,SECCION TERMINACION,82,CABLE DE 12,,METROS,3000.0,0.0,FORMULA
4329,51,52,"CAMA NUBE EL SOL1,40","10/03/2026 CAMA NUBE 1,40",Cama,SECCION TERMINACION,83,APAGADORES,,PAR,1500.0,0.0,FORMULA
4330,51,52,"CAMA NUBE EL SOL1,40","10/03/2026 CAMA NUBE 1,40",Cama,SECCION TERMINACION,84,ENCHUFLES BLANCO MACHO,,UNIDADES,2000.0,0.0,FORMULA
4331,51,52,"CAMA NUBE EL SOL1,40","10/03/2026 CAMA NUBE 1,40",Cama,SECCION TERMINACION,85,HERRAJES DE CAMA,,PAR,160000.0,0.0,FORMULA
4332,51,52,"CAMA NUBE EL SOL1,40","10/03/2026 CAMA NUBE 1,40",Cama,SECCION TERMINACION,86,JALADORES,,UNIDAD,26800.0,0.0,FIJO
4333,51,52,"CAMA NUBE EL SOL1,40","10/03/2026 CAMA NUBE 1,40",Cama,SECCION TERMINACION,87,MULTIUSOS,,UNIDADES,3000.0,0.0,FORMULA
4334,51,52,"CAMA NUBE EL SOL1,40","10/03/2026 CAMA NUBE 1,40",Cama,SECCION TERMINACION,88,CORREDERAS,,unidades,8000.0,0.0,FIJO
4335,51,52,"CAMA NUBE EL SOL1,40","10/03/2026 CAMA NUBE 1,40",Cama,SECCION TERMINACION,89,EMBALADA,1.0,unidades,150000.0,150000.0,FIJO
4336,51,52,"CAMA NUBE EL SOL1,40","10/03/2026 CAMA NUBE 1,40",Cama,SECCION TERMINACION,92,SECCION TENDIDO,,,,0.0,FORMULA
4337,51,52,"CAMA NUBE EL SOL1,40","10/03/2026 CAMA NUBE 1,40",Cama,SECCION TERMINACION,93,MADERA 60X1X4,639.0,APAMATE,140.0,89460.0,FORMULA
4338,51,52,"CAMA NUBE EL SOL1,40","10/03/2026 CAMA NUBE 1,40",Cama,SECCION TERMINACION,94,PEOPE,2.1,,3500.0,7350.0,FORMULA
4339,51,52,"CAMA NUBE EL SOL1,40","10/03/2026 CAMA NUBE 1,40",Cama,SECCION TERMINACION,96,GRAPAS,,CAJA,12000.0,0.0,FIJO
4340,51,52,"CAMA NUBE EL SOL1,40","10/03/2026 CAMA NUBE 1,40",Cama,SECCION TERMINACION,97,MDF DE 9,1.0,LAMINA,140000.0,140000.0,AREA
4341,51,52,"CAMA NUBE EL SOL1,40","10/03/2026 CAMA NUBE 1,40",Cama,SECCION TERMINACION,98,COLBON,,LITRO,14000.0,0.0,FORMULA
4342,51,52,"CAMA NUBE EL SOL1,40","10/03/2026 CAMA NUBE 1,40",Cama,SECCION TERMINACION,99,"TORNILLOS DE 2""",40.0,UNIDAD,100.0,4000.0,ESPACIADO
4343,51,52,"CAMA NUBE EL SOL1,40","10/03/2026 CAMA NUBE 1,40",Cama,SECCION TERMINACION,100,CLAVILLO,3.0,TIRA,1000.0,3000.0,ESPACIADO
4344,51,52,"CAMA NUBE EL SOL1,40","10/03/2026 CAMA NUBE 1,40",Cama,SECCION TERMINACION,101,HECHURA,1.0,UNIDAD,63000.0,63000.0,FIJO
4345,51,52,"CAMA NUBE EL SOL1,40","10/03/2026 CAMA NUBE 1,40",Cama,SECCION TAPICERIA MANO DE OBRA=,104,SECCION TAPICERIA,,MANO DE OBRA=,,,FORMULA
4346,51,52,"CAMA NUBE EL SOL1,40","10/03/2026 CAMA NUBE 1,40",Cama,SECCION TAPICERIA MANO DE OBRA=,105,TELA BRUNA BEIGE,11.0,METROS,30000.0,330000.0,AREA
4347,51,52,"CAMA NUBE EL SOL1,40","10/03/2026 CAMA NUBE 1,40",Cama,SECCION TAPICERIA MANO DE OBRA=,106,"ESPUMA 1"" ROSADA",0.5,LAMINA,8000.0,4000.0,AREA
4348,51,52,"CAMA NUBE EL SOL1,40","10/03/2026 CAMA NUBE 1,40",Cama,SECCION TAPICERIA MANO DE OBRA=,107,GRAPAS,0.75,CAJA DE GRAPAS,12000.0,9000.0,ESPACIADO
4349,51,52,"CAMA NUBE EL SOL1,40","10/03/2026 CAMA NUBE 1,40",Cama,SECCION TAPICERIA MANO DE OBRA=,108,PATAS L PLATEADAS,,UNIDADES,8000.0,0.0,FIJO
4350,51,52,"CAMA NUBE EL SOL1,40","10/03/2026 CAMA NUBE 1,40",Cama,SECCION TAPICERIA MANO DE OBRA=,109,TORNILLOS,,UNIDADES,100.0,0.0,FIJO
4351,51,52,"CAMA NUBE EL SOL1,40","10/03/2026 CAMA NUBE 1,40",Cama,SECCION TAPICERIA MANO DE OBRA=,110,ESPUMA DE 1 1/2'' ROSADA,1.5,UNIDADES,30000.0,45000.0,AREA
4352,51,52,"CAMA NUBE EL SOL1,40","10/03/2026 CAMA NUBE 1,40",Cama,SECCION TAPICERIA MANO DE OBRA=,111,ESPUMA 2 AZUL,2.5,LAMINA,41000.0,102500.0,AREA
4353,51,52,"CAMA NUBE EL SOL1,40","10/03/2026 CAMA NUBE 1,40",Cama,SECCION TAPICERIA MANO DE OBRA=,112,ESPUMA 1 1/2'' AZUL,,MTS,30000.0,0.0,FORMULA
4354,51,52,"CAMA NUBE EL SOL1,40","10/03/2026 CAMA NUBE 1,40",Cama,SECCION TAPICERIA MANO DE OBRA=,113,COSTAL,2.0,METROS,4000.0,8000.0,AREA
4355,51,52,"CAMA NUBE EL SOL1,40","10/03/2026 CAMA NUBE 1,40",Cama,SECCION TAPICERIA MANO DE OBRA=,114,HILO,0.5,UNIDAD,25000.0,12500.0,FORMULA
4356,51,52,"CAMA NUBE EL SOL1,40","10/03/2026 CAMA NUBE 1,40",Cama,SECCION TAPICERIA MANO DE OBRA=,115,CABULLA,,,18000.0,0.0,FORMULA
4357,51,52,"CAMA NUBE EL SOL1,40","10/03/2026 CAMA NUBE 1,40",Cama,SECCION TAPICERIA MANO DE OBRA=,116,CANAMO,,ROLLO,12000.0,0.0,FORMULA
4358,51,52,"CAMA NUBE EL SOL1,40","10/03/2026 CAMA NUBE 1,40",Cama,SECCION TAPICERIA MANO DE OBRA=,117,SUPER,1.0,LITRO,14000.0,14000.0,VOLUMEN
4359,51,52,"CAMA NUBE EL SOL1,40","10/03/2026 CAMA NUBE 1,40",Cama,SECCION TAPICERIA MANO DE OBRA=,118,CARTON,,UNIDADES,5000.0,0.0,FORMULA
4360,51,52,"CAMA NUBE EL SOL1,40","10/03/2026 CAMA NUBE 1,40",Cama,SECCION TAPICERIA MANO DE OBRA=,119,HECHURA,,CAMA,210000.0,0.0,FIJO
4361,51,52,"CAMA NUBE EL SOL1,40","10/03/2026 CAMA NUBE 1,40",Cama,SECCION TAPICERIA MANO DE OBRA=,120,LENCILLO,,METROS,3500.0,0.0,FORMULA
4362,52,53,CAMA NUBE  DIVERSA,10/03/2026 CAMA NUBE EL SOL 2*2,Cama,EBANISTA WILMER MANO DE OBRA=,8,MADERA,433.0,APAMATE,140.0,60620.0,FORMULA
4363,52,53,CAMA NUBE  DIVERSA,10/03/2026 CAMA NUBE EL SOL 2*2,Cama,EBANISTA WILMER MANO DE OBRA=,9,MDF DE 15,0.5,LAMINA,330000.0,165000.0,AREA
4364,52,53,CAMA NUBE  DIVERSA,10/03/2026 CAMA NUBE EL SOL 2*2,Cama,EBANISTA WILMER MANO DE OBRA=,10,"MDF 2,7",0.25,LAMINA,68000.0,17000.0,AREA
4365,52,53,CAMA NUBE  DIVERSA,10/03/2026 CAMA NUBE EL SOL 2*2,Cama,EBANISTA WILMER MANO DE OBRA=,11,LAMINA DE 15,,LAMINA,220000.0,0.0,FORMULA
4366,52,53,CAMA NUBE  DIVERSA,10/03/2026 CAMA NUBE EL SOL 2*2,Cama,EBANISTA WILMER MANO DE OBRA=,12,TABLA,0.25,"2,50*20*2,5",28600.0,7150.0,FORMULA
4367,52,53,CAMA NUBE  DIVERSA,10/03/2026 CAMA NUBE EL SOL 2*2,Cama,EBANISTA WILMER MANO DE OBRA=,13,TABLA,0.25,"3*20*2,5",31500.0,7875.0,FORMULA
4368,52,53,CAMA NUBE  DIVERSA,10/03/2026 CAMA NUBE EL SOL 2*2,Cama,EBANISTA WILMER MANO DE OBRA=,14,TABLA,0.25,"3*30*2,5",93000.0,23250.0,FORMULA
4369,52,53,CAMA NUBE  DIVERSA,10/03/2026 CAMA NUBE EL SOL 2*2,Cama,EBANISTA WILMER MANO DE OBRA=,15,COLBON,0.5,LITRO,14000.0,7000.0,VOLUMEN
4370,52,53,CAMA NUBE  DIVERSA,10/03/2026 CAMA NUBE EL SOL 2*2,Cama,EBANISTA WILMER MANO DE OBRA=,16,GRAPAS,0.5,CAJA,12000.0,6000.0,ESPACIADO
4371,52,53,CAMA NUBE  DIVERSA,10/03/2026 CAMA NUBE EL SOL 2*2,Cama,EBANISTA WILMER MANO DE OBRA=,17,GANCHOS,0.5,PAR,20000.0,10000.0,FORMULA
4372,52,53,CAMA NUBE  DIVERSA,10/03/2026 CAMA NUBE EL SOL 2*2,Cama,EBANISTA WILMER MANO DE OBRA=,18,F40,5.0,TIRAS,1000.0,5000.0,FORMULA
4373,52,53,CAMA NUBE  DIVERSA,10/03/2026 CAMA NUBE EL SOL 2*2,Cama,EBANISTA WILMER MANO DE OBRA=,19,"TORNILLOS DE 2""",100.0,Unidad,100.0,10000.0,ESPACIADO
4374,52,53,CAMA NUBE  DIVERSA,10/03/2026 CAMA NUBE EL SOL 2*2,Cama,EBANISTA WILMER MANO DE OBRA=,20,ebanisteria 300.000 x 5% de m.o,,,,315000.0,FORMULA
4375,52,53,CAMA NUBE  DIVERSA,10/03/2026 CAMA NUBE EL SOL 2*2,Cama,EBANISTA WILMER MANO DE OBRA=,22,gastos de Ebanisteria e 10%,,,,63389.5,FORMULA
4376,52,53,CAMA NUBE  DIVERSA,10/03/2026 CAMA NUBE EL SOL 2*2,Cama,EBANISTA WILMER MANO DE OBRA=,26,CORREDERAS 35 NORMAL,,PAR,250000.0,0.0,FIJO
4377,52,53,CAMA NUBE  DIVERSA,10/03/2026 CAMA NUBE EL SOL 2*2,Cama,EBANISTA WILMER MANO DE OBRA=,27,CORREDERAS,,1 PEDAZO DE 1.00X46=46,15000.0,0.0,FIJO
4378,52,53,CAMA NUBE  DIVERSA,10/03/2026 CAMA NUBE EL SOL 2*2,Cama,EBANISTA WILMER MANO DE OBRA=,28,LAM MDF 5,,1 PEDASO DE 1.50X40=60,130000.0,0.0,FORMULA
4379,52,53,CAMA NUBE  DIVERSA,10/03/2026 CAMA NUBE EL SOL 2*2,Cama,EBANISTA WILMER MANO DE OBRA=,29,LAM MDF 9,,"1 PEDASO DE 1,50X40=60",140.0,,FORMULA
4380,52,53,CAMA NUBE  DIVERSA,10/03/2026 CAMA NUBE EL SOL 2*2,Cama,EBANISTA WILMER MANO DE OBRA=,30,COLBON,,litros,14000.0,0.0,FORMULA
4381,52,53,CAMA NUBE  DIVERSA,10/03/2026 CAMA NUBE EL SOL 2*2,Cama,EBANISTA WILMER MANO DE OBRA=,31,GRAPAS,,Unidad,600.0,0.0,FIJO
4382,52,53,CAMA NUBE  DIVERSA,10/03/2026 CAMA NUBE EL SOL 2*2,Cama,EBANISTA WILMER MANO DE OBRA=,32,CLAVILLOS N F 40,,TIRA,1000.0,0.0,FIJO
4383,52,53,CAMA NUBE  DIVERSA,10/03/2026 CAMA NUBE EL SOL 2*2,Cama,EBANISTA WILMER MANO DE OBRA=,33,HECHURA,,PAR,157500.0,0.0,FIJO
4384,52,53,CAMA NUBE  DIVERSA,10/03/2026 CAMA NUBE EL SOL 2*2,Cama,EBANISTA WILMER MANO DE OBRA=,34,"TORNILLOS DE 2""",,Unidad,100.0,0.0,FIJO
4385,52,53,CAMA NUBE  DIVERSA,10/03/2026 CAMA NUBE EL SOL 2*2,Cama,EBANISTA WILMER MANO DE OBRA=,37,gastos de Ebanisteria e 5%,,,,0.0,FORMULA
4386,52,53,CAMA NUBE  DIVERSA,10/03/2026 CAMA NUBE EL SOL 2*2,Cama,SECCION PINTURA Y PREPARADA DE NOCHERO,39,SECCION PINTURA Y PREPARADA,DE NOCHERO,,,,FORMULA
4387,52,53,CAMA NUBE  DIVERSA,10/03/2026 CAMA NUBE EL SOL 2*2,Cama,SECCION PINTURA Y PREPARADA DE NOCHERO,40,PREPARADO JOTA,,CON EL 5%,36750.0,0.0,FORMULA
4388,52,53,CAMA NUBE  DIVERSA,10/03/2026 CAMA NUBE EL SOL 2*2,Cama,SECCION PINTURA Y PREPARADA DE NOCHERO,41,PINTURA ALEX,,CON EL 5%,36750.0,0.0,FORMULA
4389,52,53,CAMA NUBE  DIVERSA,10/03/2026 CAMA NUBE EL SOL 2*2,Cama,SECCION PINTURA Y PREPARADA DE NOCHERO,42,SELLADOR,,PISTOLADAS,18000.0,0.0,FORMULA
4390,52,53,CAMA NUBE  DIVERSA,10/03/2026 CAMA NUBE EL SOL 2*2,Cama,SECCION PINTURA Y PREPARADA DE NOCHERO,43,LIJA 400,,unidades,2000.0,0.0,FORMULA
4391,52,53,CAMA NUBE  DIVERSA,10/03/2026 CAMA NUBE EL SOL 2*2,Cama,SECCION PINTURA Y PREPARADA DE NOCHERO,44,NITRO,,galon,70000.0,0.0,FORMULA
4392,52,53,CAMA NUBE  DIVERSA,10/03/2026 CAMA NUBE EL SOL 2*2,Cama,SECCION PINTURA Y PREPARADA DE NOCHERO,45,VIDRIOS,,unidad,45000.0,0.0,FORMULA
4393,52,53,CAMA NUBE  DIVERSA,10/03/2026 CAMA NUBE EL SOL 2*2,Cama,SECCION PINTURA Y PREPARADA DE NOCHERO,46,TALCO,,unidad,2500.0,0.0,FORMULA
4394,52,53,CAMA NUBE  DIVERSA,10/03/2026 CAMA NUBE EL SOL 2*2,Cama,SECCION PINTURA Y PREPARADA DE NOCHERO,47,TINER,,GALON,34000.0,0.0,FORMULA
4395,52,53,CAMA NUBE  DIVERSA,10/03/2026 CAMA NUBE EL SOL 2*2,Cama,SECCION PINTURA Y PREPARADA DE NOCHERO,48,TOPES,,JALADORES,3000.0,0.0,FORMULA
4396,52,53,CAMA NUBE  DIVERSA,10/03/2026 CAMA NUBE EL SOL 2*2,Cama,SECCION PINTURA Y PREPARADA DE NOCHERO,49,BLANCO POLIURETANO,,PISTOLADA,57500.0,0.0,FORMULA
4397,52,53,CAMA NUBE  DIVERSA,10/03/2026 CAMA NUBE EL SOL 2*2,Cama,SECCION PINTURA Y PREPARADA DE NOCHERO,50,COLOR,,PISTOLADA,22000.0,0.0,FORMULA
4398,52,53,CAMA NUBE  DIVERSA,10/03/2026 CAMA NUBE EL SOL 2*2,Cama,SECCION PINTURA Y PREPARADA DE NOCHERO,51,ENCINA,,galon,160000.0,0.0,FORMULA
4399,52,53,CAMA NUBE  DIVERSA,10/03/2026 CAMA NUBE EL SOL 2*2,Cama,SECCION PINTURA Y PREPARADA DE NOCHERO,52,GASOLINA,,ML,4500.0,0.0,FORMULA
4400,52,53,CAMA NUBE  DIVERSA,10/03/2026 CAMA NUBE EL SOL 2*2,Cama,SECCION PINTURA Y PREPARADA DE NOCHERO,53,RESANE,,LITRO,20000.0,0.0,FORMULA
4401,52,53,CAMA NUBE  DIVERSA,10/03/2026 CAMA NUBE EL SOL 2*2,Cama,SECCION PINTURA Y PREPARADA DE NOCHERO,54,LACA S/M,,PISTOLADA,23000.0,0.0,FORMULA
4402,52,53,CAMA NUBE  DIVERSA,10/03/2026 CAMA NUBE EL SOL 2*2,Cama,SECCION PINTURA Y PREPARADA DE NOCHERO,56,Gastos de Pintura 10%,,,,0.0,FORMULA
4403,52,53,CAMA NUBE  DIVERSA,10/03/2026 CAMA NUBE EL SOL 2*2,Cama,SECCION PINTURA Y PREPARADA PATAS,58,SECCION PINTURA Y PREPARADA,PATAS ,,,,FORMULA
4404,52,53,CAMA NUBE  DIVERSA,10/03/2026 CAMA NUBE EL SOL 2*2,Cama,SECCION PINTURA Y PREPARADA PATAS,59,PREPARADO JOTA,8.0,CON EL 5%,1050.0,8400.0,FORMULA
4405,52,53,CAMA NUBE  DIVERSA,10/03/2026 CAMA NUBE EL SOL 2*2,Cama,SECCION PINTURA Y PREPARADA PATAS,60,PINTURA ALEX,8.0,CON EL 5%,2100.0,16800.0,FORMULA
4406,52,53,CAMA NUBE  DIVERSA,10/03/2026 CAMA NUBE EL SOL 2*2,Cama,SECCION PINTURA Y PREPARADA PATAS,61,PINTURA DE PATAS ALEX,,,2100.0,0.0,FIJO
4407,52,53,CAMA NUBE  DIVERSA,10/03/2026 CAMA NUBE EL SOL 2*2,Cama,SECCION PINTURA Y PREPARADA PATAS,62,SELLADOR,0.3,PISTOLADAS,18000.0,5400.0,VOLUMEN
4408,52,53,CAMA NUBE  DIVERSA,10/03/2026 CAMA NUBE EL SOL 2*2,Cama,SECCION PINTURA Y PREPARADA PATAS,63,LIJA 400,,unidades,2000.0,0.0,FORMULA
4409,52,53,CAMA NUBE  DIVERSA,10/03/2026 CAMA NUBE EL SOL 2*2,Cama,SECCION PINTURA Y PREPARADA PATAS,64,NITRO,,galon,,0.0,FORMULA
4410,52,53,CAMA NUBE  DIVERSA,10/03/2026 CAMA NUBE EL SOL 2*2,Cama,SECCION PINTURA Y PREPARADA PATAS,65,lija 220,0.5,unidad,2000.0,1000.0,FORMULA
4411,52,53,CAMA NUBE  DIVERSA,10/03/2026 CAMA NUBE EL SOL 2*2,Cama,SECCION PINTURA Y PREPARADA PATAS,66,lija 120,,unidad,2000.0,0.0,FORMULA
4412,52,53,CAMA NUBE  DIVERSA,10/03/2026 CAMA NUBE EL SOL 2*2,Cama,SECCION PINTURA Y PREPARADA PATAS,67,LACA SEMIMATE,0.5,GALON,23000.0,11500.0,VOLUMEN
4413,52,53,CAMA NUBE  DIVERSA,10/03/2026 CAMA NUBE EL SOL 2*2,Cama,SECCION PINTURA Y PREPARADA PATAS,68,kerosen,,litro,18000.0,0.0,FORMULA
4414,52,53,CAMA NUBE  DIVERSA,10/03/2026 CAMA NUBE EL SOL 2*2,Cama,SECCION PINTURA Y PREPARADA PATAS,69,COLOR,0.5,PISTOLADA,22000.0,11000.0,VOLUMEN
4415,52,53,CAMA NUBE  DIVERSA,10/03/2026 CAMA NUBE EL SOL 2*2,Cama,SECCION PINTURA Y PREPARADA PATAS,70,TINTE MIEL,,galon,,0.0,FORMULA
4416,52,53,CAMA NUBE  DIVERSA,10/03/2026 CAMA NUBE EL SOL 2*2,Cama,SECCION PINTURA Y PREPARADA PATAS,71,GASOLINA,,LITRO,4.5,0.0,FORMULA
4417,52,53,CAMA NUBE  DIVERSA,10/03/2026 CAMA NUBE EL SOL 2*2,Cama,SECCION PINTURA Y PREPARADA PATAS,72,RESANE,,LITRO,23000.0,0.0,FORMULA
4418,52,53,CAMA NUBE  DIVERSA,10/03/2026 CAMA NUBE EL SOL 2*2,Cama,SECCION PINTURA Y PREPARADA PATAS,73,LACA BRILLANTE,,PISTOLADA,23000.0,0.0,FORMULA
4419,52,53,CAMA NUBE  DIVERSA,10/03/2026 CAMA NUBE EL SOL 2*2,Cama,SECCION PINTURA Y PREPARADA PATAS,75,Gastos de Pintura 10%,,,,5410.0,FORMULA
4420,52,53,CAMA NUBE  DIVERSA,10/03/2026 CAMA NUBE EL SOL 2*2,Cama,SECCION TERMINACION,78,TOMAS NEGROS,,UNIDAD,10500.0,0.0,FORMULA
4421,52,53,CAMA NUBE  DIVERSA,10/03/2026 CAMA NUBE EL SOL 2*2,Cama,SECCION TERMINACION,79,REGLETA ANCHA,,UNIDAD,20000.0,0.0,FORMULA
4422,52,53,CAMA NUBE  DIVERSA,10/03/2026 CAMA NUBE EL SOL 2*2,Cama,SECCION TERMINACION,80,REGLETA DELGADA,,UNIDAD,20000.0,0.0,FORMULA
4423,52,53,CAMA NUBE  DIVERSA,10/03/2026 CAMA NUBE EL SOL 2*2,Cama,SECCION TERMINACION,81,LAMPARAS DE LUZ,,UNIDADES,100000.0,0.0,FORMULA
4424,52,53,CAMA NUBE  DIVERSA,10/03/2026 CAMA NUBE EL SOL 2*2,Cama,SECCION TERMINACION,82,CABLE DE 12,,METROS,3000.0,0.0,FORMULA
4425,52,53,CAMA NUBE  DIVERSA,10/03/2026 CAMA NUBE EL SOL 2*2,Cama,SECCION TERMINACION,83,APAGADORES,,PAR,1500.0,0.0,FORMULA
4426,52,53,CAMA NUBE  DIVERSA,10/03/2026 CAMA NUBE EL SOL 2*2,Cama,SECCION TERMINACION,84,ENCHUFLES BLANCO MACHO,,UNIDADES,2000.0,0.0,FORMULA
4427,52,53,CAMA NUBE  DIVERSA,10/03/2026 CAMA NUBE EL SOL 2*2,Cama,SECCION TERMINACION,85,HERRAJES DE CAMA,,PAR,160000.0,0.0,FORMULA
4428,52,53,CAMA NUBE  DIVERSA,10/03/2026 CAMA NUBE EL SOL 2*2,Cama,SECCION TERMINACION,86,JALADORES,,UNIDAD,26800.0,0.0,FIJO
4429,52,53,CAMA NUBE  DIVERSA,10/03/2026 CAMA NUBE EL SOL 2*2,Cama,SECCION TERMINACION,87,MULTIUSOS,,UNIDADES,3000.0,0.0,FORMULA
4430,52,53,CAMA NUBE  DIVERSA,10/03/2026 CAMA NUBE EL SOL 2*2,Cama,SECCION TERMINACION,88,CORREDERAS,,unidades,8000.0,0.0,FIJO
4431,52,53,CAMA NUBE  DIVERSA,10/03/2026 CAMA NUBE EL SOL 2*2,Cama,SECCION TERMINACION,89,EMBALADA,1.0,unidades,150000.0,150000.0,FIJO
4432,52,53,CAMA NUBE  DIVERSA,10/03/2026 CAMA NUBE EL SOL 2*2,Cama,SECCION TERMINACION,92,SECCION TENDIDO,,,,0.0,FORMULA
4433,52,53,CAMA NUBE  DIVERSA,10/03/2026 CAMA NUBE EL SOL 2*2,Cama,SECCION TERMINACION,93,MADERA 60X1X4,,APAMATE,140.0,0.0,FORMULA
4434,52,53,CAMA NUBE  DIVERSA,10/03/2026 CAMA NUBE EL SOL 2*2,Cama,SECCION TERMINACION,94,PEOPE,,,3500.0,0.0,FORMULA
4435,52,53,CAMA NUBE  DIVERSA,10/03/2026 CAMA NUBE EL SOL 2*2,Cama,SECCION TERMINACION,96,GRAPAS,,CAJA,12000.0,0.0,FIJO
4436,52,53,CAMA NUBE  DIVERSA,10/03/2026 CAMA NUBE EL SOL 2*2,Cama,SECCION TERMINACION,97,MDF DE 9,,LAMINA,140000.0,0.0,FORMULA
4437,52,53,CAMA NUBE  DIVERSA,10/03/2026 CAMA NUBE EL SOL 2*2,Cama,SECCION TERMINACION,98,COLBON,,LITRO,14000.0,0.0,FORMULA
4438,52,53,CAMA NUBE  DIVERSA,10/03/2026 CAMA NUBE EL SOL 2*2,Cama,SECCION TERMINACION,99,"TORNILLOS DE 2""",,UNIDAD,100.0,0.0,FIJO
4439,52,53,CAMA NUBE  DIVERSA,10/03/2026 CAMA NUBE EL SOL 2*2,Cama,SECCION TERMINACION,100,CLAVILLO,,TIRA,1000.0,0.0,FIJO
4440,52,53,CAMA NUBE  DIVERSA,10/03/2026 CAMA NUBE EL SOL 2*2,Cama,SECCION TERMINACION,101,HECHURA,,UNIDAD,63000.0,0.0,FIJO
4441,52,53,CAMA NUBE  DIVERSA,10/03/2026 CAMA NUBE EL SOL 2*2,Cama,SECCION TAPICERIA MANO DE OBRA=,104,SECCION TAPICERIA,,MANO DE OBRA=,,,FORMULA
4442,52,53,CAMA NUBE  DIVERSA,10/03/2026 CAMA NUBE EL SOL 2*2,Cama,SECCION TAPICERIA MANO DE OBRA=,105,TELA DIVERSA,12.0,METROS,14500.0,174000.0,AREA
4443,52,53,CAMA NUBE  DIVERSA,10/03/2026 CAMA NUBE EL SOL 2*2,Cama,SECCION TAPICERIA MANO DE OBRA=,106,"ESPUMA 1"" ROSADA",2.0,LAMINA,25125.0,50250.0,AREA
4444,52,53,CAMA NUBE  DIVERSA,10/03/2026 CAMA NUBE EL SOL 2*2,Cama,SECCION TAPICERIA MANO DE OBRA=,107,GRAPAS,0.75,CAJA DE GRAPAS,12000.0,9000.0,ESPACIADO
4445,52,53,CAMA NUBE  DIVERSA,10/03/2026 CAMA NUBE EL SOL 2*2,Cama,SECCION TAPICERIA MANO DE OBRA=,108,PATAS L PLATEADAS,,UNIDADES,8000.0,0.0,FIJO
4446,52,53,CAMA NUBE  DIVERSA,10/03/2026 CAMA NUBE EL SOL 2*2,Cama,SECCION TAPICERIA MANO DE OBRA=,109,TORNILLOS,,UNIDADES,100.0,0.0,FIJO
4447,52,53,CAMA NUBE  DIVERSA,10/03/2026 CAMA NUBE EL SOL 2*2,Cama,SECCION TAPICERIA MANO DE OBRA=,110,ESPUMA DE 1 1/2'' ROSADA,,UNIDADES,30000.0,0.0,FORMULA
4448,52,53,CAMA NUBE  DIVERSA,10/03/2026 CAMA NUBE EL SOL 2*2,Cama,SECCION TAPICERIA MANO DE OBRA=,111,ESPUMA 2 AZUL,2.0,LAMINA,41000.0,82000.0,AREA
4449,52,53,CAMA NUBE  DIVERSA,10/03/2026 CAMA NUBE EL SOL 2*2,Cama,SECCION TAPICERIA MANO DE OBRA=,112,ESPUMA 1 1/2'' AZUL,,MTS,30000.0,0.0,FORMULA
4450,52,53,CAMA NUBE  DIVERSA,10/03/2026 CAMA NUBE EL SOL 2*2,Cama,SECCION TAPICERIA MANO DE OBRA=,113,COSTAL,2.0,METROS,4000.0,8000.0,AREA
4451,52,53,CAMA NUBE  DIVERSA,10/03/2026 CAMA NUBE EL SOL 2*2,Cama,SECCION TAPICERIA MANO DE OBRA=,114,HILO,,UNIDAD,28000.0,0.0,FORMULA
4452,52,53,CAMA NUBE  DIVERSA,10/03/2026 CAMA NUBE EL SOL 2*2,Cama,SECCION TAPICERIA MANO DE OBRA=,115,CABULLA,,,18000.0,0.0,FORMULA
4453,52,53,CAMA NUBE  DIVERSA,10/03/2026 CAMA NUBE EL SOL 2*2,Cama,SECCION TAPICERIA MANO DE OBRA=,116,CANAMO,,ROLLO,12000.0,0.0,FORMULA
4454,52,53,CAMA NUBE  DIVERSA,10/03/2026 CAMA NUBE EL SOL 2*2,Cama,SECCION TAPICERIA MANO DE OBRA=,117,SUPER SPRAY,1.0,LITRO,19000.0,19000.0,VOLUMEN
4455,52,53,CAMA NUBE  DIVERSA,10/03/2026 CAMA NUBE EL SOL 2*2,Cama,SECCION TAPICERIA MANO DE OBRA=,118,CARTON,,UNIDADES,5000.0,0.0,FORMULA
4456,52,53,CAMA NUBE  DIVERSA,10/03/2026 CAMA NUBE EL SOL 2*2,Cama,SECCION TAPICERIA MANO DE OBRA=,119,HECHURA,,CAMA,210000.0,0.0,FIJO
4457,52,53,CAMA NUBE  DIVERSA,10/03/2026 CAMA NUBE EL SOL 2*2,Cama,SECCION TAPICERIA MANO DE OBRA=,120,LENCILLO,,METROS,3500.0,0.0,FORMULA
4458,53,54,"CAMA NUBE 1,60","10/03/2026 CAMA EL SOL 1,60",Cama,EBANISTA WILMER MANO DE OBRA=,8,MADERA,433.0,APAMATE,140.0,60620.0,FORMULA
4459,53,54,"CAMA NUBE 1,60","10/03/2026 CAMA EL SOL 1,60",Cama,EBANISTA WILMER MANO DE OBRA=,9,MDF DE 15,0.5,LAMINA,330000.0,165000.0,AREA
4460,53,54,"CAMA NUBE 1,60","10/03/2026 CAMA EL SOL 1,60",Cama,EBANISTA WILMER MANO DE OBRA=,10,"MDF 2,7",0.25,LAMINA,68000.0,17000.0,AREA
4461,53,54,"CAMA NUBE 1,60","10/03/2026 CAMA EL SOL 1,60",Cama,EBANISTA WILMER MANO DE OBRA=,11,LAMINA DE 15,,LAMINA,220000.0,0.0,FORMULA
4462,53,54,"CAMA NUBE 1,60","10/03/2026 CAMA EL SOL 1,60",Cama,EBANISTA WILMER MANO DE OBRA=,12,TABLA,0.25,"2,50*20*2,5",28600.0,7150.0,FORMULA
4463,53,54,"CAMA NUBE 1,60","10/03/2026 CAMA EL SOL 1,60",Cama,EBANISTA WILMER MANO DE OBRA=,13,TABLA,0.25,"3*20*2,5",31500.0,7875.0,FORMULA
4464,53,54,"CAMA NUBE 1,60","10/03/2026 CAMA EL SOL 1,60",Cama,EBANISTA WILMER MANO DE OBRA=,14,TABLA,0.25,"3*30*2,5",93000.0,23250.0,FORMULA
4465,53,54,"CAMA NUBE 1,60","10/03/2026 CAMA EL SOL 1,60",Cama,EBANISTA WILMER MANO DE OBRA=,15,COLBON,0.5,LITRO,14000.0,7000.0,VOLUMEN
4466,53,54,"CAMA NUBE 1,60","10/03/2026 CAMA EL SOL 1,60",Cama,EBANISTA WILMER MANO DE OBRA=,16,GRAPAS,0.5,CAJA,12000.0,6000.0,ESPACIADO
4467,53,54,"CAMA NUBE 1,60","10/03/2026 CAMA EL SOL 1,60",Cama,EBANISTA WILMER MANO DE OBRA=,17,GANCHOS,0.5,PAR,20000.0,10000.0,FORMULA
4468,53,54,"CAMA NUBE 1,60","10/03/2026 CAMA EL SOL 1,60",Cama,EBANISTA WILMER MANO DE OBRA=,18,F40,5.0,TIRAS,1000.0,5000.0,FORMULA
4469,53,54,"CAMA NUBE 1,60","10/03/2026 CAMA EL SOL 1,60",Cama,EBANISTA WILMER MANO DE OBRA=,19,"TORNILLOS DE 2""",100.0,Unidad,100.0,10000.0,ESPACIADO
4470,53,54,"CAMA NUBE 1,60","10/03/2026 CAMA EL SOL 1,60",Cama,EBANISTA WILMER MANO DE OBRA=,20,ebanisteria 300.000 x 5% de m.o,,,,315000.0,FORMULA
4471,53,54,"CAMA NUBE 1,60","10/03/2026 CAMA EL SOL 1,60",Cama,EBANISTA WILMER MANO DE OBRA=,22,gastos de Ebanisteria e 10%,,,,63389.5,FORMULA
4472,53,54,"CAMA NUBE 1,60","10/03/2026 CAMA EL SOL 1,60",Cama,EBANISTA WILMER MANO DE OBRA=,26,CORREDERAS 35 NORMAL,,PAR,250000.0,0.0,FIJO
4473,53,54,"CAMA NUBE 1,60","10/03/2026 CAMA EL SOL 1,60",Cama,EBANISTA WILMER MANO DE OBRA=,27,CORREDERAS,,1 PEDAZO DE 1.00X46=46,15000.0,0.0,FIJO
4474,53,54,"CAMA NUBE 1,60","10/03/2026 CAMA EL SOL 1,60",Cama,EBANISTA WILMER MANO DE OBRA=,28,LAM MDF 5,,1 PEDASO DE 1.50X40=60,130000.0,0.0,FORMULA
4475,53,54,"CAMA NUBE 1,60","10/03/2026 CAMA EL SOL 1,60",Cama,EBANISTA WILMER MANO DE OBRA=,29,LAM MDF 9,,"1 PEDASO DE 1,50X40=60",140.0,,FORMULA
4476,53,54,"CAMA NUBE 1,60","10/03/2026 CAMA EL SOL 1,60",Cama,EBANISTA WILMER MANO DE OBRA=,30,COLBON,,litros,14000.0,0.0,FORMULA
4477,53,54,"CAMA NUBE 1,60","10/03/2026 CAMA EL SOL 1,60",Cama,EBANISTA WILMER MANO DE OBRA=,31,GRAPAS,,Unidad,600.0,0.0,FIJO
4478,53,54,"CAMA NUBE 1,60","10/03/2026 CAMA EL SOL 1,60",Cama,EBANISTA WILMER MANO DE OBRA=,32,CLAVILLOS N F 40,,TIRA,1000.0,0.0,FIJO
4479,53,54,"CAMA NUBE 1,60","10/03/2026 CAMA EL SOL 1,60",Cama,EBANISTA WILMER MANO DE OBRA=,33,HECHURA,,PAR,157500.0,0.0,FIJO
4480,53,54,"CAMA NUBE 1,60","10/03/2026 CAMA EL SOL 1,60",Cama,EBANISTA WILMER MANO DE OBRA=,34,"TORNILLOS DE 2""",,Unidad,100.0,0.0,FIJO
4481,53,54,"CAMA NUBE 1,60","10/03/2026 CAMA EL SOL 1,60",Cama,EBANISTA WILMER MANO DE OBRA=,37,gastos de Ebanisteria e 5%,,,,0.0,FORMULA
4482,53,54,"CAMA NUBE 1,60","10/03/2026 CAMA EL SOL 1,60",Cama,SECCION PINTURA Y PREPARADA DE NOCHERO,39,SECCION PINTURA Y PREPARADA,DE NOCHERO,,,,FORMULA
4483,53,54,"CAMA NUBE 1,60","10/03/2026 CAMA EL SOL 1,60",Cama,SECCION PINTURA Y PREPARADA DE NOCHERO,40,PREPARADO JOTA,,CON EL 5%,36750.0,0.0,FORMULA
4484,53,54,"CAMA NUBE 1,60","10/03/2026 CAMA EL SOL 1,60",Cama,SECCION PINTURA Y PREPARADA DE NOCHERO,41,PINTURA ALEX,,CON EL 5%,36750.0,0.0,FORMULA
4485,53,54,"CAMA NUBE 1,60","10/03/2026 CAMA EL SOL 1,60",Cama,SECCION PINTURA Y PREPARADA DE NOCHERO,42,SELLADOR,,PISTOLADAS,18000.0,0.0,FORMULA
4486,53,54,"CAMA NUBE 1,60","10/03/2026 CAMA EL SOL 1,60",Cama,SECCION PINTURA Y PREPARADA DE NOCHERO,43,LIJA 400,,unidades,2000.0,0.0,FORMULA
4487,53,54,"CAMA NUBE 1,60","10/03/2026 CAMA EL SOL 1,60",Cama,SECCION PINTURA Y PREPARADA DE NOCHERO,44,NITRO,,galon,70000.0,0.0,FORMULA
4488,53,54,"CAMA NUBE 1,60","10/03/2026 CAMA EL SOL 1,60",Cama,SECCION PINTURA Y PREPARADA DE NOCHERO,45,VIDRIOS,,unidad,45000.0,0.0,FORMULA
4489,53,54,"CAMA NUBE 1,60","10/03/2026 CAMA EL SOL 1,60",Cama,SECCION PINTURA Y PREPARADA DE NOCHERO,46,TALCO,,unidad,2500.0,0.0,FORMULA
4490,53,54,"CAMA NUBE 1,60","10/03/2026 CAMA EL SOL 1,60",Cama,SECCION PINTURA Y PREPARADA DE NOCHERO,47,TINER,,GALON,34000.0,0.0,FORMULA
4491,53,54,"CAMA NUBE 1,60","10/03/2026 CAMA EL SOL 1,60",Cama,SECCION PINTURA Y PREPARADA DE NOCHERO,48,TOPES,,JALADORES,3000.0,0.0,FORMULA
4492,53,54,"CAMA NUBE 1,60","10/03/2026 CAMA EL SOL 1,60",Cama,SECCION PINTURA Y PREPARADA DE NOCHERO,49,BLANCO POLIURETANO,,PISTOLADA,57500.0,0.0,FORMULA
4493,53,54,"CAMA NUBE 1,60","10/03/2026 CAMA EL SOL 1,60",Cama,SECCION PINTURA Y PREPARADA DE NOCHERO,50,COLOR,,PISTOLADA,22000.0,0.0,FORMULA
4494,53,54,"CAMA NUBE 1,60","10/03/2026 CAMA EL SOL 1,60",Cama,SECCION PINTURA Y PREPARADA DE NOCHERO,51,ENCINA,,galon,160000.0,0.0,FORMULA
4495,53,54,"CAMA NUBE 1,60","10/03/2026 CAMA EL SOL 1,60",Cama,SECCION PINTURA Y PREPARADA DE NOCHERO,52,GASOLINA,,ML,4500.0,0.0,FORMULA
4496,53,54,"CAMA NUBE 1,60","10/03/2026 CAMA EL SOL 1,60",Cama,SECCION PINTURA Y PREPARADA DE NOCHERO,53,RESANE,,LITRO,20000.0,0.0,FORMULA
4497,53,54,"CAMA NUBE 1,60","10/03/2026 CAMA EL SOL 1,60",Cama,SECCION PINTURA Y PREPARADA DE NOCHERO,54,LACA S/M,,PISTOLADA,23000.0,0.0,FORMULA
4498,53,54,"CAMA NUBE 1,60","10/03/2026 CAMA EL SOL 1,60",Cama,SECCION PINTURA Y PREPARADA DE NOCHERO,56,Gastos de Pintura 10%,,,,0.0,FORMULA
4499,53,54,"CAMA NUBE 1,60","10/03/2026 CAMA EL SOL 1,60",Cama,SECCION PINTURA Y PREPARADA PATAS,58,SECCION PINTURA Y PREPARADA,PATAS ,,,,FORMULA
4500,53,54,"CAMA NUBE 1,60","10/03/2026 CAMA EL SOL 1,60",Cama,SECCION PINTURA Y PREPARADA PATAS,59,PREPARADO JOTA,8.0,CON EL 5%,1050.0,8400.0,FORMULA
4501,53,54,"CAMA NUBE 1,60","10/03/2026 CAMA EL SOL 1,60",Cama,SECCION PINTURA Y PREPARADA PATAS,60,PINTURA ALEX,8.0,CON EL 5%,2100.0,16800.0,FORMULA
4502,53,54,"CAMA NUBE 1,60","10/03/2026 CAMA EL SOL 1,60",Cama,SECCION PINTURA Y PREPARADA PATAS,61,PINTURA DE PATAS ALEX,,,2100.0,0.0,FIJO
4503,53,54,"CAMA NUBE 1,60","10/03/2026 CAMA EL SOL 1,60",Cama,SECCION PINTURA Y PREPARADA PATAS,62,SELLADOR,0.3,PISTOLADAS,18000.0,5400.0,VOLUMEN
4504,53,54,"CAMA NUBE 1,60","10/03/2026 CAMA EL SOL 1,60",Cama,SECCION PINTURA Y PREPARADA PATAS,63,LIJA 400,,unidades,2000.0,0.0,FORMULA
4505,53,54,"CAMA NUBE 1,60","10/03/2026 CAMA EL SOL 1,60",Cama,SECCION PINTURA Y PREPARADA PATAS,64,NITRO,,galon,,0.0,FORMULA
4506,53,54,"CAMA NUBE 1,60","10/03/2026 CAMA EL SOL 1,60",Cama,SECCION PINTURA Y PREPARADA PATAS,65,lija 220,0.5,unidad,2000.0,1000.0,FORMULA
4507,53,54,"CAMA NUBE 1,60","10/03/2026 CAMA EL SOL 1,60",Cama,SECCION PINTURA Y PREPARADA PATAS,66,lija 120,,unidad,2000.0,0.0,FORMULA
4508,53,54,"CAMA NUBE 1,60","10/03/2026 CAMA EL SOL 1,60",Cama,SECCION PINTURA Y PREPARADA PATAS,67,LACA SEMIMATE,0.5,GALON,23000.0,11500.0,VOLUMEN
4509,53,54,"CAMA NUBE 1,60","10/03/2026 CAMA EL SOL 1,60",Cama,SECCION PINTURA Y PREPARADA PATAS,68,kerosen,,litro,18000.0,0.0,FORMULA
4510,53,54,"CAMA NUBE 1,60","10/03/2026 CAMA EL SOL 1,60",Cama,SECCION PINTURA Y PREPARADA PATAS,69,COLOR,0.5,PISTOLADA,22000.0,11000.0,VOLUMEN
4511,53,54,"CAMA NUBE 1,60","10/03/2026 CAMA EL SOL 1,60",Cama,SECCION PINTURA Y PREPARADA PATAS,70,TINTE MIEL,,galon,,0.0,FORMULA
4512,53,54,"CAMA NUBE 1,60","10/03/2026 CAMA EL SOL 1,60",Cama,SECCION PINTURA Y PREPARADA PATAS,71,GASOLINA,,LITRO,4.5,0.0,FORMULA
4513,53,54,"CAMA NUBE 1,60","10/03/2026 CAMA EL SOL 1,60",Cama,SECCION PINTURA Y PREPARADA PATAS,72,RESANE,,LITRO,23000.0,0.0,FORMULA
4514,53,54,"CAMA NUBE 1,60","10/03/2026 CAMA EL SOL 1,60",Cama,SECCION PINTURA Y PREPARADA PATAS,73,LACA BRILLANTE,,PISTOLADA,23000.0,0.0,FORMULA
4515,53,54,"CAMA NUBE 1,60","10/03/2026 CAMA EL SOL 1,60",Cama,SECCION PINTURA Y PREPARADA PATAS,75,Gastos de Pintura 10%,,,,5410.0,FORMULA
4516,53,54,"CAMA NUBE 1,60","10/03/2026 CAMA EL SOL 1,60",Cama,SECCION TERMINACION,78,TOMAS NEGROS,,UNIDAD,10500.0,0.0,FORMULA
4517,53,54,"CAMA NUBE 1,60","10/03/2026 CAMA EL SOL 1,60",Cama,SECCION TERMINACION,79,REGLETA ANCHA,,UNIDAD,20000.0,0.0,FORMULA
4518,53,54,"CAMA NUBE 1,60","10/03/2026 CAMA EL SOL 1,60",Cama,SECCION TERMINACION,80,REGLETA DELGADA,,UNIDAD,20000.0,0.0,FORMULA
4519,53,54,"CAMA NUBE 1,60","10/03/2026 CAMA EL SOL 1,60",Cama,SECCION TERMINACION,81,LAMPARAS DE LUZ,,UNIDADES,100000.0,0.0,FORMULA
4520,53,54,"CAMA NUBE 1,60","10/03/2026 CAMA EL SOL 1,60",Cama,SECCION TERMINACION,82,CABLE DE 12,,METROS,3000.0,0.0,FORMULA
4521,53,54,"CAMA NUBE 1,60","10/03/2026 CAMA EL SOL 1,60",Cama,SECCION TERMINACION,83,APAGADORES,,PAR,1500.0,0.0,FORMULA
4522,53,54,"CAMA NUBE 1,60","10/03/2026 CAMA EL SOL 1,60",Cama,SECCION TERMINACION,84,ENCHUFLES BLANCO MACHO,,UNIDADES,2000.0,0.0,FORMULA
4523,53,54,"CAMA NUBE 1,60","10/03/2026 CAMA EL SOL 1,60",Cama,SECCION TERMINACION,85,HERRAJES DE CAMA,,PAR,160000.0,0.0,FORMULA
4524,53,54,"CAMA NUBE 1,60","10/03/2026 CAMA EL SOL 1,60",Cama,SECCION TERMINACION,86,JALADORES,,UNIDAD,26800.0,0.0,FIJO
4525,53,54,"CAMA NUBE 1,60","10/03/2026 CAMA EL SOL 1,60",Cama,SECCION TERMINACION,87,MULTIUSOS,,UNIDADES,3000.0,0.0,FORMULA
4526,53,54,"CAMA NUBE 1,60","10/03/2026 CAMA EL SOL 1,60",Cama,SECCION TERMINACION,88,CORREDERAS,,unidades,8000.0,0.0,FIJO
4527,53,54,"CAMA NUBE 1,60","10/03/2026 CAMA EL SOL 1,60",Cama,SECCION TERMINACION,89,EMBALADA,1.0,unidades,150000.0,150000.0,FIJO
4528,53,54,"CAMA NUBE 1,60","10/03/2026 CAMA EL SOL 1,60",Cama,SECCION TERMINACION,92,SECCION TENDIDO,,,,0.0,FORMULA
4529,53,54,"CAMA NUBE 1,60","10/03/2026 CAMA EL SOL 1,60",Cama,SECCION TERMINACION,93,MADERA 60X1X4,,APAMATE,140.0,0.0,FORMULA
4530,53,54,"CAMA NUBE 1,60","10/03/2026 CAMA EL SOL 1,60",Cama,SECCION TERMINACION,94,PEOPE,,,3500.0,0.0,FORMULA
4531,53,54,"CAMA NUBE 1,60","10/03/2026 CAMA EL SOL 1,60",Cama,SECCION TERMINACION,96,GRAPAS,,CAJA,12000.0,0.0,FIJO
4532,53,54,"CAMA NUBE 1,60","10/03/2026 CAMA EL SOL 1,60",Cama,SECCION TERMINACION,97,MDF DE 9,,LAMINA,140000.0,0.0,FORMULA
4533,53,54,"CAMA NUBE 1,60","10/03/2026 CAMA EL SOL 1,60",Cama,SECCION TERMINACION,98,COLBON,,LITRO,14000.0,0.0,FORMULA
4534,53,54,"CAMA NUBE 1,60","10/03/2026 CAMA EL SOL 1,60",Cama,SECCION TERMINACION,99,"TORNILLOS DE 2""",,UNIDAD,100.0,0.0,FIJO
4535,53,54,"CAMA NUBE 1,60","10/03/2026 CAMA EL SOL 1,60",Cama,SECCION TERMINACION,100,CLAVILLO,,TIRA,1000.0,0.0,FIJO
4536,53,54,"CAMA NUBE 1,60","10/03/2026 CAMA EL SOL 1,60",Cama,SECCION TERMINACION,101,HECHURA,,UNIDAD,63000.0,0.0,FIJO
4537,53,54,"CAMA NUBE 1,60","10/03/2026 CAMA EL SOL 1,60",Cama,SECCION TAPICERIA MANO DE OBRA=,104,SECCION TAPICERIA,,MANO DE OBRA=,,,FORMULA
4538,53,54,"CAMA NUBE 1,60","10/03/2026 CAMA EL SOL 1,60",Cama,SECCION TAPICERIA MANO DE OBRA=,105,TELA GRIS SIN NOMBRE,11.0,METROS,0.0,0.0,AREA
4539,53,54,"CAMA NUBE 1,60","10/03/2026 CAMA EL SOL 1,60",Cama,SECCION TAPICERIA MANO DE OBRA=,106,"ESPUMA 1"" ROSADA",,LAMINA,25125.0,0.0,FORMULA
4540,53,54,"CAMA NUBE 1,60","10/03/2026 CAMA EL SOL 1,60",Cama,SECCION TAPICERIA MANO DE OBRA=,107,GRAPAS,0.75,CAJA DE GRAPAS,12000.0,9000.0,ESPACIADO
4541,53,54,"CAMA NUBE 1,60","10/03/2026 CAMA EL SOL 1,60",Cama,SECCION TAPICERIA MANO DE OBRA=,108,PATAS L PLATEADAS,,UNIDADES,8000.0,0.0,FIJO
4542,53,54,"CAMA NUBE 1,60","10/03/2026 CAMA EL SOL 1,60",Cama,SECCION TAPICERIA MANO DE OBRA=,109,TORNILLOS,,UNIDADES,100.0,0.0,FIJO
4543,53,54,"CAMA NUBE 1,60","10/03/2026 CAMA EL SOL 1,60",Cama,SECCION TAPICERIA MANO DE OBRA=,110,ESPUMA DE 1 1/2'' ROSADA,1.5,UNIDADES,30000.0,45000.0,AREA
4544,53,54,"CAMA NUBE 1,60","10/03/2026 CAMA EL SOL 1,60",Cama,SECCION TAPICERIA MANO DE OBRA=,111,ESPUMA 2 AZUL,2.5,LAMINA,41000.0,102500.0,AREA
4545,53,54,"CAMA NUBE 1,60","10/03/2026 CAMA EL SOL 1,60",Cama,SECCION TAPICERIA MANO DE OBRA=,112,ESPUMA 1 1/2'' AZUL,,MTS,30000.0,0.0,FORMULA
4546,53,54,"CAMA NUBE 1,60","10/03/2026 CAMA EL SOL 1,60",Cama,SECCION TAPICERIA MANO DE OBRA=,113,COSTAL,2.0,METROS,4000.0,8000.0,AREA
4547,53,54,"CAMA NUBE 1,60","10/03/2026 CAMA EL SOL 1,60",Cama,SECCION TAPICERIA MANO DE OBRA=,114,HILO,,UNIDAD,28000.0,0.0,FORMULA
4548,53,54,"CAMA NUBE 1,60","10/03/2026 CAMA EL SOL 1,60",Cama,SECCION TAPICERIA MANO DE OBRA=,115,CABULLA,,,18000.0,0.0,FORMULA
4549,53,54,"CAMA NUBE 1,60","10/03/2026 CAMA EL SOL 1,60",Cama,SECCION TAPICERIA MANO DE OBRA=,116,CANAMO,,ROLLO,12000.0,0.0,FORMULA
4550,53,54,"CAMA NUBE 1,60","10/03/2026 CAMA EL SOL 1,60",Cama,SECCION TAPICERIA MANO DE OBRA=,117,SUPER,1.0,LITRO,19000.0,19000.0,VOLUMEN
4551,53,54,"CAMA NUBE 1,60","10/03/2026 CAMA EL SOL 1,60",Cama,SECCION TAPICERIA MANO DE OBRA=,118,CARTON,,UNIDADES,5000.0,0.0,FORMULA
4552,53,54,"CAMA NUBE 1,60","10/03/2026 CAMA EL SOL 1,60",Cama,SECCION TAPICERIA MANO DE OBRA=,119,HECHURA,,CAMA,210000.0,0.0,FIJO
4553,53,54,"CAMA NUBE 1,60","10/03/2026 CAMA EL SOL 1,60",Cama,SECCION TAPICERIA MANO DE OBRA=,120,LENCILLO,,METROS,3500.0,0.0,FORMULA
4554,54,55,"CAMA MANANTIAL 1,60",10/03/2026 CAMA MANANTIAL EL SOL 2*2,Cama,EBANISTA WILMER MANO DE OBRA=,9,MADERA,533.0,APAMATE,140.0,74620.0,FORMULA
4555,54,55,"CAMA MANANTIAL 1,60",10/03/2026 CAMA MANANTIAL EL SOL 2*2,Cama,EBANISTA WILMER MANO DE OBRA=,10,"MDF DE 2,7""",1.25,LAMINA,68000.0,85000.0,AREA
4556,54,55,"CAMA MANANTIAL 1,60",10/03/2026 CAMA MANANTIAL EL SOL 2*2,Cama,EBANISTA WILMER MANO DE OBRA=,11,"MDF 2,7",,LAMINA,68000.0,0.0,FORMULA
4557,54,55,"CAMA MANANTIAL 1,60",10/03/2026 CAMA MANANTIAL EL SOL 2*2,Cama,EBANISTA WILMER MANO DE OBRA=,12,LAMINA DE 15,0.5,LAMINA,220000.0,110000.0,AREA
4558,54,55,"CAMA MANANTIAL 1,60",10/03/2026 CAMA MANANTIAL EL SOL 2*2,Cama,EBANISTA WILMER MANO DE OBRA=,13,TABLA,0.5,3*21*25,31500.0,15750.0,FORMULA
4559,54,55,"CAMA MANANTIAL 1,60",10/03/2026 CAMA MANANTIAL EL SOL 2*2,Cama,EBANISTA WILMER MANO DE OBRA=,14,TABLA,0.5,"30*2,5*3",46500.0,23250.0,FORMULA
4560,54,55,"CAMA MANANTIAL 1,60",10/03/2026 CAMA MANANTIAL EL SOL 2*2,Cama,EBANISTA WILMER MANO DE OBRA=,15,TABLA,0.25,"29*2,5*2",31000.0,7750.0,FORMULA
4561,54,55,"CAMA MANANTIAL 1,60",10/03/2026 CAMA MANANTIAL EL SOL 2*2,Cama,EBANISTA WILMER MANO DE OBRA=,16,COLBON,1.0,LITRO,14000.0,14000.0,VOLUMEN
4562,54,55,"CAMA MANANTIAL 1,60",10/03/2026 CAMA MANANTIAL EL SOL 2*2,Cama,EBANISTA WILMER MANO DE OBRA=,17,GRAPAS,0.5,CAJA,12000.0,6000.0,ESPACIADO
4563,54,55,"CAMA MANANTIAL 1,60",10/03/2026 CAMA MANANTIAL EL SOL 2*2,Cama,EBANISTA WILMER MANO DE OBRA=,18,GANCHOS,,PAR,20000.0,0.0,FIJO
4564,54,55,"CAMA MANANTIAL 1,60",10/03/2026 CAMA MANANTIAL EL SOL 2*2,Cama,EBANISTA WILMER MANO DE OBRA=,19,F40,9.0,TIRAS,1000.0,9000.0,FORMULA
4565,54,55,"CAMA MANANTIAL 1,60",10/03/2026 CAMA MANANTIAL EL SOL 2*2,Cama,EBANISTA WILMER MANO DE OBRA=,20,"TORNILLOS DE 1"" 1/2",50.0,Unidad,100.0,5000.0,ESPACIADO
4566,54,55,"CAMA MANANTIAL 1,60",10/03/2026 CAMA MANANTIAL EL SOL 2*2,Cama,EBANISTA WILMER MANO DE OBRA=,21,ebanisteria 300.000 x 5% de m.o,,,,315000.0,FORMULA
4567,54,55,"CAMA MANANTIAL 1,60",10/03/2026 CAMA MANANTIAL EL SOL 2*2,Cama,EBANISTA WILMER MANO DE OBRA=,23,gastos de Ebanisteria e 10%,,,,66537.0,FORMULA
4568,54,55,"CAMA MANANTIAL 1,60",10/03/2026 CAMA MANANTIAL EL SOL 2*2,Cama,EBANISTA WILMER MANO DE OBRA=,27,CORREDERAS 35 NORMAL,,PAR,250000.0,0.0,FIJO
4569,54,55,"CAMA MANANTIAL 1,60",10/03/2026 CAMA MANANTIAL EL SOL 2*2,Cama,EBANISTA WILMER MANO DE OBRA=,28,CORREDERAS,,1 PEDAZO DE 1.00X46=46,15000.0,0.0,FIJO
4570,54,55,"CAMA MANANTIAL 1,60",10/03/2026 CAMA MANANTIAL EL SOL 2*2,Cama,EBANISTA WILMER MANO DE OBRA=,29,LAM MDF 5,,1 PEDASO DE 1.50X40=60,130000.0,0.0,FORMULA
4571,54,55,"CAMA MANANTIAL 1,60",10/03/2026 CAMA MANANTIAL EL SOL 2*2,Cama,EBANISTA WILMER MANO DE OBRA=,30,LAM MDF 9,,"1 PEDASO DE 1,50X40=60",140.0,,FORMULA
4572,54,55,"CAMA MANANTIAL 1,60",10/03/2026 CAMA MANANTIAL EL SOL 2*2,Cama,EBANISTA WILMER MANO DE OBRA=,31,COLBON,,litros,14000.0,0.0,FORMULA
4573,54,55,"CAMA MANANTIAL 1,60",10/03/2026 CAMA MANANTIAL EL SOL 2*2,Cama,EBANISTA WILMER MANO DE OBRA=,32,GRAPAS,,Unidad,600.0,0.0,FIJO
4574,54,55,"CAMA MANANTIAL 1,60",10/03/2026 CAMA MANANTIAL EL SOL 2*2,Cama,EBANISTA WILMER MANO DE OBRA=,33,CLAVILLOS N F 40,,TIRA,1000.0,0.0,FIJO
4575,54,55,"CAMA MANANTIAL 1,60",10/03/2026 CAMA MANANTIAL EL SOL 2*2,Cama,EBANISTA WILMER MANO DE OBRA=,34,HECHURA,,PAR,157500.0,0.0,FIJO
4576,54,55,"CAMA MANANTIAL 1,60",10/03/2026 CAMA MANANTIAL EL SOL 2*2,Cama,EBANISTA WILMER MANO DE OBRA=,35,"TORNILLOS DE 2""",,Unidad,100.0,0.0,FIJO
4577,54,55,"CAMA MANANTIAL 1,60",10/03/2026 CAMA MANANTIAL EL SOL 2*2,Cama,EBANISTA WILMER MANO DE OBRA=,38,gastos de Ebanisteria e 5%,,,,0.0,FORMULA
4578,54,55,"CAMA MANANTIAL 1,60",10/03/2026 CAMA MANANTIAL EL SOL 2*2,Cama,SECCION PINTURA Y PREPARADA DE NOCHERO,40,SECCION PINTURA Y PREPARADA,DE NOCHERO,,,,FORMULA
4579,54,55,"CAMA MANANTIAL 1,60",10/03/2026 CAMA MANANTIAL EL SOL 2*2,Cama,SECCION PINTURA Y PREPARADA DE NOCHERO,41,PREPARADO JOTA,2.0,CON EL 5%,36750.0,73500.0,FORMULA
4580,54,55,"CAMA MANANTIAL 1,60",10/03/2026 CAMA MANANTIAL EL SOL 2*2,Cama,SECCION PINTURA Y PREPARADA DE NOCHERO,42,PINTURA ALEX,2.0,CON EL 5%,36750.0,73500.0,FORMULA
4581,54,55,"CAMA MANANTIAL 1,60",10/03/2026 CAMA MANANTIAL EL SOL 2*2,Cama,SECCION PINTURA Y PREPARADA DE NOCHERO,43,SELLADOR,4.0,PISTOLADAS,18000.0,72000.0,VOLUMEN
4582,54,55,"CAMA MANANTIAL 1,60",10/03/2026 CAMA MANANTIAL EL SOL 2*2,Cama,SECCION PINTURA Y PREPARADA DE NOCHERO,44,LIJA 120,1.0,unidades,2000.0,2000.0,FIJO
4583,54,55,"CAMA MANANTIAL 1,60",10/03/2026 CAMA MANANTIAL EL SOL 2*2,Cama,SECCION PINTURA Y PREPARADA DE NOCHERO,45,LIJA 150,0.5,UNIDAD,200.0,100.0,FORMULA
4584,54,55,"CAMA MANANTIAL 1,60",10/03/2026 CAMA MANANTIAL EL SOL 2*2,Cama,SECCION PINTURA Y PREPARADA DE NOCHERO,46,VIDRIOS,,unidad,2000.0,0.0,FORMULA
4585,54,55,"CAMA MANANTIAL 1,60",10/03/2026 CAMA MANANTIAL EL SOL 2*2,Cama,SECCION PINTURA Y PREPARADA DE NOCHERO,47,TALCO,,unidad,2500.0,0.0,FORMULA
4586,54,55,"CAMA MANANTIAL 1,60",10/03/2026 CAMA MANANTIAL EL SOL 2*2,Cama,SECCION PINTURA Y PREPARADA DE NOCHERO,48,TINER,,GALON,34000.0,0.0,FORMULA
4587,54,55,"CAMA MANANTIAL 1,60",10/03/2026 CAMA MANANTIAL EL SOL 2*2,Cama,SECCION PINTURA Y PREPARADA DE NOCHERO,49,TOPES,,JALADORES,3000.0,0.0,FORMULA
4588,54,55,"CAMA MANANTIAL 1,60",10/03/2026 CAMA MANANTIAL EL SOL 2*2,Cama,SECCION PINTURA Y PREPARADA DE NOCHERO,50,BLANCO POLIURETANO,,PISTOLADA,57500.0,0.0,FORMULA
4589,54,55,"CAMA MANANTIAL 1,60",10/03/2026 CAMA MANANTIAL EL SOL 2*2,Cama,SECCION PINTURA Y PREPARADA DE NOCHERO,51,COLOR,,PISTOLADA,22000.0,0.0,FORMULA
4590,54,55,"CAMA MANANTIAL 1,60",10/03/2026 CAMA MANANTIAL EL SOL 2*2,Cama,SECCION PINTURA Y PREPARADA DE NOCHERO,52,ENCINA,,galon,160000.0,0.0,FORMULA
4591,54,55,"CAMA MANANTIAL 1,60",10/03/2026 CAMA MANANTIAL EL SOL 2*2,Cama,SECCION PINTURA Y PREPARADA DE NOCHERO,53,GASOLINA,,ML,4500.0,0.0,FORMULA
4592,54,55,"CAMA MANANTIAL 1,60",10/03/2026 CAMA MANANTIAL EL SOL 2*2,Cama,SECCION PINTURA Y PREPARADA DE NOCHERO,54,RESANE,,LITRO,20000.0,0.0,FORMULA
4593,54,55,"CAMA MANANTIAL 1,60",10/03/2026 CAMA MANANTIAL EL SOL 2*2,Cama,SECCION PINTURA Y PREPARADA DE NOCHERO,55,LACA S/M,,PISTOLADA,23000.0,0.0,FORMULA
4594,54,55,"CAMA MANANTIAL 1,60",10/03/2026 CAMA MANANTIAL EL SOL 2*2,Cama,SECCION PINTURA Y PREPARADA DE NOCHERO,57,Gastos de Pintura 10%,,,,22110.0,FORMULA
4595,54,55,"CAMA MANANTIAL 1,60",10/03/2026 CAMA MANANTIAL EL SOL 2*2,Cama,SECCION PINTURA Y PREPARADA PATAS,59,SECCION PINTURA Y PREPARADA,PATAS ,,,,FORMULA
4596,54,55,"CAMA MANANTIAL 1,60",10/03/2026 CAMA MANANTIAL EL SOL 2*2,Cama,SECCION PINTURA Y PREPARADA PATAS,60,PREPARADO JOTA,4.0,CON EL 5%,1050.0,4200.0,FORMULA
4597,54,55,"CAMA MANANTIAL 1,60",10/03/2026 CAMA MANANTIAL EL SOL 2*2,Cama,SECCION PINTURA Y PREPARADA PATAS,61,PINTURA ALEX,4.0,CON EL 5%,2100.0,8400.0,FORMULA
4598,54,55,"CAMA MANANTIAL 1,60",10/03/2026 CAMA MANANTIAL EL SOL 2*2,Cama,SECCION PINTURA Y PREPARADA PATAS,62,PINTURA DE PATAS ALEX,,,2100.0,0.0,FIJO
4599,54,55,"CAMA MANANTIAL 1,60",10/03/2026 CAMA MANANTIAL EL SOL 2*2,Cama,SECCION PINTURA Y PREPARADA PATAS,63,SELLADOR,0.2,PISTOLADAS,18000.0,3600.0,VOLUMEN
4600,54,55,"CAMA MANANTIAL 1,60",10/03/2026 CAMA MANANTIAL EL SOL 2*2,Cama,SECCION PINTURA Y PREPARADA PATAS,64,LIJA 400,,unidades,2000.0,0.0,FORMULA
4601,54,55,"CAMA MANANTIAL 1,60",10/03/2026 CAMA MANANTIAL EL SOL 2*2,Cama,SECCION PINTURA Y PREPARADA PATAS,65,NITRO,,galon,,0.0,FORMULA
4602,54,55,"CAMA MANANTIAL 1,60",10/03/2026 CAMA MANANTIAL EL SOL 2*2,Cama,SECCION PINTURA Y PREPARADA PATAS,66,lija 220,0.5,unidad,2000.0,1000.0,FORMULA
4603,54,55,"CAMA MANANTIAL 1,60",10/03/2026 CAMA MANANTIAL EL SOL 2*2,Cama,SECCION PINTURA Y PREPARADA PATAS,67,lija 120,,unidad,2000.0,0.0,FORMULA
4604,54,55,"CAMA MANANTIAL 1,60",10/03/2026 CAMA MANANTIAL EL SOL 2*2,Cama,SECCION PINTURA Y PREPARADA PATAS,68,LACA SEMIMATE,0.2,GALON,23000.0,4600.0,VOLUMEN
4605,54,55,"CAMA MANANTIAL 1,60",10/03/2026 CAMA MANANTIAL EL SOL 2*2,Cama,SECCION PINTURA Y PREPARADA PATAS,69,kerosen,,litro,18000.0,0.0,FORMULA
4606,54,55,"CAMA MANANTIAL 1,60",10/03/2026 CAMA MANANTIAL EL SOL 2*2,Cama,SECCION PINTURA Y PREPARADA PATAS,70,COLOR,0.25,PISTOLADA,22000.0,5500.0,VOLUMEN
4607,54,55,"CAMA MANANTIAL 1,60",10/03/2026 CAMA MANANTIAL EL SOL 2*2,Cama,SECCION PINTURA Y PREPARADA PATAS,71,TINTE MIEL,,galon,,0.0,FORMULA
4608,54,55,"CAMA MANANTIAL 1,60",10/03/2026 CAMA MANANTIAL EL SOL 2*2,Cama,SECCION PINTURA Y PREPARADA PATAS,72,GASOLINA,,LITRO,4.5,0.0,FORMULA
4609,54,55,"CAMA MANANTIAL 1,60",10/03/2026 CAMA MANANTIAL EL SOL 2*2,Cama,SECCION PINTURA Y PREPARADA PATAS,73,RESANE,0.5,LITRO,23000.0,11500.0,VOLUMEN
4610,54,55,"CAMA MANANTIAL 1,60",10/03/2026 CAMA MANANTIAL EL SOL 2*2,Cama,SECCION PINTURA Y PREPARADA PATAS,74,LACA BRILLANTE,,PISTOLADA,23000.0,0.0,FORMULA
4611,54,55,"CAMA MANANTIAL 1,60",10/03/2026 CAMA MANANTIAL EL SOL 2*2,Cama,SECCION PINTURA Y PREPARADA PATAS,76,Gastos de Pintura 10%,,,,3880.0,FORMULA
4612,54,55,"CAMA MANANTIAL 1,60",10/03/2026 CAMA MANANTIAL EL SOL 2*2,Cama,SECCION TERMINACION,79,TOMAS NEGROS,,UNIDAD,10500.0,0.0,FORMULA
4613,54,55,"CAMA MANANTIAL 1,60",10/03/2026 CAMA MANANTIAL EL SOL 2*2,Cama,SECCION TERMINACION,80,REGLETA ANCHA,,UNIDAD,20000.0,0.0,FORMULA
4614,54,55,"CAMA MANANTIAL 1,60",10/03/2026 CAMA MANANTIAL EL SOL 2*2,Cama,SECCION TERMINACION,81,REGLETA DELGADA,,UNIDAD,20000.0,0.0,FORMULA
4615,54,55,"CAMA MANANTIAL 1,60",10/03/2026 CAMA MANANTIAL EL SOL 2*2,Cama,SECCION TERMINACION,82,LAMPARAS DE LUZ,,UNIDADES,100000.0,0.0,FORMULA
4616,54,55,"CAMA MANANTIAL 1,60",10/03/2026 CAMA MANANTIAL EL SOL 2*2,Cama,SECCION TERMINACION,83,CABLE DE 12,,METROS,3000.0,0.0,FORMULA
4617,54,55,"CAMA MANANTIAL 1,60",10/03/2026 CAMA MANANTIAL EL SOL 2*2,Cama,SECCION TERMINACION,84,APAGADORES,,PAR,1500.0,0.0,FORMULA
4618,54,55,"CAMA MANANTIAL 1,60",10/03/2026 CAMA MANANTIAL EL SOL 2*2,Cama,SECCION TERMINACION,85,ENCHUFLES BLANCO MACHO,,UNIDADES,2000.0,0.0,FORMULA
4619,54,55,"CAMA MANANTIAL 1,60",10/03/2026 CAMA MANANTIAL EL SOL 2*2,Cama,SECCION TERMINACION,86,HERRAJES DE CAMA,,PAR,160000.0,0.0,FORMULA
4620,54,55,"CAMA MANANTIAL 1,60",10/03/2026 CAMA MANANTIAL EL SOL 2*2,Cama,SECCION TERMINACION,87,JALADORES,,UNIDAD,26800.0,0.0,FIJO
4621,54,55,"CAMA MANANTIAL 1,60",10/03/2026 CAMA MANANTIAL EL SOL 2*2,Cama,SECCION TERMINACION,88,MULTIUSOS,,UNIDADES,3000.0,0.0,FORMULA
4622,54,55,"CAMA MANANTIAL 1,60",10/03/2026 CAMA MANANTIAL EL SOL 2*2,Cama,SECCION TERMINACION,89,CORREDERAS,,unidades,8000.0,0.0,FIJO
4623,54,55,"CAMA MANANTIAL 1,60",10/03/2026 CAMA MANANTIAL EL SOL 2*2,Cama,SECCION TERMINACION,90,EMBALADA,,unidades,150000.0,0.0,FORMULA
4624,54,55,"CAMA MANANTIAL 1,60",10/03/2026 CAMA MANANTIAL EL SOL 2*2,Cama,SECCION TERMINACION,93,SECCION TENDIDO,,,,0.0,FORMULA
4625,54,55,"CAMA MANANTIAL 1,60",10/03/2026 CAMA MANANTIAL EL SOL 2*2,Cama,SECCION TERMINACION,94,MADERA 60X1X4,,APAMATE,140.0,0.0,FORMULA
4626,54,55,"CAMA MANANTIAL 1,60",10/03/2026 CAMA MANANTIAL EL SOL 2*2,Cama,SECCION TERMINACION,95,PEOPE,,,3500.0,0.0,FORMULA
4627,54,55,"CAMA MANANTIAL 1,60",10/03/2026 CAMA MANANTIAL EL SOL 2*2,Cama,SECCION TERMINACION,97,GRAPAS,,CAJA,12000.0,0.0,FIJO
4628,54,55,"CAMA MANANTIAL 1,60",10/03/2026 CAMA MANANTIAL EL SOL 2*2,Cama,SECCION TERMINACION,98,MDF DE 9,,LAMINA,140000.0,0.0,FORMULA
4629,54,55,"CAMA MANANTIAL 1,60",10/03/2026 CAMA MANANTIAL EL SOL 2*2,Cama,SECCION TERMINACION,99,COLBON,,LITRO,14000.0,0.0,FORMULA
4630,54,55,"CAMA MANANTIAL 1,60",10/03/2026 CAMA MANANTIAL EL SOL 2*2,Cama,SECCION TERMINACION,100,"TORNILLOS DE 2""",,UNIDAD,100.0,0.0,FIJO
4631,54,55,"CAMA MANANTIAL 1,60",10/03/2026 CAMA MANANTIAL EL SOL 2*2,Cama,SECCION TERMINACION,101,CLAVILLO,,TIRA,1000.0,0.0,FIJO
4632,54,55,"CAMA MANANTIAL 1,60",10/03/2026 CAMA MANANTIAL EL SOL 2*2,Cama,SECCION TERMINACION,102,HECHURA,,UNIDAD,63000.0,0.0,FIJO
4633,54,55,"CAMA MANANTIAL 1,60",10/03/2026 CAMA MANANTIAL EL SOL 2*2,Cama,SECCION TAPICERIA MANO DE OBRA=,105,SECCION TAPICERIA,,MANO DE OBRA=,,,FORMULA
4634,54,55,"CAMA MANANTIAL 1,60",10/03/2026 CAMA MANANTIAL EL SOL 2*2,Cama,SECCION TAPICERIA MANO DE OBRA=,106,TELA DIVERSA,,METROS,14500.0,0.0,FORMULA
4635,54,55,"CAMA MANANTIAL 1,60",10/03/2026 CAMA MANANTIAL EL SOL 2*2,Cama,SECCION TAPICERIA MANO DE OBRA=,107,"ESPUMA 1"" ROSADA",,LAMINA,25125.0,0.0,FORMULA
4636,54,55,"CAMA MANANTIAL 1,60",10/03/2026 CAMA MANANTIAL EL SOL 2*2,Cama,SECCION TAPICERIA MANO DE OBRA=,108,GRAPAS,,CAJA DE GRAPAS,12000.0,0.0,FIJO
4637,54,55,"CAMA MANANTIAL 1,60",10/03/2026 CAMA MANANTIAL EL SOL 2*2,Cama,SECCION TAPICERIA MANO DE OBRA=,109,PATAS L PLATEADAS,,UNIDADES,8000.0,0.0,FIJO
4638,54,55,"CAMA MANANTIAL 1,60",10/03/2026 CAMA MANANTIAL EL SOL 2*2,Cama,SECCION TAPICERIA MANO DE OBRA=,110,TORNILLOS,,UNIDADES,100.0,0.0,FIJO
4639,54,55,"CAMA MANANTIAL 1,60",10/03/2026 CAMA MANANTIAL EL SOL 2*2,Cama,SECCION TAPICERIA MANO DE OBRA=,111,ESPUMA DE 1 1/2'' ROSADA,,UNIDADES,30000.0,0.0,FORMULA
4640,54,55,"CAMA MANANTIAL 1,60",10/03/2026 CAMA MANANTIAL EL SOL 2*2,Cama,SECCION TAPICERIA MANO DE OBRA=,112,ESPUMA 2 AZUL,,LAMINA,41000.0,0.0,FORMULA
4641,54,55,"CAMA MANANTIAL 1,60",10/03/2026 CAMA MANANTIAL EL SOL 2*2,Cama,SECCION TAPICERIA MANO DE OBRA=,113,ESPUMA 1 1/2'' AZUL,,MTS,30000.0,0.0,FORMULA
4642,54,55,"CAMA MANANTIAL 1,60",10/03/2026 CAMA MANANTIAL EL SOL 2*2,Cama,SECCION TAPICERIA MANO DE OBRA=,114,COSTAL,,METROS,4000.0,0.0,FORMULA
4643,54,55,"CAMA MANANTIAL 1,60",10/03/2026 CAMA MANANTIAL EL SOL 2*2,Cama,SECCION TAPICERIA MANO DE OBRA=,115,HILO,,UNIDAD,28000.0,0.0,FORMULA
4644,54,55,"CAMA MANANTIAL 1,60",10/03/2026 CAMA MANANTIAL EL SOL 2*2,Cama,SECCION TAPICERIA MANO DE OBRA=,116,CABULLA,,,18000.0,0.0,FORMULA
4645,54,55,"CAMA MANANTIAL 1,60",10/03/2026 CAMA MANANTIAL EL SOL 2*2,Cama,SECCION TAPICERIA MANO DE OBRA=,117,CANAMO,,ROLLO,12000.0,0.0,FORMULA
4646,54,55,"CAMA MANANTIAL 1,60",10/03/2026 CAMA MANANTIAL EL SOL 2*2,Cama,SECCION TAPICERIA MANO DE OBRA=,118,SUPER SPRAY,,LITRO,19000.0,0.0,FORMULA
4647,54,55,"CAMA MANANTIAL 1,60",10/03/2026 CAMA MANANTIAL EL SOL 2*2,Cama,SECCION TAPICERIA MANO DE OBRA=,119,CARTON,,UNIDADES,5000.0,0.0,FORMULA
4648,54,55,"CAMA MANANTIAL 1,60",10/03/2026 CAMA MANANTIAL EL SOL 2*2,Cama,SECCION TAPICERIA MANO DE OBRA=,120,HECHURA,,CAMA,210000.0,0.0,FIJO
4649,54,55,"CAMA MANANTIAL 1,60",10/03/2026 CAMA MANANTIAL EL SOL 2*2,Cama,SECCION TAPICERIA MANO DE OBRA=,121,LENCILLO,,METROS,3500.0,0.0,FORMULA
4650,55,56,CAMA MANANTIAL 2 2,10/03/2026 CAMA MANANTIAL EL SOL 2*2,Cama,EBANISTA WILMER MANO DE OBRA=,9,MADERA,530.0,APAMATE,140.0,74200.0,FORMULA
4651,55,56,CAMA MANANTIAL 2 2,10/03/2026 CAMA MANANTIAL EL SOL 2*2,Cama,EBANISTA WILMER MANO DE OBRA=,10,"MDF DE 2,7""",1.25,LAMINA,68000.0,85000.0,AREA
4652,55,56,CAMA MANANTIAL 2 2,10/03/2026 CAMA MANANTIAL EL SOL 2*2,Cama,EBANISTA WILMER MANO DE OBRA=,11,LAMINA DE 15,0.5,LAMINA,220000.0,110000.0,AREA
4653,55,56,CAMA MANANTIAL 2 2,10/03/2026 CAMA MANANTIAL EL SOL 2*2,Cama,EBANISTA WILMER MANO DE OBRA=,12,TABLA,0.5,3*21*25,31500.0,15750.0,FORMULA
4654,55,56,CAMA MANANTIAL 2 2,10/03/2026 CAMA MANANTIAL EL SOL 2*2,Cama,EBANISTA WILMER MANO DE OBRA=,13,TABLA,0.5,"30*2,5*3",46500.0,23250.0,FORMULA
4655,55,56,CAMA MANANTIAL 2 2,10/03/2026 CAMA MANANTIAL EL SOL 2*2,Cama,EBANISTA WILMER MANO DE OBRA=,14,TABLA,0.5,"29*2,5*2",31000.0,15500.0,FORMULA
4656,55,56,CAMA MANANTIAL 2 2,10/03/2026 CAMA MANANTIAL EL SOL 2*2,Cama,EBANISTA WILMER MANO DE OBRA=,15,COLBON,1.0,LITRO,14000.0,14000.0,VOLUMEN
4657,55,56,CAMA MANANTIAL 2 2,10/03/2026 CAMA MANANTIAL EL SOL 2*2,Cama,EBANISTA WILMER MANO DE OBRA=,16,GRAPAS,0.5,CAJA,12000.0,6000.0,ESPACIADO
4658,55,56,CAMA MANANTIAL 2 2,10/03/2026 CAMA MANANTIAL EL SOL 2*2,Cama,EBANISTA WILMER MANO DE OBRA=,17,CLAVILLO,10.0,TIRAS,1000.0,10000.0,ESPACIADO
4659,55,56,CAMA MANANTIAL 2 2,10/03/2026 CAMA MANANTIAL EL SOL 2*2,Cama,EBANISTA WILMER MANO DE OBRA=,18,"TORNILLOS DE 1"" 1/2",100.0,Unidad,100.0,10000.0,ESPACIADO
4660,55,56,CAMA MANANTIAL 2 2,10/03/2026 CAMA MANANTIAL EL SOL 2*2,Cama,EBANISTA WILMER MANO DE OBRA=,19,ebanisteria 300.000 x 5% de m.o,,,,315000.0,FORMULA
4661,55,56,CAMA MANANTIAL 2 2,10/03/2026 CAMA MANANTIAL EL SOL 2*2,Cama,EBANISTA WILMER MANO DE OBRA=,21,gastos de Ebanisteria e 10%,,,,67870.0,FORMULA
4662,55,56,CAMA MANANTIAL 2 2,10/03/2026 CAMA MANANTIAL EL SOL 2*2,Cama,EBANISTA WILMER MANO DE OBRA=,25,CORREDERAS,2.0,UNIDADES,10000.0,20000.0,FORMULA
4663,55,56,CAMA MANANTIAL 2 2,10/03/2026 CAMA MANANTIAL EL SOL 2*2,Cama,EBANISTA WILMER MANO DE OBRA=,26,HECHURA,2.0,LUIS ALFONSO,250000.0,500000.0,FORMULA
4664,55,56,CAMA MANANTIAL 2 2,10/03/2026 CAMA MANANTIAL EL SOL 2*2,Cama,SECCION PINTURA Y PREPARADA DE NOCHERO,32,SECCION PINTURA Y PREPARADA,DE NOCHERO ,,,,FORMULA
4665,55,56,CAMA MANANTIAL 2 2,10/03/2026 CAMA MANANTIAL EL SOL 2*2,Cama,SECCION PINTURA Y PREPARADA DE NOCHERO,33,PREPARADO JOTA,2.0,CON EL 5%,36750.0,73500.0,FORMULA
4666,55,56,CAMA MANANTIAL 2 2,10/03/2026 CAMA MANANTIAL EL SOL 2*2,Cama,SECCION PINTURA Y PREPARADA DE NOCHERO,34,PINTURA ALEX,2.0,CON EL 5%,36750.0,73500.0,FORMULA
4667,55,56,CAMA MANANTIAL 2 2,10/03/2026 CAMA MANANTIAL EL SOL 2*2,Cama,SECCION PINTURA Y PREPARADA DE NOCHERO,35,SELLADOR,4.0,PISTOLADAS,18000.0,72000.0,VOLUMEN
4668,55,56,CAMA MANANTIAL 2 2,10/03/2026 CAMA MANANTIAL EL SOL 2*2,Cama,SECCION PINTURA Y PREPARADA DE NOCHERO,36,LIJA 150,0.5,unidades,2000.0,1000.0,FORMULA
4669,55,56,CAMA MANANTIAL 2 2,10/03/2026 CAMA MANANTIAL EL SOL 2*2,Cama,SECCION PINTURA Y PREPARADA DE NOCHERO,37,LIJA 2000,0.5,UNIDAD,4000.0,2000.0,FORMULA
4670,55,56,CAMA MANANTIAL 2 2,10/03/2026 CAMA MANANTIAL EL SOL 2*2,Cama,SECCION PINTURA Y PREPARADA DE NOCHERO,38,lija 120,1.0,unidad,2000.0,2000.0,FIJO
4671,55,56,CAMA MANANTIAL 2 2,10/03/2026 CAMA MANANTIAL EL SOL 2*2,Cama,SECCION PINTURA Y PREPARADA DE NOCHERO,39,COLOR,2.5,PISTOLADA,22000.0,55000.0,VOLUMEN
4672,55,56,CAMA MANANTIAL 2 2,10/03/2026 CAMA MANANTIAL EL SOL 2*2,Cama,SECCION PINTURA Y PREPARADA DE NOCHERO,40,RESANE,1.0,LITRO,20000.0,20000.0,VOLUMEN
4673,55,56,CAMA MANANTIAL 2 2,10/03/2026 CAMA MANANTIAL EL SOL 2*2,Cama,SECCION PINTURA Y PREPARADA DE NOCHERO,41,LACA S/M,2.0,PISTOLADA,23000.0,46000.0,VOLUMEN
4674,55,56,CAMA MANANTIAL 2 2,10/03/2026 CAMA MANANTIAL EL SOL 2*2,Cama,SECCION PINTURA Y PREPARADA DE NOCHERO,43,Gastos de Pintura 10%,,,,34500.0,FORMULA
4675,55,56,CAMA MANANTIAL 2 2,10/03/2026 CAMA MANANTIAL EL SOL 2*2,Cama,SECCION PINTURA Y PREPARADA PATAS,45,SECCION PINTURA Y PREPARADA,PATAS ,,,,FORMULA
4676,55,56,CAMA MANANTIAL 2 2,10/03/2026 CAMA MANANTIAL EL SOL 2*2,Cama,SECCION PINTURA Y PREPARADA PATAS,46,PREPARADO JOTA,4.0,CON EL 5%,1050.0,4200.0,FORMULA
4677,55,56,CAMA MANANTIAL 2 2,10/03/2026 CAMA MANANTIAL EL SOL 2*2,Cama,SECCION PINTURA Y PREPARADA PATAS,47,PINTURA ALEX,4.0,CON EL 5%,2100.0,8400.0,FORMULA
4678,55,56,CAMA MANANTIAL 2 2,10/03/2026 CAMA MANANTIAL EL SOL 2*2,Cama,SECCION PINTURA Y PREPARADA PATAS,48,SELLADOR,0.5,PISTOLADAS,18000.0,9000.0,VOLUMEN
4679,55,56,CAMA MANANTIAL 2 2,10/03/2026 CAMA MANANTIAL EL SOL 2*2,Cama,SECCION PINTURA Y PREPARADA PATAS,49,LIJA 400,0.5,unidades,2000.0,1000.0,FORMULA
4680,55,56,CAMA MANANTIAL 2 2,10/03/2026 CAMA MANANTIAL EL SOL 2*2,Cama,SECCION PINTURA Y PREPARADA PATAS,50,lija 1650,0.5,unidad,2000.0,1000.0,FORMULA
4681,55,56,CAMA MANANTIAL 2 2,10/03/2026 CAMA MANANTIAL EL SOL 2*2,Cama,SECCION PINTURA Y PREPARADA PATAS,51,LACA SEMIMATE,0.3,GALON,23000.0,6900.0,VOLUMEN
4682,55,56,CAMA MANANTIAL 2 2,10/03/2026 CAMA MANANTIAL EL SOL 2*2,Cama,SECCION PINTURA Y PREPARADA PATAS,52,COLOR,0.3,PISTOLADA,22000.0,6600.0,VOLUMEN
4683,55,56,CAMA MANANTIAL 2 2,10/03/2026 CAMA MANANTIAL EL SOL 2*2,Cama,SECCION PINTURA Y PREPARADA PATAS,53,RESANE,0.5,LITRO,23000.0,11500.0,VOLUMEN
4684,55,56,CAMA MANANTIAL 2 2,10/03/2026 CAMA MANANTIAL EL SOL 2*2,Cama,SECCION PINTURA Y PREPARADA PATAS,55,Gastos de Pintura 10%,,,,4860.0,FORMULA
4685,55,56,CAMA MANANTIAL 2 2,10/03/2026 CAMA MANANTIAL EL SOL 2*2,Cama,SECCION TERMINACION,58,TOMAS NEGROS,,UNIDAD,10500.0,0.0,FORMULA
4686,55,56,CAMA MANANTIAL 2 2,10/03/2026 CAMA MANANTIAL EL SOL 2*2,Cama,SECCION TERMINACION,59,MULTIUSOS,,UNIDADES,3000.0,0.0,FORMULA
4687,55,56,CAMA MANANTIAL 2 2,10/03/2026 CAMA MANANTIAL EL SOL 2*2,Cama,SECCION TERMINACION,60,CORREDERAS,,unidades,8000.0,0.0,FIJO
4688,55,56,CAMA MANANTIAL 2 2,10/03/2026 CAMA MANANTIAL EL SOL 2*2,Cama,SECCION TERMINACION,61,EMBALADA,1.0,unidades,150000.0,150000.0,FIJO
4689,55,56,CAMA MANANTIAL 2 2,10/03/2026 CAMA MANANTIAL EL SOL 2*2,Cama,SECCION TENDIDO,64,"MADERA 2*12*12 / 1,50*26*9",639.0,APAMATE,140.0,89460.0,FORMULA
4690,55,56,CAMA MANANTIAL 2 2,10/03/2026 CAMA MANANTIAL EL SOL 2*2,Cama,SECCION TENDIDO,65,PEOPE,4.2,,3500.0,14700.0,FORMULA
4691,55,56,CAMA MANANTIAL 2 2,10/03/2026 CAMA MANANTIAL EL SOL 2*2,Cama,SECCION TENDIDO,66,GRAPAS,0.5,CAJA,12000.0,6000.0,ESPACIADO
4692,55,56,CAMA MANANTIAL 2 2,10/03/2026 CAMA MANANTIAL EL SOL 2*2,Cama,SECCION TENDIDO,67,MDF DE 9,1.0,LAMINA,140000.0,140000.0,AREA
4693,55,56,CAMA MANANTIAL 2 2,10/03/2026 CAMA MANANTIAL EL SOL 2*2,Cama,SECCION TENDIDO,68,"TORNILLOS DE 2""",40.0,UNIDAD,100.0,4000.0,ESPACIADO
4694,55,56,CAMA MANANTIAL 2 2,10/03/2026 CAMA MANANTIAL EL SOL 2*2,Cama,SECCION TENDIDO,69,CLAVILLO,3.0,TIRA,1000.0,3000.0,ESPACIADO
4695,55,56,CAMA MANANTIAL 2 2,10/03/2026 CAMA MANANTIAL EL SOL 2*2,Cama,SECCION TENDIDO,70,PINTURA TENDIDOS,2.0,PISTOLADAS,6300.0,12600.0,VOLUMEN
4696,55,56,CAMA MANANTIAL 2 2,10/03/2026 CAMA MANANTIAL EL SOL 2*2,Cama,SECCION TENDIDO,71,COLOR NEGRO TENDIDOS,0.5,PISTOLADA,22000.0,11000.0,VOLUMEN
4697,55,56,CAMA MANANTIAL 2 2,10/03/2026 CAMA MANANTIAL EL SOL 2*2,Cama,SECCION TENDIDO,72,HECHURA,1.0,UNIDAD,63000.0,63000.0,FIJO
4698,55,56,CAMA MANANTIAL 2 2,10/03/2026 CAMA MANANTIAL EL SOL 2*2,Cama,SECCION TAPICERIA MANO DE OBRA=,75,SECCION TAPICERIA,,MANO DE OBRA=,,,FORMULA
4699,55,56,CAMA MANANTIAL 2 2,10/03/2026 CAMA MANANTIAL EL SOL 2*2,Cama,SECCION TAPICERIA MANO DE OBRA=,76,TELA CENTURY OATMEAL,14.0,METROS,35000.0,490000.0,AREA
4700,55,56,CAMA MANANTIAL 2 2,10/03/2026 CAMA MANANTIAL EL SOL 2*2,Cama,SECCION TAPICERIA MANO DE OBRA=,77,ESPUMA 1/2 ROSADA,1.0,LAMINA,8000.0,8000.0,AREA
4701,55,56,CAMA MANANTIAL 2 2,10/03/2026 CAMA MANANTIAL EL SOL 2*2,Cama,SECCION TAPICERIA MANO DE OBRA=,78,GRAPAS,0.5,CAJA DE GRAPAS,12000.0,6000.0,ESPACIADO
4702,55,56,CAMA MANANTIAL 2 2,10/03/2026 CAMA MANANTIAL EL SOL 2*2,Cama,SECCION TAPICERIA MANO DE OBRA=,79,CABUYA,0.5,UNIDADES,10000.0,5000.0,FORMULA
4703,55,56,CAMA MANANTIAL 2 2,10/03/2026 CAMA MANANTIAL EL SOL 2*2,Cama,SECCION TAPICERIA MANO DE OBRA=,80,ESPUMA DE 1 1/2'' ROSADA,1.0,UNIDADES,30000.0,30000.0,AREA
4704,55,56,CAMA MANANTIAL 2 2,10/03/2026 CAMA MANANTIAL EL SOL 2*2,Cama,SECCION TAPICERIA MANO DE OBRA=,81,ESPUMA 2 AZUL,3.5,LAMINA,41000.0,143500.0,AREA
4705,55,56,CAMA MANANTIAL 2 2,10/03/2026 CAMA MANANTIAL EL SOL 2*2,Cama,SECCION TAPICERIA MANO DE OBRA=,82,COSTAL,2.0,METROS,4000.0,8000.0,AREA
4706,55,56,CAMA MANANTIAL 2 2,10/03/2026 CAMA MANANTIAL EL SOL 2*2,Cama,SECCION TAPICERIA MANO DE OBRA=,83,HILO,0.5,UNIDAD,25000.0,12500.0,FORMULA
4707,55,56,CAMA MANANTIAL 2 2,10/03/2026 CAMA MANANTIAL EL SOL 2*2,Cama,SECCION TAPICERIA MANO DE OBRA=,84,CIERRE MAGICO,1.0,METRO,1000.0,1000.0,LINEAL
4708,55,56,CAMA MANANTIAL 2 2,10/03/2026 CAMA MANANTIAL EL SOL 2*2,Cama,SECCION TAPICERIA MANO DE OBRA=,85,PEGANTE SPRAY,1.0,LITRO,19000.0,19000.0,VOLUMEN
4709,55,56,CAMA MANANTIAL 2 2,10/03/2026 CAMA MANANTIAL EL SOL 2*2,Cama,SECCION TAPICERIA MANO DE OBRA=,86,SUPER,1.0,LITRO,14000.0,14000.0,VOLUMEN
4710,55,56,CAMA MANANTIAL 2 2,10/03/2026 CAMA MANANTIAL EL SOL 2*2,Cama,SECCION TAPICERIA MANO DE OBRA=,87,GUATA 300,0.5,METROS,19000.0,9500.0,LINEAL
4711,55,56,CAMA MANANTIAL 2 2,10/03/2026 CAMA MANANTIAL EL SOL 2*2,Cama,SECCION TAPICERIA MANO DE OBRA=,88,BARRA DE SILICONA,2.0,UNIDAD,2000.0,4000.0,FORMULA
4712,55,56,CAMA MANANTIAL 2 2,10/03/2026 CAMA MANANTIAL EL SOL 2*2,Cama,SECCION TAPICERIA MANO DE OBRA=,89,HECHURA,1.0,CAMA,210000.0,210000.0,FIJO
4713,56,57,CAMA TAUPE,25/03/2026 CAMA TAUPE EL SOL 2*2,Cama,EBANISTA WILMER MANO DE OBRA=,9,MADERA,400.0,APAMATE,140.0,56000.0,FORMULA
4714,56,57,CAMA TAUPE,25/03/2026 CAMA TAUPE EL SOL 2*2,Cama,EBANISTA WILMER MANO DE OBRA=,10,"MDF DE 2,5""",1.25,LAMINA,65000.0,81250.0,AREA
4715,56,57,CAMA TAUPE,25/03/2026 CAMA TAUPE EL SOL 2*2,Cama,EBANISTA WILMER MANO DE OBRA=,11,LAMINA DE 15,0.5,LAMINA,220000.0,110000.0,AREA
4716,56,57,CAMA TAUPE,25/03/2026 CAMA TAUPE EL SOL 2*2,Cama,EBANISTA WILMER MANO DE OBRA=,12,"LAMINA DE 5.5""",0.25,LAMINA,140000.0,35000.0,AREA
4717,56,57,CAMA TAUPE,25/03/2026 CAMA TAUPE EL SOL 2*2,Cama,EBANISTA WILMER MANO DE OBRA=,13,TABLA,0.5,"3*31*2,5",46500.0,23250.0,FORMULA
4718,56,57,CAMA TAUPE,25/03/2026 CAMA TAUPE EL SOL 2*2,Cama,EBANISTA WILMER MANO DE OBRA=,14,COLBON,1.5,LITRO,14000.0,21000.0,VOLUMEN
4719,56,57,CAMA TAUPE,25/03/2026 CAMA TAUPE EL SOL 2*2,Cama,EBANISTA WILMER MANO DE OBRA=,15,GRAPAS,0.25,CAJA,12000.0,3000.0,ESPACIADO
4720,56,57,CAMA TAUPE,25/03/2026 CAMA TAUPE EL SOL 2*2,Cama,EBANISTA WILMER MANO DE OBRA=,16,GANCHOS,1.0,PAR,20000.0,20000.0,FIJO
4721,56,57,CAMA TAUPE,25/03/2026 CAMA TAUPE EL SOL 2*2,Cama,EBANISTA WILMER MANO DE OBRA=,17,CLAVILLO,13.0,TIRAS,1000.0,13000.0,ESPACIADO
4722,56,57,CAMA TAUPE,25/03/2026 CAMA TAUPE EL SOL 2*2,Cama,EBANISTA WILMER MANO DE OBRA=,18,"TORNILLOS DE 2""",140.0,Unidad,100.0,14000.0,ESPACIADO
4723,56,57,CAMA TAUPE,25/03/2026 CAMA TAUPE EL SOL 2*2,Cama,EBANISTA WILMER MANO DE OBRA=,19,ebanisteria 300.000 x 10% de m.o,,,,315000.0,FORMULA
4724,56,57,CAMA TAUPE,25/03/2026 CAMA TAUPE EL SOL 2*2,Cama,EBANISTA WILMER MANO DE OBRA=,21,gastos de Ebanisteria e 10%,,,,69150.0,FORMULA
4725,56,57,CAMA TAUPE,25/03/2026 CAMA TAUPE EL SOL 2*2,Cama,EBANISTA WILMER MANO DE OBRA=,25,CORREDERAS 35 NORMAL,4.0,PAR,10000.0,40000.0,FORMULA
4726,56,57,CAMA TAUPE,25/03/2026 CAMA TAUPE EL SOL 2*2,Cama,EBANISTA WILMER MANO DE OBRA=,26,"TORNILLOS DE 2""",,Unidad,100.0,0.0,FIJO
4727,56,57,CAMA TAUPE,25/03/2026 CAMA TAUPE EL SOL 2*2,Cama,EBANISTA WILMER MANO DE OBRA=,27,NOCHEROS,2.0,LUIS ALFONSO,250000.0,500000.0,FORMULA
4728,56,57,CAMA TAUPE,25/03/2026 CAMA TAUPE EL SOL 2*2,Cama,SECCION PINTURA Y PREPARADA DE NOCHERO,29,SECCION PINTURA Y PREPARADA,DE NOCHERO,,,,FORMULA
4729,56,57,CAMA TAUPE,25/03/2026 CAMA TAUPE EL SOL 2*2,Cama,SECCION PINTURA Y PREPARADA DE NOCHERO,30,SECCION PINTURA Y PREPARADA,DE NOCHERO ,,,,FORMULA
4730,56,57,CAMA TAUPE,25/03/2026 CAMA TAUPE EL SOL 2*2,Cama,SECCION PINTURA Y PREPARADA DE NOCHERO,31,PREPARADO JOTA,2.0,CON EL 5%,36750.0,73500.0,FORMULA
4731,56,57,CAMA TAUPE,25/03/2026 CAMA TAUPE EL SOL 2*2,Cama,SECCION PINTURA Y PREPARADA DE NOCHERO,32,PINTURA ALEX,2.0,CON EL 5%,36750.0,73500.0,FORMULA
4732,56,57,CAMA TAUPE,25/03/2026 CAMA TAUPE EL SOL 2*2,Cama,SECCION PINTURA Y PREPARADA DE NOCHERO,33,SELLADOR,4.0,PISTOLADAS,18000.0,72000.0,VOLUMEN
4733,56,57,CAMA TAUPE,25/03/2026 CAMA TAUPE EL SOL 2*2,Cama,SECCION PINTURA Y PREPARADA DE NOCHERO,34,LIJA 150,0.5,unidades,2000.0,1000.0,FORMULA
4734,56,57,CAMA TAUPE,25/03/2026 CAMA TAUPE EL SOL 2*2,Cama,SECCION PINTURA Y PREPARADA DE NOCHERO,35,LIJA 400,0.5,UNIDAD,2000.0,1000.0,FORMULA
4735,56,57,CAMA TAUPE,25/03/2026 CAMA TAUPE EL SOL 2*2,Cama,SECCION PINTURA Y PREPARADA DE NOCHERO,36,lija 120,1.0,unidad,2000.0,2000.0,FIJO
4736,56,57,CAMA TAUPE,25/03/2026 CAMA TAUPE EL SOL 2*2,Cama,SECCION PINTURA Y PREPARADA DE NOCHERO,37,COLOR MIEL,2.5,PISTOLADA,22000.0,55000.0,VOLUMEN
4737,56,57,CAMA TAUPE,25/03/2026 CAMA TAUPE EL SOL 2*2,Cama,SECCION PINTURA Y PREPARADA DE NOCHERO,38,RESANE,1.0,LITRO,20000.0,20000.0,VOLUMEN
4738,56,57,CAMA TAUPE,25/03/2026 CAMA TAUPE EL SOL 2*2,Cama,SECCION PINTURA Y PREPARADA DE NOCHERO,39,GASOLINA,0.5,LITRO,5000.0,2500.0,VOLUMEN
4739,56,57,CAMA TAUPE,25/03/2026 CAMA TAUPE EL SOL 2*2,Cama,SECCION PINTURA Y PREPARADA DE NOCHERO,40,LACA S/M,2.0,PISTOLADA,23000.0,46000.0,VOLUMEN
4740,56,57,CAMA TAUPE,25/03/2026 CAMA TAUPE EL SOL 2*2,Cama,SECCION PINTURA Y PREPARADA DE NOCHERO,42,Gastos de Pintura 10%,,,,34650.0,FORMULA
4741,56,57,CAMA TAUPE,25/03/2026 CAMA TAUPE EL SOL 2*2,Cama,SECCION PINTURA Y PREPARADA PATAS,44,SECCION PINTURA Y PREPARADA,PATAS ,,,,FORMULA
4742,56,57,CAMA TAUPE,25/03/2026 CAMA TAUPE EL SOL 2*2,Cama,SECCION PINTURA Y PREPARADA PATAS,45,PREPARADO JOTA,8.0,CON EL 5%,1050.0,8400.0,FORMULA
4743,56,57,CAMA TAUPE,25/03/2026 CAMA TAUPE EL SOL 2*2,Cama,SECCION PINTURA Y PREPARADA PATAS,46,PINTURA ALEX,8.0,CON EL 5%,2100.0,16800.0,FORMULA
4744,56,57,CAMA TAUPE,25/03/2026 CAMA TAUPE EL SOL 2*2,Cama,SECCION PINTURA Y PREPARADA PATAS,47,SELLADOR,0.3,PISTOLADAS,18000.0,5400.0,VOLUMEN
4745,56,57,CAMA TAUPE,25/03/2026 CAMA TAUPE EL SOL 2*2,Cama,SECCION PINTURA Y PREPARADA PATAS,48,lija 120,1.0,unidad,2000.0,2000.0,FIJO
4746,56,57,CAMA TAUPE,25/03/2026 CAMA TAUPE EL SOL 2*2,Cama,SECCION PINTURA Y PREPARADA PATAS,49,LACA SEMIMATE,0.3,GALON,23000.0,6900.0,VOLUMEN
4747,56,57,CAMA TAUPE,25/03/2026 CAMA TAUPE EL SOL 2*2,Cama,SECCION PINTURA Y PREPARADA PATAS,50,COLOR NEGRO,0.3,PISTOLADA,22000.0,6600.0,VOLUMEN
4748,56,57,CAMA TAUPE,25/03/2026 CAMA TAUPE EL SOL 2*2,Cama,SECCION PINTURA Y PREPARADA PATAS,51,RESANE,0.5,LITRO,23000.0,11500.0,VOLUMEN
4749,56,57,CAMA TAUPE,25/03/2026 CAMA TAUPE EL SOL 2*2,Cama,SECCION PINTURA Y PREPARADA PATAS,53,Gastos de Pintura 10%,,,,5760.0,FORMULA
4750,56,57,CAMA TAUPE,25/03/2026 CAMA TAUPE EL SOL 2*2,Cama,SECCION TERMINACION,56,TOMAS NEGROS,,UNIDAD,10500.0,0.0,FORMULA
4751,56,57,CAMA TAUPE,25/03/2026 CAMA TAUPE EL SOL 2*2,Cama,SECCION TERMINACION,57,JALADORES,,UNIDAD,26800.0,0.0,FIJO
4752,56,57,CAMA TAUPE,25/03/2026 CAMA TAUPE EL SOL 2*2,Cama,SECCION TERMINACION,58,MULTIUSOS,,UNIDADES,3000.0,0.0,FORMULA
4753,56,57,CAMA TAUPE,25/03/2026 CAMA TAUPE EL SOL 2*2,Cama,SECCION TERMINACION,59,CORREDERAS,,unidades,8000.0,0.0,FIJO
4754,56,57,CAMA TAUPE,25/03/2026 CAMA TAUPE EL SOL 2*2,Cama,SECCION TERMINACION,60,EMBALADA,1.0,unidades,150000.0,150000.0,FIJO
4755,56,57,CAMA TAUPE,25/03/2026 CAMA TAUPE EL SOL 2*2,Cama,SECCION TERMINACION,62,SECCION TENDIDO,,,,0.0,FORMULA
4756,56,57,CAMA TAUPE,25/03/2026 CAMA TAUPE EL SOL 2*2,Cama,SECCION TERMINACION,63,MADERA 60X1X4,639.0,APAMATE,140.0,89460.0,FORMULA
4757,56,57,CAMA TAUPE,25/03/2026 CAMA TAUPE EL SOL 2*2,Cama,SECCION TERMINACION,64,PEOPE,4.2,METROS,3500.0,14700.0,LINEAL
4758,56,57,CAMA TAUPE,25/03/2026 CAMA TAUPE EL SOL 2*2,Cama,SECCION TERMINACION,65,GRAPAS,0.5,CAJA,12000.0,6000.0,ESPACIADO
4759,56,57,CAMA TAUPE,25/03/2026 CAMA TAUPE EL SOL 2*2,Cama,SECCION TERMINACION,66,PINTURA DE TENDIDO,12.0,UNIDADES,1050.0,12600.0,FORMULA
4760,56,57,CAMA TAUPE,25/03/2026 CAMA TAUPE EL SOL 2*2,Cama,SECCION TERMINACION,67,COLOR PARA LAS PATAS DEL TENDIDO,0.5,UNIDADES,22000.0,11000.0,FORMULA
4761,56,57,CAMA TAUPE,25/03/2026 CAMA TAUPE EL SOL 2*2,Cama,SECCION TERMINACION,68,MDF DE 9,1.0,LAMINA,140000.0,140000.0,AREA
4762,56,57,CAMA TAUPE,25/03/2026 CAMA TAUPE EL SOL 2*2,Cama,SECCION TERMINACION,69,"TORNILLOS DE 2""",40.0,UNIDAD,100.0,4000.0,ESPACIADO
4763,56,57,CAMA TAUPE,25/03/2026 CAMA TAUPE EL SOL 2*2,Cama,SECCION TERMINACION,70,CLAVILLO,3.0,TIRA,1000.0,3000.0,ESPACIADO
4764,56,57,CAMA TAUPE,25/03/2026 CAMA TAUPE EL SOL 2*2,Cama,SECCION TERMINACION,71,HECHURA,1.0,UNIDAD,63000.0,63000.0,FIJO
4765,56,57,CAMA TAUPE,25/03/2026 CAMA TAUPE EL SOL 2*2,Cama,SECCION TAPICERIA MANO DE OBRA=,74,SECCION TAPICERIA,,MANO DE OBRA=,,,FORMULA
4766,56,57,CAMA TAUPE,25/03/2026 CAMA TAUPE EL SOL 2*2,Cama,SECCION TAPICERIA MANO DE OBRA=,75,TELA PRANA NEGRA/PLATA/CAMEL/GRIS,12.0,METROS,35000.0,420000.0,AREA
4767,56,57,CAMA TAUPE,25/03/2026 CAMA TAUPE EL SOL 2*2,Cama,SECCION TAPICERIA MANO DE OBRA=,76,"ESPUMA 1/2"" ROSADA",0.5,LAMINA,8000.0,4000.0,AREA
4768,56,57,CAMA TAUPE,25/03/2026 CAMA TAUPE EL SOL 2*2,Cama,SECCION TAPICERIA MANO DE OBRA=,77,GRAPAS,0.5,CAJA DE GRAPAS,12000.0,6000.0,ESPACIADO
4769,56,57,CAMA TAUPE,25/03/2026 CAMA TAUPE EL SOL 2*2,Cama,SECCION TAPICERIA MANO DE OBRA=,78,ESPUMA DE 1 1/2'' ROSADA,3.0,UNIDADES,30000.0,90000.0,AREA
4770,56,57,CAMA TAUPE,25/03/2026 CAMA TAUPE EL SOL 2*2,Cama,SECCION TAPICERIA MANO DE OBRA=,79,ESPUMA 2 ROSADA,2.0,LAMINA,48000.0,96000.0,AREA
4771,56,57,CAMA TAUPE,25/03/2026 CAMA TAUPE EL SOL 2*2,Cama,SECCION TAPICERIA MANO DE OBRA=,80,SUPER SPRAY,0.5,MTS,25000.0,12500.0,LINEAL
4772,56,57,CAMA TAUPE,25/03/2026 CAMA TAUPE EL SOL 2*2,Cama,SECCION TAPICERIA MANO DE OBRA=,81,COSTAL,4.0,METROS,3500.0,14000.0,AREA
4773,56,57,CAMA TAUPE,25/03/2026 CAMA TAUPE EL SOL 2*2,Cama,SECCION TAPICERIA MANO DE OBRA=,82,HILO,0.25,UNIDAD,25000.0,6250.0,FORMULA
4774,56,57,CAMA TAUPE,25/03/2026 CAMA TAUPE EL SOL 2*2,Cama,SECCION TAPICERIA MANO DE OBRA=,83,SUPER NORMAL,0.5,LITRO,17000.0,8500.0,VOLUMEN
4775,56,57,CAMA TAUPE,25/03/2026 CAMA TAUPE EL SOL 2*2,Cama,SECCION TAPICERIA MANO DE OBRA=,84,COLA E RATA,11.0,ROLLO,500.0,5500.0,FORMULA
4776,56,57,CAMA TAUPE,25/03/2026 CAMA TAUPE EL SOL 2*2,Cama,SECCION TAPICERIA MANO DE OBRA=,85,HECHURA,1.0,CAMA,210000.0,210000.0,FIJO
4777,57,58,CAMA MINIMALISTA OLAYA,10/03/2026 CAMA MINIMALISTA EL SOL 2*2,Cama,EBANISTA WILMER MANO DE OBRA=,9,MADERA,505.0,APAMATE,140.0,70700.0,FORMULA
4778,57,58,CAMA MINIMALISTA OLAYA,10/03/2026 CAMA MINIMALISTA EL SOL 2*2,Cama,EBANISTA WILMER MANO DE OBRA=,10,"MDF DE 2,7""",1.0,LAMINA,68000.0,68000.0,AREA
4779,57,58,CAMA MINIMALISTA OLAYA,10/03/2026 CAMA MINIMALISTA EL SOL 2*2,Cama,EBANISTA WILMER MANO DE OBRA=,11,LAMINA DE 15,0.5,LAMINA,220000.0,110000.0,AREA
4780,57,58,CAMA MINIMALISTA OLAYA,10/03/2026 CAMA MINIMALISTA EL SOL 2*2,Cama,EBANISTA WILMER MANO DE OBRA=,12,COLBON,1.5,LITRO,14000.0,21000.0,VOLUMEN
4781,57,58,CAMA MINIMALISTA OLAYA,10/03/2026 CAMA MINIMALISTA EL SOL 2*2,Cama,EBANISTA WILMER MANO DE OBRA=,13,GRAPAS,0.5,CAJA,12000.0,6000.0,ESPACIADO
4782,57,58,CAMA MINIMALISTA OLAYA,10/03/2026 CAMA MINIMALISTA EL SOL 2*2,Cama,EBANISTA WILMER MANO DE OBRA=,14,GANCHOS,1.0,PAR,20000.0,20000.0,FIJO
4783,57,58,CAMA MINIMALISTA OLAYA,10/03/2026 CAMA MINIMALISTA EL SOL 2*2,Cama,EBANISTA WILMER MANO DE OBRA=,15,F40,5.0,TIRAS,1000.0,5000.0,FORMULA
4784,57,58,CAMA MINIMALISTA OLAYA,10/03/2026 CAMA MINIMALISTA EL SOL 2*2,Cama,EBANISTA WILMER MANO DE OBRA=,16,TORNILLOS TUERCA UNA,4.0,UNIDAD,1000.0,4000.0,ESPACIADO
4785,57,58,CAMA MINIMALISTA OLAYA,10/03/2026 CAMA MINIMALISTA EL SOL 2*2,Cama,EBANISTA WILMER MANO DE OBRA=,17,"TORNILLOS DE 2""",100.0,Unidad,100.0,10000.0,ESPACIADO
4786,57,58,CAMA MINIMALISTA OLAYA,10/03/2026 CAMA MINIMALISTA EL SOL 2*2,Cama,EBANISTA WILMER MANO DE OBRA=,18,ebanisteria 300.000 x 5% de m.o,,,,315000.0,FORMULA
4787,57,58,CAMA MINIMALISTA OLAYA,10/03/2026 CAMA MINIMALISTA EL SOL 2*2,Cama,EBANISTA WILMER MANO DE OBRA=,20,gastos de Ebanisteria e 10%,,,,62970.0,FORMULA
4788,57,58,CAMA MINIMALISTA OLAYA,10/03/2026 CAMA MINIMALISTA EL SOL 2*2,Cama,EBANISTA WILMER MANO DE OBRA=,24,CORREDERAS 35 NORMAL,,PAR,,0.0,FIJO
4789,57,58,CAMA MINIMALISTA OLAYA,10/03/2026 CAMA MINIMALISTA EL SOL 2*2,Cama,EBANISTA WILMER MANO DE OBRA=,25,HECHURA,,PAR,,0.0,FIJO
4790,57,58,CAMA MINIMALISTA OLAYA,10/03/2026 CAMA MINIMALISTA EL SOL 2*2,Cama,EBANISTA WILMER MANO DE OBRA=,26,"TORNILLOS DE 2""",,Unidad,,0.0,FIJO
4791,57,58,CAMA MINIMALISTA OLAYA,10/03/2026 CAMA MINIMALISTA EL SOL 2*2,Cama,EBANISTA WILMER MANO DE OBRA=,27,NOCHEROS,2.0,LUIS ALFONSO,250000.0,500000.0,FORMULA
4792,57,58,CAMA MINIMALISTA OLAYA,10/03/2026 CAMA MINIMALISTA EL SOL 2*2,Cama,SECCION PINTURA Y PREPARADA DOS NOCHERO,31,SECCION PINTURA Y PREPARADA,DOS NOCHERO ,,,,FORMULA
4793,57,58,CAMA MINIMALISTA OLAYA,10/03/2026 CAMA MINIMALISTA EL SOL 2*2,Cama,SECCION PINTURA Y PREPARADA DOS NOCHERO,32,PREPARADO JOTA,2.0,CON EL 5%,36750.0,73500.0,FORMULA
4794,57,58,CAMA MINIMALISTA OLAYA,10/03/2026 CAMA MINIMALISTA EL SOL 2*2,Cama,SECCION PINTURA Y PREPARADA DOS NOCHERO,33,PINTURA ALEX,2.0,CON EL 5%,36750.0,73500.0,FORMULA
4795,57,58,CAMA MINIMALISTA OLAYA,10/03/2026 CAMA MINIMALISTA EL SOL 2*2,Cama,SECCION PINTURA Y PREPARADA DOS NOCHERO,34,SELLADOR,4.0,PISTOLADAS,18000.0,72000.0,VOLUMEN
4796,57,58,CAMA MINIMALISTA OLAYA,10/03/2026 CAMA MINIMALISTA EL SOL 2*2,Cama,SECCION PINTURA Y PREPARADA DOS NOCHERO,35,LIJA 150,0.5,unidades,2000.0,1000.0,FORMULA
4797,57,58,CAMA MINIMALISTA OLAYA,10/03/2026 CAMA MINIMALISTA EL SOL 2*2,Cama,SECCION PINTURA Y PREPARADA DOS NOCHERO,36,LIJA 400,0.5,unidades,4000.0,2000.0,FORMULA
4798,57,58,CAMA MINIMALISTA OLAYA,10/03/2026 CAMA MINIMALISTA EL SOL 2*2,Cama,SECCION PINTURA Y PREPARADA DOS NOCHERO,37,LIJA 120,1.0,unidades,2000.0,2000.0,FIJO
4799,57,58,CAMA MINIMALISTA OLAYA,10/03/2026 CAMA MINIMALISTA EL SOL 2*2,Cama,SECCION PINTURA Y PREPARADA DOS NOCHERO,38,COLOR GRIS,2.0,PISTOLADA,22000.0,44000.0,VOLUMEN
4800,57,58,CAMA MINIMALISTA OLAYA,10/03/2026 CAMA MINIMALISTA EL SOL 2*2,Cama,SECCION PINTURA Y PREPARADA DOS NOCHERO,39,GASOLINA,0.3,ML,5000.0,1500.0,LINEAL
4801,57,58,CAMA MINIMALISTA OLAYA,10/03/2026 CAMA MINIMALISTA EL SOL 2*2,Cama,SECCION PINTURA Y PREPARADA DOS NOCHERO,40,RESANE,0.5,LITRO,20000.0,10000.0,VOLUMEN
4802,57,58,CAMA MINIMALISTA OLAYA,10/03/2026 CAMA MINIMALISTA EL SOL 2*2,Cama,SECCION PINTURA Y PREPARADA DOS NOCHERO,41,LACA S/M,2.0,PISTOLADA,23000.0,46000.0,VOLUMEN
4803,57,58,CAMA MINIMALISTA OLAYA,10/03/2026 CAMA MINIMALISTA EL SOL 2*2,Cama,SECCION PINTURA Y PREPARADA DOS NOCHERO,43,Gastos de Pintura 10%,,,,32550.0,FORMULA
4804,57,58,CAMA MINIMALISTA OLAYA,10/03/2026 CAMA MINIMALISTA EL SOL 2*2,Cama,SECCION PINTURA Y PREPARADA PATAS,45,SECCION PINTURA Y PREPARADA,PATAS ,,,,FORMULA
4805,57,58,CAMA MINIMALISTA OLAYA,10/03/2026 CAMA MINIMALISTA EL SOL 2*2,Cama,SECCION PINTURA Y PREPARADA PATAS,46,PREPARADO JOTA,6.0,CON EL 5%,1050.0,6300.0,FORMULA
4806,57,58,CAMA MINIMALISTA OLAYA,10/03/2026 CAMA MINIMALISTA EL SOL 2*2,Cama,SECCION PINTURA Y PREPARADA PATAS,47,PINTURA ALEX,6.0,CON EL 5%,2100.0,12600.0,FORMULA
4807,57,58,CAMA MINIMALISTA OLAYA,10/03/2026 CAMA MINIMALISTA EL SOL 2*2,Cama,SECCION PINTURA Y PREPARADA PATAS,48,SELLADOR,0.3,PISTOLADAS,18000.0,5400.0,VOLUMEN
4808,57,58,CAMA MINIMALISTA OLAYA,10/03/2026 CAMA MINIMALISTA EL SOL 2*2,Cama,SECCION PINTURA Y PREPARADA PATAS,49,LIJA 400,0.5,unidades,2000.0,1000.0,FORMULA
4809,57,58,CAMA MINIMALISTA OLAYA,10/03/2026 CAMA MINIMALISTA EL SOL 2*2,Cama,SECCION PINTURA Y PREPARADA PATAS,50,lija 120,0.5,unidad,2000.0,1000.0,FORMULA
4810,57,58,CAMA MINIMALISTA OLAYA,10/03/2026 CAMA MINIMALISTA EL SOL 2*2,Cama,SECCION PINTURA Y PREPARADA PATAS,51,LACA SEMIMATE,0.3,GALON,23000.0,6900.0,VOLUMEN
4811,57,58,CAMA MINIMALISTA OLAYA,10/03/2026 CAMA MINIMALISTA EL SOL 2*2,Cama,SECCION PINTURA Y PREPARADA PATAS,52,COLOR,0.3,PISTOLADA,22000.0,6600.0,VOLUMEN
4812,57,58,CAMA MINIMALISTA OLAYA,10/03/2026 CAMA MINIMALISTA EL SOL 2*2,Cama,SECCION PINTURA Y PREPARADA PATAS,53,RESANE,0.5,LITRO,23000.0,11500.0,VOLUMEN
4813,57,58,CAMA MINIMALISTA OLAYA,10/03/2026 CAMA MINIMALISTA EL SOL 2*2,Cama,SECCION PINTURA Y PREPARADA PATAS,55,Gastos de Pintura 10%,,,,5130.0,FORMULA
4814,57,58,CAMA MINIMALISTA OLAYA,10/03/2026 CAMA MINIMALISTA EL SOL 2*2,Cama,SECCION PINTURA Y PREPARADA TENDIDOS,57,SECCION PINTURA Y PREPARADA,TENDIDOS,,,,FORMULA
4815,57,58,CAMA MINIMALISTA OLAYA,10/03/2026 CAMA MINIMALISTA EL SOL 2*2,Cama,SECCION PINTURA Y PREPARADA TENDIDOS,58,PINTURA TENDIDOS,2.0,CON EL 5%,6300.0,12600.0,FORMULA
4816,57,58,CAMA MINIMALISTA OLAYA,10/03/2026 CAMA MINIMALISTA EL SOL 2*2,Cama,SECCION PINTURA Y PREPARADA TENDIDOS,59,COLOR NEGRO TENDIDOS,0.5,PISTOLADAS,22000.0,11000.0,VOLUMEN
4817,57,58,CAMA MINIMALISTA OLAYA,10/03/2026 CAMA MINIMALISTA EL SOL 2*2,Cama,SECCION PINTURA Y PREPARADA TENDIDOS,61,Gastos de Pintura 10%,,,,2360.0,FORMULA
4818,57,58,CAMA MINIMALISTA OLAYA,10/03/2026 CAMA MINIMALISTA EL SOL 2*2,Cama,SECCION TERMINACION,64,TOMAS NEGROS,,UNIDAD,10500.0,0.0,FORMULA
4819,57,58,CAMA MINIMALISTA OLAYA,10/03/2026 CAMA MINIMALISTA EL SOL 2*2,Cama,SECCION TERMINACION,65,CORREDERAS,,unidades,8000.0,0.0,FIJO
4820,57,58,CAMA MINIMALISTA OLAYA,10/03/2026 CAMA MINIMALISTA EL SOL 2*2,Cama,SECCION TERMINACION,66,EMBALADA,1.0,unidades,100000.0,100000.0,FIJO
4821,57,58,CAMA MINIMALISTA OLAYA,10/03/2026 CAMA MINIMALISTA EL SOL 2*2,Cama,SECCION TERMINACION,68,SECCION TENDIDO,,,,0.0,FORMULA
4822,57,58,CAMA MINIMALISTA OLAYA,10/03/2026 CAMA MINIMALISTA EL SOL 2*2,Cama,SECCION TERMINACION,69,MADERA 60X1X4,639.0,APAMATE,140.0,89460.0,FORMULA
4823,57,58,CAMA MINIMALISTA OLAYA,10/03/2026 CAMA MINIMALISTA EL SOL 2*2,Cama,SECCION TERMINACION,70,PEOPE,4.2,METROS,3500.0,14700.0,LINEAL
4824,57,58,CAMA MINIMALISTA OLAYA,10/03/2026 CAMA MINIMALISTA EL SOL 2*2,Cama,SECCION TERMINACION,71,GRAPAS,0.5,CAJA,12000.0,6000.0,ESPACIADO
4825,57,58,CAMA MINIMALISTA OLAYA,10/03/2026 CAMA MINIMALISTA EL SOL 2*2,Cama,SECCION TERMINACION,72,MDF DE 9,1.0,LAMINA,140000.0,140000.0,AREA
4826,57,58,CAMA MINIMALISTA OLAYA,10/03/2026 CAMA MINIMALISTA EL SOL 2*2,Cama,SECCION TERMINACION,73,"TORNILLOS DE 2""",40.0,UNIDAD,100.0,4000.0,ESPACIADO
4827,57,58,CAMA MINIMALISTA OLAYA,10/03/2026 CAMA MINIMALISTA EL SOL 2*2,Cama,SECCION TERMINACION,74,CLAVILLO,3.0,TIRA,1000.0,3000.0,ESPACIADO
4828,57,58,CAMA MINIMALISTA OLAYA,10/03/2026 CAMA MINIMALISTA EL SOL 2*2,Cama,SECCION TERMINACION,75,HECHURA,1.0,UNIDAD,63000.0,63000.0,FIJO
4829,57,58,CAMA MINIMALISTA OLAYA,10/03/2026 CAMA MINIMALISTA EL SOL 2*2,Cama,SECCION TAPICERIA MANO DE OBRA= TATI,78,SECCION TAPICERIA,,MANO DE OBRA= TATI,,,FORMULA
4830,57,58,CAMA MINIMALISTA OLAYA,10/03/2026 CAMA MINIMALISTA EL SOL 2*2,Cama,SECCION TAPICERIA MANO DE OBRA= TATI,79,TELA CABA PLATA,12.0,METROS,18000.0,216000.0,AREA
4831,57,58,CAMA MINIMALISTA OLAYA,10/03/2026 CAMA MINIMALISTA EL SOL 2*2,Cama,SECCION TAPICERIA MANO DE OBRA= TATI,80,"ESPUMA 1/2"" ROSADA",0.5,LAMINA,8000.0,4000.0,AREA
4832,57,58,CAMA MINIMALISTA OLAYA,10/03/2026 CAMA MINIMALISTA EL SOL 2*2,Cama,SECCION TAPICERIA MANO DE OBRA= TATI,81,GRAPAS,0.5,CAJA DE GRAPAS,12000.0,6000.0,ESPACIADO
4833,57,58,CAMA MINIMALISTA OLAYA,10/03/2026 CAMA MINIMALISTA EL SOL 2*2,Cama,SECCION TAPICERIA MANO DE OBRA= TATI,82,RIATA,9.0,METROS,1000.0,9000.0,LINEAL
4834,57,58,CAMA MINIMALISTA OLAYA,10/03/2026 CAMA MINIMALISTA EL SOL 2*2,Cama,SECCION TAPICERIA MANO DE OBRA= TATI,83,ESPUMA DE 1 1/2'' ROSADA,3.0,UNIDADES,30000.0,90000.0,AREA
4835,57,58,CAMA MINIMALISTA OLAYA,10/03/2026 CAMA MINIMALISTA EL SOL 2*2,Cama,SECCION TAPICERIA MANO DE OBRA= TATI,84,ESPUMA 2 ROSADA,1.5,LAMINA,48000.0,72000.0,AREA
4836,57,58,CAMA MINIMALISTA OLAYA,10/03/2026 CAMA MINIMALISTA EL SOL 2*2,Cama,SECCION TAPICERIA MANO DE OBRA= TATI,85,COSTAL,4.0,METROS,4000.0,16000.0,AREA
4837,57,58,CAMA MINIMALISTA OLAYA,10/03/2026 CAMA MINIMALISTA EL SOL 2*2,Cama,SECCION TAPICERIA MANO DE OBRA= TATI,86,GUATA,4.0,UNIDAD,19000.0,76000.0,FORMULA
4838,57,58,CAMA MINIMALISTA OLAYA,10/03/2026 CAMA MINIMALISTA EL SOL 2*2,Cama,SECCION TAPICERIA MANO DE OBRA= TATI,87,CASQUETES,18.0,UNIDAD,100.0,1800.0,FORMULA
4839,57,58,CAMA MINIMALISTA OLAYA,10/03/2026 CAMA MINIMALISTA EL SOL 2*2,Cama,SECCION TAPICERIA MANO DE OBRA= TATI,88,COLA E RATA,6.0,METRO,500.0,3000.0,LINEAL
4840,57,58,CAMA MINIMALISTA OLAYA,10/03/2026 CAMA MINIMALISTA EL SOL 2*2,Cama,SECCION TAPICERIA MANO DE OBRA= TATI,89,SUPER,1.0,LITRO,19000.0,19000.0,VOLUMEN
4841,57,58,CAMA MINIMALISTA OLAYA,10/03/2026 CAMA MINIMALISTA EL SOL 2*2,Cama,SECCION TAPICERIA MANO DE OBRA= TATI,90,HECHURA,1.0,CAMA,210000.0,210000.0,FIJO
4842,58,59,CAMA MARIANY,18/03/2026 CAMA CADENETA SIN ESPEJO Y USB DE 1.60,Cama,,8,MADERA,932.0,CMS,140.0,130480.0,LINEAL
4843,58,59,CAMA MARIANY,18/03/2026 CAMA CADENETA SIN ESPEJO Y USB DE 1.60,Cama,,9,"LAM MFF 9""",1.5,LAMINA,140000.0,210000.0,FORMULA
4844,58,59,CAMA MARIANY,18/03/2026 CAMA CADENETA SIN ESPEJO Y USB DE 1.60,Cama,,10,"LAM MDF 5,5""",2.0,LAMINA,140000.0,280000.0,AREA
4845,58,59,CAMA MARIANY,18/03/2026 CAMA CADENETA SIN ESPEJO Y USB DE 1.60,Cama,,11,LAM MDF 15,0.5,LAMINA,220000.0,110000.0,AREA
4846,58,59,CAMA MARIANY,18/03/2026 CAMA CADENETA SIN ESPEJO Y USB DE 1.60,Cama,,12,TABLA,1.0,"30*31*2,5",46500.0,46500.0,FIJO
4847,58,59,CAMA MARIANY,18/03/2026 CAMA CADENETA SIN ESPEJO Y USB DE 1.60,Cama,,13,LAM MDF 2.7,2.0,LAMINA,68000.0,136000.0,AREA
4848,58,59,CAMA MARIANY,18/03/2026 CAMA CADENETA SIN ESPEJO Y USB DE 1.60,Cama,,14,COLBON,1.0,litros,14000.0,14000.0,VOLUMEN
4849,58,59,CAMA MARIANY,18/03/2026 CAMA CADENETA SIN ESPEJO Y USB DE 1.60,Cama,,15,GANCHOS,1.0,PAR,20000.0,20000.0,FIJO
4850,58,59,CAMA MARIANY,18/03/2026 CAMA CADENETA SIN ESPEJO Y USB DE 1.60,Cama,,16,GRAPAS,0.5,CAJAS,12000.0,6000.0,ESPACIADO
4851,58,59,CAMA MARIANY,18/03/2026 CAMA CADENETA SIN ESPEJO Y USB DE 1.60,Cama,,17,CLAVILLOS,6.0,TIRA,1000.0,6000.0,ESPACIADO
4852,58,59,CAMA MARIANY,18/03/2026 CAMA CADENETA SIN ESPEJO Y USB DE 1.60,Cama,,18,"TORNILLOS DE 2""",80.0,Unidad,100.0,8000.0,ESPACIADO
4853,58,59,CAMA MARIANY,18/03/2026 CAMA CADENETA SIN ESPEJO Y USB DE 1.60,Cama,,19,FABRICACION 300.000 *5%,,,,315000.0,FORMULA
4854,58,59,CAMA MARIANY,18/03/2026 CAMA CADENETA SIN ESPEJO Y USB DE 1.60,Cama,,21,gastos de Ebanisteria e 10%,,,,128198.0,FORMULA
4855,58,59,CAMA MARIANY,18/03/2026 CAMA CADENETA SIN ESPEJO Y USB DE 1.60,Cama,SECCION PINTURA 2 CABACEROS Y 6 PATAS,23,SECCION PINTURA,2 CABACEROS Y 6 PATAS,,,,FORMULA
4856,58,59,CAMA MARIANY,18/03/2026 CAMA CADENETA SIN ESPEJO Y USB DE 1.60,Cama,SECCION PINTURA 2 CABACEROS Y 6 PATAS,24,PREPARADO CABECERO,1.0,CON EL 5%,31500.0,31500.0,FIJO
4857,58,59,CAMA MARIANY,18/03/2026 CAMA CADENETA SIN ESPEJO Y USB DE 1.60,Cama,SECCION PINTURA 2 CABACEROS Y 6 PATAS,25,PINTURA CABECERO,1.0,CON EL 5%,21000.0,21000.0,FIJO
4858,58,59,CAMA MARIANY,18/03/2026 CAMA CADENETA SIN ESPEJO Y USB DE 1.60,Cama,SECCION PINTURA 2 CABACEROS Y 6 PATAS,26,PREPARADO PATAS,6.0,CON EL 5%,1050.0,6300.0,FORMULA
4859,58,59,CAMA MARIANY,18/03/2026 CAMA CADENETA SIN ESPEJO Y USB DE 1.60,Cama,SECCION PINTURA 2 CABACEROS Y 6 PATAS,27,PINTURA PATAS,6.0,CON EL 5%,2100.0,12600.0,FORMULA
4860,58,59,CAMA MARIANY,18/03/2026 CAMA CADENETA SIN ESPEJO Y USB DE 1.60,Cama,SECCION PINTURA 2 CABACEROS Y 6 PATAS,28,SELLADOR,2.0,PISTOLADAS,18000.0,36000.0,VOLUMEN
4861,58,59,CAMA MARIANY,18/03/2026 CAMA CADENETA SIN ESPEJO Y USB DE 1.60,Cama,SECCION PINTURA 2 CABACEROS Y 6 PATAS,29,LIJA,1.0,unidad,2000.0,2000.0,FIJO
4862,58,59,CAMA MARIANY,18/03/2026 CAMA CADENETA SIN ESPEJO Y USB DE 1.60,Cama,SECCION PINTURA 2 CABACEROS Y 6 PATAS,30,LIJA 2000,1.0,UNIDAD,2000.0,2000.0,FIJO
4863,58,59,CAMA MARIANY,18/03/2026 CAMA CADENETA SIN ESPEJO Y USB DE 1.60,Cama,SECCION PINTURA 2 CABACEROS Y 6 PATAS,31,LIJA,0.5,unidades,2000.0,1000.0,FORMULA
4864,58,59,CAMA MARIANY,18/03/2026 CAMA CADENETA SIN ESPEJO Y USB DE 1.60,Cama,SECCION PINTURA 2 CABACEROS Y 6 PATAS,32,COLOR GRIS HUMO,6.0,PISTOLADA,23000.0,138000.0,VOLUMEN
4865,58,59,CAMA MARIANY,18/03/2026 CAMA CADENETA SIN ESPEJO Y USB DE 1.60,Cama,SECCION PINTURA 2 CABACEROS Y 6 PATAS,33,RESANE,1.0,LITRO,10000.0,10000.0,VOLUMEN
4866,58,59,CAMA MARIANY,18/03/2026 CAMA CADENETA SIN ESPEJO Y USB DE 1.60,Cama,SECCION PINTURA 2 CABACEROS Y 6 PATAS,34,LACA,3.0,PISTOLADA,23000.0,69000.0,VOLUMEN
4867,58,59,CAMA MARIANY,18/03/2026 CAMA CADENETA SIN ESPEJO Y USB DE 1.60,Cama,SECCION PINTURA 2 CABACEROS Y 6 PATAS,36,Gastos de Pintura 10%,,,,32940.0,FORMULA
4868,58,59,CAMA MARIANY,18/03/2026 CAMA CADENETA SIN ESPEJO Y USB DE 1.60,Cama,SECCION EBANISTERIA NOCHEROS EN CRUDO,38,SECCION EBANISTERIA,NOCHEROS EN CRUDO,,,,FORMULA
4869,58,59,CAMA MARIANY,18/03/2026 CAMA CADENETA SIN ESPEJO Y USB DE 1.60,Cama,SECCION EBANISTERIA NOCHEROS EN CRUDO,40,MADERA,225.0,,140.0,31500.0,FORMULA
4870,58,59,CAMA MARIANY,18/03/2026 CAMA CADENETA SIN ESPEJO Y USB DE 1.60,Cama,SECCION EBANISTERIA NOCHEROS EN CRUDO,41,"LAM MFF 9""",0.17,"PEDASO DE 1.20 X 0,40",140000.0,23800.0,FORMULA
4871,58,59,CAMA MARIANY,18/03/2026 CAMA CADENETA SIN ESPEJO Y USB DE 1.60,Cama,SECCION EBANISTERIA NOCHEROS EN CRUDO,42,"LAM MDF 5,5""",0.27,"4 PEDASOS DE 38X0,45",140000.0,37800.0,AREA
4872,58,59,CAMA MARIANY,18/03/2026 CAMA CADENETA SIN ESPEJO Y USB DE 1.60,Cama,SECCION EBANISTERIA NOCHEROS EN CRUDO,43,"LAM MDF 2,7",0.34,"1 PEDAZO DE 2,7X 1,83",68000.0,23120.0,AREA
4873,58,59,CAMA MARIANY,18/03/2026 CAMA CADENETA SIN ESPEJO Y USB DE 1.60,Cama,SECCION EBANISTERIA NOCHEROS EN CRUDO,44,LAM MDF 15,0.2,"1 PEDASO DE 15X0,80X1,83",220000.0,44000.0,AREA
4874,58,59,CAMA MARIANY,18/03/2026 CAMA CADENETA SIN ESPEJO Y USB DE 1.60,Cama,SECCION EBANISTERIA NOCHEROS EN CRUDO,45,COLBON,0.3,litros,14000.0,4200.0,VOLUMEN
4875,58,59,CAMA MARIANY,18/03/2026 CAMA CADENETA SIN ESPEJO Y USB DE 1.60,Cama,SECCION EBANISTERIA NOCHEROS EN CRUDO,46,GRAPAS,0.5,CAJAS,12000.0,6000.0,ESPACIADO
4876,58,59,CAMA MARIANY,18/03/2026 CAMA CADENETA SIN ESPEJO Y USB DE 1.60,Cama,SECCION EBANISTERIA NOCHEROS EN CRUDO,47,CLAVILLOS,8.0,TIRA,1000.0,8000.0,ESPACIADO
4877,58,59,CAMA MARIANY,18/03/2026 CAMA CADENETA SIN ESPEJO Y USB DE 1.60,Cama,SECCION EBANISTERIA NOCHEROS EN CRUDO,48,"TORNILLOS DE 2""",30.0,Unidad,100.0,3000.0,ESPACIADO
4878,58,59,CAMA MARIANY,18/03/2026 CAMA CADENETA SIN ESPEJO Y USB DE 1.60,Cama,SECCION EBANISTERIA NOCHEROS EN CRUDO,49,CORREDERAS 35 NORMAL,4.0,PARES,10000.0,40000.0,FORMULA
4879,58,59,CAMA MARIANY,18/03/2026 CAMA CADENETA SIN ESPEJO Y USB DE 1.60,Cama,SECCION EBANISTERIA NOCHEROS EN CRUDO,50,CORREDERAS 35 PUSH,1.0,PAR,18000.0,18000.0,FIJO
4880,58,59,CAMA MARIANY,18/03/2026 CAMA CADENETA SIN ESPEJO Y USB DE 1.60,Cama,SECCION EBANISTERIA NOCHEROS EN CRUDO,51,MANO DE OBRA 100.000 *5%,,,,210000.0,FORMULA
4881,58,59,CAMA MARIANY,18/03/2026 CAMA CADENETA SIN ESPEJO Y USB DE 1.60,Cama,SECCION EBANISTERIA NOCHEROS EN CRUDO,53,gastos de Ebanisteria e 10%,,,,44942.0,FORMULA
4882,58,59,CAMA MARIANY,18/03/2026 CAMA CADENETA SIN ESPEJO Y USB DE 1.60,Cama,SECCION PINTURA NOCHEROS,55,SECCION PINTURA,NOCHEROS,,,,FORMULA
4883,58,59,CAMA MARIANY,18/03/2026 CAMA CADENETA SIN ESPEJO Y USB DE 1.60,Cama,SECCION PINTURA NOCHEROS,56,PREPARADO,2.0,CON EL 5%,36750.0,73500.0,FORMULA
4884,58,59,CAMA MARIANY,18/03/2026 CAMA CADENETA SIN ESPEJO Y USB DE 1.60,Cama,SECCION PINTURA NOCHEROS,57,PINTURA,2.0,CON EL 5%,36750.0,73500.0,FORMULA
4885,58,59,CAMA MARIANY,18/03/2026 CAMA CADENETA SIN ESPEJO Y USB DE 1.60,Cama,SECCION PINTURA NOCHEROS,58,SELLADOR,4.0,PISTOLADAS,18000.0,72000.0,VOLUMEN
4886,58,59,CAMA MARIANY,18/03/2026 CAMA CADENETA SIN ESPEJO Y USB DE 1.60,Cama,SECCION PINTURA NOCHEROS,59,LIJA 150,1.0,unidad,2000.0,2000.0,FIJO
4887,58,59,CAMA MARIANY,18/03/2026 CAMA CADENETA SIN ESPEJO Y USB DE 1.60,Cama,SECCION PINTURA NOCHEROS,60,LIJA 400,1.0,unidad,2000.0,2000.0,FIJO
4888,58,59,CAMA MARIANY,18/03/2026 CAMA CADENETA SIN ESPEJO Y USB DE 1.60,Cama,SECCION PINTURA NOCHEROS,61,LIJA 120,1.0,unidades,2000.0,2000.0,FIJO
4889,58,59,CAMA MARIANY,18/03/2026 CAMA CADENETA SIN ESPEJO Y USB DE 1.60,Cama,SECCION PINTURA NOCHEROS,63,COLOR GRIS HUMO,1.5,PISTOLADA,23000.0,34500.0,VOLUMEN
4890,58,59,CAMA MARIANY,18/03/2026 CAMA CADENETA SIN ESPEJO Y USB DE 1.60,Cama,SECCION PINTURA NOCHEROS,64,COLOR GRIS ALUMINIO,0.5,galon,23000.0,11500.0,VOLUMEN
4891,58,59,CAMA MARIANY,18/03/2026 CAMA CADENETA SIN ESPEJO Y USB DE 1.60,Cama,SECCION PINTURA NOCHEROS,65,GASOLINA,0.5,LITRO,5000.0,2500.0,VOLUMEN
4892,58,59,CAMA MARIANY,18/03/2026 CAMA CADENETA SIN ESPEJO Y USB DE 1.60,Cama,SECCION PINTURA NOCHEROS,66,RESANE,0.5,LITRO,10000.0,5000.0,VOLUMEN
4893,58,59,CAMA MARIANY,18/03/2026 CAMA CADENETA SIN ESPEJO Y USB DE 1.60,Cama,SECCION PINTURA NOCHEROS,67,LACA,2.0,PISTOLADA,22000.0,44000.0,VOLUMEN
4894,58,59,CAMA MARIANY,18/03/2026 CAMA CADENETA SIN ESPEJO Y USB DE 1.60,Cama,SECCION PINTURA NOCHEROS,69,Gastos de Pintura 10%,,,,32250.0,FORMULA
4895,58,59,CAMA MARIANY,18/03/2026 CAMA CADENETA SIN ESPEJO Y USB DE 1.60,Cama,SECCION TERMINACION,72,SISTEMA ELECTRICO,1.0,MANO DE OBRA,73500.0,73500.0,FIJO
4896,58,59,CAMA MARIANY,18/03/2026 CAMA CADENETA SIN ESPEJO Y USB DE 1.60,Cama,SECCION TERMINACION,73,ROLLO DE LUZ LED,1.0,ROLLO,45000.0,45000.0,FIJO
4897,58,59,CAMA MARIANY,18/03/2026 CAMA CADENETA SIN ESPEJO Y USB DE 1.60,Cama,SECCION TERMINACION,74,APAGADOR CAFETERO,1.0,unidades,2000.0,2000.0,FIJO
4898,58,59,CAMA MARIANY,18/03/2026 CAMA CADENETA SIN ESPEJO Y USB DE 1.60,Cama,SECCION TERMINACION,75,CABLE,7.0,METROS,1500.0,10500.0,LINEAL
4899,58,59,CAMA MARIANY,18/03/2026 CAMA CADENETA SIN ESPEJO Y USB DE 1.60,Cama,SECCION TERMINACION,76,TOMA EXPANDIBLE,1.0,unidades,260000.0,260000.0,FIJO
4900,58,59,CAMA MARIANY,18/03/2026 CAMA CADENETA SIN ESPEJO Y USB DE 1.60,Cama,SECCION TERMINACION,77,EMBALADA,1.0,unidades,100000.0,100000.0,FIJO
4901,58,59,CAMA MARIANY,18/03/2026 CAMA CADENETA SIN ESPEJO Y USB DE 1.60,Cama,SECCION TENDIDO,80,MADERA,639.0,CMS,140.0,89460.0,LINEAL
4902,58,59,CAMA MARIANY,18/03/2026 CAMA CADENETA SIN ESPEJO Y USB DE 1.60,Cama,SECCION TENDIDO,81,lamina de 9 mdf,1.0,LAMINA,140000.0,140000.0,AREA
4903,58,59,CAMA MARIANY,18/03/2026 CAMA CADENETA SIN ESPEJO Y USB DE 1.60,Cama,SECCION TENDIDO,82,"TORNILLOS DE 2""",40.0,UNIDAD,100.0,4000.0,ESPACIADO
4904,58,59,CAMA MARIANY,18/03/2026 CAMA CADENETA SIN ESPEJO Y USB DE 1.60,Cama,SECCION TENDIDO,83,CLAVILLO f.50,3.0,TIRAS,1000.0,3000.0,ESPACIADO
4905,58,59,CAMA MARIANY,18/03/2026 CAMA CADENETA SIN ESPEJO Y USB DE 1.60,Cama,SECCION TENDIDO,84,PEOPLE,4.2,METROS,4000.0,16800.0,LINEAL
4906,58,59,CAMA MARIANY,18/03/2026 CAMA CADENETA SIN ESPEJO Y USB DE 1.60,Cama,SECCION TENDIDO,85,grapas,0.5,CAJA DE GRAPAS,12000.0,6000.0,ESPACIADO
4907,58,59,CAMA MARIANY,18/03/2026 CAMA CADENETA SIN ESPEJO Y USB DE 1.60,Cama,SECCION TENDIDO,86,HECHURA,1.0,*5%,63000.0,63000.0,FIJO
4908,58,59,CAMA MARIANY,18/03/2026 CAMA CADENETA SIN ESPEJO Y USB DE 1.60,Cama,SECCION TENDIDO,87,postura,1.0,PEOPLE,10500.0,10500.0,FIJO
4909,58,59,CAMA MARIANY,18/03/2026 CAMA CADENETA SIN ESPEJO Y USB DE 1.60,Cama,SECCION TAPICERIA,90,TELA DILAN 10 GRIS,8.0,METROS,25000.0,200000.0,AREA
4910,58,59,CAMA MARIANY,18/03/2026 CAMA CADENETA SIN ESPEJO Y USB DE 1.60,Cama,SECCION TAPICERIA,91,"ESPUMA DE 1""1/2 ROSADA",2.5,LAMINAS,30000.0,75000.0,AREA
4911,58,59,CAMA MARIANY,18/03/2026 CAMA CADENETA SIN ESPEJO Y USB DE 1.60,Cama,SECCION TAPICERIA,92,GRAPAS,0.5,CAJA DE GRAPAS,12000.0,6000.0,ESPACIADO
4912,58,59,CAMA MARIANY,18/03/2026 CAMA CADENETA SIN ESPEJO Y USB DE 1.60,Cama,SECCION TAPICERIA,93,"ESPUMA ROSADA 2""",1.5,LAMINA,48000.0,72000.0,AREA
4913,58,59,CAMA MARIANY,18/03/2026 CAMA CADENETA SIN ESPEJO Y USB DE 1.60,Cama,SECCION TAPICERIA,94,"TORNILLOS DE 1"" 1/2",100.0,UNIDAD 0,100.0,10000.0,ESPACIADO
4914,58,59,CAMA MARIANY,18/03/2026 CAMA CADENETA SIN ESPEJO Y USB DE 1.60,Cama,SECCION TAPICERIA,95,HILO,1.0,UNIIDAD,25000.0,25000.0,FIJO
4915,58,59,CAMA MARIANY,18/03/2026 CAMA CADENETA SIN ESPEJO Y USB DE 1.60,Cama,SECCION TAPICERIA,97,SUPER,1.0,LITRO,14000.0,14000.0,VOLUMEN
4916,58,59,CAMA MARIANY,18/03/2026 CAMA CADENETA SIN ESPEJO Y USB DE 1.60,Cama,SECCION TAPICERIA,98,hechura,1.0,TATI,210000.0,210000.0,FIJO
4917,59,60,CAMA NAUTICA WILMER,26/03/20266 CAMA NAUTICA 2*2,Cama,,8,MADERA,400.0,APAMATE,140.0,56000.0,FORMULA
4918,59,60,CAMA NAUTICA WILMER,26/03/20266 CAMA NAUTICA 2*2,Cama,,9,"MDF DE 15""",0.25,LAMINA,220000.0,55000.0,AREA
4919,59,60,CAMA NAUTICA WILMER,26/03/20266 CAMA NAUTICA 2*2,Cama,,10,"LAMINA DE 2.5""",1.25,LAMINA,65000.0,81250.0,AREA
4920,59,60,CAMA NAUTICA WILMER,26/03/20266 CAMA NAUTICA 2*2,Cama,,11,LAMINA DE 9,0.75,Unidad,140000.0,105000.0,AREA
4921,59,60,CAMA NAUTICA WILMER,26/03/20266 CAMA NAUTICA 2*2,Cama,,12,TABLA,0.5,"2,60*22*2,5",28600.0,14300.0,FORMULA
4922,59,60,CAMA NAUTICA WILMER,26/03/20266 CAMA NAUTICA 2*2,Cama,,13,COLBON,1.5,LITROS,14000.0,21000.0,VOLUMEN
4923,59,60,CAMA NAUTICA WILMER,26/03/20266 CAMA NAUTICA 2*2,Cama,,14,GRAPAS,0.5,CAJA DE GRAPAS,12000.0,6000.0,ESPACIADO
4924,59,60,CAMA NAUTICA WILMER,26/03/20266 CAMA NAUTICA 2*2,Cama,,15,CLAVILLOS,8.0,TIRA,1000.0,8000.0,ESPACIADO
4925,59,60,CAMA NAUTICA WILMER,26/03/20266 CAMA NAUTICA 2*2,Cama,,16,"TORNILLOS DE 2""",100.0,Unidad,100.0,10000.0,ESPACIADO
4926,59,60,CAMA NAUTICA WILMER,26/03/20266 CAMA NAUTICA 2*2,Cama,,17,ebanisteria 300.000 x 5% de m.o,,,,315000.0,FORMULA
4927,59,60,CAMA NAUTICA WILMER,26/03/20266 CAMA NAUTICA 2*2,Cama,,19,gastos de Ebanisteria e 10%,,,,67155.0,FORMULA
4928,59,60,CAMA NAUTICA WILMER,26/03/20266 CAMA NAUTICA 2*2,Cama,,23,CORREDERAS,4.0,UNIDADES,10000.0,40000.0,FORMULA
4929,59,60,CAMA NAUTICA WILMER,26/03/20266 CAMA NAUTICA 2*2,Cama,SECCION PINTURA Y PREPARADA DOS NOCHERO,28,SECCION PINTURA Y PREPARADA,DOS NOCHERO ,,,,FORMULA
4930,59,60,CAMA NAUTICA WILMER,26/03/20266 CAMA NAUTICA 2*2,Cama,SECCION PINTURA Y PREPARADA DOS NOCHERO,29,PREPARADO JOTA,2.0,CON EL 5%,36750.0,73500.0,FORMULA
4931,59,60,CAMA NAUTICA WILMER,26/03/20266 CAMA NAUTICA 2*2,Cama,SECCION PINTURA Y PREPARADA DOS NOCHERO,30,PINTURA ALEX,2.0,CON EL 5%,36750.0,73500.0,FORMULA
4932,59,60,CAMA NAUTICA WILMER,26/03/20266 CAMA NAUTICA 2*2,Cama,SECCION PINTURA Y PREPARADA DOS NOCHERO,31,SELLADOR,4.0,PISTOLADAS,18000.0,72000.0,VOLUMEN
4933,59,60,CAMA NAUTICA WILMER,26/03/20266 CAMA NAUTICA 2*2,Cama,SECCION PINTURA Y PREPARADA DOS NOCHERO,32,LIJA 150,0.5,unidades,2000.0,1000.0,FORMULA
4934,59,60,CAMA NAUTICA WILMER,26/03/20266 CAMA NAUTICA 2*2,Cama,SECCION PINTURA Y PREPARADA DOS NOCHERO,33,LIJA 400,0.5,unidades,4000.0,2000.0,FORMULA
4935,59,60,CAMA NAUTICA WILMER,26/03/20266 CAMA NAUTICA 2*2,Cama,SECCION PINTURA Y PREPARADA DOS NOCHERO,34,LIJA 120,1.0,unidades,2000.0,2000.0,FIJO
4936,59,60,CAMA NAUTICA WILMER,26/03/20266 CAMA NAUTICA 2*2,Cama,SECCION PINTURA Y PREPARADA DOS NOCHERO,35,COLOR GRIS,2.0,PISTOLADA,22000.0,44000.0,VOLUMEN
4937,59,60,CAMA NAUTICA WILMER,26/03/20266 CAMA NAUTICA 2*2,Cama,SECCION PINTURA Y PREPARADA DOS NOCHERO,36,GASOLINA,0.3,ML,5000.0,1500.0,LINEAL
4938,59,60,CAMA NAUTICA WILMER,26/03/20266 CAMA NAUTICA 2*2,Cama,SECCION PINTURA Y PREPARADA DOS NOCHERO,37,RESANE,0.5,LITRO,20000.0,10000.0,VOLUMEN
4939,59,60,CAMA NAUTICA WILMER,26/03/20266 CAMA NAUTICA 2*2,Cama,SECCION PINTURA Y PREPARADA DOS NOCHERO,38,LACA S/M,2.0,PISTOLADA,23000.0,46000.0,VOLUMEN
4940,59,60,CAMA NAUTICA WILMER,26/03/20266 CAMA NAUTICA 2*2,Cama,SECCION PINTURA Y PREPARADA DOS NOCHERO,40,Gastos de Pintura 10%,,,,32550.0,FORMULA
4941,59,60,CAMA NAUTICA WILMER,26/03/20266 CAMA NAUTICA 2*2,Cama,SECCION PINTURA Y PREPARADA PATAS,42,SECCION PINTURA Y PREPARADA,PATAS ,,,,FORMULA
4942,59,60,CAMA NAUTICA WILMER,26/03/20266 CAMA NAUTICA 2*2,Cama,SECCION PINTURA Y PREPARADA PATAS,43,PREPARADO JOTA,6.0,CON EL 5%,1050.0,6300.0,FORMULA
4943,59,60,CAMA NAUTICA WILMER,26/03/20266 CAMA NAUTICA 2*2,Cama,SECCION PINTURA Y PREPARADA PATAS,44,PINTURA ALEX,6.0,CON EL 5%,2100.0,12600.0,FORMULA
4944,59,60,CAMA NAUTICA WILMER,26/03/20266 CAMA NAUTICA 2*2,Cama,SECCION PINTURA Y PREPARADA PATAS,45,SELLADOR,0.3,PISTOLADAS,18000.0,5400.0,VOLUMEN
4945,59,60,CAMA NAUTICA WILMER,26/03/20266 CAMA NAUTICA 2*2,Cama,SECCION PINTURA Y PREPARADA PATAS,46,LIJA 400,0.5,unidades,2000.0,1000.0,FORMULA
4946,59,60,CAMA NAUTICA WILMER,26/03/20266 CAMA NAUTICA 2*2,Cama,SECCION PINTURA Y PREPARADA PATAS,47,lija 120,0.5,unidad,2000.0,1000.0,FORMULA
4947,59,60,CAMA NAUTICA WILMER,26/03/20266 CAMA NAUTICA 2*2,Cama,SECCION PINTURA Y PREPARADA PATAS,48,LACA SEMIMATE,0.3,GALON,23000.0,6900.0,VOLUMEN
4948,59,60,CAMA NAUTICA WILMER,26/03/20266 CAMA NAUTICA 2*2,Cama,SECCION PINTURA Y PREPARADA PATAS,49,COLOR NEGRA/BEIGE/GRIS,0.3,PISTOLADA,22000.0,6600.0,VOLUMEN
4949,59,60,CAMA NAUTICA WILMER,26/03/20266 CAMA NAUTICA 2*2,Cama,SECCION PINTURA Y PREPARADA PATAS,50,RESANE,0.5,LITRO,23000.0,11500.0,VOLUMEN
4950,59,60,CAMA NAUTICA WILMER,26/03/20266 CAMA NAUTICA 2*2,Cama,SECCION PINTURA Y PREPARADA PATAS,52,Gastos de Pintura 10%,,,,5130.0,FORMULA
4951,59,60,CAMA NAUTICA WILMER,26/03/20266 CAMA NAUTICA 2*2,Cama,SECCION TERMINACION,55,COLAPATO,,2X7X5+1X7X5=105,35000.0,0.0,FORMULA
4952,59,60,CAMA NAUTICA WILMER,26/03/20266 CAMA NAUTICA 2*2,Cama,SECCION TERMINACION,56,MULTIUSO,,PAR,6000.0,0.0,FORMULA
4953,59,60,CAMA NAUTICA WILMER,26/03/20266 CAMA NAUTICA 2*2,Cama,SECCION TERMINACION,57,PATAS DE CAMAS,,unidades,11000.0,0.0,FIJO
4954,59,60,CAMA NAUTICA WILMER,26/03/20266 CAMA NAUTICA 2*2,Cama,SECCION TERMINACION,58,TORNILLOS,,unidades,100.0,0.0,FIJO
4955,59,60,CAMA NAUTICA WILMER,26/03/20266 CAMA NAUTICA 2*2,Cama,SECCION TERMINACION,59,EMBALADA,1.0,unidades,150000.0,150000.0,FIJO
4956,59,60,CAMA NAUTICA WILMER,26/03/20266 CAMA NAUTICA 2*2,Cama,SECCION TERMINACION,61,SECCION TENDIDO,,,,0.0,FORMULA
4957,59,60,CAMA NAUTICA WILMER,26/03/20266 CAMA NAUTICA 2*2,Cama,SECCION TERMINACION,62,MADERA,639.0,APAMATE,140.0,89460.0,FORMULA
4958,59,60,CAMA NAUTICA WILMER,26/03/20266 CAMA NAUTICA 2*2,Cama,SECCION TERMINACION,63,PEOPE,4.2,METROS,3500.0,14700.0,LINEAL
4959,59,60,CAMA NAUTICA WILMER,26/03/20266 CAMA NAUTICA 2*2,Cama,SECCION TERMINACION,64,GRAPAS,0.5,CAJA,12000.0,6000.0,ESPACIADO
4960,59,60,CAMA NAUTICA WILMER,26/03/20266 CAMA NAUTICA 2*2,Cama,SECCION TERMINACION,65,MDF DE 9,1.0,LAMINA,140000.0,140000.0,AREA
4961,59,60,CAMA NAUTICA WILMER,26/03/20266 CAMA NAUTICA 2*2,Cama,SECCION TERMINACION,66,"TORNILLOS DE 2""",40.0,UNIDAD,100.0,4000.0,ESPACIADO
4962,59,60,CAMA NAUTICA WILMER,26/03/20266 CAMA NAUTICA 2*2,Cama,SECCION TERMINACION,67,CLAVILLO,3.0,TIRA,1000.0,3000.0,ESPACIADO
4963,59,60,CAMA NAUTICA WILMER,26/03/20266 CAMA NAUTICA 2*2,Cama,SECCION TERMINACION,68,HECHURA,1.0,UNIDAD,63000.0,63000.0,FIJO
4964,59,60,CAMA NAUTICA WILMER,26/03/20266 CAMA NAUTICA 2*2,Cama,SECCION PINTURA Y PREPARADA TENDIDOS,71,SECCION PINTURA Y PREPARADA,TENDIDOS,,,,FORMULA
4965,59,60,CAMA NAUTICA WILMER,26/03/20266 CAMA NAUTICA 2*2,Cama,SECCION PINTURA Y PREPARADA TENDIDOS,72,PINTURA TENDIDOS,2.0,CON EL 5%,6300.0,12600.0,FORMULA
4966,59,60,CAMA NAUTICA WILMER,26/03/20266 CAMA NAUTICA 2*2,Cama,SECCION PINTURA Y PREPARADA TENDIDOS,73,COLOR NEGRO TENDIDOS,0.5,PISTOLADAS,22000.0,11000.0,VOLUMEN
4967,59,60,CAMA NAUTICA WILMER,26/03/20266 CAMA NAUTICA 2*2,Cama,SECCION PINTURA Y PREPARADA TENDIDOS,75,Gastos de Pintura 10%,,,,2360.0,FORMULA
4968,59,60,CAMA NAUTICA WILMER,26/03/20266 CAMA NAUTICA 2*2,Cama,SECCION TAPICERIA,78,TELA VARAD Y CORAL,13.0,METROS,39060.0,507780.0,AREA
4969,59,60,CAMA NAUTICA WILMER,26/03/20266 CAMA NAUTICA 2*2,Cama,SECCION TAPICERIA,79,"ESPUMA DE 1"" 1/2 ROSADA",2.5,LAMINA,30000.0,75000.0,AREA
4970,59,60,CAMA NAUTICA WILMER,26/03/20266 CAMA NAUTICA 2*2,Cama,SECCION TAPICERIA,80,"ESPUMA DE 2"" ROSADA",1.5,LAMINA,48000.0,72000.0,AREA
4971,59,60,CAMA NAUTICA WILMER,26/03/20266 CAMA NAUTICA 2*2,Cama,SECCION TAPICERIA,81,ESPUMA DE 1/2 ROSADA,0.5,LAMINA,8000.0,4000.0,AREA
4972,59,60,CAMA NAUTICA WILMER,26/03/20266 CAMA NAUTICA 2*2,Cama,SECCION TAPICERIA,82,GRAPAS,0.5,CAJA,12000.0,6000.0,ESPACIADO
4973,59,60,CAMA NAUTICA WILMER,26/03/20266 CAMA NAUTICA 2*2,Cama,SECCION TAPICERIA,83,SUPER,1.5,LITRO,17000.0,25500.0,VOLUMEN
4974,59,60,CAMA NAUTICA WILMER,26/03/20266 CAMA NAUTICA 2*2,Cama,SECCION TAPICERIA,84,CIERRE MAGICO,1.0,METRO,1000.0,1000.0,LINEAL
4975,59,60,CAMA NAUTICA WILMER,26/03/20266 CAMA NAUTICA 2*2,Cama,SECCION TAPICERIA,85,COSTAL,2.0,METROS,3000.0,6000.0,AREA
4976,59,60,CAMA NAUTICA WILMER,26/03/20266 CAMA NAUTICA 2*2,Cama,SECCION TAPICERIA,86,GUATA PRENSADA,0.5,MTS,15000.0,7500.0,LINEAL
4977,59,60,CAMA NAUTICA WILMER,26/03/20266 CAMA NAUTICA 2*2,Cama,SECCION TAPICERIA,87,HECHURA,1.0,,210000.0,210000.0,FIJO
4978,60,61,CAMA DECO CHOCOLATINA ,2026-04-27 00:00:00,Cama,,8,MADERA,,CMS,140.0,0.0,FORMULA
4979,60,61,CAMA DECO CHOCOLATINA ,2026-04-27 00:00:00,Cama,,9,"LAM MFF 9""",,LAMINA,140000.0,0.0,FORMULA
4980,60,61,CAMA DECO CHOCOLATINA ,2026-04-27 00:00:00,Cama,,10,"LAM MDF 5,5""",,LAMINA,29114.0,0.0,FORMULA
4981,60,61,CAMA DECO CHOCOLATINA ,2026-04-27 00:00:00,Cama,,11,LAM MDF 2.7,,LAMINA,65000.0,0.0,FORMULA
4982,60,61,CAMA DECO CHOCOLATINA ,2026-04-27 00:00:00,Cama,,12,COLBON,,litros,14000.0,0.0,FORMULA
4983,60,61,CAMA DECO CHOCOLATINA ,2026-04-27 00:00:00,Cama,,13,GANCHOS,,PAR,20000.0,0.0,FIJO
4984,60,61,CAMA DECO CHOCOLATINA ,2026-04-27 00:00:00,Cama,,14,GRAPAS,,CAJAS,12000.0,0.0,FIJO
4985,60,61,CAMA DECO CHOCOLATINA ,2026-04-27 00:00:00,Cama,,15,CLAVILLOS,,TIRA,1000.0,0.0,FIJO
4986,60,61,CAMA DECO CHOCOLATINA ,2026-04-27 00:00:00,Cama,,16,"TORNILLOS DE 2""",,Unidad,100.0,0.0,FIJO
4987,60,61,CAMA DECO CHOCOLATINA ,2026-04-27 00:00:00,Cama,,17,FABRICACION *5%,,,,1200000.0,FORMULA
4988,60,61,CAMA DECO CHOCOLATINA ,2026-04-27 00:00:00,Cama,SECCION PINTURA CAMA,21,SECCION PINTURA,CAMA,,,,FORMULA
4989,60,61,CAMA DECO CHOCOLATINA ,2026-04-27 00:00:00,Cama,SECCION PINTURA CAMA,22,PREPARADO CAMA,1.0,CON EL 5%,73000.0,73000.0,FIJO
4990,60,61,CAMA DECO CHOCOLATINA ,2026-04-27 00:00:00,Cama,SECCION PINTURA CAMA,23,PINTURA CAMA,1.0,CON EL 5%,63000.0,63000.0,FIJO
4991,60,61,CAMA DECO CHOCOLATINA ,2026-04-27 00:00:00,Cama,SECCION PINTURA CAMA,24,PREPARADO,,CON EL 5%,9450.0,0.0,FORMULA
4992,60,61,CAMA DECO CHOCOLATINA ,2026-04-27 00:00:00,Cama,SECCION PINTURA CAMA,25,PINTURA,,CON EL 5%,12600.0,0.0,FORMULA
4993,60,61,CAMA DECO CHOCOLATINA ,2026-04-27 00:00:00,Cama,SECCION PINTURA CAMA,26,SELLADOR,2.0,PISTOLADAS,18000.0,36000.0,VOLUMEN
4994,60,61,CAMA DECO CHOCOLATINA ,2026-04-27 00:00:00,Cama,SECCION PINTURA CAMA,27,LIJA,2.0,unidad,2000.0,4000.0,FORMULA
4995,60,61,CAMA DECO CHOCOLATINA ,2026-04-27 00:00:00,Cama,SECCION PINTURA CAMA,28,LIJA 2000,,UNIDAD,2000.0,0.0,FORMULA
4996,60,61,CAMA DECO CHOCOLATINA ,2026-04-27 00:00:00,Cama,SECCION PINTURA CAMA,29,COLOR NACARADO,,PISTOLADA,23000.0,0.0,FORMULA
4997,60,61,CAMA DECO CHOCOLATINA ,2026-04-27 00:00:00,Cama,SECCION PINTURA CAMA,30,COLOR NMIEL,3.5,PISTOLADA,22000.0,77000.0,VOLUMEN
4998,60,61,CAMA DECO CHOCOLATINA ,2026-04-27 00:00:00,Cama,SECCION PINTURA CAMA,31,RESANE,1.0,LITRO,10000.0,10000.0,VOLUMEN
4999,60,61,CAMA DECO CHOCOLATINA ,2026-04-27 00:00:00,Cama,SECCION PINTURA CAMA,32,LACA,3.0,PISTOLADA,23000.0,69000.0,VOLUMEN
5000,60,61,CAMA DECO CHOCOLATINA ,2026-04-27 00:00:00,Cama,SECCION PINTURA CAMA,34,Gastos de Pintura 10%,,,,33200.0,FORMULA
5001,60,61,CAMA DECO CHOCOLATINA ,2026-04-27 00:00:00,Cama,SECCION PINTURA CAMA,38,CORREDERAS,,UNIDADES,10000.0,0.0,FIJO
5002,60,61,CAMA DECO CHOCOLATINA ,2026-04-27 00:00:00,Cama,SECCION PINTURA NOCHEROS,43,SECCION PINTURA,NOCHEROS,,,,FORMULA
5003,60,61,CAMA DECO CHOCOLATINA ,2026-04-27 00:00:00,Cama,SECCION PINTURA NOCHEROS,44,PREPARADO,1.0,CON EL 5%,36750.0,36750.0,FIJO
5004,60,61,CAMA DECO CHOCOLATINA ,2026-04-27 00:00:00,Cama,SECCION PINTURA NOCHEROS,45,PINTURA,1.0,CON EL 5%,36750.0,36750.0,FIJO
5005,60,61,CAMA DECO CHOCOLATINA ,2026-04-27 00:00:00,Cama,SECCION PINTURA NOCHEROS,46,SELLADOR,1.0,PISTOLADAS,18000.0,18000.0,VOLUMEN
5006,60,61,CAMA DECO CHOCOLATINA ,2026-04-27 00:00:00,Cama,SECCION PINTURA NOCHEROS,47,LIJA 400,0.5,unidad,2000.0,1000.0,FORMULA
5007,60,61,CAMA DECO CHOCOLATINA ,2026-04-27 00:00:00,Cama,SECCION PINTURA NOCHEROS,48,LIJA 120,1.0,unidades,2000.0,2000.0,FIJO
5008,60,61,CAMA DECO CHOCOLATINA ,2026-04-27 00:00:00,Cama,SECCION PINTURA NOCHEROS,49,COLOR MIEL,1.5,PISTOLADAS,22000.0,33000.0,VOLUMEN
5009,60,61,CAMA DECO CHOCOLATINA ,2026-04-27 00:00:00,Cama,SECCION PINTURA NOCHEROS,50,COLOR NACARADO,1.5,PISTOLADA,23000.0,34500.0,VOLUMEN
5010,60,61,CAMA DECO CHOCOLATINA ,2026-04-27 00:00:00,Cama,SECCION PINTURA NOCHEROS,51,RESANE,0.3,LITRO,10000.0,3000.0,VOLUMEN
5011,60,61,CAMA DECO CHOCOLATINA ,2026-04-27 00:00:00,Cama,SECCION PINTURA NOCHEROS,52,LACA,1.0,PISTOLADAS,23000.0,23000.0,VOLUMEN
5012,60,61,CAMA DECO CHOCOLATINA ,2026-04-27 00:00:00,Cama,SECCION PINTURA NOCHEROS,54,Gastos de Pintura 10%,,,,18800.0,FORMULA
5013,60,61,CAMA DECO CHOCOLATINA ,2026-04-27 00:00:00,Cama,SECCION TERMINACION,57,DANIEL,,MANO DE OBRA,73500.0,0.0,FORMULA
5014,60,61,CAMA DECO CHOCOLATINA ,2026-04-27 00:00:00,Cama,SECCION TERMINACION,58,ESPEJO,,50*80,45000.0,0.0,FORMULA
5015,60,61,CAMA DECO CHOCOLATINA ,2026-04-27 00:00:00,Cama,SECCION TERMINACION,59,APAGADOR CAFETERO,,unidades,2000.0,0.0,FORMULA
5016,60,61,CAMA DECO CHOCOLATINA ,2026-04-27 00:00:00,Cama,SECCION TERMINACION,60,CABLE,,METROS,1500.0,0.0,FORMULA
5017,60,61,CAMA DECO CHOCOLATINA ,2026-04-27 00:00:00,Cama,SECCION TERMINACION,61,TOMA EXPANDIBLE,,unidades,260000.0,0.0,FORMULA
5018,60,61,CAMA DECO CHOCOLATINA ,2026-04-27 00:00:00,Cama,SECCION TERMINACION,62,EMBALADA,1.0,unidades,100000.0,100000.0,FIJO
5019,60,61,CAMA DECO CHOCOLATINA ,2026-04-27 00:00:00,Cama,SECCION TENDIDO,65,MADERA,693.0,CMS,140.0,97020.0,LINEAL
5020,60,61,CAMA DECO CHOCOLATINA ,2026-04-27 00:00:00,Cama,SECCION TENDIDO,66,lamina de 2.5 mdf,,LAMINA,65000.0,0.0,FORMULA
5021,60,61,CAMA DECO CHOCOLATINA ,2026-04-27 00:00:00,Cama,SECCION TENDIDO,67,COLBON,0.5,LITRO,14000.0,7000.0,VOLUMEN
5022,60,61,CAMA DECO CHOCOLATINA ,2026-04-27 00:00:00,Cama,SECCION TENDIDO,68,CLAVILLO f.50,3.0,TIRAS,1000.0,3000.0,ESPACIADO
5023,60,61,CAMA DECO CHOCOLATINA ,2026-04-27 00:00:00,Cama,SECCION TENDIDO,69,MANIJAS,,METROS,10000.0,0.0,FORMULA
5024,60,61,CAMA DECO CHOCOLATINA ,2026-04-27 00:00:00,Cama,SECCION TENDIDO,70,grapas,0.1,CAJA DE GRAPAS,12000.0,1200.0,ESPACIADO
5025,60,61,CAMA DECO CHOCOLATINA ,2026-04-27 00:00:00,Cama,SECCION TENDIDO,71,HECHURA BURRO,,*5%,42000.0,0.0,FIJO
5026,60,61,CAMA DECO CHOCOLATINA ,2026-04-27 00:00:00,Cama,SECCION TENDIDO,72,HECHURA TENDIDO,1.0,*5%,52500.0,52500.0,FIJO
5027,60,61,CAMA DECO CHOCOLATINA ,2026-04-27 00:00:00,Cama,SECCION TENDIDO,73,postura,1.0,PEOPLE,10500.0,10500.0,FIJO
5028,60,61,CAMA DECO CHOCOLATINA ,2026-04-27 00:00:00,Cama,SECCION TERMINACION,76,MANIJAS,2.0,UNIDADES,10000.0,20000.0,FORMULA
5029,60,61,CAMA DECO CHOCOLATINA ,2026-04-27 00:00:00,Cama,SECCION TERMINACION,77,"ESPUMA DE 1""1/2 ROSADA",,LAMINAS,30000.0,0.0,FORMULA
5030,60,61,CAMA DECO CHOCOLATINA ,2026-04-27 00:00:00,Cama,SECCION TERMINACION,78,TRASPORTE,1.0,METRO,125000.0,125000.0,LINEAL
5031,60,61,CAMA DECO CHOCOLATINA ,2026-04-27 00:00:00,Cama,SECCION TERMINACION,79,GRAPAS,,CAJA,12000.0,0.0,FIJO
5032,60,61,CAMA DECO CHOCOLATINA ,2026-04-27 00:00:00,Cama,SECCION TERMINACION,80,"TORNILLOS DE 1"" 1/2",,UNIDAD 0,100.0,0.0,FIJO
5033,60,61,CAMA DECO CHOCOLATINA ,2026-04-27 00:00:00,Cama,SECCION TERMINACION,81,HILO,,UNIIDAD,25000.0,0.0,FORMULA
5034,60,61,CAMA DECO CHOCOLATINA ,2026-04-27 00:00:00,Cama,SECCION TERMINACION,82,SUPER,,LITRO,17000.0,0.0,FORMULA
5035,60,61,CAMA DECO CHOCOLATINA ,2026-04-27 00:00:00,Cama,SECCION TERMINACION,83,CARTON,,UNIDAD,6000.0,0.0,FORMULA
5036,60,61,CAMA DECO CHOCOLATINA ,2026-04-27 00:00:00,Cama,SECCION TERMINACION,84,hechura,,TATI,210000.0,0.0,FIJO
5037,61,62,CAMA DE 1 METRO ABANANADO ,8//05/2026 CAMA DE 1 METRO CON SU BUTACO Y NOCHERO,Nochero,,6,MADERA,1384.0,CMS,140.0,193760.0,LINEAL
5038,61,62,CAMA DE 1 METRO ABANANADO ,8//05/2026 CAMA DE 1 METRO CON SU BUTACO Y NOCHERO,Nochero,,7,"LAM MFF 9""",1.0,LAMINA,140000.0,140000.0,FIJO
5039,61,62,CAMA DE 1 METRO ABANANADO ,8//05/2026 CAMA DE 1 METRO CON SU BUTACO Y NOCHERO,Nochero,,8,"LAM MDF 5,5""",,LAMINA,130000.0,0.0,FORMULA
5040,61,62,CAMA DE 1 METRO ABANANADO ,8//05/2026 CAMA DE 1 METRO CON SU BUTACO Y NOCHERO,Nochero,,9,LAM MDF 2.7,,LAMINA,65000.0,0.0,FORMULA
5041,61,62,CAMA DE 1 METRO ABANANADO ,8//05/2026 CAMA DE 1 METRO CON SU BUTACO Y NOCHERO,Nochero,,10,TABLA DE PINO,1.0,3*31*25,50000.0,50000.0,FIJO
5042,61,62,CAMA DE 1 METRO ABANANADO ,8//05/2026 CAMA DE 1 METRO CON SU BUTACO Y NOCHERO,Nochero,,11,COLBON,1.0,litros,14000.0,14000.0,VOLUMEN
5043,61,62,CAMA DE 1 METRO ABANANADO ,8//05/2026 CAMA DE 1 METRO CON SU BUTACO Y NOCHERO,Nochero,,12,GANCHOS,1.0,PAR,20000.0,20000.0,FIJO
5044,61,62,CAMA DE 1 METRO ABANANADO ,8//05/2026 CAMA DE 1 METRO CON SU BUTACO Y NOCHERO,Nochero,,13,GRAPAS,0.25,CAJAS,12000.0,3000.0,ESPACIADO
5045,61,62,CAMA DE 1 METRO ABANANADO ,8//05/2026 CAMA DE 1 METRO CON SU BUTACO Y NOCHERO,Nochero,,14,CLAVILLOS,7.0,TIRA,1000.0,7000.0,ESPACIADO
5046,61,62,CAMA DE 1 METRO ABANANADO ,8//05/2026 CAMA DE 1 METRO CON SU BUTACO Y NOCHERO,Nochero,,15,"TORNILLOS DE 2""",80.0,Unidad,100.0,8000.0,ESPACIADO
5047,61,62,CAMA DE 1 METRO ABANANADO ,8//05/2026 CAMA DE 1 METRO CON SU BUTACO Y NOCHERO,Nochero,,16,FABRICACION 432000 *5%,,,,324000.0,FORMULA
5048,61,62,CAMA DE 1 METRO ABANANADO ,8//05/2026 CAMA DE 1 METRO CON SU BUTACO Y NOCHERO,Nochero,,18,gastos de Ebanisteria e 10%,,,,75976.0,FORMULA
5049,61,62,CAMA DE 1 METRO ABANANADO ,8//05/2026 CAMA DE 1 METRO CON SU BUTACO Y NOCHERO,Nochero,SECCION PINTURA CAMA,20,SECCION PINTURA,CAMA,,,,FORMULA
5050,61,62,CAMA DE 1 METRO ABANANADO ,8//05/2026 CAMA DE 1 METRO CON SU BUTACO Y NOCHERO,Nochero,SECCION PINTURA CAMA,21,PREPARADO CAMA,0.5,CON EL 5%,73500.0,36750.0,FORMULA
5051,61,62,CAMA DE 1 METRO ABANANADO ,8//05/2026 CAMA DE 1 METRO CON SU BUTACO Y NOCHERO,Nochero,SECCION PINTURA CAMA,22,PINTURA CAMA,0.5,CON EL 5%,63000.0,31500.0,FORMULA
5052,61,62,CAMA DE 1 METRO ABANANADO ,8//05/2026 CAMA DE 1 METRO CON SU BUTACO Y NOCHERO,Nochero,SECCION PINTURA CAMA,23,PREPARADO BURRO,,CON EL 5%,9450.0,0.0,FORMULA
5053,61,62,CAMA DE 1 METRO ABANANADO ,8//05/2026 CAMA DE 1 METRO CON SU BUTACO Y NOCHERO,Nochero,SECCION PINTURA CAMA,24,PINTURA BURRO,,CON EL 5%,12600.0,0.0,FORMULA
5054,61,62,CAMA DE 1 METRO ABANANADO ,8//05/2026 CAMA DE 1 METRO CON SU BUTACO Y NOCHERO,Nochero,SECCION PINTURA CAMA,25,SELLADOR,1.5,PISTOLADAS,18000.0,27000.0,VOLUMEN
5055,61,62,CAMA DE 1 METRO ABANANADO ,8//05/2026 CAMA DE 1 METRO CON SU BUTACO Y NOCHERO,Nochero,SECCION PINTURA CAMA,26,LIJA,2.0,unidad,2000.0,4000.0,FORMULA
5056,61,62,CAMA DE 1 METRO ABANANADO ,8//05/2026 CAMA DE 1 METRO CON SU BUTACO Y NOCHERO,Nochero,SECCION PINTURA CAMA,27,LIJA 2000,,UNIDAD,2000.0,0.0,FORMULA
5057,61,62,CAMA DE 1 METRO ABANANADO ,8//05/2026 CAMA DE 1 METRO CON SU BUTACO Y NOCHERO,Nochero,SECCION PINTURA CAMA,28,COLOR NACARADO,1.5,PISTOLADA,23000.0,34500.0,VOLUMEN
5058,61,62,CAMA DE 1 METRO ABANANADO ,8//05/2026 CAMA DE 1 METRO CON SU BUTACO Y NOCHERO,Nochero,SECCION PINTURA CAMA,29,COLOR,,PISTOLADA,22000.0,0.0,FORMULA
5059,61,62,CAMA DE 1 METRO ABANANADO ,8//05/2026 CAMA DE 1 METRO CON SU BUTACO Y NOCHERO,Nochero,SECCION PINTURA CAMA,30,RESANE,1.0,LITRO,10000.0,10000.0,VOLUMEN
5060,61,62,CAMA DE 1 METRO ABANANADO ,8//05/2026 CAMA DE 1 METRO CON SU BUTACO Y NOCHERO,Nochero,SECCION PINTURA CAMA,31,LACA,1.5,PISTOLADA,23000.0,34500.0,VOLUMEN
5061,61,62,CAMA DE 1 METRO ABANANADO ,8//05/2026 CAMA DE 1 METRO CON SU BUTACO Y NOCHERO,Nochero,SECCION PINTURA CAMA,33,Gastos de Pintura 10%,,,,17825.0,FORMULA
5062,61,62,CAMA DE 1 METRO ABANANADO ,8//05/2026 CAMA DE 1 METRO CON SU BUTACO Y NOCHERO,Nochero,SECCION PINTURA CAMA,37,CORREDERAS,,UNIDADES,30000.0,0.0,FIJO
5063,61,62,CAMA DE 1 METRO ABANANADO ,8//05/2026 CAMA DE 1 METRO CON SU BUTACO Y NOCHERO,Nochero,SECCION PINTURA NOCHEROS,42,SECCION PINTURA,NOCHEROS,,,,FORMULA
5064,61,62,CAMA DE 1 METRO ABANANADO ,8//05/2026 CAMA DE 1 METRO CON SU BUTACO Y NOCHERO,Nochero,SECCION PINTURA NOCHEROS,43,PREPARADO,1.0,CON EL 5%,36750.0,36750.0,FIJO
5065,61,62,CAMA DE 1 METRO ABANANADO ,8//05/2026 CAMA DE 1 METRO CON SU BUTACO Y NOCHERO,Nochero,SECCION PINTURA NOCHEROS,44,PINTURA,1.0,CON EL 5%,36750.0,36750.0,FIJO
5066,61,62,CAMA DE 1 METRO ABANANADO ,8//05/2026 CAMA DE 1 METRO CON SU BUTACO Y NOCHERO,Nochero,SECCION PINTURA NOCHEROS,45,SELLADOR,1.0,PISTOLADAS,18000.0,18000.0,VOLUMEN
5067,61,62,CAMA DE 1 METRO ABANANADO ,8//05/2026 CAMA DE 1 METRO CON SU BUTACO Y NOCHERO,Nochero,SECCION PINTURA NOCHEROS,46,LIJA 400,1.0,unidad,2000.0,2000.0,FIJO
5068,61,62,CAMA DE 1 METRO ABANANADO ,8//05/2026 CAMA DE 1 METRO CON SU BUTACO Y NOCHERO,Nochero,SECCION PINTURA NOCHEROS,47,LIJA 120,1.0,unidades,2000.0,2000.0,FIJO
5069,61,62,CAMA DE 1 METRO ABANANADO ,8//05/2026 CAMA DE 1 METRO CON SU BUTACO Y NOCHERO,Nochero,SECCION PINTURA NOCHEROS,48,COLOR BGRIS,1.0,PISTOLADAS,22000.0,22000.0,VOLUMEN
5070,61,62,CAMA DE 1 METRO ABANANADO ,8//05/2026 CAMA DE 1 METRO CON SU BUTACO Y NOCHERO,Nochero,SECCION PINTURA NOCHEROS,49,COLOR NACARADO,,PISTOLADA,23000.0,0.0,FORMULA
5071,61,62,CAMA DE 1 METRO ABANANADO ,8//05/2026 CAMA DE 1 METRO CON SU BUTACO Y NOCHERO,Nochero,SECCION PINTURA NOCHEROS,50,RESANE,1.0,LITRO,10000.0,10000.0,VOLUMEN
5072,61,62,CAMA DE 1 METRO ABANANADO ,8//05/2026 CAMA DE 1 METRO CON SU BUTACO Y NOCHERO,Nochero,SECCION PINTURA NOCHEROS,51,LACA,1.0,PISTOLADAS,23000.0,23000.0,VOLUMEN
5073,61,62,CAMA DE 1 METRO ABANANADO ,8//05/2026 CAMA DE 1 METRO CON SU BUTACO Y NOCHERO,Nochero,SECCION PINTURA NOCHEROS,53,Gastos de Pintura 10%,,,,15050.0,FORMULA
5074,61,62,CAMA DE 1 METRO ABANANADO ,8//05/2026 CAMA DE 1 METRO CON SU BUTACO Y NOCHERO,Nochero,SECCION TERMINACION,56,MANILLAS,2.0,UNIDAD,10000.0,20000.0,FORMULA
5075,61,62,CAMA DE 1 METRO ABANANADO ,8//05/2026 CAMA DE 1 METRO CON SU BUTACO Y NOCHERO,Nochero,SECCION TERMINACION,57,TORNILLOS,4.0,UNIDAD,100.0,400.0,ESPACIADO
5076,61,62,CAMA DE 1 METRO ABANANADO ,8//05/2026 CAMA DE 1 METRO CON SU BUTACO Y NOCHERO,Nochero,SECCION TERMINACION,58,SAMBLASTIADA DEL ESPEJO,,unidades,250000.0,0.0,FORMULA
5077,61,62,CAMA DE 1 METRO ABANANADO ,8//05/2026 CAMA DE 1 METRO CON SU BUTACO Y NOCHERO,Nochero,SECCION TERMINACION,59,BUTACO,1.0,UNIDAD,295200.0,295200.0,FIJO
5078,61,62,CAMA DE 1 METRO ABANANADO ,8//05/2026 CAMA DE 1 METRO CON SU BUTACO Y NOCHERO,Nochero,SECCION TERMINACION,60,TOMA EXPANDIBLE,,unidades,260000.0,0.0,FORMULA
5079,61,62,CAMA DE 1 METRO ABANANADO ,8//05/2026 CAMA DE 1 METRO CON SU BUTACO Y NOCHERO,Nochero,SECCION TERMINACION,61,EMBALADA,1.0,unidades,100000.0,100000.0,FIJO
5080,61,62,CAMA DE 1 METRO ABANANADO ,8//05/2026 CAMA DE 1 METRO CON SU BUTACO Y NOCHERO,Nochero,SECCION TENDIDO,64,MADERA,800.0,CMS,140.0,112000.0,LINEAL
5081,61,62,CAMA DE 1 METRO ABANANADO ,8//05/2026 CAMA DE 1 METRO CON SU BUTACO Y NOCHERO,Nochero,SECCION TENDIDO,65,lamina de 9mdf,0.5,LAMINA,140000.0,70000.0,AREA
5082,61,62,CAMA DE 1 METRO ABANANADO ,8//05/2026 CAMA DE 1 METRO CON SU BUTACO Y NOCHERO,Nochero,SECCION TENDIDO,66,COLBON,0.3,LITRO,14000.0,4200.0,VOLUMEN
5083,61,62,CAMA DE 1 METRO ABANANADO ,8//05/2026 CAMA DE 1 METRO CON SU BUTACO Y NOCHERO,Nochero,SECCION TENDIDO,67,CLAVILLO f.50,3.0,TIRAS,1000.0,3000.0,ESPACIADO
5084,61,62,CAMA DE 1 METRO ABANANADO ,8//05/2026 CAMA DE 1 METRO CON SU BUTACO Y NOCHERO,Nochero,SECCION TENDIDO,68,PEOPLE,3.2,METROS,4000.0,12800.0,LINEAL
5085,61,62,CAMA DE 1 METRO ABANANADO ,8//05/2026 CAMA DE 1 METRO CON SU BUTACO Y NOCHERO,Nochero,SECCION TENDIDO,69,TORNILLOS,40.0,UNIDAD,100.0,4000.0,ESPACIADO
5086,61,62,CAMA DE 1 METRO ABANANADO ,8//05/2026 CAMA DE 1 METRO CON SU BUTACO Y NOCHERO,Nochero,SECCION TENDIDO,70,HECHURA BURRO,,*5%,42000.0,0.0,FIJO
5087,61,62,CAMA DE 1 METRO ABANANADO ,8//05/2026 CAMA DE 1 METRO CON SU BUTACO Y NOCHERO,Nochero,SECCION TENDIDO,71,HECHURA TENDIDO,1.0,*5%,54000.0,54000.0,FIJO
5088,61,62,CAMA DE 1 METRO ABANANADO ,8//05/2026 CAMA DE 1 METRO CON SU BUTACO Y NOCHERO,Nochero,SECCION TENDIDO,72,postura,1.0,PEOPLE,10500.0,10500.0,FIJO
5089,61,62,CAMA DE 1 METRO ABANANADO ,8//05/2026 CAMA DE 1 METRO CON SU BUTACO Y NOCHERO,Nochero,SECCION TAPICERIA,75,TELA,4.0,METROS,30000.0,120000.0,AREA
5090,61,62,CAMA DE 1 METRO ABANANADO ,8//05/2026 CAMA DE 1 METRO CON SU BUTACO Y NOCHERO,Nochero,SECCION TAPICERIA,76,"ESPUMA DE 1""1/2 ROSADA",,LAMINAS,30000.0,0.0,FORMULA
5091,61,62,CAMA DE 1 METRO ABANANADO ,8//05/2026 CAMA DE 1 METRO CON SU BUTACO Y NOCHERO,Nochero,SECCION TAPICERIA,77,ESPUMA DE 2 PULGADAS,1.0,LAMINA,48000.0,48000.0,AREA
5092,61,62,CAMA DE 1 METRO ABANANADO ,8//05/2026 CAMA DE 1 METRO CON SU BUTACO Y NOCHERO,Nochero,SECCION TAPICERIA,78,COSTAL,2.0,METRO,3500.0,7000.0,AREA
5093,61,62,CAMA DE 1 METRO ABANANADO ,8//05/2026 CAMA DE 1 METRO CON SU BUTACO Y NOCHERO,Nochero,SECCION TAPICERIA,79,GRAPAS,0.5,CAJA,12000.0,6000.0,ESPACIADO
5094,61,62,CAMA DE 1 METRO ABANANADO ,8//05/2026 CAMA DE 1 METRO CON SU BUTACO Y NOCHERO,Nochero,SECCION TAPICERIA,80,"TORNILLOS DE 1"" 1/2",,UNIDAD 0,100.0,0.0,FIJO
5095,61,62,CAMA DE 1 METRO ABANANADO ,8//05/2026 CAMA DE 1 METRO CON SU BUTACO Y NOCHERO,Nochero,SECCION TAPICERIA,81,COLARATA,3.0,UNIIDAD,1000.0,3000.0,FORMULA
5096,61,62,CAMA DE 1 METRO ABANANADO ,8//05/2026 CAMA DE 1 METRO CON SU BUTACO Y NOCHERO,Nochero,SECCION TAPICERIA,82,SUPER,0.5,LITRO,19000.0,9500.0,VOLUMEN
5097,61,62,CAMA DE 1 METRO ABANANADO ,8//05/2026 CAMA DE 1 METRO CON SU BUTACO Y NOCHERO,Nochero,SECCION TAPICERIA,83,TORNILLOS DE 2,,UNIDAD,100.0,0.0,FIJO
5098,61,62,CAMA DE 1 METRO ABANANADO ,8//05/2026 CAMA DE 1 METRO CON SU BUTACO Y NOCHERO,Nochero,SECCION TAPICERIA,84,hechura,1.0,TATI,157500.0,157500.0,FIJO
5099,62,63,CAMA CLASICA DE 1.60 ,8//05/2026 CAMA CLASICO EN BEMGUEY,Cama,,8,MADERA,1384.0,CMS,140.0,193760.0,LINEAL
5100,62,63,CAMA CLASICA DE 1.60 ,8//05/2026 CAMA CLASICO EN BEMGUEY,Cama,,9,"LAM MFF 9""",0.5,LAMINA,140000.0,70000.0,FORMULA
5101,62,63,CAMA CLASICA DE 1.60 ,8//05/2026 CAMA CLASICO EN BEMGUEY,Cama,,10,"LAM MDF 5,5""",2.0,LAMINA,130000.0,260000.0,AREA
5102,62,63,CAMA CLASICA DE 1.60 ,8//05/2026 CAMA CLASICO EN BEMGUEY,Cama,,11,LAM MDF 2.7,,LAMINA,65000.0,0.0,FORMULA
5103,62,63,CAMA CLASICA DE 1.60 ,8//05/2026 CAMA CLASICO EN BEMGUEY,Cama,,12,TABLA DE PINO,1.0,3*31*25,50000.0,50000.0,FIJO
5104,62,63,CAMA CLASICA DE 1.60 ,8//05/2026 CAMA CLASICO EN BEMGUEY,Cama,,13,COLBON,1.0,litros,14000.0,14000.0,VOLUMEN
5105,62,63,CAMA CLASICA DE 1.60 ,8//05/2026 CAMA CLASICO EN BEMGUEY,Cama,,14,GANCHOS,1.0,PAR,20000.0,20000.0,FIJO
5106,62,63,CAMA CLASICA DE 1.60 ,8//05/2026 CAMA CLASICO EN BEMGUEY,Cama,,15,GRAPAS,0.25,CAJAS,12000.0,3000.0,ESPACIADO
5107,62,63,CAMA CLASICA DE 1.60 ,8//05/2026 CAMA CLASICO EN BEMGUEY,Cama,,16,CLAVILLOS,7.0,TIRA,1000.0,7000.0,ESPACIADO
5108,62,63,CAMA CLASICA DE 1.60 ,8//05/2026 CAMA CLASICO EN BEMGUEY,Cama,,17,"TORNILLOS DE 2""",80.0,Unidad,100.0,8000.0,ESPACIADO
5109,62,63,CAMA CLASICA DE 1.60 ,8//05/2026 CAMA CLASICO EN BEMGUEY,Cama,,18,FABRICACION 432000 *5%,,,,432000.0,FORMULA
5110,62,63,CAMA CLASICA DE 1.60 ,8//05/2026 CAMA CLASICO EN BEMGUEY,Cama,,20,gastos de Ebanisteria e 10%,,,,105776.0,FORMULA
5111,62,63,CAMA CLASICA DE 1.60 ,8//05/2026 CAMA CLASICO EN BEMGUEY,Cama,SECCION PINTURA CAMA,22,SECCION PINTURA,CAMA,,,,FORMULA
5112,62,63,CAMA CLASICA DE 1.60 ,8//05/2026 CAMA CLASICO EN BEMGUEY,Cama,SECCION PINTURA CAMA,23,PREPARADO CAMA,1.0,CON EL 5%,73500.0,73500.0,FIJO
5113,62,63,CAMA CLASICA DE 1.60 ,8//05/2026 CAMA CLASICO EN BEMGUEY,Cama,SECCION PINTURA CAMA,24,PINTURA CAMA,1.0,CON EL 5%,63000.0,63000.0,FIJO
5114,62,63,CAMA CLASICA DE 1.60 ,8//05/2026 CAMA CLASICO EN BEMGUEY,Cama,SECCION PINTURA CAMA,25,PREPARADO BURRO,,CON EL 5%,9450.0,0.0,FORMULA
5115,62,63,CAMA CLASICA DE 1.60 ,8//05/2026 CAMA CLASICO EN BEMGUEY,Cama,SECCION PINTURA CAMA,26,PINTURA BURRO,,CON EL 5%,12600.0,0.0,FORMULA
5116,62,63,CAMA CLASICA DE 1.60 ,8//05/2026 CAMA CLASICO EN BEMGUEY,Cama,SECCION PINTURA CAMA,27,SELLADOR,3.0,PISTOLADAS,18000.0,54000.0,VOLUMEN
5117,62,63,CAMA CLASICA DE 1.60 ,8//05/2026 CAMA CLASICO EN BEMGUEY,Cama,SECCION PINTURA CAMA,28,LIJA,4.0,unidad,2000.0,8000.0,FORMULA
5118,62,63,CAMA CLASICA DE 1.60 ,8//05/2026 CAMA CLASICO EN BEMGUEY,Cama,SECCION PINTURA CAMA,29,LIJA 2000,,UNIDAD,2000.0,0.0,FORMULA
5119,62,63,CAMA CLASICA DE 1.60 ,8//05/2026 CAMA CLASICO EN BEMGUEY,Cama,SECCION PINTURA CAMA,30,COLOR BEGUEY,3.0,PISTOLADA,23000.0,69000.0,VOLUMEN
5120,62,63,CAMA CLASICA DE 1.60 ,8//05/2026 CAMA CLASICO EN BEMGUEY,Cama,SECCION PINTURA CAMA,31,COLOR,,PISTOLADA,22000.0,0.0,FORMULA
5121,62,63,CAMA CLASICA DE 1.60 ,8//05/2026 CAMA CLASICO EN BEMGUEY,Cama,SECCION PINTURA CAMA,32,RESANE,1.0,LITRO,10000.0,10000.0,VOLUMEN
5122,62,63,CAMA CLASICA DE 1.60 ,8//05/2026 CAMA CLASICO EN BEMGUEY,Cama,SECCION PINTURA CAMA,33,LACA,3.0,PISTOLADA,23000.0,69000.0,VOLUMEN
5123,62,63,CAMA CLASICA DE 1.60 ,8//05/2026 CAMA CLASICO EN BEMGUEY,Cama,SECCION PINTURA CAMA,35,Gastos de Pintura 10%,,,,34650.0,FORMULA
5124,62,63,CAMA CLASICA DE 1.60 ,8//05/2026 CAMA CLASICO EN BEMGUEY,Cama,SECCION PINTURA CAMA,39,CORREDERAS,,UNIDADES,30000.0,0.0,FIJO
5125,62,63,CAMA CLASICA DE 1.60 ,8//05/2026 CAMA CLASICO EN BEMGUEY,Cama,SECCION PINTURA NOCHEROS,44,SECCION PINTURA,NOCHEROS,,,,FORMULA
5126,62,63,CAMA CLASICA DE 1.60 ,8//05/2026 CAMA CLASICO EN BEMGUEY,Cama,SECCION PINTURA NOCHEROS,45,PREPARADO,2.0,CON EL 5%,36750.0,73500.0,FORMULA
5127,62,63,CAMA CLASICA DE 1.60 ,8//05/2026 CAMA CLASICO EN BEMGUEY,Cama,SECCION PINTURA NOCHEROS,46,PINTURA,2.0,CON EL 5%,36750.0,73500.0,FORMULA
5128,62,63,CAMA CLASICA DE 1.60 ,8//05/2026 CAMA CLASICO EN BEMGUEY,Cama,SECCION PINTURA NOCHEROS,47,SELLADOR,2.0,PISTOLADAS,18000.0,36000.0,VOLUMEN
5129,62,63,CAMA CLASICA DE 1.60 ,8//05/2026 CAMA CLASICO EN BEMGUEY,Cama,SECCION PINTURA NOCHEROS,48,LIJA 400,1.0,unidad,2000.0,2000.0,FIJO
5130,62,63,CAMA CLASICA DE 1.60 ,8//05/2026 CAMA CLASICO EN BEMGUEY,Cama,SECCION PINTURA NOCHEROS,49,LIJA 120,1.0,unidades,2000.0,2000.0,FIJO
5131,62,63,CAMA CLASICA DE 1.60 ,8//05/2026 CAMA CLASICO EN BEMGUEY,Cama,SECCION PINTURA NOCHEROS,50,COLOR BGRIS,2.0,PISTOLADAS,22000.0,44000.0,VOLUMEN
5132,62,63,CAMA CLASICA DE 1.60 ,8//05/2026 CAMA CLASICO EN BEMGUEY,Cama,SECCION PINTURA NOCHEROS,51,COLOR NACARADO,,PISTOLADA,23000.0,0.0,FORMULA
5133,62,63,CAMA CLASICA DE 1.60 ,8//05/2026 CAMA CLASICO EN BEMGUEY,Cama,SECCION PINTURA NOCHEROS,52,RESANE,1.0,LITRO,10000.0,10000.0,VOLUMEN
5134,62,63,CAMA CLASICA DE 1.60 ,8//05/2026 CAMA CLASICO EN BEMGUEY,Cama,SECCION PINTURA NOCHEROS,53,LACA,2.0,PISTOLADAS,23000.0,46000.0,VOLUMEN
5135,62,63,CAMA CLASICA DE 1.60 ,8//05/2026 CAMA CLASICO EN BEMGUEY,Cama,SECCION PINTURA NOCHEROS,55,Gastos de Pintura 10%,,,,28700.0,FORMULA
5136,62,63,CAMA CLASICA DE 1.60 ,8//05/2026 CAMA CLASICO EN BEMGUEY,Cama,SECCION TERMINACION,58,PVC,,"TIRASDE 51X1,21",50000.0,0.0,FORMULA
5137,62,63,CAMA CLASICA DE 1.60 ,8//05/2026 CAMA CLASICO EN BEMGUEY,Cama,SECCION TERMINACION,59,ESPEJO,,TIRAS DE 1.20 X 1,12000.0,0.0,FORMULA
5138,62,63,CAMA CLASICA DE 1.60 ,8//05/2026 CAMA CLASICO EN BEMGUEY,Cama,SECCION TERMINACION,60,SAMBLASTIADA DEL ESPEJO,,unidades,250000.0,0.0,FORMULA
5139,62,63,CAMA CLASICA DE 1.60 ,8//05/2026 CAMA CLASICO EN BEMGUEY,Cama,SECCION TERMINACION,61,CABLE,,METROS,1500.0,0.0,FORMULA
5140,62,63,CAMA CLASICA DE 1.60 ,8//05/2026 CAMA CLASICO EN BEMGUEY,Cama,SECCION TERMINACION,62,TOMA EXPANDIBLE,,unidades,260000.0,0.0,FORMULA
5141,62,63,CAMA CLASICA DE 1.60 ,8//05/2026 CAMA CLASICO EN BEMGUEY,Cama,SECCION TERMINACION,63,EMBALADA,1.0,unidades,100000.0,100000.0,FIJO
5142,62,63,CAMA CLASICA DE 1.60 ,8//05/2026 CAMA CLASICO EN BEMGUEY,Cama,SECCION TENDIDO,66,MADERA,840.0,CMS,140.0,117600.0,LINEAL
5143,62,63,CAMA CLASICA DE 1.60 ,8//05/2026 CAMA CLASICO EN BEMGUEY,Cama,SECCION TENDIDO,67,lamina de 9mdf,1.0,LAMINA,140000.0,140000.0,AREA
5144,62,63,CAMA CLASICA DE 1.60 ,8//05/2026 CAMA CLASICO EN BEMGUEY,Cama,SECCION TENDIDO,68,COLBON,0.3,LITRO,14000.0,4200.0,VOLUMEN
5145,62,63,CAMA CLASICA DE 1.60 ,8//05/2026 CAMA CLASICO EN BEMGUEY,Cama,SECCION TENDIDO,69,CLAVILLO f.50,3.0,TIRAS,1000.0,3000.0,ESPACIADO
5146,62,63,CAMA CLASICA DE 1.60 ,8//05/2026 CAMA CLASICO EN BEMGUEY,Cama,SECCION TENDIDO,70,PEOPLE,3.2,METROS,4000.0,12800.0,LINEAL
5147,62,63,CAMA CLASICA DE 1.60 ,8//05/2026 CAMA CLASICO EN BEMGUEY,Cama,SECCION TENDIDO,71,TORNILLOS,40.0,UNIDAD,100.0,4000.0,ESPACIADO
5148,62,63,CAMA CLASICA DE 1.60 ,8//05/2026 CAMA CLASICO EN BEMGUEY,Cama,SECCION TENDIDO,72,HECHURA BURRO,,*5%,42000.0,0.0,FIJO
5149,62,63,CAMA CLASICA DE 1.60 ,8//05/2026 CAMA CLASICO EN BEMGUEY,Cama,SECCION TENDIDO,73,HECHURA TENDIDO,1.0,*5%,54000.0,54000.0,FIJO
5150,62,63,CAMA CLASICA DE 1.60 ,8//05/2026 CAMA CLASICO EN BEMGUEY,Cama,SECCION TENDIDO,74,postura,1.0,PEOPLE,10500.0,10500.0,FIJO
5151,62,63,CAMA CLASICA DE 1.60 ,8//05/2026 CAMA CLASICO EN BEMGUEY,Cama,SECCION TAPICERIA,77,TELA,,METROS,32000.0,0.0,FORMULA
5152,62,63,CAMA CLASICA DE 1.60 ,8//05/2026 CAMA CLASICO EN BEMGUEY,Cama,SECCION TAPICERIA,78,"ESPUMA DE 1""1/2 ROSADA",,LAMINAS,30000.0,0.0,FORMULA
5153,62,63,CAMA CLASICA DE 1.60 ,8//05/2026 CAMA CLASICO EN BEMGUEY,Cama,SECCION TAPICERIA,80,COSTAL,,METRO,3500.0,0.0,FORMULA
5154,62,63,CAMA CLASICA DE 1.60 ,8//05/2026 CAMA CLASICO EN BEMGUEY,Cama,SECCION TAPICERIA,81,GRAPAS,,CAJA,12000.0,0.0,FIJO
5155,62,63,CAMA CLASICA DE 1.60 ,8//05/2026 CAMA CLASICO EN BEMGUEY,Cama,SECCION TAPICERIA,82,"TORNILLOS DE 1"" 1/2",,UNIDAD 0,100.0,0.0,FIJO
5156,62,63,CAMA CLASICA DE 1.60 ,8//05/2026 CAMA CLASICO EN BEMGUEY,Cama,SECCION TAPICERIA,83,HILO,,UNIIDAD,25000.0,0.0,FORMULA
5157,62,63,CAMA CLASICA DE 1.60 ,8//05/2026 CAMA CLASICO EN BEMGUEY,Cama,SECCION TAPICERIA,84,SUPER,,LITRO,19000.0,0.0,FORMULA
5158,62,63,CAMA CLASICA DE 1.60 ,8//05/2026 CAMA CLASICO EN BEMGUEY,Cama,SECCION TAPICERIA,85,TORNILLOS DE 2,,UNIDAD,100.0,0.0,FIJO
5159,62,63,CAMA CLASICA DE 1.60 ,8//05/2026 CAMA CLASICO EN BEMGUEY,Cama,SECCION TAPICERIA,86,hechura,,TATI,210000.0,0.0,FIJO
5160,63,64,CAMA PVC ,8//05/2026 CAMA PVC,Cama,,8,MADERA,1384.0,CMS,140.0,193760.0,LINEAL
5161,63,64,CAMA PVC ,8//05/2026 CAMA PVC,Cama,,9,"LAM MFF 9""",0.5,LAMINA,140000.0,70000.0,FORMULA
5162,63,64,CAMA PVC ,8//05/2026 CAMA PVC,Cama,,10,"LAM MDF 5,5""",2.0,LAMINA,130000.0,260000.0,AREA
5163,63,64,CAMA PVC ,8//05/2026 CAMA PVC,Cama,,11,LAM MDF 2.7,3.0,LAMINA,65000.0,195000.0,AREA
5164,63,64,CAMA PVC ,8//05/2026 CAMA PVC,Cama,,12,TABLA DE PINO,1.0,3*31*25,50000.0,50000.0,FIJO
5165,63,64,CAMA PVC ,8//05/2026 CAMA PVC,Cama,,13,COLBON,1.0,litros,14000.0,14000.0,VOLUMEN
5166,63,64,CAMA PVC ,8//05/2026 CAMA PVC,Cama,,14,GANCHOS,1.0,PAR,20000.0,20000.0,FIJO
5167,63,64,CAMA PVC ,8//05/2026 CAMA PVC,Cama,,15,GRAPAS,0.25,CAJAS,12000.0,3000.0,ESPACIADO
5168,63,64,CAMA PVC ,8//05/2026 CAMA PVC,Cama,,16,CLAVILLOS,7.0,TIRA,1000.0,7000.0,ESPACIADO
5169,63,64,CAMA PVC ,8//05/2026 CAMA PVC,Cama,,17,"TORNILLOS DE 2""",80.0,Unidad,100.0,8000.0,ESPACIADO
5170,63,64,CAMA PVC ,8//05/2026 CAMA PVC,Cama,,18,FABRICACION 432000 *5%,,,,432000.0,FORMULA
5171,63,64,CAMA PVC ,8//05/2026 CAMA PVC,Cama,,20,gastos de Ebanisteria e 10%,,,,125276.0,FORMULA
5172,63,64,CAMA PVC ,8//05/2026 CAMA PVC,Cama,SECCION PINTURA CAMA,22,SECCION PINTURA,CAMA,,,,FORMULA
5173,63,64,CAMA PVC ,8//05/2026 CAMA PVC,Cama,SECCION PINTURA CAMA,23,PREPARADO CAMA,1.0,CON EL 5%,36750.0,36750.0,FIJO
5174,63,64,CAMA PVC ,8//05/2026 CAMA PVC,Cama,SECCION PINTURA CAMA,24,PINTURA CAMA,1.0,CON EL 5%,31500.0,31500.0,FIJO
5175,63,64,CAMA PVC ,8//05/2026 CAMA PVC,Cama,SECCION PINTURA CAMA,25,PREPARADO BURRO,,CON EL 5%,9450.0,0.0,FORMULA
5176,63,64,CAMA PVC ,8//05/2026 CAMA PVC,Cama,SECCION PINTURA CAMA,26,PINTURA BURRO,,CON EL 5%,12600.0,0.0,FORMULA
5177,63,64,CAMA PVC ,8//05/2026 CAMA PVC,Cama,SECCION PINTURA CAMA,27,SELLADOR,2.5,PISTOLADAS,18000.0,45000.0,VOLUMEN
5178,63,64,CAMA PVC ,8//05/2026 CAMA PVC,Cama,SECCION PINTURA CAMA,28,LIJA,3.0,unidad,2000.0,6000.0,FORMULA
5179,63,64,CAMA PVC ,8//05/2026 CAMA PVC,Cama,SECCION PINTURA CAMA,29,LIJA 2000,,UNIDAD,2000.0,0.0,FORMULA
5180,63,64,CAMA PVC ,8//05/2026 CAMA PVC,Cama,SECCION PINTURA CAMA,30,COLOR GRIS,3.0,PISTOLADA,23000.0,69000.0,VOLUMEN
5181,63,64,CAMA PVC ,8//05/2026 CAMA PVC,Cama,SECCION PINTURA CAMA,31,COLOR,3.0,PISTOLADA,22000.0,66000.0,VOLUMEN
5182,63,64,CAMA PVC ,8//05/2026 CAMA PVC,Cama,SECCION PINTURA CAMA,32,RESANE,1.0,LITRO,10000.0,10000.0,VOLUMEN
5183,63,64,CAMA PVC ,8//05/2026 CAMA PVC,Cama,SECCION PINTURA CAMA,33,LACA,1.0,PISTOLADA,23000.0,23000.0,VOLUMEN
5184,63,64,CAMA PVC ,8//05/2026 CAMA PVC,Cama,SECCION PINTURA CAMA,35,Gastos de Pintura 10%,,,,28725.0,FORMULA
5185,63,64,CAMA PVC ,8//05/2026 CAMA PVC,Cama,SECCION PINTURA CAMA,39,CORREDERAS,2.0,UNIDADES,30000.0,60000.0,FORMULA
5186,63,64,CAMA PVC ,8//05/2026 CAMA PVC,Cama,SECCION PINTURA NOCHEROS,44,SECCION PINTURA,NOCHEROS,,,,FORMULA
5187,63,64,CAMA PVC ,8//05/2026 CAMA PVC,Cama,SECCION PINTURA NOCHEROS,45,PREPARADO,2.0,CON EL 5%,36750.0,73500.0,FORMULA
5188,63,64,CAMA PVC ,8//05/2026 CAMA PVC,Cama,SECCION PINTURA NOCHEROS,46,PINTURA,2.0,CON EL 5%,36750.0,73500.0,FORMULA
5189,63,64,CAMA PVC ,8//05/2026 CAMA PVC,Cama,SECCION PINTURA NOCHEROS,47,SELLADOR,2.0,PISTOLADAS,18000.0,36000.0,VOLUMEN
5190,63,64,CAMA PVC ,8//05/2026 CAMA PVC,Cama,SECCION PINTURA NOCHEROS,48,LIJA 400,1.0,unidad,2000.0,2000.0,FIJO
5191,63,64,CAMA PVC ,8//05/2026 CAMA PVC,Cama,SECCION PINTURA NOCHEROS,49,LIJA 120,1.0,unidades,2000.0,2000.0,FIJO
5192,63,64,CAMA PVC ,8//05/2026 CAMA PVC,Cama,SECCION PINTURA NOCHEROS,50,COLOR BGRIS,2.0,PISTOLADAS,22000.0,44000.0,VOLUMEN
5193,63,64,CAMA PVC ,8//05/2026 CAMA PVC,Cama,SECCION PINTURA NOCHEROS,51,COLOR NACARADO,,PISTOLADA,23000.0,0.0,FORMULA
5194,63,64,CAMA PVC ,8//05/2026 CAMA PVC,Cama,SECCION PINTURA NOCHEROS,52,RESANE,1.0,LITRO,10000.0,10000.0,VOLUMEN
5195,63,64,CAMA PVC ,8//05/2026 CAMA PVC,Cama,SECCION PINTURA NOCHEROS,53,LACA,2.0,PISTOLADAS,23000.0,46000.0,VOLUMEN
5196,63,64,CAMA PVC ,8//05/2026 CAMA PVC,Cama,SECCION PINTURA NOCHEROS,55,Gastos de Pintura 10%,,,,28700.0,FORMULA
5197,63,64,CAMA PVC ,8//05/2026 CAMA PVC,Cama,SECCION TERMINACION,58,PVC,2.0,"TIRASDE 51X1,21",50000.0,100000.0,FORMULA
5198,63,64,CAMA PVC ,8//05/2026 CAMA PVC,Cama,SECCION TERMINACION,59,ESPEJO,10.0,TIRAS DE 1.20 X 1,12000.0,120000.0,FORMULA
5199,63,64,CAMA PVC ,8//05/2026 CAMA PVC,Cama,SECCION TERMINACION,60,SAMBLASTIADA DEL ESPEJO,1.0,unidades,250000.0,250000.0,FIJO
5200,63,64,CAMA PVC ,8//05/2026 CAMA PVC,Cama,SECCION TERMINACION,61,CABLE,,METROS,1500.0,0.0,FORMULA
5201,63,64,CAMA PVC ,8//05/2026 CAMA PVC,Cama,SECCION TERMINACION,62,TOMA EXPANDIBLE,,unidades,260000.0,0.0,FORMULA
5202,63,64,CAMA PVC ,8//05/2026 CAMA PVC,Cama,SECCION TERMINACION,63,EMBALADA,1.0,unidades,100000.0,100000.0,FIJO
5203,63,64,CAMA PVC ,8//05/2026 CAMA PVC,Cama,SECCION TENDIDO,66,MADERA,840.0,CMS,140.0,117600.0,LINEAL
5204,63,64,CAMA PVC ,8//05/2026 CAMA PVC,Cama,SECCION TENDIDO,67,lamina de 9mdf,1.0,LAMINA,140000.0,140000.0,AREA
5205,63,64,CAMA PVC ,8//05/2026 CAMA PVC,Cama,SECCION TENDIDO,68,COLBON,0.3,LITRO,14000.0,4200.0,VOLUMEN
5206,63,64,CAMA PVC ,8//05/2026 CAMA PVC,Cama,SECCION TENDIDO,69,CLAVILLO f.50,3.0,TIRAS,1000.0,3000.0,ESPACIADO
5207,63,64,CAMA PVC ,8//05/2026 CAMA PVC,Cama,SECCION TENDIDO,70,PEOPLE,3.2,METROS,4000.0,12800.0,LINEAL
5208,63,64,CAMA PVC ,8//05/2026 CAMA PVC,Cama,SECCION TENDIDO,71,TORNILLOS,40.0,UNIDAD,100.0,4000.0,ESPACIADO
5209,63,64,CAMA PVC ,8//05/2026 CAMA PVC,Cama,SECCION TENDIDO,72,HECHURA BURRO,,*5%,42000.0,0.0,FIJO
5210,63,64,CAMA PVC ,8//05/2026 CAMA PVC,Cama,SECCION TENDIDO,73,HECHURA TENDIDO,1.0,*5%,64800.0,64800.0,FIJO
5211,63,64,CAMA PVC ,8//05/2026 CAMA PVC,Cama,SECCION TENDIDO,74,postura,1.0,PEOPLE,10500.0,10500.0,FIJO
5212,63,64,CAMA PVC ,8//05/2026 CAMA PVC,Cama,SECCION TAPICERIA,77,TELA,8.0,METROS,32000.0,256000.0,AREA
5213,63,64,CAMA PVC ,8//05/2026 CAMA PVC,Cama,SECCION TAPICERIA,78,"ESPUMA DE 1""1/2 ROSADA",2.5,LAMINAS,30000.0,75000.0,AREA
5214,63,64,CAMA PVC ,8//05/2026 CAMA PVC,Cama,SECCION TAPICERIA,80,COSTAL,,METRO,3500.0,0.0,FORMULA
5215,63,64,CAMA PVC ,8//05/2026 CAMA PVC,Cama,SECCION TAPICERIA,81,GRAPAS,0.5,CAJA,12000.0,6000.0,ESPACIADO
5216,63,64,CAMA PVC ,8//05/2026 CAMA PVC,Cama,SECCION TAPICERIA,82,"TORNILLOS DE 1"" 1/2",30.0,UNIDAD 0,100.0,3000.0,ESPACIADO
5217,63,64,CAMA PVC ,8//05/2026 CAMA PVC,Cama,SECCION TAPICERIA,83,HILO,,UNIIDAD,25000.0,0.0,FORMULA
5218,63,64,CAMA PVC ,8//05/2026 CAMA PVC,Cama,SECCION TAPICERIA,84,SUPER,0.3,LITRO,19000.0,5700.0,VOLUMEN
5219,63,64,CAMA PVC ,8//05/2026 CAMA PVC,Cama,SECCION TAPICERIA,85,TORNILLOS DE 2,9.0,UNIDAD,100.0,900.0,ESPACIADO
5220,63,64,CAMA PVC ,8//05/2026 CAMA PVC,Cama,SECCION TAPICERIA,86,hechura,1.0,TATI,210000.0,210000.0,FIJO
5221,64,65,CAMA DOBLE BANANA,18/5/2026 CAMA NUBE,Cama,,8,MADERA,1170.0,CMS,140.0,163800.0,LINEAL
5222,64,65,CAMA DOBLE BANANA,18/5/2026 CAMA NUBE,Cama,,9,"LAM MFF 9""",,LAMINA,140000.0,0.0,FORMULA
5223,64,65,CAMA DOBLE BANANA,18/5/2026 CAMA NUBE,Cama,,10,"TABLA DE 30X30X2,5",1.0,,50000.0,50000.0,FIJO
5224,64,65,CAMA DOBLE BANANA,18/5/2026 CAMA NUBE,Cama,,11,LAM MDF 15,0.13,DE 80*50,220000.0,28600.0,AREA
5225,64,65,CAMA DOBLE BANANA,18/5/2026 CAMA NUBE,Cama,,12,LAM MDF 2.7,1.0,LAMINA,65000.0,65000.0,AREA
5226,64,65,CAMA DOBLE BANANA,18/5/2026 CAMA NUBE,Cama,,13,COLBON,3.0,litros,13000.0,39000.0,VOLUMEN
5227,64,65,CAMA DOBLE BANANA,18/5/2026 CAMA NUBE,Cama,,14,GANCHOS,1.0,PAR,20000.0,20000.0,FIJO
5228,64,65,CAMA DOBLE BANANA,18/5/2026 CAMA NUBE,Cama,,15,GRAPAS,0.5,CAJAS,12000.0,6000.0,ESPACIADO
5229,64,65,CAMA DOBLE BANANA,18/5/2026 CAMA NUBE,Cama,,16,CLAVILLOS,10.0,TIRA,1000.0,10000.0,ESPACIADO
5230,64,65,CAMA DOBLE BANANA,18/5/2026 CAMA NUBE,Cama,,17,"TORNILLOS DE 2""",200.0,Unidad,100.0,20000.0,ESPACIADO
5231,64,65,CAMA DOBLE BANANA,18/5/2026 CAMA NUBE,Cama,,18,FABRICACION 3240.000 *5%,,,,324000.0,FORMULA
5232,64,65,CAMA DOBLE BANANA,18/5/2026 CAMA NUBE,Cama,,20,gastos de Ebanisteria e 10%,,,,72640.0,FORMULA
5233,64,65,CAMA DOBLE BANANA,18/5/2026 CAMA NUBE,Cama,SECCION PINTURA CAMA,22,SECCION PINTURA,CAMA,,,,FORMULA
5234,64,65,CAMA DOBLE BANANA,18/5/2026 CAMA NUBE,Cama,SECCION PINTURA CAMA,23,PREPARADO CAMA,,CON EL 5%,31500.0,0.0,FORMULA
5235,64,65,CAMA DOBLE BANANA,18/5/2026 CAMA NUBE,Cama,SECCION PINTURA CAMA,24,PINTURA CAMA,,CON EL 5%,21000.0,0.0,FORMULA
5236,64,65,CAMA DOBLE BANANA,18/5/2026 CAMA NUBE,Cama,SECCION PINTURA CAMA,25,PREPARADO BURRO,,CON EL 5%,9450.0,0.0,FORMULA
5237,64,65,CAMA DOBLE BANANA,18/5/2026 CAMA NUBE,Cama,SECCION PINTURA CAMA,26,PINTURA BURRO,,CON EL 5%,12600.0,0.0,FORMULA
5238,64,65,CAMA DOBLE BANANA,18/5/2026 CAMA NUBE,Cama,SECCION PINTURA CAMA,27,SELLADOR,,PISTOLADAS,18000.0,0.0,FORMULA
5239,64,65,CAMA DOBLE BANANA,18/5/2026 CAMA NUBE,Cama,SECCION PINTURA CAMA,28,LIJA,,unidad,2000.0,0.0,FORMULA
5240,64,65,CAMA DOBLE BANANA,18/5/2026 CAMA NUBE,Cama,SECCION PINTURA CAMA,29,LIJA 2000,,UNIDAD,2000.0,0.0,FORMULA
5241,64,65,CAMA DOBLE BANANA,18/5/2026 CAMA NUBE,Cama,SECCION PINTURA CAMA,30,COLOR NACARADO,,PISTOLADA,23000.0,0.0,FORMULA
5242,64,65,CAMA DOBLE BANANA,18/5/2026 CAMA NUBE,Cama,SECCION PINTURA CAMA,31,COLOR BLANCO,,PISTOLADA,22000.0,0.0,FORMULA
5243,64,65,CAMA DOBLE BANANA,18/5/2026 CAMA NUBE,Cama,SECCION PINTURA CAMA,32,RESANE,,LITRO,10000.0,0.0,FORMULA
5244,64,65,CAMA DOBLE BANANA,18/5/2026 CAMA NUBE,Cama,SECCION PINTURA CAMA,33,LACA,,PISTOLADA,23000.0,0.0,FORMULA
5245,64,65,CAMA DOBLE BANANA,18/5/2026 CAMA NUBE,Cama,SECCION PINTURA CAMA,35,Gastos de Pintura 10%,,,,0.0,FORMULA
5246,64,65,CAMA DOBLE BANANA,18/5/2026 CAMA NUBE,Cama,SECCION PINTURA CAMA,39,CORREDERAS,,UNIDADES,10000.0,0.0,FIJO
5247,64,65,CAMA DOBLE BANANA,18/5/2026 CAMA NUBE,Cama,SECCION PINTURA NOCHEROS,44,SECCION PINTURA,NOCHEROS,,,,FORMULA
5248,64,65,CAMA DOBLE BANANA,18/5/2026 CAMA NUBE,Cama,SECCION PINTURA NOCHEROS,45,PREPARADO,,CON EL 5%,36750.0,0.0,FORMULA
5249,64,65,CAMA DOBLE BANANA,18/5/2026 CAMA NUBE,Cama,SECCION PINTURA NOCHEROS,46,PINTURA,,CON EL 5%,36750.0,0.0,FORMULA
5250,64,65,CAMA DOBLE BANANA,18/5/2026 CAMA NUBE,Cama,SECCION PINTURA NOCHEROS,47,SELLADOR,,PISTOLADAS,18000.0,0.0,FORMULA
5251,64,65,CAMA DOBLE BANANA,18/5/2026 CAMA NUBE,Cama,SECCION PINTURA NOCHEROS,48,LIJA 400,,unidad,2000.0,0.0,FORMULA
5252,64,65,CAMA DOBLE BANANA,18/5/2026 CAMA NUBE,Cama,SECCION PINTURA NOCHEROS,49,LIJA 120,,unidades,2000.0,0.0,FORMULA
5253,64,65,CAMA DOBLE BANANA,18/5/2026 CAMA NUBE,Cama,SECCION PINTURA NOCHEROS,50,COLOR BLANCO,,PISTOLADAS,22000.0,0.0,FORMULA
5254,64,65,CAMA DOBLE BANANA,18/5/2026 CAMA NUBE,Cama,SECCION PINTURA NOCHEROS,51,COLOR NACARADO,,PISTOLADA,23000.0,0.0,FORMULA
5255,64,65,CAMA DOBLE BANANA,18/5/2026 CAMA NUBE,Cama,SECCION PINTURA NOCHEROS,52,RESANE,,LITRO,10000.0,0.0,FORMULA
5256,64,65,CAMA DOBLE BANANA,18/5/2026 CAMA NUBE,Cama,SECCION PINTURA NOCHEROS,53,LACA,,PISTOLADAS,23000.0,0.0,FORMULA
5257,64,65,CAMA DOBLE BANANA,18/5/2026 CAMA NUBE,Cama,SECCION PINTURA NOCHEROS,55,Gastos de Pintura 10%,,,,0.0,FORMULA
5258,64,65,CAMA DOBLE BANANA,18/5/2026 CAMA NUBE,Cama,SECCION TERMINACION,58,DANIEL,,MANO DE OBRA,73500.0,0.0,FORMULA
5259,64,65,CAMA DOBLE BANANA,18/5/2026 CAMA NUBE,Cama,SECCION TERMINACION,59,ESPEJO,,50*80,45000.0,0.0,FORMULA
5260,64,65,CAMA DOBLE BANANA,18/5/2026 CAMA NUBE,Cama,SECCION TERMINACION,60,APAGADOR CAFETERO,,unidades,2000.0,0.0,FORMULA
5261,64,65,CAMA DOBLE BANANA,18/5/2026 CAMA NUBE,Cama,SECCION TERMINACION,61,CABLE,,METROS,1500.0,0.0,FORMULA
5262,64,65,CAMA DOBLE BANANA,18/5/2026 CAMA NUBE,Cama,SECCION TERMINACION,62,TOMA EXPANDIBLE,,unidades,260000.0,0.0,FORMULA
5263,64,65,CAMA DOBLE BANANA,18/5/2026 CAMA NUBE,Cama,SECCION TERMINACION,63,EMBALADA,1.0,unidades,100000.0,100000.0,FIJO
5264,64,65,CAMA DOBLE BANANA,18/5/2026 CAMA NUBE,Cama,SECCION TENDIDO,66,MADERA,840.0,CMS,140.0,117600.0,LINEAL
5265,64,65,CAMA DOBLE BANANA,18/5/2026 CAMA NUBE,Cama,SECCION TENDIDO,67,lamina de 2.5 mdf,1.0,LAMINA,65000.0,65000.0,AREA
5266,64,65,CAMA DOBLE BANANA,18/5/2026 CAMA NUBE,Cama,SECCION TENDIDO,68,COLBON,0.3,LITRO,14000.0,4200.0,VOLUMEN
5267,64,65,CAMA DOBLE BANANA,18/5/2026 CAMA NUBE,Cama,SECCION TENDIDO,69,CLAVILLO f.50,3.0,TIRAS,1000.0,3000.0,ESPACIADO
5268,64,65,CAMA DOBLE BANANA,18/5/2026 CAMA NUBE,Cama,SECCION TENDIDO,70,PEOPLE,3.2,METROS,4000.0,12800.0,LINEAL
5269,64,65,CAMA DOBLE BANANA,18/5/2026 CAMA NUBE,Cama,SECCION TENDIDO,71,grapas,0.5,CAJA DE GRAPAS,12000.0,6000.0,ESPACIADO
5270,64,65,CAMA DOBLE BANANA,18/5/2026 CAMA NUBE,Cama,SECCION TENDIDO,72,HECHURA TAPICERIA,,,,0.0,FIJO
5271,64,65,CAMA DOBLE BANANA,18/5/2026 CAMA NUBE,Cama,SECCION TENDIDO,73,HECHURA TENDIDO,1.0,*8%,64800.0,64800.0,FIJO
5272,64,65,CAMA DOBLE BANANA,18/5/2026 CAMA NUBE,Cama,SECCION TENDIDO,74,postura,1.0,PEOPLE,10500.0,10500.0,FIJO
5273,64,65,CAMA DOBLE BANANA,18/5/2026 CAMA NUBE,Cama,SECCION TAPICERIA,77,TELA BRUNA,12.0,METROS,32000.0,384000.0,AREA
5274,64,65,CAMA DOBLE BANANA,18/5/2026 CAMA NUBE,Cama,SECCION TAPICERIA,78,ESPUMA DE 2 ROSADA,3.0,LAMINAS,48000.0,144000.0,AREA
5275,64,65,CAMA DOBLE BANANA,18/5/2026 CAMA NUBE,Cama,SECCION TAPICERIA,79,ESPUMA DE 1/2 ROSADA,1.0,LAMINAS,30000.0,30000.0,AREA
5276,64,65,CAMA DOBLE BANANA,18/5/2026 CAMA NUBE,Cama,SECCION TAPICERIA,80,CIERRE MAGICO,6.0,,1000.0,6000.0,FORMULA
5277,64,65,CAMA DOBLE BANANA,18/5/2026 CAMA NUBE,Cama,SECCION TAPICERIA,81,COSTAL,2.5,METRO,3500.0,8750.0,AREA
5278,64,65,CAMA DOBLE BANANA,18/5/2026 CAMA NUBE,Cama,SECCION TAPICERIA,82,CABULLA,0.5,UNIDAD,12000.0,6000.0,FORMULA
5279,64,65,CAMA DOBLE BANANA,18/5/2026 CAMA NUBE,Cama,SECCION TAPICERIA,83,GRAPAS,0.5,CAJA,12000.0,6000.0,ESPACIADO
5280,64,65,CAMA DOBLE BANANA,18/5/2026 CAMA NUBE,Cama,SECCION TAPICERIA,84,TORNILLOS DE 2,24.0,UNIDAD 0,100.0,2400.0,ESPACIADO
5281,64,65,CAMA DOBLE BANANA,18/5/2026 CAMA NUBE,Cama,SECCION TAPICERIA,85,HILO,0.5,UNIIDAD,25000.0,12500.0,FORMULA
5282,64,65,CAMA DOBLE BANANA,18/5/2026 CAMA NUBE,Cama,SECCION TAPICERIA,86,SUPER,1.5,LITRO,19000.0,28500.0,VOLUMEN
5283,64,65,CAMA DOBLE BANANA,18/5/2026 CAMA NUBE,Cama,SECCION TAPICERIA,87,CARTON,5.0,UNIDAD,6000.0,30000.0,FORMULA
5284,64,65,CAMA DOBLE BANANA,18/5/2026 CAMA NUBE,Cama,SECCION TAPICERIA,88,hechura,1.0,MANO DE OBRA,210000.0,210000.0,FIJO
5285,65,66,CAMA YURAIMA R,13/04/2026 CAMA CADENETA,Cama,,8,MADERA,1211.0,CMS,140.0,169540.0,LINEAL
5286,65,66,CAMA YURAIMA R,13/04/2026 CAMA CADENETA,Cama,,9,"LAM MFF 9""",0.5,LAMINA,140000.0,70000.0,FORMULA
5287,65,66,CAMA YURAIMA R,13/04/2026 CAMA CADENETA,Cama,,10,"LAM MDF 5,5""",4.0,LAMINA,29114.0,116456.0,AREA
5288,65,66,CAMA YURAIMA R,13/04/2026 CAMA CADENETA,Cama,,11,LAM MDF 2.7,1.0,LAMINA,65000.0,65000.0,AREA
5289,65,66,CAMA YURAIMA R,13/04/2026 CAMA CADENETA,Cama,,12,COLBON,1.0,litros,14000.0,14000.0,VOLUMEN
5290,65,66,CAMA YURAIMA R,13/04/2026 CAMA CADENETA,Cama,,13,GANCHOS,1.0,PAR,20000.0,20000.0,FIJO
5291,65,66,CAMA YURAIMA R,13/04/2026 CAMA CADENETA,Cama,,14,GRAPAS,0.25,CAJAS,12000.0,3000.0,ESPACIADO
5292,65,66,CAMA YURAIMA R,13/04/2026 CAMA CADENETA,Cama,,15,CLAVILLOS,0.5,TIRA,1000.0,500.0,ESPACIADO
5293,65,66,CAMA YURAIMA R,13/04/2026 CAMA CADENETA,Cama,,16,"TORNILLOS DE 2""",100.0,Unidad,100.0,10000.0,ESPACIADO
5294,65,66,CAMA YURAIMA R,13/04/2026 CAMA CADENETA,Cama,,17,FABRICACION 300.000 *5%,,,,315000.0,FORMULA
5295,65,66,CAMA YURAIMA R,13/04/2026 CAMA CADENETA,Cama,,19,gastos de Ebanisteria e 10%,,,,78349.6,FORMULA
5296,65,66,CAMA YURAIMA R,13/04/2026 CAMA CADENETA,Cama,SECCION PINTURA CAMA,21,SECCION PINTURA,CAMA,,,,FORMULA
5297,65,66,CAMA YURAIMA R,13/04/2026 CAMA CADENETA,Cama,SECCION PINTURA CAMA,22,PREPARADO CAMA,1.0,CON EL 5%,31500.0,31500.0,FIJO
5298,65,66,CAMA YURAIMA R,13/04/2026 CAMA CADENETA,Cama,SECCION PINTURA CAMA,23,PINTURA CAMA,1.0,CON EL 5%,21000.0,21000.0,FIJO
5299,65,66,CAMA YURAIMA R,13/04/2026 CAMA CADENETA,Cama,SECCION PINTURA CAMA,24,PREPARADO BURRO,3.0,CON EL 5%,9450.0,28350.0,FORMULA
5300,65,66,CAMA YURAIMA R,13/04/2026 CAMA CADENETA,Cama,SECCION PINTURA CAMA,25,PINTURA BURRO,1.0,CON EL 5%,12600.0,12600.0,FIJO
5301,65,66,CAMA YURAIMA R,13/04/2026 CAMA CADENETA,Cama,SECCION PINTURA CAMA,26,SELLADOR,2.0,PISTOLADAS,18000.0,36000.0,VOLUMEN
5302,65,66,CAMA YURAIMA R,13/04/2026 CAMA CADENETA,Cama,SECCION PINTURA CAMA,27,LIJA,2.0,unidad,2000.0,4000.0,FORMULA
5303,65,66,CAMA YURAIMA R,13/04/2026 CAMA CADENETA,Cama,SECCION PINTURA CAMA,28,LIJA 2000,0.25,UNIDAD,2000.0,500.0,FORMULA
5304,65,66,CAMA YURAIMA R,13/04/2026 CAMA CADENETA,Cama,SECCION PINTURA CAMA,29,COLOR NACARADO,1.5,PISTOLADA,23000.0,34500.0,VOLUMEN
5305,65,66,CAMA YURAIMA R,13/04/2026 CAMA CADENETA,Cama,SECCION PINTURA CAMA,30,COLOR BLANCO,3.5,PISTOLADA,22000.0,77000.0,VOLUMEN
5306,65,66,CAMA YURAIMA R,13/04/2026 CAMA CADENETA,Cama,SECCION PINTURA CAMA,31,RESANE,1.0,LITRO,10000.0,10000.0,VOLUMEN
5307,65,66,CAMA YURAIMA R,13/04/2026 CAMA CADENETA,Cama,SECCION PINTURA CAMA,32,LACA,1.0,PISTOLADA,23000.0,23000.0,VOLUMEN
5308,65,66,CAMA YURAIMA R,13/04/2026 CAMA CADENETA,Cama,SECCION PINTURA CAMA,34,Gastos de Pintura 10%,,,,27845.0,FORMULA
5309,65,66,CAMA YURAIMA R,13/04/2026 CAMA CADENETA,Cama,SECCION PINTURA CAMA,38,CORREDERAS,4.0,UNIDADES,10000.0,40000.0,FORMULA
5310,65,66,CAMA YURAIMA R,13/04/2026 CAMA CADENETA,Cama,SECCION PINTURA NOCHEROS,43,SECCION PINTURA,NOCHEROS,,,,FORMULA
5311,65,66,CAMA YURAIMA R,13/04/2026 CAMA CADENETA,Cama,SECCION PINTURA NOCHEROS,44,PREPARADO,2.0,CON EL 5%,36750.0,73500.0,FORMULA
5312,65,66,CAMA YURAIMA R,13/04/2026 CAMA CADENETA,Cama,SECCION PINTURA NOCHEROS,45,PINTURA,2.0,CON EL 5%,36750.0,73500.0,FORMULA
5313,65,66,CAMA YURAIMA R,13/04/2026 CAMA CADENETA,Cama,SECCION PINTURA NOCHEROS,46,SELLADOR,2.0,PISTOLADAS,18000.0,36000.0,VOLUMEN
5314,65,66,CAMA YURAIMA R,13/04/2026 CAMA CADENETA,Cama,SECCION PINTURA NOCHEROS,47,LIJA 400,0.5,unidad,2000.0,1000.0,FORMULA
5315,65,66,CAMA YURAIMA R,13/04/2026 CAMA CADENETA,Cama,SECCION PINTURA NOCHEROS,48,LIJA 120,1.0,unidades,2000.0,2000.0,FIJO
5316,65,66,CAMA YURAIMA R,13/04/2026 CAMA CADENETA,Cama,SECCION PINTURA NOCHEROS,49,COLOR BLANCO,3.0,PISTOLADAS,22000.0,66000.0,VOLUMEN
5317,65,66,CAMA YURAIMA R,13/04/2026 CAMA CADENETA,Cama,SECCION PINTURA NOCHEROS,50,COLOR NACARADO,2.0,PISTOLADA,23000.0,46000.0,VOLUMEN
5318,65,66,CAMA YURAIMA R,13/04/2026 CAMA CADENETA,Cama,SECCION PINTURA NOCHEROS,51,RESANE,1.0,LITRO,10000.0,10000.0,VOLUMEN
5319,65,66,CAMA YURAIMA R,13/04/2026 CAMA CADENETA,Cama,SECCION PINTURA NOCHEROS,52,LACA,2.0,PISTOLADAS,23000.0,46000.0,VOLUMEN
5320,65,66,CAMA YURAIMA R,13/04/2026 CAMA CADENETA,Cama,SECCION PINTURA NOCHEROS,54,Gastos de Pintura 10%,,,,35400.0,FORMULA
5321,65,66,CAMA YURAIMA R,13/04/2026 CAMA CADENETA,Cama,SECCION TERMINACION,57,DANIEL,,MANO DE OBRA,73500.0,0.0,FORMULA
5322,65,66,CAMA YURAIMA R,13/04/2026 CAMA CADENETA,Cama,SECCION TERMINACION,58,ESPEJO,,50*80,45000.0,0.0,FORMULA
5323,65,66,CAMA YURAIMA R,13/04/2026 CAMA CADENETA,Cama,SECCION TERMINACION,59,APAGADOR CAFETERO,,unidades,2000.0,0.0,FORMULA
5324,65,66,CAMA YURAIMA R,13/04/2026 CAMA CADENETA,Cama,SECCION TERMINACION,60,CABLE,,METROS,1500.0,0.0,FORMULA
5325,65,66,CAMA YURAIMA R,13/04/2026 CAMA CADENETA,Cama,SECCION TERMINACION,61,TOMA EXPANDIBLE,,unidades,260000.0,0.0,FORMULA
5326,65,66,CAMA YURAIMA R,13/04/2026 CAMA CADENETA,Cama,SECCION TERMINACION,62,EMBALADA,1.0,unidades,100000.0,100000.0,FIJO
5327,65,66,CAMA YURAIMA R,13/04/2026 CAMA CADENETA,Cama,SECCION TENDIDO,65,MADERA,840.0,CMS,140.0,117600.0,LINEAL
5328,65,66,CAMA YURAIMA R,13/04/2026 CAMA CADENETA,Cama,SECCION TENDIDO,66,lamina de 2.5 mdf,1.0,LAMINA,65000.0,65000.0,AREA
5329,65,66,CAMA YURAIMA R,13/04/2026 CAMA CADENETA,Cama,SECCION TENDIDO,67,COLBON,0.3,LITRO,14000.0,4200.0,VOLUMEN
5330,65,66,CAMA YURAIMA R,13/04/2026 CAMA CADENETA,Cama,SECCION TENDIDO,68,CLAVILLO f.50,3.0,TIRAS,1000.0,3000.0,ESPACIADO
5331,65,66,CAMA YURAIMA R,13/04/2026 CAMA CADENETA,Cama,SECCION TENDIDO,69,PEOPLE,3.2,METROS,4000.0,12800.0,LINEAL
5332,65,66,CAMA YURAIMA R,13/04/2026 CAMA CADENETA,Cama,SECCION TENDIDO,70,grapas,,CAJA DE GRAPAS,12000.0,0.0,FIJO
5333,65,66,CAMA YURAIMA R,13/04/2026 CAMA CADENETA,Cama,SECCION TENDIDO,71,HECHURA BURRO,1.0,*5%,42000.0,42000.0,FIJO
5334,65,66,CAMA YURAIMA R,13/04/2026 CAMA CADENETA,Cama,SECCION TENDIDO,72,HECHURA TENDIDO,1.0,*5%,42000.0,42000.0,FIJO
5335,65,66,CAMA YURAIMA R,13/04/2026 CAMA CADENETA,Cama,SECCION TENDIDO,73,postura,1.0,PEOPLE,10500.0,10500.0,FIJO
5336,65,66,CAMA YURAIMA R,13/04/2026 CAMA CADENETA,Cama,SECCION TAPICERIA,76,TELA JOY NEGRO,8.0,METROS,12500.0,100000.0,AREA
5337,65,66,CAMA YURAIMA R,13/04/2026 CAMA CADENETA,Cama,SECCION TAPICERIA,77,"ESPUMA DE 1""1/2 ROSADA",1.0,LAMINAS,30000.0,30000.0,AREA
5338,65,66,CAMA YURAIMA R,13/04/2026 CAMA CADENETA,Cama,SECCION TAPICERIA,78,COSTAL,1.0,METRO,3500.0,3500.0,AREA
5339,65,66,CAMA YURAIMA R,13/04/2026 CAMA CADENETA,Cama,SECCION TAPICERIA,79,GRAPAS,0.5,CAJA,12000.0,6000.0,ESPACIADO
5340,65,66,CAMA YURAIMA R,13/04/2026 CAMA CADENETA,Cama,SECCION TAPICERIA,80,"TORNILLOS DE 1"" 1/2",100.0,UNIDAD 0,100.0,10000.0,ESPACIADO
5341,65,66,CAMA YURAIMA R,13/04/2026 CAMA CADENETA,Cama,SECCION TAPICERIA,81,HILO,,UNIIDAD,25000.0,0.0,FORMULA
5342,65,66,CAMA YURAIMA R,13/04/2026 CAMA CADENETA,Cama,SECCION TAPICERIA,82,SUPER,1.0,LITRO,17000.0,17000.0,VOLUMEN
5343,65,66,CAMA YURAIMA R,13/04/2026 CAMA CADENETA,Cama,SECCION TAPICERIA,83,CARTON,1.0,UNIDAD,6000.0,6000.0,FIJO
5344,65,66,CAMA YURAIMA R,13/04/2026 CAMA CADENETA,Cama,SECCION TAPICERIA,84,hechura,1.0,TATI,210000.0,210000.0,FIJO
5345,66,67,CAMA CHAMBRAY,26/5/2026 CAMA CHAMBRAY,Cama,,8,MADERA,1200.0,CMS,140.0,168000.0,LINEAL
5346,66,67,CAMA CHAMBRAY,26/5/2026 CAMA CHAMBRAY,Cama,,9,1 TABLA,0.5,30X30X2.5,50000.0,25000.0,FORMULA
5347,66,67,CAMA CHAMBRAY,26/5/2026 CAMA CHAMBRAY,Cama,,10,"LAM MFF 9""",0.17,LAMINA,140000.0,23800.0,FORMULA
5348,66,67,CAMA CHAMBRAY,26/5/2026 CAMA CHAMBRAY,Cama,,11,LAM MDF 15,0.17,LAMINA,220000.0,37400.0,AREA
5349,66,67,CAMA CHAMBRAY,26/5/2026 CAMA CHAMBRAY,Cama,,12,LAM MDF 2.5,0.5,LAMINA,65000.0,32500.0,AREA
5350,66,67,CAMA CHAMBRAY,26/5/2026 CAMA CHAMBRAY,Cama,,13,COLBON,1.5,litros,14000.0,21000.0,VOLUMEN
5351,66,67,CAMA CHAMBRAY,26/5/2026 CAMA CHAMBRAY,Cama,,14,GANCHOS,1.0,PAR,20000.0,20000.0,FIJO
5352,66,67,CAMA CHAMBRAY,26/5/2026 CAMA CHAMBRAY,Cama,,15,GRAPAS,0.3,CAJAS,12000.0,3600.0,ESPACIADO
5353,66,67,CAMA CHAMBRAY,26/5/2026 CAMA CHAMBRAY,Cama,,16,CLAVILLOS,5.0,TIRA,2000.0,10000.0,ESPACIADO
5354,66,67,CAMA CHAMBRAY,26/5/2026 CAMA CHAMBRAY,Cama,,17,"TORNILLOS DE 2""",200.0,Unidad,100.0,20000.0,ESPACIADO
5355,66,67,CAMA CHAMBRAY,26/5/2026 CAMA CHAMBRAY,Cama,,18,FABRICACION 300.000 *8% EDUAR OLAYA,,,,324000.0,FORMULA
5356,66,67,CAMA CHAMBRAY,26/5/2026 CAMA CHAMBRAY,Cama,,20,gastos de Ebanisteria e 10%,,,,68530.0,FORMULA
5357,66,67,CAMA CHAMBRAY,26/5/2026 CAMA CHAMBRAY,Cama,SECCION PINTURA CAMA,22,SECCION PINTURA,CAMA,,,,FORMULA
5358,66,67,CAMA CHAMBRAY,26/5/2026 CAMA CHAMBRAY,Cama,SECCION PINTURA CAMA,23,PREPARADO CAMA,,CON EL 5%,31500.0,0.0,FORMULA
5359,66,67,CAMA CHAMBRAY,26/5/2026 CAMA CHAMBRAY,Cama,SECCION PINTURA CAMA,24,PINTURA CAMA,,CON EL 5%,21000.0,0.0,FORMULA
5360,66,67,CAMA CHAMBRAY,26/5/2026 CAMA CHAMBRAY,Cama,SECCION PINTURA CAMA,25,PREPARADO BURRO,,CON EL 5%,9450.0,0.0,FORMULA
5361,66,67,CAMA CHAMBRAY,26/5/2026 CAMA CHAMBRAY,Cama,SECCION PINTURA CAMA,26,PINTURA BURRO,,CON EL 5%,12600.0,0.0,FORMULA
5362,66,67,CAMA CHAMBRAY,26/5/2026 CAMA CHAMBRAY,Cama,SECCION PINTURA CAMA,27,SELLADOR,,PISTOLADAS,18000.0,0.0,FORMULA
5363,66,67,CAMA CHAMBRAY,26/5/2026 CAMA CHAMBRAY,Cama,SECCION PINTURA CAMA,28,LIJA,,unidad,2000.0,0.0,FORMULA
5364,66,67,CAMA CHAMBRAY,26/5/2026 CAMA CHAMBRAY,Cama,SECCION PINTURA CAMA,29,LIJA 2000,,UNIDAD,2000.0,0.0,FORMULA
5365,66,67,CAMA CHAMBRAY,26/5/2026 CAMA CHAMBRAY,Cama,SECCION PINTURA CAMA,30,COLOR NACARADO,,PISTOLADA,23000.0,0.0,FORMULA
5366,66,67,CAMA CHAMBRAY,26/5/2026 CAMA CHAMBRAY,Cama,SECCION PINTURA CAMA,31,COLOR BLANCO,,PISTOLADA,22000.0,0.0,FORMULA
5367,66,67,CAMA CHAMBRAY,26/5/2026 CAMA CHAMBRAY,Cama,SECCION PINTURA CAMA,32,RESANE,,LITRO,10000.0,0.0,FORMULA
5368,66,67,CAMA CHAMBRAY,26/5/2026 CAMA CHAMBRAY,Cama,SECCION PINTURA CAMA,33,LACA,,PISTOLADA,23000.0,0.0,FORMULA
5369,66,67,CAMA CHAMBRAY,26/5/2026 CAMA CHAMBRAY,Cama,SECCION PINTURA CAMA,35,Gastos de Pintura 10%,,,,0.0,FORMULA
5370,66,67,CAMA CHAMBRAY,26/5/2026 CAMA CHAMBRAY,Cama,SECCION PINTURA CAMA,39,CORREDERAS,4.0,UNIDADES,10000.0,40000.0,FORMULA
5371,66,67,CAMA CHAMBRAY,26/5/2026 CAMA CHAMBRAY,Cama,SECCION PINTURA NOCHEROS,44,SECCION PINTURA,NOCHEROS,,,,FORMULA
5372,66,67,CAMA CHAMBRAY,26/5/2026 CAMA CHAMBRAY,Cama,SECCION PINTURA NOCHEROS,45,PREPARADO,2.0,CON EL 5%,36750.0,73500.0,FORMULA
5373,66,67,CAMA CHAMBRAY,26/5/2026 CAMA CHAMBRAY,Cama,SECCION PINTURA NOCHEROS,46,PINTURA,2.0,CON EL 5%,36750.0,73500.0,FORMULA
5374,66,67,CAMA CHAMBRAY,26/5/2026 CAMA CHAMBRAY,Cama,SECCION PINTURA NOCHEROS,47,SELLADOR,2.0,PISTOLADAS,18000.0,36000.0,VOLUMEN
5375,66,67,CAMA CHAMBRAY,26/5/2026 CAMA CHAMBRAY,Cama,SECCION PINTURA NOCHEROS,48,LIJA 400,0.5,unidad,2000.0,1000.0,FORMULA
5376,66,67,CAMA CHAMBRAY,26/5/2026 CAMA CHAMBRAY,Cama,SECCION PINTURA NOCHEROS,49,LIJA 120,1.0,unidades,2000.0,2000.0,FIJO
5377,66,67,CAMA CHAMBRAY,26/5/2026 CAMA CHAMBRAY,Cama,SECCION PINTURA NOCHEROS,50,COLOR BLANCO,3.0,PISTOLADAS,22000.0,66000.0,VOLUMEN
5378,66,67,CAMA CHAMBRAY,26/5/2026 CAMA CHAMBRAY,Cama,SECCION PINTURA NOCHEROS,51,COLOR NACARADO,2.0,PISTOLADA,23000.0,46000.0,VOLUMEN
5379,66,67,CAMA CHAMBRAY,26/5/2026 CAMA CHAMBRAY,Cama,SECCION PINTURA NOCHEROS,52,RESANE,1.0,LITRO,10000.0,10000.0,VOLUMEN
5380,66,67,CAMA CHAMBRAY,26/5/2026 CAMA CHAMBRAY,Cama,SECCION PINTURA NOCHEROS,53,LACA,2.0,PISTOLADAS,23000.0,46000.0,VOLUMEN
5381,66,67,CAMA CHAMBRAY,26/5/2026 CAMA CHAMBRAY,Cama,SECCION PINTURA NOCHEROS,55,Gastos de Pintura 10%,,,,35400.0,FORMULA
5382,66,67,CAMA CHAMBRAY,26/5/2026 CAMA CHAMBRAY,Cama,SECCION TERMINACION,58,MANIJAS,4.0,UNIDADES,10000.0,40000.0,FORMULA
5383,66,67,CAMA CHAMBRAY,26/5/2026 CAMA CHAMBRAY,Cama,SECCION TERMINACION,59,ESPEJO,,50*80,45000.0,0.0,FORMULA
5384,66,67,CAMA CHAMBRAY,26/5/2026 CAMA CHAMBRAY,Cama,SECCION TERMINACION,60,APAGADOR CAFETERO,,unidades,2000.0,0.0,FORMULA
5385,66,67,CAMA CHAMBRAY,26/5/2026 CAMA CHAMBRAY,Cama,SECCION TERMINACION,61,CABLE,,METROS,1500.0,0.0,FORMULA
5386,66,67,CAMA CHAMBRAY,26/5/2026 CAMA CHAMBRAY,Cama,SECCION TERMINACION,62,TOMA EXPANDIBLE,,unidades,260000.0,0.0,FORMULA
5387,66,67,CAMA CHAMBRAY,26/5/2026 CAMA CHAMBRAY,Cama,SECCION TERMINACION,63,EMBALADA,1.0,unidades,100000.0,100000.0,FIJO
5388,66,67,CAMA CHAMBRAY,26/5/2026 CAMA CHAMBRAY,Cama,SECCION TENDIDO,66,MADERA,840.0,CMS,140.0,117600.0,LINEAL
5389,66,67,CAMA CHAMBRAY,26/5/2026 CAMA CHAMBRAY,Cama,SECCION TENDIDO,67,lamina de 2.5 mdf,1.0,LAMINA,65000.0,65000.0,AREA
5390,66,67,CAMA CHAMBRAY,26/5/2026 CAMA CHAMBRAY,Cama,SECCION TENDIDO,68,COLBON,0.3,LITRO,14000.0,4200.0,VOLUMEN
5391,66,67,CAMA CHAMBRAY,26/5/2026 CAMA CHAMBRAY,Cama,SECCION TENDIDO,69,CLAVILLO f.50,3.0,TIRAS,1000.0,3000.0,ESPACIADO
5392,66,67,CAMA CHAMBRAY,26/5/2026 CAMA CHAMBRAY,Cama,SECCION TENDIDO,70,PEOPLE,3.2,METROS,4000.0,12800.0,LINEAL
5393,66,67,CAMA CHAMBRAY,26/5/2026 CAMA CHAMBRAY,Cama,SECCION TENDIDO,71,grapas,,CAJA DE GRAPAS,12000.0,0.0,FIJO
5394,66,67,CAMA CHAMBRAY,26/5/2026 CAMA CHAMBRAY,Cama,SECCION TENDIDO,72,HECHURA BURRO,1.0,*5%,42000.0,42000.0,FIJO
5395,66,67,CAMA CHAMBRAY,26/5/2026 CAMA CHAMBRAY,Cama,SECCION TENDIDO,73,HECHURA TENDIDO,1.0,*5%,42000.0,42000.0,FIJO
5396,66,67,CAMA CHAMBRAY,26/5/2026 CAMA CHAMBRAY,Cama,SECCION TENDIDO,74,postura,1.0,PEOPLE,10500.0,10500.0,FIJO
5397,66,67,CAMA CHAMBRAY,26/5/2026 CAMA CHAMBRAY,Cama,SECCION TAPICERIA,77,TELA JOY NEGRO,,METROS,12500.0,0.0,FORMULA
5398,66,67,CAMA CHAMBRAY,26/5/2026 CAMA CHAMBRAY,Cama,SECCION TAPICERIA,78,"ESPUMA DE 1""1/2 ROSADA",,LAMINAS,30000.0,0.0,FORMULA
5399,66,67,CAMA CHAMBRAY,26/5/2026 CAMA CHAMBRAY,Cama,SECCION TAPICERIA,79,COSTAL,,METRO,3500.0,0.0,FORMULA
5400,66,67,CAMA CHAMBRAY,26/5/2026 CAMA CHAMBRAY,Cama,SECCION TAPICERIA,80,GRAPAS,,CAJA,12000.0,0.0,FIJO
5401,66,67,CAMA CHAMBRAY,26/5/2026 CAMA CHAMBRAY,Cama,SECCION TAPICERIA,81,"TORNILLOS DE 1"" 1/2",,UNIDAD 0,100.0,0.0,FIJO
5402,66,67,CAMA CHAMBRAY,26/5/2026 CAMA CHAMBRAY,Cama,SECCION TAPICERIA,82,HILO,,UNIIDAD,25000.0,0.0,FORMULA
5403,66,67,CAMA CHAMBRAY,26/5/2026 CAMA CHAMBRAY,Cama,SECCION TAPICERIA,83,SUPER,,LITRO,17000.0,0.0,FORMULA
5404,66,67,CAMA CHAMBRAY,26/5/2026 CAMA CHAMBRAY,Cama,SECCION TAPICERIA,84,CARTON,,UNIDAD,6000.0,0.0,FORMULA
5405,66,67,CAMA CHAMBRAY,26/5/2026 CAMA CHAMBRAY,Cama,SECCION TAPICERIA,85,hechura,,TATI,210000.0,0.0,FIJO
5406,67,68,CAMA DE 2X2  FILA ,27/05/2026 CAMA DE 2X2 FILA,Cama,,8,MADERA,,CMS,140.0,0.0,FORMULA
5407,67,68,CAMA DE 2X2  FILA ,27/05/2026 CAMA DE 2X2 FILA,Cama,,9,1 TABLA,,30X30X2.5,50000.0,0.0,FORMULA
5408,67,68,CAMA DE 2X2  FILA ,27/05/2026 CAMA DE 2X2 FILA,Cama,,10,"LAM MFF 9""",,LAMINA,140000.0,0.0,FORMULA
5409,67,68,CAMA DE 2X2  FILA ,27/05/2026 CAMA DE 2X2 FILA,Cama,,11,LAM MDF 15,,LAMINA,220000.0,0.0,FORMULA
5410,67,68,CAMA DE 2X2  FILA ,27/05/2026 CAMA DE 2X2 FILA,Cama,,12,LAM MDF 2.5,,LAMINA,65000.0,0.0,FORMULA
5411,67,68,CAMA DE 2X2  FILA ,27/05/2026 CAMA DE 2X2 FILA,Cama,,13,COLBON,,litros,14000.0,0.0,FORMULA
5412,67,68,CAMA DE 2X2  FILA ,27/05/2026 CAMA DE 2X2 FILA,Cama,,14,GANCHOS,,PAR,20000.0,0.0,FIJO
5413,67,68,CAMA DE 2X2  FILA ,27/05/2026 CAMA DE 2X2 FILA,Cama,,15,GRAPAS,,CAJAS,12000.0,0.0,FIJO
5414,67,68,CAMA DE 2X2  FILA ,27/05/2026 CAMA DE 2X2 FILA,Cama,,16,CLAVILLOS,,TIRA,2000.0,0.0,FIJO
5415,67,68,CAMA DE 2X2  FILA ,27/05/2026 CAMA DE 2X2 FILA,Cama,,17,"TORNILLOS DE 2""",,Unidad,100.0,0.0,FIJO
5416,67,68,CAMA DE 2X2  FILA ,27/05/2026 CAMA DE 2X2 FILA,Cama,,18,FABRICACION 300.000 *8% EDUAR OLAYA,,,,324000.0,FORMULA
5417,67,68,CAMA DE 2X2  FILA ,27/05/2026 CAMA DE 2X2 FILA,Cama,,20,gastos de Ebanisteria e 10%,,,,32400.0,FORMULA
5418,67,68,CAMA DE 2X2  FILA ,27/05/2026 CAMA DE 2X2 FILA,Cama,SECCION PINTURA CAMA,22,SECCION PINTURA,CAMA,,,,FORMULA
5419,67,68,CAMA DE 2X2  FILA ,27/05/2026 CAMA DE 2X2 FILA,Cama,SECCION PINTURA CAMA,23,PREPARADO CAMA,,CON EL 5%,31500.0,0.0,FORMULA
5420,67,68,CAMA DE 2X2  FILA ,27/05/2026 CAMA DE 2X2 FILA,Cama,SECCION PINTURA CAMA,24,PINTURA CAMA,,CON EL 5%,21000.0,0.0,FORMULA
5421,67,68,CAMA DE 2X2  FILA ,27/05/2026 CAMA DE 2X2 FILA,Cama,SECCION PINTURA CAMA,25,PREPARADO BURRO,,CON EL 5%,9450.0,0.0,FORMULA
5422,67,68,CAMA DE 2X2  FILA ,27/05/2026 CAMA DE 2X2 FILA,Cama,SECCION PINTURA CAMA,26,PINTURA BURRO,,CON EL 5%,12600.0,0.0,FORMULA
5423,67,68,CAMA DE 2X2  FILA ,27/05/2026 CAMA DE 2X2 FILA,Cama,SECCION PINTURA CAMA,27,SELLADOR,,PISTOLADAS,18000.0,0.0,FORMULA
5424,67,68,CAMA DE 2X2  FILA ,27/05/2026 CAMA DE 2X2 FILA,Cama,SECCION PINTURA CAMA,28,LIJA,,unidad,2000.0,0.0,FORMULA
5425,67,68,CAMA DE 2X2  FILA ,27/05/2026 CAMA DE 2X2 FILA,Cama,SECCION PINTURA CAMA,29,LIJA 2000,,UNIDAD,2000.0,0.0,FORMULA
5426,67,68,CAMA DE 2X2  FILA ,27/05/2026 CAMA DE 2X2 FILA,Cama,SECCION PINTURA CAMA,30,COLOR NACARADO,,PISTOLADA,23000.0,0.0,FORMULA
5427,67,68,CAMA DE 2X2  FILA ,27/05/2026 CAMA DE 2X2 FILA,Cama,SECCION PINTURA CAMA,31,COLOR BLANCO,,PISTOLADA,22000.0,0.0,FORMULA
5428,67,68,CAMA DE 2X2  FILA ,27/05/2026 CAMA DE 2X2 FILA,Cama,SECCION PINTURA CAMA,32,RESANE,,LITRO,10000.0,0.0,FORMULA
5429,67,68,CAMA DE 2X2  FILA ,27/05/2026 CAMA DE 2X2 FILA,Cama,SECCION PINTURA CAMA,33,LACA,,PISTOLADA,23000.0,0.0,FORMULA
5430,67,68,CAMA DE 2X2  FILA ,27/05/2026 CAMA DE 2X2 FILA,Cama,SECCION PINTURA CAMA,35,Gastos de Pintura 10%,,,,0.0,FORMULA
5431,67,68,CAMA DE 2X2  FILA ,27/05/2026 CAMA DE 2X2 FILA,Cama,SECCION PINTURA CAMA,39,CORREDERAS,4.0,UNIDADES,10000.0,40000.0,FORMULA
5432,67,68,CAMA DE 2X2  FILA ,27/05/2026 CAMA DE 2X2 FILA,Cama,SECCION PINTURA NOCHEROS,44,SECCION PINTURA,NOCHEROS,,,,FORMULA
5433,67,68,CAMA DE 2X2  FILA ,27/05/2026 CAMA DE 2X2 FILA,Cama,SECCION PINTURA NOCHEROS,45,PREPARADO,2.0,CON EL 5%,36750.0,73500.0,FORMULA
5434,67,68,CAMA DE 2X2  FILA ,27/05/2026 CAMA DE 2X2 FILA,Cama,SECCION PINTURA NOCHEROS,46,PINTURA,2.0,CON EL 5%,36750.0,73500.0,FORMULA
5435,67,68,CAMA DE 2X2  FILA ,27/05/2026 CAMA DE 2X2 FILA,Cama,SECCION PINTURA NOCHEROS,47,SELLADOR,2.0,PISTOLADAS,18000.0,36000.0,VOLUMEN
5436,67,68,CAMA DE 2X2  FILA ,27/05/2026 CAMA DE 2X2 FILA,Cama,SECCION PINTURA NOCHEROS,48,LIJA 400,0.5,unidad,2000.0,1000.0,FORMULA
5437,67,68,CAMA DE 2X2  FILA ,27/05/2026 CAMA DE 2X2 FILA,Cama,SECCION PINTURA NOCHEROS,49,LIJA 120,1.0,unidades,2000.0,2000.0,FIJO
5438,67,68,CAMA DE 2X2  FILA ,27/05/2026 CAMA DE 2X2 FILA,Cama,SECCION PINTURA NOCHEROS,50,COLOR BLANCO,3.0,PISTOLADAS,22000.0,66000.0,VOLUMEN
5439,67,68,CAMA DE 2X2  FILA ,27/05/2026 CAMA DE 2X2 FILA,Cama,SECCION PINTURA NOCHEROS,51,COLOR NACARADO,2.0,PISTOLADA,23000.0,46000.0,VOLUMEN
5440,67,68,CAMA DE 2X2  FILA ,27/05/2026 CAMA DE 2X2 FILA,Cama,SECCION PINTURA NOCHEROS,52,RESANE,1.0,LITRO,10000.0,10000.0,VOLUMEN
5441,67,68,CAMA DE 2X2  FILA ,27/05/2026 CAMA DE 2X2 FILA,Cama,SECCION PINTURA NOCHEROS,53,LACA,2.0,PISTOLADAS,23000.0,46000.0,VOLUMEN
5442,67,68,CAMA DE 2X2  FILA ,27/05/2026 CAMA DE 2X2 FILA,Cama,SECCION PINTURA NOCHEROS,55,Gastos de Pintura 10%,,,,35400.0,FORMULA
5443,67,68,CAMA DE 2X2  FILA ,27/05/2026 CAMA DE 2X2 FILA,Cama,SECCION TERMINACION,58,MANIJAS,4.0,UNIDADES,10000.0,40000.0,FORMULA
5444,67,68,CAMA DE 2X2  FILA ,27/05/2026 CAMA DE 2X2 FILA,Cama,SECCION TERMINACION,59,ESPEJO,,50*80,45000.0,0.0,FORMULA
5445,67,68,CAMA DE 2X2  FILA ,27/05/2026 CAMA DE 2X2 FILA,Cama,SECCION TERMINACION,60,APAGADOR CAFETERO,,unidades,2000.0,0.0,FORMULA
5446,67,68,CAMA DE 2X2  FILA ,27/05/2026 CAMA DE 2X2 FILA,Cama,SECCION TERMINACION,61,CABLE,,METROS,1500.0,0.0,FORMULA
5447,67,68,CAMA DE 2X2  FILA ,27/05/2026 CAMA DE 2X2 FILA,Cama,SECCION TERMINACION,62,TOMA EXPANDIBLE,,unidades,260000.0,0.0,FORMULA
5448,67,68,CAMA DE 2X2  FILA ,27/05/2026 CAMA DE 2X2 FILA,Cama,SECCION TERMINACION,63,EMBALADA,1.0,unidades,100000.0,100000.0,FIJO
5449,67,68,CAMA DE 2X2  FILA ,27/05/2026 CAMA DE 2X2 FILA,Cama,SECCION TENDIDO,66,MADERA,840.0,CMS,140.0,117600.0,LINEAL
5450,67,68,CAMA DE 2X2  FILA ,27/05/2026 CAMA DE 2X2 FILA,Cama,SECCION TENDIDO,67,lamina de 2.5 mdf,1.0,LAMINA,65000.0,65000.0,AREA
5451,67,68,CAMA DE 2X2  FILA ,27/05/2026 CAMA DE 2X2 FILA,Cama,SECCION TENDIDO,68,COLBON,0.3,LITRO,14000.0,4200.0,VOLUMEN
5452,67,68,CAMA DE 2X2  FILA ,27/05/2026 CAMA DE 2X2 FILA,Cama,SECCION TENDIDO,69,CLAVILLO f.50,3.0,TIRAS,1000.0,3000.0,ESPACIADO
5453,67,68,CAMA DE 2X2  FILA ,27/05/2026 CAMA DE 2X2 FILA,Cama,SECCION TENDIDO,70,PEOPLE,3.2,METROS,4000.0,12800.0,LINEAL
5454,67,68,CAMA DE 2X2  FILA ,27/05/2026 CAMA DE 2X2 FILA,Cama,SECCION TENDIDO,71,grapas,,CAJA DE GRAPAS,12000.0,0.0,FIJO
5455,67,68,CAMA DE 2X2  FILA ,27/05/2026 CAMA DE 2X2 FILA,Cama,SECCION TENDIDO,72,HECHURA BURRO,1.0,*5%,42000.0,42000.0,FIJO
5456,67,68,CAMA DE 2X2  FILA ,27/05/2026 CAMA DE 2X2 FILA,Cama,SECCION TENDIDO,73,HECHURA TENDIDO,1.0,*5%,42000.0,42000.0,FIJO
5457,67,68,CAMA DE 2X2  FILA ,27/05/2026 CAMA DE 2X2 FILA,Cama,SECCION TENDIDO,74,postura,1.0,PEOPLE,10500.0,10500.0,FIJO
5458,67,68,CAMA DE 2X2  FILA ,27/05/2026 CAMA DE 2X2 FILA,Cama,SECCION TAPICERIA,77,TELA JOY NEGRO,,METROS,12500.0,0.0,FORMULA
5459,67,68,CAMA DE 2X2  FILA ,27/05/2026 CAMA DE 2X2 FILA,Cama,SECCION TAPICERIA,78,"ESPUMA DE 1""1/2 ROSADA",,LAMINAS,30000.0,0.0,FORMULA
5460,67,68,CAMA DE 2X2  FILA ,27/05/2026 CAMA DE 2X2 FILA,Cama,SECCION TAPICERIA,79,COSTAL,,METRO,3500.0,0.0,FORMULA
5461,67,68,CAMA DE 2X2  FILA ,27/05/2026 CAMA DE 2X2 FILA,Cama,SECCION TAPICERIA,80,GRAPAS,,CAJA,12000.0,0.0,FIJO
5462,67,68,CAMA DE 2X2  FILA ,27/05/2026 CAMA DE 2X2 FILA,Cama,SECCION TAPICERIA,81,"TORNILLOS DE 1"" 1/2",,UNIDAD 0,100.0,0.0,FIJO
5463,67,68,CAMA DE 2X2  FILA ,27/05/2026 CAMA DE 2X2 FILA,Cama,SECCION TAPICERIA,82,HILO,,UNIIDAD,25000.0,0.0,FORMULA
5464,67,68,CAMA DE 2X2  FILA ,27/05/2026 CAMA DE 2X2 FILA,Cama,SECCION TAPICERIA,83,SUPER,,LITRO,17000.0,0.0,FORMULA
5465,67,68,CAMA DE 2X2  FILA ,27/05/2026 CAMA DE 2X2 FILA,Cama,SECCION TAPICERIA,84,CARTON,,UNIDAD,6000.0,0.0,FORMULA
5466,67,68,CAMA DE 2X2  FILA ,27/05/2026 CAMA DE 2X2 FILA,Cama,SECCION TAPICERIA,85,hechura,,TATI,210000.0,0.0,FIJO
