id,producto_id,material_id,cantidad_base,tipo_escala,distancia_pauta_cm,tornillos_por_pieza,condicion_activacion,rangos,formula_personalizada,es_fijo_override,observaciones
1,1,255,700.0,FORMULA,,,,,,False,unidad_raw=APAMATE | seccion=EBANISTA WILMER MANO DE OBRA= | precio_unitario_raw=140.0 | total_raw=98000.0
2,1,272,1.0,FORMULA,,,,,,False,unidad_raw=LAMINA | seccion=EBANISTA WILMER MANO DE OBRA= | precio_unitario_raw=65000.0 | total_raw=0.0
3,1,221,0.0,AREA,,,,,,False,unidad_raw=LAMINA | seccion=EBANISTA WILMER MANO DE OBRA= | precio_unitario_raw=210000.0 | total_raw=0.0
4,1,229,1.0,FORMULA,,,,,,False,unidad_raw=LAMINA | seccion=EBANISTA WILMER MANO DE OBRA= | precio_unitario_raw=130000.0 | total_raw=0.0
5,1,49,0.7,VOLUMEN,,,,,,False,unidad_raw=LITRO | seccion=EBANISTA WILMER MANO DE OBRA= | precio_unitario_raw=14000.0 | total_raw=9800.0
6,1,180,0.12,ESPACIADO,,,,,,False,unidad_raw=CAJA | seccion=EBANISTA WILMER MANO DE OBRA= | precio_unitario_raw=12000.0 | total_raw=1440.0
7,1,166,1.0,FIJO,,,,,,False,unidad_raw=PAR | seccion=EBANISTA WILMER MANO DE OBRA=
8,1,155,7.0,FORMULA,,,,,,False,unidad_raw=TIRAS | seccion=EBANISTA WILMER MANO DE OBRA= | precio_unitario_raw=1000.0 | total_raw=7000.0
9,1,423,100.0,ESPACIADO,,,,,,False,unidad_raw=Unidad | seccion=EBANISTA WILMER MANO DE OBRA= | precio_unitario_raw=100.0 | total_raw=10000.0
10,1,92,1.0,FORMULA,,,,,,False,seccion=EBANISTA WILMER MANO DE OBRA= | total_raw=315000.0
11,1,171,1.0,FORMULA,,,,,,False,seccion=EBANISTA WILMER MANO DE OBRA= | total_raw=44124.0
12,1,72,1.0,FIJO,,,,,,False,unidad_raw=PAR | seccion=EBANISTA WILMER MANO DE OBRA= | precio_unitario_raw=12000.0 | total_raw=0.0
13,1,269,1.0,FORMULA,,,,,,False,unidad_raw=1 PEDAZO DE 1.00X46=46 | seccion=EBANISTA WILMER MANO DE OBRA= | precio_unitario_raw=65000.0 | total_raw=0.0
14,1,214,1.0,FORMULA,,,,,,False,unidad_raw=1 PEDASO DE 1.50X40=60 | seccion=EBANISTA WILMER MANO DE OBRA= | precio_unitario_raw=130000.0 | total_raw=0.0
15,1,217,1.0,FORMULA,,,,,,False,"unidad_raw=1 PEDASO DE 1,50X40=60 | seccion=EBANISTA WILMER MANO DE OBRA= | precio_unitario_raw=140.0 | total_raw=21875.0"
16,1,49,1.0,FORMULA,,,,,,False,unidad_raw=litros | seccion=EBANISTA WILMER MANO DE OBRA= | precio_unitario_raw=14000.0 | total_raw=0.0
17,1,180,1.0,FIJO,,,,,,False,unidad_raw=Unidad | seccion=EBANISTA WILMER MANO DE OBRA= | precio_unitario_raw=600.0 | total_raw=0.0
18,1,42,1.0,FIJO,,,,,,False,unidad_raw=TIRA | seccion=EBANISTA WILMER MANO DE OBRA= | precio_unitario_raw=1000.0 | total_raw=0.0
19,1,184,1.0,FIJO,,,,,,False,unidad_raw=PAR | seccion=EBANISTA WILMER MANO DE OBRA= | precio_unitario_raw=157500.0 | total_raw=0.0
20,1,423,1.0,FIJO,,,,,,False,unidad_raw=Unidad | seccion=EBANISTA WILMER MANO DE OBRA= | precio_unitario_raw=100.0 | total_raw=0.0
21,1,172,1.0,FORMULA,,,,,,False,seccion=EBANISTA WILMER MANO DE OBRA= | total_raw=26294.75
22,1,349,1.0,FORMULA,,,,,DE NOCHERO,False,seccion=SECCION PINTURA Y PREPARADA DE NOCHERO
23,1,331,1.0,FORMULA,,,,,,False,unidad_raw=CON EL 5% | seccion=SECCION PINTURA Y PREPARADA DE NOCHERO | precio_unitario_raw=36750.0 | total_raw=0.0
24,1,310,1.0,FORMULA,,,,,,False,unidad_raw=CON EL 5% | seccion=SECCION PINTURA Y PREPARADA DE NOCHERO | precio_unitario_raw=36750.0 | total_raw=0.0
25,1,356,1.0,FORMULA,,,,,,False,unidad_raw=PISTOLADAS | seccion=SECCION PINTURA Y PREPARADA DE NOCHERO | precio_unitario_raw=18000.0 | total_raw=0.0
26,1,251,1.0,FORMULA,,,,,,False,unidad_raw=unidades | seccion=SECCION PINTURA Y PREPARADA DE NOCHERO | precio_unitario_raw=2000.0 | total_raw=0.0
27,1,285,1.0,FORMULA,,,,,,False,unidad_raw=galon | seccion=SECCION PINTURA Y PREPARADA DE NOCHERO | precio_unitario_raw=70000.0 | total_raw=0.0
28,1,432,1.0,FORMULA,,,,,,False,unidad_raw=unidad | seccion=SECCION PINTURA Y PREPARADA DE NOCHERO | precio_unitario_raw=45000.0 | total_raw=0.0
29,1,368,1.0,FORMULA,,,,,,False,unidad_raw=unidad | seccion=SECCION PINTURA Y PREPARADA DE NOCHERO | precio_unitario_raw=2500.0 | total_raw=0.0
30,1,401,1.0,FORMULA,,,,,,False,unidad_raw=GALON | seccion=SECCION PINTURA Y PREPARADA DE NOCHERO | precio_unitario_raw=34000.0 | total_raw=0.0
31,1,408,1.0,FORMULA,,,,,,False,unidad_raw=JALADORES | seccion=SECCION PINTURA Y PREPARADA DE NOCHERO | precio_unitario_raw=3000.0 | total_raw=0.0
32,1,11,1.0,FORMULA,,,,,,False,unidad_raw=PISTOLADA | seccion=SECCION PINTURA Y PREPARADA DE NOCHERO | precio_unitario_raw=57500.0 | total_raw=0.0
33,1,50,1.0,FORMULA,,,,,,False,unidad_raw=PISTOLADA | seccion=SECCION PINTURA Y PREPARADA DE NOCHERO | precio_unitario_raw=22000.0 | total_raw=0.0
34,1,98,1.0,FORMULA,,,,,,False,unidad_raw=galon | seccion=SECCION PINTURA Y PREPARADA DE NOCHERO | precio_unitario_raw=160000.0 | total_raw=0.0
35,1,169,1.0,FORMULA,,,,,,False,unidad_raw=ML | seccion=SECCION PINTURA Y PREPARADA DE NOCHERO | precio_unitario_raw=4500.0 | total_raw=0.0
36,1,341,1.0,FORMULA,,,,,,False,unidad_raw=LITRO | seccion=SECCION PINTURA Y PREPARADA DE NOCHERO | precio_unitario_raw=20000.0 | total_raw=0.0
37,1,203,1.0,FORMULA,,,,,,False,unidad_raw=PISTOLADA | seccion=SECCION PINTURA Y PREPARADA DE NOCHERO | precio_unitario_raw=23000.0 | total_raw=0.0
38,1,174,1.0,FORMULA,,,,,,False,seccion=SECCION PINTURA Y PREPARADA DE NOCHERO | total_raw=0.0
39,1,349,1.0,FORMULA,,,,,PATAS,False,seccion=SECCION PINTURA Y PREPARADA PATAS
40,1,331,1.0,FORMULA,,,,,,False,unidad_raw=CON EL 5% | seccion=SECCION PINTURA Y PREPARADA PATAS | precio_unitario_raw=63000.0 | total_raw=0.0
41,1,310,1.0,FORMULA,,,,,,False,unidad_raw=CON EL 5% | seccion=SECCION PINTURA Y PREPARADA PATAS | precio_unitario_raw=26250.0 | total_raw=0.0
42,1,314,1.0,FIJO,,,,,,False,seccion=SECCION PINTURA Y PREPARADA PATAS | precio_unitario_raw=2100.0 | total_raw=0.0
43,1,356,1.0,FORMULA,,,,,,False,unidad_raw=PISTOLADAS | seccion=SECCION PINTURA Y PREPARADA PATAS | precio_unitario_raw=18000.0 | total_raw=0.0
44,1,251,1.0,FORMULA,,,,,,False,unidad_raw=unidades | seccion=SECCION PINTURA Y PREPARADA PATAS | precio_unitario_raw=2000.0 | total_raw=0.0
45,1,285,1.0,FORMULA,,,,,,False,unidad_raw=galon | seccion=SECCION PINTURA Y PREPARADA PATAS | total_raw=0.0
46,1,249,1.0,FORMULA,,,,,,False,unidad_raw=unidad | seccion=SECCION PINTURA Y PREPARADA PATAS | precio_unitario_raw=2000.0 | total_raw=0.0
47,1,245,1.0,FORMULA,,,,,,False,unidad_raw=unidad | seccion=SECCION PINTURA Y PREPARADA PATAS | precio_unitario_raw=2000.0 | total_raw=0.0
48,1,205,1.0,FORMULA,,,,,,False,unidad_raw=GALON | seccion=SECCION PINTURA Y PREPARADA PATAS | precio_unitario_raw=23000.0 | total_raw=0.0
49,1,199,1.0,FORMULA,,,,,,False,unidad_raw=litro | seccion=SECCION PINTURA Y PREPARADA PATAS | precio_unitario_raw=18000.0 | total_raw=0.0
50,1,50,1.0,FORMULA,,,,,,False,unidad_raw=PISTOLADA | seccion=SECCION PINTURA Y PREPARADA PATAS | precio_unitario_raw=20000.0 | total_raw=0.0
51,1,402,1.0,FORMULA,,,,,,False,unidad_raw=galon | seccion=SECCION PINTURA Y PREPARADA PATAS | total_raw=0.0
52,1,169,1.0,FORMULA,,,,,,False,unidad_raw=LITRO | seccion=SECCION PINTURA Y PREPARADA PATAS | precio_unitario_raw=4.5 | total_raw=0.0
53,1,341,1.0,FORMULA,,,,,,False,unidad_raw=LITRO | seccion=SECCION PINTURA Y PREPARADA PATAS | precio_unitario_raw=23000.0 | total_raw=0.0
54,1,201,1.0,FORMULA,,,,,,False,unidad_raw=PISTOLADA | seccion=SECCION PINTURA Y PREPARADA PATAS | precio_unitario_raw=23000.0 | total_raw=0.0
55,1,174,1.0,FORMULA,,,,,,False,seccion=SECCION PINTURA Y PREPARADA PATAS | total_raw=32095.1
56,1,406,1.0,FORMULA,,,,,,False,unidad_raw=UNIDAD | seccion=SECCION TERMINACION | precio_unitario_raw=10500.0 | total_raw=0.0
57,1,338,1.0,FORMULA,,,,,,False,unidad_raw=UNIDAD | seccion=SECCION TERMINACION | precio_unitario_raw=20000.0 | total_raw=0.0
58,1,339,1.0,FORMULA,,,,,,False,unidad_raw=UNIDAD | seccion=SECCION TERMINACION | precio_unitario_raw=20000.0 | total_raw=0.0
59,1,237,1.0,FORMULA,,,,,,False,unidad_raw=UNIDADES | seccion=SECCION TERMINACION | precio_unitario_raw=100000.0 | total_raw=0.0
60,1,16,1.0,FORMULA,,,,,,False,unidad_raw=METROS | seccion=SECCION TERMINACION | precio_unitario_raw=3000.0 | total_raw=0.0
61,1,6,1.0,FORMULA,,,,,,False,unidad_raw=PAR | seccion=SECCION TERMINACION | precio_unitario_raw=1500.0 | total_raw=0.0
62,1,97,1.0,FORMULA,,,,,,False,unidad_raw=UNIDADES | seccion=SECCION TERMINACION | precio_unitario_raw=2000.0 | total_raw=0.0
63,1,194,1.0,FORMULA,,,,,,False,unidad_raw=PAR | seccion=SECCION TERMINACION | precio_unitario_raw=160000.0 | total_raw=0.0
64,1,198,1.0,FIJO,,,,,,False,unidad_raw=UNIDAD | seccion=SECCION TERMINACION | precio_unitario_raw=26800.0 | total_raw=0.0
65,1,283,1.0,FORMULA,,,,,,False,unidad_raw=UNIDADES | seccion=SECCION TERMINACION | precio_unitario_raw=3000.0 | total_raw=0.0
66,1,70,1.0,FIJO,,,,,,False,unidad_raw=unidades | seccion=SECCION TERMINACION | precio_unitario_raw=8000.0 | total_raw=0.0
67,1,95,1.0,FORMULA,,,,,,False,unidad_raw=unidades | seccion=SECCION TERMINACION | precio_unitario_raw=150000.0 | total_raw=0.0
68,1,352,1.0,FORMULA,,,,,,False,seccion=SECCION TERMINACION | total_raw=0.0
69,1,257,614.0,FORMULA,,,,,,False,unidad_raw=APAMATE | seccion=SECCION TERMINACION | precio_unitario_raw=140.0 | total_raw=85960.0
70,1,180,0.1,ESPACIADO,,,,,,False,unidad_raw=CAJA | seccion=PATA DE TENDIDO | precio_unitario_raw=12000.0 | total_raw=1200.0
71,1,274,1.0,AREA,,,,,,False,unidad_raw=LAMINA | seccion=PATA DE TENDIDO | precio_unitario_raw=140000.0 | total_raw=140000.0
72,1,49,0.2,VOLUMEN,,,,,,False,unidad_raw=LITRO | seccion=PATA DE TENDIDO | precio_unitario_raw=14000.0 | total_raw=2800.0
73,1,423,30.0,ESPACIADO,,,,,,False,unidad_raw=UNIDAD | seccion=PATA DE TENDIDO | precio_unitario_raw=100.0 | total_raw=3000.0
74,1,33,2.0,ESPACIADO,,,,,,False,unidad_raw=TIRA | seccion=PATA DE TENDIDO | precio_unitario_raw=1000.0 | total_raw=2000.0
75,1,184,1.0,FIJO,,,,,,False,unidad_raw=UNIDAD | seccion=PATA DE TENDIDO | precio_unitario_raw=60000.0 | total_raw=60000.0
76,1,350,1.0,FORMULA,,,,,,False,unidad_raw=MANO DE OBRA= | seccion=SECCION TAPICERIA MANO DE OBRA=
77,1,381,12.0,AREA,,,,,,False,unidad_raw=METROS | seccion=SECCION TAPICERIA MANO DE OBRA= | precio_unitario_raw=29899.0 | total_raw=358788.0
78,1,113,0.5,AREA,,,,,,False,unidad_raw=LAMINA | seccion=SECCION TAPICERIA MANO DE OBRA= | precio_unitario_raw=6630.0 | total_raw=3315.0
79,1,180,0.4,ESPACIADO,,,,,,False,unidad_raw=CAJA DE GRAPAS | seccion=SECCION TAPICERIA MANO DE OBRA= | precio_unitario_raw=12000.0 | total_raw=4800.0
80,1,298,1.0,FIJO,,,,,,False,unidad_raw=UNIDADES | seccion=SECCION TAPICERIA MANO DE OBRA= | precio_unitario_raw=8000.0 | total_raw=0.0
81,1,410,1.0,FIJO,,,,,,False,unidad_raw=UNIDADES | seccion=SECCION TAPICERIA MANO DE OBRA= | precio_unitario_raw=100.0 | total_raw=0.0
82,1,129,1.0,AREA,,,,,,False,unidad_raw=UNIDADES | seccion=SECCION TAPICERIA MANO DE OBRA= | precio_unitario_raw=26000.0 | total_raw=26000.0
83,1,115,2.5,AREA,,,,,,False,unidad_raw=LAMINA | seccion=SECCION TAPICERIA MANO DE OBRA= | precio_unitario_raw=41340.0 | total_raw=103350.0
84,1,107,1.0,FORMULA,,,,,,False,unidad_raw=MTS | seccion=SECCION TAPICERIA MANO DE OBRA= | precio_unitario_raw=1000.0 | total_raw=0.0
85,1,87,5.0,AREA,,,,,,False,unidad_raw=METROS | seccion=SECCION TAPICERIA MANO DE OBRA= | precio_unitario_raw=4000.0 | total_raw=20000.0
86,1,195,1.0,FORMULA,,,,,,False,unidad_raw=UNIDAD | seccion=SECCION TAPICERIA MANO DE OBRA= | precio_unitario_raw=25000.0 | total_raw=0.0
87,1,18,0.5,FORMULA,,,,,,False,unidad_raw=ROLLO | seccion=SECCION TAPICERIA MANO DE OBRA= | precio_unitario_raw=12000.0 | total_raw=6000.0
88,1,359,0.4,VOLUMEN,,,,,,False,unidad_raw=LITRO | seccion=SECCION TAPICERIA MANO DE OBRA= | precio_unitario_raw=19000.0 | total_raw=7600.0
89,1,26,1.0,FORMULA,,,,,,False,unidad_raw=UNIDADES | seccion=SECCION TAPICERIA MANO DE OBRA= | precio_unitario_raw=5000.0 | total_raw=0.0
90,1,184,1.0,FIJO,,,,,,False,unidad_raw=CAMA | seccion=SECCION TAPICERIA MANO DE OBRA= | precio_unitario_raw=210000.0 | total_raw=210000.0
91,1,239,1.0,FORMULA,,,,,,False,unidad_raw=METROS | seccion=SECCION TAPICERIA MANO DE OBRA= | precio_unitario_raw=2650.0 | total_raw=0.0
92,2,254,1.5,LINEAL,,,,,,False,unidad_raw=CMS | precio_unitario_raw=135000.0 | total_raw=202500.0
93,2,49,1.0,VOLUMEN,,,,,,False,unidad_raw=LITRO | precio_unitario_raw=14000.0 | total_raw=14000.0
94,2,289,4.0,FORMULA,,,,,,False,unidad_raw=Unidad | precio_unitario_raw=3000.0 | total_raw=12000.0
95,2,38,10.0,ESPACIADO,,,,,,False,unidad_raw=TIRA F30 | precio_unitario_raw=1000.0 | total_raw=10000.0
96,2,423,150.0,ESPACIADO,,,,,,False,unidad_raw=Unidad | precio_unitario_raw=100.0 | total_raw=15000.0
97,2,180,0.8,ESPACIADO,,,,,,False,unidad_raw=TIRA | precio_unitario_raw=500.0 | total_raw=400.0
98,2,38,10.0,ESPACIADO,,,,,,False,unidad_raw=TIRA F40 | precio_unitario_raw=1000.0 | total_raw=10000.0
99,2,168,1.0,FIJO,,,,,,False,unidad_raw=PAR | precio_unitario_raw=20000.0 | total_raw=20000.0
100,2,254,1.1,LINEAL,,,,,,False,unidad_raw=CMS | seccion=TENDIDO DE REJAS | precio_unitario_raw=135000.0 | total_raw=148500.0
101,2,180,0.7,ESPACIADO,,,,,,False,unidad_raw=TIRA | seccion=TENDIDO DE REJAS | precio_unitario_raw=500.0 | total_raw=350.0
102,2,38,6.0,ESPACIADO,,,,,,False,unidad_raw=TIRA F30 | seccion=TENDIDO DE REJAS | precio_unitario_raw=1000.0 | total_raw=6000.0
103,2,423,40.0,ESPACIADO,,,,,,False,unidad_raw=Unidad | seccion=TENDIDO DE REJAS | precio_unitario_raw=100.0 | total_raw=4000.0
104,2,49,0.5,VOLUMEN,,,,,,False,unidad_raw=litro | seccion=TENDIDO DE REJAS | precio_unitario_raw=14000.0 | total_raw=7000.0
105,2,241,2.0,LINEAL,,,,,,False,unidad_raw=METROS | seccion=TENDIDO DE REJAS | precio_unitario_raw=3000.0 | total_raw=6000.0
106,2,186,1.0,FIJO,,,,,,False,unidad_raw=* 5% | seccion=TENDIDO DE REJAS | precio_unitario_raw=40000.0 | total_raw=42000.0
107,2,254,0.12,LINEAL,,,,,,False,unidad_raw=CMS | seccion=TENDIDO DE REJAS | precio_unitario_raw=135000.0 | total_raw=16200.0
108,2,423,10.0,ESPACIADO,,,,,,False,unidad_raw=Unidad | seccion=TENDIDO DE REJAS | precio_unitario_raw=100.0 | total_raw=1000.0
109,2,49,0.1,VOLUMEN,,,,,,False,unidad_raw=litro | seccion=TENDIDO DE REJAS | precio_unitario_raw=14000.0 | total_raw=1400.0
110,2,150,1.0,AREA,,,,,,False,unidad_raw=* UNIDADES | seccion=SECCION TAPICERIA | precio_unitario_raw=48000.0 | total_raw=48000.0
111,2,152,2.5,AREA,,,,,,False,unidad_raw=* UNIDADES | seccion=SECCION TAPICERIA | precio_unitario_raw=33000.0 | total_raw=82500.0
112,2,87,2.3,AREA,,,,,,False,unidad_raw=* METRO | seccion=SECCION TAPICERIA | precio_unitario_raw=25000.0 | total_raw=57500.0
113,2,153,1.0,AREA,,,,,,False,unidad_raw=* UNIDADES | seccion=SECCION TAPICERIA | precio_unitario_raw=29000.0 | total_raw=29000.0
114,2,27,215.0,FORMULA,,,,,,False,unidad_raw=* UNIDADES | seccion=SECCION TAPICERIA | precio_unitario_raw=170.0 | total_raw=36550.0
115,2,22,1.0,FIJO,,,,,,False,unidad_raw=* UNIDADES | seccion=SECCION TAPICERIA | precio_unitario_raw=30000.0 | total_raw=30000.0
116,2,370,10.0,AREA,,,,,,False,unidad_raw=* METRO | seccion=SECCION TAPICERIA | precio_unitario_raw=25000.0 | total_raw=250000.0
117,2,359,1.0,VOLUMEN,,,,,,False,unidad_raw=PISTOLADA | seccion=SECCION TAPICERIA | precio_unitario_raw=19000.0 | total_raw=19000.0
118,2,195,1.0,FIJO,,,,,,False,unidad_raw=* UNIDADES | seccion=SECCION TAPICERIA | precio_unitario_raw=5000.0 | total_raw=5000.0
119,2,21,1.0,ESPACIADO,,,,,,False,unidad_raw=CAJA | seccion=SECCION TAPICERIA | precio_unitario_raw=10000.0 | total_raw=10000.0
120,2,165,1.2,LINEAL,,,,,,False,unidad_raw=* METRO | seccion=SECCION TAPICERIA | precio_unitario_raw=3000.0 | total_raw=3600.0
121,2,176,1.0,FORMULA,,,,,,False,seccion=SECCION TAPICERIA | total_raw=78115.0
122,2,53,0.2,VOLUMEN,,,,,,False,unidad_raw=* LITRO | seccion=PINTURA DE 4 PATAS | precio_unitario_raw=18000.0 | total_raw=3600.0
123,2,204,0.2,VOLUMEN,,,,,,False,unidad_raw=* LITRO | seccion=PINTURA DE 4 PATAS | precio_unitario_raw=24000.0 | total_raw=4800.0
124,2,356,0.2,VOLUMEN,,,,,,False,unidad_raw=* LITRO | seccion=PINTURA DE 4 PATAS | precio_unitario_raw=18000.0 | total_raw=3600.0
125,2,326,4.0,FORMULA,,,,,,False,unidad_raw=* 5% | seccion=PINTURA DE 4 PATAS | precio_unitario_raw=4000.0 | total_raw=4200.0
126,2,309,4.0,FORMULA,,,,,,False,unidad_raw=* 5% | seccion=PINTURA DE 4 PATAS | precio_unitario_raw=2800.0 | total_raw=2940.0
127,2,175,1.0,FORMULA,,,,,,False,seccion=PINTURA DE 4 PATAS | total_raw=1914.0
128,3,254,1.3,LINEAL,,,,,,False,unidad_raw=CMS | precio_unitario_raw=135000.0 | total_raw=175500.0
129,3,49,0.5,VOLUMEN,,,,,,False,unidad_raw=LITRO | precio_unitario_raw=14000.0 | total_raw=7000.0
130,3,431,0.0,AREA,,,,,,False,unidad_raw=LAMINA ( 55*56) | precio_unitario_raw=13750.0 | total_raw=0.0
131,3,288,2.0,FORMULA,,,,,,False,unidad_raw=MULTIUSOS | precio_unitario_raw=3000.0 | total_raw=6000.0
132,3,38,5.0,ESPACIADO,,,,,,False,unidad_raw=TIRA F15 | precio_unitario_raw=1000.0 | total_raw=5000.0
133,3,38,10.0,ESPACIADO,,,,,,False,unidad_raw=TIRA F30 | precio_unitario_raw=1000.0 | total_raw=10000.0
134,3,423,125.0,ESPACIADO,,,,,,False,unidad_raw=Unidad | precio_unitario_raw=100.0 | total_raw=12500.0
135,3,180,15.0,ESPACIADO,,,,,,False,unidad_raw=TIRA | precio_unitario_raw=500.0 | total_raw=7500.0
136,3,38,5.0,ESPACIADO,,,,,,False,unidad_raw=TIRA F40 | precio_unitario_raw=1000.0 | total_raw=5000.0
137,3,38,10.0,ESPACIADO,,,,,,False,unidad_raw=TIRA F50 | precio_unitario_raw=1000.0 | total_raw=10000.0
138,3,167,1.0,FIJO,,,,,,False,unidad_raw=PAR | precio_unitario_raw=20000.0 | total_raw=20000.0
139,3,275,0.0,AREA,,,,,,False,unidad_raw=RETAL | precio_unitario_raw=46000.0 | total_raw=23000.0
140,3,170,1.0,FORMULA,,,,,,False,total_raw=59650.0
141,3,254,1.1,LINEAL,,,,,,False,unidad_raw=CMS | seccion=TENDIDOS | precio_unitario_raw=135000.0 | total_raw=148500.0
142,3,180,0.7,ESPACIADO,,,,,,False,unidad_raw=TIRA | seccion=TENDIDOS | precio_unitario_raw=500.0 | total_raw=350.0
143,3,38,6.0,ESPACIADO,,,,,,False,unidad_raw=TIRA F30 | seccion=TENDIDOS | precio_unitario_raw=1000.0 | total_raw=6000.0
144,3,423,40.0,ESPACIADO,,,,,,False,unidad_raw=Unidad | seccion=TENDIDOS | precio_unitario_raw=100.0 | total_raw=4000.0
145,3,49,0.5,VOLUMEN,,,,,,False,unidad_raw=litro | seccion=TENDIDOS | precio_unitario_raw=14000.0 | total_raw=7000.0
146,3,241,2.0,LINEAL,,,,,,False,unidad_raw=METROS | seccion=TENDIDOS | precio_unitario_raw=3000.0 | total_raw=6000.0
147,3,186,1.0,FIJO,,,,,,False,unidad_raw=* 5% | seccion=TENDIDOS | precio_unitario_raw=40000.0 | total_raw=42000.0
148,3,173,1.0,FORMULA,,,,,,False,seccion=TENDIDOS | total_raw=22435.0
149,3,254,0.12,LINEAL,,,,,,False,unidad_raw=CMS | seccion=TENDIDOS | precio_unitario_raw=135000.0 | total_raw=16200.0
150,3,423,10.0,ESPACIADO,,,,,,False,unidad_raw=Unidad | seccion=TENDIDOS | precio_unitario_raw=100.0 | total_raw=1000.0
151,3,49,0.1,VOLUMEN,,,,,,False,unidad_raw=litro | seccion=TENDIDOS | precio_unitario_raw=14000.0 | total_raw=1400.0
152,3,173,1.0,FORMULA,,,,,,False,seccion=TENDIDOS | total_raw=3435.0
153,3,119,2.0,AREA,,,,,,False,unidad_raw=* UNIDADES | seccion=SECCION TAPICERIA | precio_unitario_raw=18000.0 | total_raw=36000.0
154,3,152,1.0,FORMULA,,,,,,False,unidad_raw=* UNIDADES | seccion=SECCION TAPICERIA | precio_unitario_raw=33000.0 | total_raw=0.0
155,3,121,1.0,FORMULA,,,,,,False,unidad_raw=* UNIDADES | seccion=SECCION TAPICERIA | precio_unitario_raw=26500.0 | total_raw=0.0
156,3,147,1.0,FORMULA,,,,,,False,unidad_raw=* UNIDADES | seccion=SECCION TAPICERIA
157,3,29,0.2,LINEAL,,,,,,False,unidad_raw=* METRO | seccion=SECCION TAPICERIA | precio_unitario_raw=64000.0 | total_raw=12800.0
158,3,87,5.0,AREA,,,,,,False,unidad_raw=* METRO | seccion=SECCION TAPICERIA | precio_unitario_raw=3000.0 | total_raw=15000.0
159,3,153,0.0,AREA,,,,,,False,unidad_raw=* UNIDADES | seccion=SECCION TAPICERIA | precio_unitario_raw=29000.0 | total_raw=0.0
160,3,240,2.0,LINEAL,,,,,,False,unidad_raw=METROS | seccion=SECCION TAPICERIA | precio_unitario_raw=3000.0 | total_raw=6000.0
161,3,22,1.0,FORMULA,,,,,,False,unidad_raw=* UNIDADES | seccion=SECCION TAPICERIA | precio_unitario_raw=30000.0 | total_raw=0.0
162,3,370,9.0,AREA,,,,,,False,unidad_raw=* METRO | seccion=SECCION TAPICERIA | precio_unitario_raw=28000.0 | total_raw=252000.0
163,3,359,0.2,LINEAL,,,,,,False,unidad_raw=PISTOLADAML | seccion=SECCION TAPICERIA | precio_unitario_raw=19000.0 | total_raw=3800.0
164,3,182,4.2,LINEAL,,,,,,False,unidad_raw=* METRO | seccion=SECCION TAPICERIA | precio_unitario_raw=18500.0 | total_raw=77700.0
165,3,195,0.2,FORMULA,,,,,,False,unidad_raw=* UNIDADES | seccion=SECCION TAPICERIA | precio_unitario_raw=27000.0 | total_raw=5400.0
166,3,21,0.5,ESPACIADO,,,,,,False,unidad_raw=CAJA | seccion=SECCION TAPICERIA | precio_unitario_raw=10000.0 | total_raw=5000.0
167,3,423,15.0,ESPACIADO,,,,,,False,unidad_raw=Unidad | seccion=SECCION TAPICERIA | precio_unitario_raw=100.0 | total_raw=1500.0
168,3,3,3.0,FORMULA,,,,,,False,unidad_raw=KILOS | seccion=SECCION TAPICERIA | precio_unitario_raw=14000.0 | total_raw=42000.0
169,3,165,1.0,LINEAL,,,,,,False,unidad_raw=* METRO | seccion=SECCION TAPICERIA | precio_unitario_raw=17000.0 | total_raw=17000.0
170,3,32,2.0,FORMULA,,,,,,False,unidad_raw=* UNIDADES | seccion=SECCION TAPICERIA | precio_unitario_raw=18000.0 | total_raw=36000.0
171,3,204,0.0,VOLUMEN,,,,,,False,unidad_raw=* LITRO | seccion=SECCION TAPICERIA | precio_unitario_raw=24000.0 | total_raw=0.0
172,3,356,0.0,VOLUMEN,,,,,,False,unidad_raw=* LITRO | seccion=SECCION TAPICERIA | precio_unitario_raw=18000.0 | total_raw=0.0
173,3,423,8.0,ESPACIADO,,,,,,False,unidad_raw=Unidad | seccion=SECCION TAPICERIA | precio_unitario_raw=100.0 | total_raw=800.0
174,3,326,0.0,FORMULA,,,,,,False,unidad_raw=* 5% | seccion=SECCION TAPICERIA | precio_unitario_raw=0.0 | total_raw=0.0
175,3,309,0.0,FORMULA,,,,,,False,unidad_raw=* 5% | seccion=SECCION TAPICERIA | precio_unitario_raw=0.0 | total_raw=0.0
176,3,175,1.0,FORMULA,,,,,,False,seccion=SECCION TAPICERIA | total_raw=0.0
177,4,254,1502.0,LINEAL,,,,,,False,unidad_raw=CMS | precio_unitario_raw=135.0 | total_raw=202770.0
178,4,217,2.0,AREA,,,,,,False,unidad_raw=Unidad | precio_unitario_raw=136000.0 | total_raw=272000.0
179,4,207,0.25,AREA,,,,,,False,unidad_raw=Unidad | precio_unitario_raw=207000.0 | total_raw=51750.0
180,4,212,2.0,AREA,,,,,,False,unidad_raw=Unidad | precio_unitario_raw=65000.0 | total_raw=130000.0
181,4,49,1.75,VOLUMEN,,,,,,False,unidad_raw=litros | precio_unitario_raw=14000.0 | total_raw=24500.0
182,4,180,0.25,ESPACIADO,,,,,,False,unidad_raw=Unidad | precio_unitario_raw=20000.0 | total_raw=5000.0
183,4,38,2.0,ESPACIADO,,,,,,False,unidad_raw=TIRA | precio_unitario_raw=1000.0 | total_raw=2000.0
184,4,38,4.0,ESPACIADO,,,,,,False,unidad_raw=TIRA | precio_unitario_raw=1000.0 | total_raw=4000.0
185,4,38,15.0,ESPACIADO,,,,,,False,unidad_raw=TIRA | precio_unitario_raw=1000.0 | total_raw=15000.0
186,4,359,1.0,FORMULA,,,,,,False,unidad_raw=LITRO | total_raw=0.0
187,4,423,200.0,ESPACIADO,,,,,,False,unidad_raw=Unidad | precio_unitario_raw=100.0 | total_raw=20000.0
188,4,164,1.0,FORMULA,,,,,,False,total_raw=420000.0
189,4,171,1.0,FORMULA,,,,,,False,total_raw=114702.0
190,4,327,1.0,FIJO,,,,,,False,unidad_raw=CON EL 5% | seccion=SECCION PINTURA | precio_unitario_raw=60000.0 | total_raw=63000.0
191,4,308,1.0,FIJO,,,,,,False,unidad_raw=CON EL 5% | seccion=SECCION PINTURA | precio_unitario_raw=30000.0 | total_raw=31500.0
192,4,356,2.0,VOLUMEN,,,,,,False,unidad_raw=PISTOLADAS | seccion=SECCION PINTURA | precio_unitario_raw=19000.0 | total_raw=38000.0
193,4,242,2.0,FORMULA,,,,,,False,unidad_raw=unidades | seccion=SECCION PINTURA | precio_unitario_raw=2000.0 | total_raw=4000.0
194,4,291,4.0,FORMULA,,,,,,False,unidad_raw=PATAS | seccion=SECCION PINTURA | precio_unitario_raw=5000.0 | total_raw=20000.0
195,4,368,1.0,FORMULA,,,,,,False,unidad_raw=KILOS | seccion=SECCION PINTURA | precio_unitario_raw=5000.0 | total_raw=0.0
196,4,101,1.0,FORMULA,,,,,,False,unidad_raw=GALON | seccion=SECCION PINTURA | precio_unitario_raw=13000.0 | total_raw=0.0
197,4,98,0.0,VOLUMEN,,,,,,False,unidad_raw=GALON | seccion=SECCION PINTURA | precio_unitario_raw=100000.0 | total_raw=0.0
198,4,401,2.0,VOLUMEN,,,,,,False,unidad_raw=LITRO | seccion=SECCION PINTURA | precio_unitario_raw=8500.0 | total_raw=17000.0
199,4,50,1.75,VOLUMEN,,,,,,False,unidad_raw=PISTOLADA | seccion=SECCION PINTURA | precio_unitario_raw=20000.0 | total_raw=35000.0
200,4,402,0.0,VOLUMEN,,,,,,False,unidad_raw=galon | seccion=SECCION PINTURA | precio_unitario_raw=28000.0 | total_raw=0.0
201,4,169,1.0,FIJO,,,,,,False,seccion=SECCION PINTURA | precio_unitario_raw=5000.0 | total_raw=5000.0
202,4,341,0.5,VOLUMEN,,,,,,False,unidad_raw=LITRO | seccion=SECCION PINTURA | precio_unitario_raw=10000.0 | total_raw=5000.0
203,4,200,1.5,VOLUMEN,,,,,,False,unidad_raw=PISTOLADA | seccion=SECCION PINTURA | precio_unitario_raw=21000.0 | total_raw=31500.0
204,4,174,1.0,FORMULA,,,,,,False,seccion=SECCION PINTURA | total_raw=25000.0
205,4,105,1.0,FIJO,,,,,,False,unidad_raw=unidades | seccion=SECCION TERMINACION | precio_unitario_raw=580000.0 | total_raw=580000.0
206,4,166,1.0,FIJO,,,,,,False,unidad_raw=PAR | seccion=SECCION TERMINACION | precio_unitario_raw=20000.0 | total_raw=20000.0
207,4,83,1.0,FIJO,,,,,,False,unidad_raw=unidades | seccion=SECCION TERMINACION | precio_unitario_raw=20000.0 | total_raw=0.0
208,4,82,0.0,FORMULA,,,,,,False,unidad_raw=unidades | seccion=SECCION TERMINACION | precio_unitario_raw=20000.0 | total_raw=0.0
209,4,95,1.0,FIJO,,,,,,False,unidad_raw=unidades | seccion=SECCION TERMINACION | precio_unitario_raw=100000.0 | total_raw=100000.0
210,4,45,1.0,FIJO,,,,,,False,seccion=SECCION TERMINACION | precio_unitario_raw=50000.0 | total_raw=50000.0
211,4,352,1.0,FORMULA,,,,,,False,seccion=SECCION TERMINACION | total_raw=0.0
212,4,257,924.0,LINEAL,,,,,,False,unidad_raw=CMS | seccion=SECCION TERMINACION | precio_unitario_raw=135.0 | total_raw=124740.0
213,4,399,1.0,FIJO,,,,,,False,unidad_raw=DE 2X2 | seccion=SECCION TERMINACION | precio_unitario_raw=63000.0 | total_raw=63000.0
214,4,233,1.0,AREA,,,,,,False,unidad_raw=unidades | seccion=SECCION TERMINACION | precio_unitario_raw=136000.0 | total_raw=136000.0
215,4,49,200.0,FORMULA,,,,,,False,unidad_raw=unidades | seccion=SECCION TERMINACION | precio_unitario_raw=100.0 | total_raw=20000.0
216,4,423,10.0,ESPACIADO,,,,,,False,seccion=SECCION TERMINACION | precio_unitario_raw=100.0 | total_raw=1000.0
217,4,36,2.0,ESPACIADO,,,,,,False,seccion=SECCION TERMINACION | precio_unitario_raw=1000.0 | total_raw=2000.0
218,4,35,4.0,ESPACIADO,,,,,,False,unidad_raw=TIRAS | seccion=SECCION TERMINACION | precio_unitario_raw=2000.0 | total_raw=8000.0
219,4,34,2.0,ESPACIADO,,,,,,False,unidad_raw=METROS | seccion=SECCION TERMINACION | precio_unitario_raw=5000.0 | total_raw=10000.0
220,4,180,5.0,ESPACIADO,,,,,,False,seccion=SECCION TERMINACION | precio_unitario_raw=1000.0 | total_raw=5000.0
221,4,321,2.0,LINEAL,,,,,,False,unidad_raw=metros | seccion=SECCION TERMINACION | precio_unitario_raw=3000.0 | total_raw=6000.0
222,4,322,1.0,FIJO,,,,,,False,unidad_raw=UNI | seccion=SECCION TERMINACION | precio_unitario_raw=10500.0 | total_raw=10500.0
223,4,370,8.0,AREA,,,,,,False,seccion=SECCION TAPICERIA | precio_unitario_raw=20000.0 | total_raw=160000.0
224,4,154,1.0,FORMULA,,,,,,False,unidad_raw=METROS | seccion=SECCION TAPICERIA | precio_unitario_raw=1800.0 | total_raw=0.0
225,4,146,1.0,AREA,,,,,,False,unidad_raw=AZUL | seccion=SECCION TAPICERIA | precio_unitario_raw=26500.0 | total_raw=26500.0
226,4,180,1.0,ESPACIADO,,,,,,False,unidad_raw=CAJA DE GRAPAS | seccion=SECCION TAPICERIA | precio_unitario_raw=10000.0 | total_raw=10000.0
227,4,118,1.0,AREA,,,,,,False,unidad_raw=UNIDADES | seccion=SECCION TAPICERIA | precio_unitario_raw=39000.0 | total_raw=39000.0
228,4,419,100.0,ESPACIADO,,,,,,False,unidad_raw=ROSADA | seccion=SECCION TAPICERIA | precio_unitario_raw=100.0 | total_raw=10000.0
229,4,132,1.0,AREA,,,,,,False,unidad_raw=AZUL | seccion=SECCION TAPICERIA | precio_unitario_raw=18000.0 | total_raw=18000.0
230,4,22,1.0,FORMULA,,,,,,False,unidad_raw=CMS | seccion=SECCION TAPICERIA | total_raw=0.0
231,4,304,4.0,LINEAL,,,,,,False,unidad_raw=METROS | seccion=SECCION TAPICERIA | precio_unitario_raw=3000.0 | total_raw=12000.0
232,4,87,2.0,AREA,,,,,,False,unidad_raw=METROS | seccion=SECCION TAPICERIA | precio_unitario_raw=3000.0 | total_raw=6000.0
233,4,195,1.0,FIJO,,,,,,False,unidad_raw=UNIIDAD | seccion=SECCION TAPICERIA | precio_unitario_raw=27000.0 | total_raw=27000.0
234,4,359,0.5,VOLUMEN,,,,,,False,unidad_raw=LITRO | seccion=SECCION TAPICERIA | precio_unitario_raw=16000.0 | total_raw=8000.0
235,4,184,1.0,FIJO,,,,,,False,seccion=SECCION TAPICERIA | precio_unitario_raw=210000.0 | total_raw=210000.0
236,4,17,1.0,FIJO,,,,,,False,seccion=SECCION TAPICERIA | precio_unitario_raw=9000.0 | total_raw=9000.0
237,5,254,1.502,LINEAL,,,,,,False,unidad_raw=CMS | precio_unitario_raw=140000.0 | total_raw=210280.0
238,5,217,3.0,AREA,,,,,,False,unidad_raw=Unidad | precio_unitario_raw=140000.0 | total_raw=420000.0
239,5,207,0.25,AREA,,,,,,False,unidad_raw=Unidad | precio_unitario_raw=210000.0 | total_raw=52500.0
240,5,212,2.0,AREA,,,,,,False,unidad_raw=Unidad | precio_unitario_raw=65000.0 | total_raw=130000.0
241,5,49,1.75,VOLUMEN,,,,,,False,unidad_raw=litros | precio_unitario_raw=14000.0 | total_raw=24500.0
242,5,180,0.25,ESPACIADO,,,,,,False,unidad_raw=Unidad | precio_unitario_raw=20000.0 | total_raw=5000.0
243,5,38,2.0,ESPACIADO,,,,,,False,unidad_raw=TIRA | precio_unitario_raw=1000.0 | total_raw=2000.0
244,5,38,4.0,ESPACIADO,,,,,,False,unidad_raw=TIRA | precio_unitario_raw=1000.0 | total_raw=4000.0
245,5,38,15.0,ESPACIADO,,,,,,False,unidad_raw=TIRA | precio_unitario_raw=1000.0 | total_raw=15000.0
246,5,84,2.0,VOLUMEN,,,,,,False,unidad_raw=LITRO | precio_unitario_raw=28000.0 | total_raw=56000.0
247,5,423,200.0,ESPACIADO,,,,,,False,unidad_raw=Unidad | precio_unitario_raw=100.0 | total_raw=20000.0
248,5,164,1.0,FORMULA,,,,,,False,total_raw=420000.0
249,5,171,1.0,FORMULA,,,,,,False,total_raw=135928.0
250,5,327,1.0,FIJO,,,,,,False,unidad_raw=CON EL 5% | seccion=SECCION PINTURA | precio_unitario_raw=60000.0 | total_raw=63000.0
251,5,308,1.0,FIJO,,,,,,False,unidad_raw=CON EL 5% | seccion=SECCION PINTURA | precio_unitario_raw=30000.0 | total_raw=31500.0
252,5,356,2.0,VOLUMEN,,,,,,False,unidad_raw=PISTOLADAS | seccion=SECCION PINTURA | precio_unitario_raw=19000.0 | total_raw=38000.0
253,5,242,2.0,FORMULA,,,,,,False,unidad_raw=unidades | seccion=SECCION PINTURA | precio_unitario_raw=2000.0 | total_raw=4000.0
254,5,291,4.0,FORMULA,,,,,,False,unidad_raw=PATAS | seccion=SECCION PINTURA | precio_unitario_raw=5000.0 | total_raw=20000.0
255,5,368,1.0,FORMULA,,,,,,False,unidad_raw=KILOS | seccion=SECCION PINTURA | precio_unitario_raw=5000.0 | total_raw=0.0
256,5,101,1.0,FORMULA,,,,,,False,unidad_raw=GALON | seccion=SECCION PINTURA | precio_unitario_raw=13000.0 | total_raw=0.0
257,5,98,0.0,VOLUMEN,,,,,,False,unidad_raw=GALON | seccion=SECCION PINTURA | precio_unitario_raw=100000.0 | total_raw=0.0
258,5,401,2.0,VOLUMEN,,,,,,False,unidad_raw=LITRO | seccion=SECCION PINTURA | precio_unitario_raw=8500.0 | total_raw=17000.0
259,5,50,1.75,VOLUMEN,,,,,,False,unidad_raw=PISTOLADA | seccion=SECCION PINTURA | precio_unitario_raw=20000.0 | total_raw=35000.0
260,5,402,0.0,VOLUMEN,,,,,,False,unidad_raw=galon | seccion=SECCION PINTURA | precio_unitario_raw=28000.0 | total_raw=0.0
261,5,169,1.0,FIJO,,,,,,False,seccion=SECCION PINTURA | precio_unitario_raw=5000.0 | total_raw=5000.0
262,5,341,0.5,VOLUMEN,,,,,,False,unidad_raw=LITRO | seccion=SECCION PINTURA | precio_unitario_raw=10000.0 | total_raw=5000.0
263,5,200,1.5,VOLUMEN,,,,,,False,unidad_raw=PISTOLADA | seccion=SECCION PINTURA | precio_unitario_raw=21000.0 | total_raw=31500.0
264,5,174,1.0,FORMULA,,,,,,False,seccion=SECCION PINTURA | total_raw=25000.0
265,5,105,1.0,FIJO,,,,,,False,unidad_raw=unidades | seccion=SECCION TERMINACION | precio_unitario_raw=580000.0 | total_raw=580000.0
266,5,166,1.0,FIJO,,,,,,False,unidad_raw=PAR | seccion=SECCION TERMINACION | precio_unitario_raw=20000.0 | total_raw=20000.0
267,5,79,1.0,FIJO,,,,,,False,unidad_raw=unidades | seccion=SECCION TERMINACION | precio_unitario_raw=20000.0 | total_raw=0.0
268,5,82,0.0,FORMULA,,,,,,False,unidad_raw=unidades | seccion=SECCION TERMINACION | precio_unitario_raw=20000.0 | total_raw=0.0
269,5,95,1.0,FIJO,,,,,,False,unidad_raw=unidades | seccion=SECCION TERMINACION | precio_unitario_raw=100000.0 | total_raw=100000.0
270,5,45,1.0,FIJO,,,,,,False,seccion=SECCION TERMINACION | precio_unitario_raw=50000.0 | total_raw=50000.0
271,5,352,1.0,FORMULA,,,,,,False,seccion=SECCION TERMINACION | total_raw=0.0
272,5,257,924.0,LINEAL,,,,,,False,unidad_raw=CMS | seccion=SECCION TERMINACION | precio_unitario_raw=135.0 | total_raw=124740.0
273,5,163,1.0,FIJO,,,,,,False,unidad_raw=DE 2X2 | seccion=SECCION TERMINACION | precio_unitario_raw=63000.0 | total_raw=63000.0
274,5,233,1.0,AREA,,,,,,False,unidad_raw=unidades | seccion=SECCION TERMINACION | precio_unitario_raw=136000.0 | total_raw=136000.0
275,5,49,200.0,FORMULA,,,,,,False,unidad_raw=unidades | seccion=SECCION TERMINACION | precio_unitario_raw=100.0 | total_raw=20000.0
276,5,423,10.0,ESPACIADO,,,,,,False,seccion=SECCION TERMINACION | precio_unitario_raw=100.0 | total_raw=1000.0
277,5,36,2.0,ESPACIADO,,,,,,False,seccion=SECCION TERMINACION | precio_unitario_raw=1000.0 | total_raw=2000.0
278,5,35,4.0,ESPACIADO,,,,,,False,unidad_raw=TIRAS | seccion=SECCION TERMINACION | precio_unitario_raw=2000.0 | total_raw=8000.0
279,5,34,2.0,ESPACIADO,,,,,,False,unidad_raw=METROS | seccion=SECCION TERMINACION | precio_unitario_raw=5000.0 | total_raw=10000.0
280,5,180,5.0,ESPACIADO,,,,,,False,seccion=SECCION TERMINACION | precio_unitario_raw=1000.0 | total_raw=5000.0
281,5,321,2.0,LINEAL,,,,,,False,unidad_raw=metros | seccion=SECCION TERMINACION | precio_unitario_raw=3000.0 | total_raw=6000.0
282,5,322,1.0,FIJO,,,,,,False,unidad_raw=UNI | seccion=SECCION TERMINACION | precio_unitario_raw=10500.0 | total_raw=10500.0
283,5,370,5.0,AREA,,,,,,False,seccion=SECCION TAPICERIA | precio_unitario_raw=38000.0 | total_raw=190000.0
284,5,154,1.0,FORMULA,,,,,,False,unidad_raw=METROS | seccion=SECCION TAPICERIA | precio_unitario_raw=1800.0 | total_raw=0.0
285,5,146,1.0,AREA,,,,,,False,unidad_raw=AZUL | seccion=SECCION TAPICERIA | precio_unitario_raw=26500.0 | total_raw=26500.0
286,5,180,1.0,ESPACIADO,,,,,,False,unidad_raw=CAJA DE GRAPAS | seccion=SECCION TAPICERIA | precio_unitario_raw=10000.0 | total_raw=10000.0
287,5,118,1.0,AREA,,,,,,False,unidad_raw=UNIDADES | seccion=SECCION TAPICERIA | precio_unitario_raw=39000.0 | total_raw=39000.0
288,5,419,100.0,ESPACIADO,,,,,,False,unidad_raw=ROSADA | seccion=SECCION TAPICERIA | precio_unitario_raw=100.0 | total_raw=10000.0
289,5,132,1.0,AREA,,,,,,False,unidad_raw=AZUL | seccion=SECCION TAPICERIA | precio_unitario_raw=18000.0 | total_raw=18000.0
290,5,22,1.0,FORMULA,,,,,,False,unidad_raw=CMS | seccion=SECCION TAPICERIA | total_raw=0.0
291,5,304,4.0,LINEAL,,,,,,False,unidad_raw=METROS | seccion=SECCION TAPICERIA | precio_unitario_raw=3000.0 | total_raw=12000.0
292,5,87,2.0,AREA,,,,,,False,unidad_raw=METROS | seccion=SECCION TAPICERIA | precio_unitario_raw=3000.0 | total_raw=6000.0
293,5,195,1.0,FIJO,,,,,,False,unidad_raw=UNIIDAD | seccion=SECCION TAPICERIA | precio_unitario_raw=27000.0 | total_raw=27000.0
294,5,359,0.5,VOLUMEN,,,,,,False,unidad_raw=LITRO | seccion=SECCION TAPICERIA | precio_unitario_raw=16000.0 | total_raw=8000.0
295,5,184,1.0,FIJO,,,,,,False,seccion=SECCION TAPICERIA | precio_unitario_raw=105000.0 | total_raw=105000.0
296,5,17,1.0,FIJO,,,,,,False,seccion=SECCION TAPICERIA | precio_unitario_raw=9000.0 | total_raw=9000.0
297,6,254,1.3,LINEAL,,,,,,False,unidad_raw=CMS | precio_unitario_raw=135000.0 | total_raw=175500.0
298,6,49,1.0,VOLUMEN,,,,,,False,unidad_raw=LITRO | precio_unitario_raw=14000.0 | total_raw=14000.0
299,6,431,1.0,AREA,,,,,,False,unidad_raw=LAMINA ( 55*56) | precio_unitario_raw=13750.0 | total_raw=13750.0
300,6,289,2.0,FORMULA,,,,,,False,unidad_raw=Unidad | precio_unitario_raw=3000.0 | total_raw=6000.0
301,6,38,5.0,ESPACIADO,,,,,,False,unidad_raw=TIRA F15 | precio_unitario_raw=1000.0 | total_raw=5000.0
302,6,38,10.0,ESPACIADO,,,,,,False,unidad_raw=TIRA F30 | precio_unitario_raw=1000.0 | total_raw=10000.0
303,6,423,100.0,ESPACIADO,,,,,,False,unidad_raw=Unidad | precio_unitario_raw=100.0 | total_raw=10000.0
304,6,180,0.8,ESPACIADO,,,,,,False,unidad_raw=TIRA | precio_unitario_raw=500.0 | total_raw=400.0
305,6,38,0.0,ESPACIADO,,,,,,False,unidad_raw=TIRA F40 | precio_unitario_raw=1000.0 | total_raw=0.0
306,6,38,10.0,ESPACIADO,,,,,,False,unidad_raw=TIRA F50 | precio_unitario_raw=1000.0 | total_raw=10000.0
307,6,168,1.0,FIJO,,,,,,False,unidad_raw=PAR | precio_unitario_raw=20000.0 | total_raw=20000.0
308,6,367,2.0,FORMULA,,,,,,False,unidad_raw=tablas | precio_unitario_raw=8000.0 | total_raw=16000.0
309,6,275,1.0,AREA,,,,,,False,unidad_raw=RETAL | precio_unitario_raw=46000.0 | total_raw=23000.0
310,6,173,1.0,FORMULA,,,,,,False,total_raw=61865.0
311,6,254,1.25,LINEAL,,,,,,False,unidad_raw=CMS | seccion=TENDIDO DE REJAS | precio_unitario_raw=135000.0 | total_raw=168750.0
312,6,180,0.7,ESPACIADO,,,,,,False,unidad_raw=TIRA | seccion=TENDIDO DE REJAS | precio_unitario_raw=500.0 | total_raw=350.0
313,6,38,6.0,ESPACIADO,,,,,,False,unidad_raw=TIRA F30 | seccion=TENDIDO DE REJAS | precio_unitario_raw=1000.0 | total_raw=6000.0
314,6,423,40.0,ESPACIADO,,,,,,False,unidad_raw=Unidad | seccion=TENDIDO DE REJAS | precio_unitario_raw=100.0 | total_raw=4000.0
315,6,49,0.5,VOLUMEN,,,,,,False,unidad_raw=litro | seccion=TENDIDO DE REJAS | precio_unitario_raw=14000.0 | total_raw=7000.0
316,6,241,2.0,LINEAL,,,,,,False,unidad_raw=METROS | seccion=TENDIDO DE REJAS | precio_unitario_raw=3000.0 | total_raw=6000.0
317,6,186,1.0,FIJO,,,,,,False,unidad_raw=* 5% | seccion=TENDIDO DE REJAS | precio_unitario_raw=40000.0 | total_raw=42000.0
318,6,173,1.0,FORMULA,,,,,,False,seccion=TENDIDO DE REJAS | total_raw=24460.0
319,6,254,0.12,LINEAL,,,,,,False,unidad_raw=CMS | seccion=TENDIDO DE REJAS | precio_unitario_raw=135000.0 | total_raw=16200.0
320,6,423,10.0,ESPACIADO,,,,,,False,unidad_raw=Unidad | seccion=TENDIDO DE REJAS | precio_unitario_raw=100.0 | total_raw=1000.0
321,6,49,0.1,VOLUMEN,,,,,,False,unidad_raw=litro | seccion=TENDIDO DE REJAS | precio_unitario_raw=14000.0 | total_raw=1400.0
322,6,173,1.0,FORMULA,,,,,,False,seccion=TENDIDO DE REJAS | total_raw=3435.0
323,6,119,0.5,AREA,,,,,,False,unidad_raw=* UNIDADES | seccion=SECCION TAPICERIA | precio_unitario_raw=18000.0 | total_raw=9000.0
324,6,152,0.75,AREA,,,,,,False,unidad_raw=* UNIDADES | seccion=SECCION TAPICERIA | precio_unitario_raw=33000.0 | total_raw=24750.0
325,6,121,0.5,AREA,,,,,,False,unidad_raw=* UNIDADES | seccion=SECCION TAPICERIA | precio_unitario_raw=26500.0 | total_raw=13250.0
326,6,147,1.0,AREA,,,,,,False,unidad_raw=* UNIDADES | seccion=SECCION TAPICERIA | precio_unitario_raw=46000.0 | total_raw=46000.0
327,6,29,0.2,LINEAL,,,,,,False,unidad_raw=* METRO | seccion=SECCION TAPICERIA | precio_unitario_raw=64000.0 | total_raw=12800.0
328,6,87,2.5,AREA,,,,,,False,unidad_raw=* METRO | seccion=SECCION TAPICERIA | precio_unitario_raw=25000.0 | total_raw=62500.0
329,6,153,0.0,AREA,,,,,,False,unidad_raw=* UNIDADES | seccion=SECCION TAPICERIA | precio_unitario_raw=29000.0 | total_raw=0.0
330,6,3,2.0,FORMULA,,,,,,False,unidad_raw=* UNIDADES | seccion=SECCION TAPICERIA | precio_unitario_raw=14000.0 | total_raw=28000.0
331,6,22,0.1,FORMULA,,,,,,False,unidad_raw=* UNIDADES | seccion=SECCION TAPICERIA | precio_unitario_raw=30000.0 | total_raw=3000.0
332,6,370,8.0,AREA,,,,,,False,unidad_raw=* METRO | seccion=SECCION TAPICERIA | precio_unitario_raw=25000.0 | total_raw=200000.0
333,6,361,1.0,VOLUMEN,,,,,,False,unidad_raw=PISTOLADA | seccion=SECCION TAPICERIA | precio_unitario_raw=19000.0 | total_raw=19000.0
334,6,182,1.2,LINEAL,,,,,,False,unidad_raw=* METRO | seccion=SECCION TAPICERIA | precio_unitario_raw=18500.0 | total_raw=22200.0
335,6,195,1.0,FIJO,,,,,,False,unidad_raw=* UNIDADES | seccion=SECCION TAPICERIA | precio_unitario_raw=5000.0 | total_raw=5000.0
336,6,21,0.5,ESPACIADO,,,,,,False,unidad_raw=CAJA | seccion=SECCION TAPICERIA | precio_unitario_raw=10000.0 | total_raw=5000.0
337,6,423,15.0,ESPACIADO,,,,,,False,unidad_raw=Unidad | seccion=SECCION TAPICERIA | precio_unitario_raw=100.0 | total_raw=1500.0
338,6,165,0.55,LINEAL,,,,,,False,unidad_raw=* METRO | seccion=SECCION TAPICERIA | precio_unitario_raw=17000.0 | total_raw=9350.0
339,6,176,1.0,FORMULA,,,,,,False,seccion=SECCION TAPICERIA | total_raw=67135.0
340,6,32,2.0,FORMULA,,,,,,False,unidad_raw=* UNIDADES | seccion=SECCION TAPICERIA | precio_unitario_raw=18000.0 | total_raw=36000.0
341,6,204,0.0,VOLUMEN,,,,,,False,unidad_raw=* LITRO | seccion=SECCION TAPICERIA | precio_unitario_raw=24000.0 | total_raw=0.0
342,6,356,0.0,VOLUMEN,,,,,,False,unidad_raw=* LITRO | seccion=SECCION TAPICERIA | precio_unitario_raw=18000.0 | total_raw=0.0
343,6,423,8.0,ESPACIADO,,,,,,False,unidad_raw=Unidad | seccion=SECCION TAPICERIA | precio_unitario_raw=100.0 | total_raw=800.0
344,6,326,0.0,FORMULA,,,,,,False,unidad_raw=* 5% | seccion=SECCION TAPICERIA | precio_unitario_raw=0.0 | total_raw=0.0
345,6,309,0.0,FORMULA,,,,,,False,unidad_raw=* 5% | seccion=SECCION TAPICERIA | precio_unitario_raw=0.0 | total_raw=0.0
346,6,175,1.0,FORMULA,,,,,,False,seccion=SECCION TAPICERIA | total_raw=0.0
347,7,255,1500.0,FORMULA,,,,,,False,unidad_raw=APAMATE | precio_unitario_raw=140.0 | total_raw=210000.0
348,7,269,1.0,FORMULA,,,,,,False,unidad_raw=3 PEASOS DE 49X49 | precio_unitario_raw=65000.0 | total_raw=0.0
349,7,196,0.0,AREA,,,,,,False,unidad_raw=Unidad | precio_unitario_raw=160000.0 | total_raw=0.0
350,7,232,1.0,AREA,,,,,,False,unidad_raw=Unidad | precio_unitario_raw=140000.0 | total_raw=140000.0
351,7,359,1.0,FORMULA,,,,,,False,unidad_raw=LITROS | precio_unitario_raw=19000.0 | total_raw=0.0
352,7,49,1.0,VOLUMEN,,,,,,False,unidad_raw=LITROS | precio_unitario_raw=14000.0 | total_raw=14000.0
353,7,180,15.0,ESPACIADO,,,,,,False,unidad_raw=Unidad | precio_unitario_raw=600.0 | total_raw=9000.0
354,7,70,1.0,FIJO,,,,,,False,unidad_raw=UNITARIO | precio_unitario_raw=30000.0 | total_raw=0.0
355,7,38,15.0,ESPACIADO,,,,,,False,unidad_raw=TIRA | precio_unitario_raw=1000.0 | total_raw=15000.0
356,7,166,1.0,FIJO,,,,,,False,unidad_raw=PAR | precio_unitario_raw=20000.0 | total_raw=20000.0
357,7,274,1.0,FORMULA,,,,,,False,precio_unitario_raw=136000.0 | total_raw=0.0
358,7,423,220.0,ESPACIADO,,,,,,False,unidad_raw=Unidad | precio_unitario_raw=100.0 | total_raw=22000.0
359,7,92,1.0,FORMULA,,,,,,False,total_raw=315000.0
360,7,171,1.0,FORMULA,,,,,,False,total_raw=74500.0
361,7,255,468.0,FORMULA,,,,,,False,"unidad_raw=2,10X22X18= 832 2,10X20X15=630 | precio_unitario_raw=140.0 | total_raw=65520.0"
362,7,272,200.0,AREA,,,,,,False,"unidad_raw=1 PEDAZO DE 1,20X45=54 | precio_unitario_raw=65.0 | total_raw=13000.0"
363,7,207,250.0,AREA,,,,,,False,"unidad_raw=1 PEDASO DE 1.25 X55=68,75 | precio_unitario_raw=210.0 | total_raw=52500.0"
364,7,216,175.0,AREA,,,,,,False,"unidad_raw=1 PEDASO DE 1,50X40=60 | precio_unitario_raw=130.0 | total_raw=21875.0"
365,7,49,2.0,VOLUMEN,,,,,,False,unidad_raw=litros | precio_unitario_raw=14000.0 | total_raw=28000.0
366,7,180,10.0,ESPACIADO,,,,,,False,unidad_raw=Unidad | precio_unitario_raw=600.0 | total_raw=6000.0
367,7,42,6.0,ESPACIADO,,,,,,False,unidad_raw=TIRA | precio_unitario_raw=1000.0 | total_raw=6000.0
368,7,184,2.0,FORMULA,,,,,,False,unidad_raw=PAR | precio_unitario_raw=105000.0 | total_raw=210000.0
369,7,423,30.0,ESPACIADO,,,,,,False,unidad_raw=Unidad | precio_unitario_raw=100.0 | total_raw=3000.0
370,7,70,4.0,FORMULA,,,,,,False,unidad_raw=DE CIERRELENTO | precio_unitario_raw=30000.0 | total_raw=120000.0
371,7,172,1.0,FORMULA,,,,,,False,total_raw=26294.75
372,7,349,1.0,FORMULA,,,,,DE 2 NOCHEROS,False,seccion=SECCION PINTURA Y PREPARADA DE 2 NOCHEROS
373,7,331,2.0,FORMULA,,,,,,False,unidad_raw=CON EL 5% | seccion=SECCION PINTURA Y PREPARADA DE 2 NOCHEROS | precio_unitario_raw=50000.0 | total_raw=52500.0
374,7,310,2.0,FORMULA,,,,,,False,unidad_raw=CON EL 5% | seccion=SECCION PINTURA Y PREPARADA DE 2 NOCHEROS | precio_unitario_raw=36750.0 | total_raw=73500.0
375,7,356,3.0,VOLUMEN,,,,,,False,unidad_raw=PISTOLADAS | seccion=SECCION PINTURA Y PREPARADA DE 2 NOCHEROS | precio_unitario_raw=18000.0 | total_raw=54000.0
376,7,251,2.0,FORMULA,,,,,,False,unidad_raw=unidades | seccion=SECCION PINTURA Y PREPARADA DE 2 NOCHEROS | precio_unitario_raw=2000.0 | total_raw=4000.0
377,7,285,0.1,VOLUMEN,,,,,,False,unidad_raw=galon | seccion=SECCION PINTURA Y PREPARADA DE 2 NOCHEROS | precio_unitario_raw=70000.0 | total_raw=7000.0
378,7,250,2.0,FORMULA,,,,,,False,unidad_raw=unidad | seccion=SECCION PINTURA Y PREPARADA DE 2 NOCHEROS | precio_unitario_raw=2000.0 | total_raw=4000.0
379,7,368,0.3,FORMULA,,,,,,False,unidad_raw=unidad | seccion=SECCION PINTURA Y PREPARADA DE 2 NOCHEROS | precio_unitario_raw=2500.0 | total_raw=750.0
380,7,401,0.2,VOLUMEN,,,,,,False,unidad_raw=GALON | seccion=SECCION PINTURA Y PREPARADA DE 2 NOCHEROS | precio_unitario_raw=34000.0 | total_raw=6800.0
381,7,12,4.0,FORMULA,,,,,,False,unidad_raw=JALADORES | seccion=SECCION PINTURA Y PREPARADA DE 2 NOCHEROS | precio_unitario_raw=5000.0 | total_raw=20000.0
382,7,59,2.5,VOLUMEN,,,,,,False,unidad_raw=PISTOLADA | seccion=SECCION PINTURA Y PREPARADA DE 2 NOCHEROS | precio_unitario_raw=22000.0 | total_raw=55000.0
383,7,98,0.1,VOLUMEN,,,,,,False,unidad_raw=galon | seccion=SECCION PINTURA Y PREPARADA DE 2 NOCHEROS | precio_unitario_raw=160000.0 | total_raw=16000.0
384,7,169,0.2,LINEAL,,,,,,False,unidad_raw=ML | seccion=SECCION PINTURA Y PREPARADA DE 2 NOCHEROS | precio_unitario_raw=4500.0 | total_raw=900.0
385,7,341,0.2,VOLUMEN,,,,,,False,unidad_raw=LITRO | seccion=SECCION PINTURA Y PREPARADA DE 2 NOCHEROS | precio_unitario_raw=20000.0 | total_raw=4000.0
386,7,200,2.0,VOLUMEN,,,,,,False,unidad_raw=PISTOLADA | seccion=SECCION PINTURA Y PREPARADA DE 2 NOCHEROS | precio_unitario_raw=23000.0 | total_raw=46000.0
387,7,174,1.0,FORMULA,,,,,,False,seccion=SECCION PINTURA Y PREPARADA DE 2 NOCHEROS | total_raw=32445.0
388,7,349,1.0,FORMULA,,,,,DE CAMA,False,seccion=SECCION PINTURA Y PREPARADA DE CAMA
389,7,331,1.0,FORMULA,,,,,,False,unidad_raw=CON EL 5% | seccion=SECCION PINTURA Y PREPARADA DE CAMA | precio_unitario_raw=30000.0
390,7,310,1.0,FORMULA,,,,,,False,unidad_raw=CON EL 5% | seccion=SECCION PINTURA Y PREPARADA DE CAMA | precio_unitario_raw=20000.0
391,7,314,12.0,FORMULA,,,,,,False,seccion=SECCION PINTURA Y PREPARADA DE CAMA | precio_unitario_raw=2000.0 | total_raw=24000.0
392,7,356,1.0,FORMULA,,,,,,False,unidad_raw=PISTOLADAS | seccion=SECCION PINTURA Y PREPARADA DE CAMA | precio_unitario_raw=18000.0 | total_raw=0.0
393,7,251,1.0,FORMULA,,,,,,False,unidad_raw=unidades | seccion=SECCION PINTURA Y PREPARADA DE CAMA | precio_unitario_raw=2000.0 | total_raw=0.0
394,7,285,1.0,FORMULA,,,,,,False,unidad_raw=galon | seccion=SECCION PINTURA Y PREPARADA DE CAMA | total_raw=0.0
395,7,250,1.0,FORMULA,,,,,,False,unidad_raw=unidad | seccion=SECCION PINTURA Y PREPARADA DE CAMA | precio_unitario_raw=2000.0 | total_raw=0.0
396,7,246,1.0,FORMULA,,,,,,False,unidad_raw=unidad | seccion=SECCION PINTURA Y PREPARADA DE CAMA | precio_unitario_raw=2000.0 | total_raw=0.0
397,7,205,1.0,FORMULA,,,,,,False,unidad_raw=GALON | seccion=SECCION PINTURA Y PREPARADA DE CAMA | precio_unitario_raw=23000.0 | total_raw=0.0
398,7,199,1.0,FORMULA,,,,,,False,unidad_raw=litro | seccion=SECCION PINTURA Y PREPARADA DE CAMA | precio_unitario_raw=18000.0 | total_raw=0.0
399,7,59,1.0,FORMULA,,,,,,False,unidad_raw=PISTOLADA | seccion=SECCION PINTURA Y PREPARADA DE CAMA | precio_unitario_raw=19000.0 | total_raw=0.0
400,7,402,1.0,FORMULA,,,,,,False,unidad_raw=galon | seccion=SECCION PINTURA Y PREPARADA DE CAMA | total_raw=0.0
401,7,169,1.0,FORMULA,,,,,,False,unidad_raw=LITRO | seccion=SECCION PINTURA Y PREPARADA DE CAMA | precio_unitario_raw=4.5 | total_raw=0.0
402,7,341,1.0,FORMULA,,,,,,False,unidad_raw=LITRO | seccion=SECCION PINTURA Y PREPARADA DE CAMA | total_raw=0.0
403,7,200,1.0,FORMULA,,,,,,False,unidad_raw=PISTOLADA | seccion=SECCION PINTURA Y PREPARADA DE CAMA | precio_unitario_raw=22000.0 | total_raw=0.0
404,7,45,1.0,FORMULA,,,,,,False,seccion=SECCION TERMINACION | precio_unitario_raw=35000.0 | total_raw=0.0
405,7,282,1.0,FORMULA,,,,,,False,unidad_raw=PAR | seccion=SECCION TERMINACION | total_raw=0.0
406,7,293,1.0,FIJO,,,,,,False,unidad_raw=unidades | seccion=SECCION TERMINACION | precio_unitario_raw=11000.0 | total_raw=0.0
407,7,295,1.0,FIJO,,,,,,False,unidad_raw=UNIDADES | seccion=SECCION TERMINACION | precio_unitario_raw=8000.0 | total_raw=0.0
408,7,410,1.0,FIJO,,,,,,False,unidad_raw=unidades | seccion=SECCION TERMINACION | precio_unitario_raw=100.0 | total_raw=0.0
409,7,95,1.0,FIJO,,,,,,False,unidad_raw=unidades | seccion=SECCION TERMINACION | precio_unitario_raw=150000.0 | total_raw=150000.0
410,7,353,1.0,FIJO,,,,,,False,seccion=SECCION TERMINACION | total_raw=0.0
411,7,257,750.0,FORMULA,,,,,,False,unidad_raw=2X25X15 | seccion=SECCION TERMINACION | precio_unitario_raw=140.0 | total_raw=105000.0
412,7,163,1.0,FIJO,,,,,,False,unidad_raw=DE 2X2 | seccion=SECCION TERMINACION | precio_unitario_raw=63000.0 | total_raw=63000.0
413,7,274,1.0,AREA,,,,,,False,unidad_raw=unidades | seccion=SECCION TERMINACION | precio_unitario_raw=140000.0 | total_raw=140000.0
414,7,49,0.5,VOLUMEN,,,,,,False,unidad_raw=LITRO | seccion=SECCION TERMINACION | precio_unitario_raw=14000.0 | total_raw=7000.0
415,7,423,50.0,ESPACIADO,,,,,,False,unidad_raw=unidades | seccion=SECCION TERMINACION | precio_unitario_raw=100.0 | total_raw=5000.0
416,7,33,2.0,ESPACIADO,,,,,,False,unidad_raw=TIRAS | seccion=SECCION TERMINACION | precio_unitario_raw=600.0 | total_raw=1200.0
417,7,304,2.0,LINEAL,,,,,,False,unidad_raw=METROS | seccion=SECCION TERMINACION | precio_unitario_raw=3500.0 | total_raw=7000.0
418,7,370,10.0,AREA,,,,,,False,unidad_raw=METROS | seccion=SECCION TAPICERIA | precio_unitario_raw=38000.0 | total_raw=380000.0
419,7,7,1.0,FORMULA,,,,,,False,seccion=SECCION TAPICERIA | precio_unitario_raw=15000.0 | total_raw=0.0
420,7,29,0.4,LINEAL,,,,,,False,unidad_raw=METROS | seccion=SECCION TAPICERIA | precio_unitario_raw=56000.0 | total_raw=22400.0
421,7,180,0.5,ESPACIADO,,,,,,False,unidad_raw=CAJA DE GRAPAS | seccion=SECCION TAPICERIA | precio_unitario_raw=12000.0 | total_raw=6000.0
422,7,123,1.0,AREA,,,,,,False,unidad_raw=LAMINA | seccion=SECCION TAPICERIA | precio_unitario_raw=39000.0 | total_raw=39000.0
423,7,419,60.0,ESPACIADO,,,,,,False,unidad_raw=UNIDADES | seccion=SECCION TAPICERIA | precio_unitario_raw=100.0 | total_raw=6000.0
424,7,130,3.0,AREA,,,,,,False,unidad_raw=UNIDADES | seccion=SECCION TAPICERIA | precio_unitario_raw=33000.0 | total_raw=99000.0
425,7,127,0.5,AREA,,,,,,False,unidad_raw=UNIDAD | seccion=SECCION TAPICERIA | precio_unitario_raw=19900.0 | total_raw=9950.0
426,7,17,0.5,LINEAL,,,,,,False,unidad_raw=MTS | seccion=SECCION TAPICERIA | precio_unitario_raw=16000.0 | total_raw=8000.0
427,7,87,4.5,AREA,,,,,,False,unidad_raw=METROS | seccion=SECCION TAPICERIA | precio_unitario_raw=3000.0 | total_raw=13500.0
428,7,195,0.2,FORMULA,,,,,,False,seccion=SECCION TAPICERIA | precio_unitario_raw=27000.0 | total_raw=5400.0
429,7,117,1.0,AREA,,,,,,False,unidad_raw=UNIIDAD | seccion=SECCION TAPICERIA | precio_unitario_raw=18000.0 | total_raw=18000.0
430,7,359,0.75,VOLUMEN,,,,,,False,unidad_raw=LITRO | seccion=SECCION TAPICERIA | precio_unitario_raw=16250.0 | total_raw=12187.5
431,7,165,1.1,LINEAL,,,,,,False,unidad_raw=CM | seccion=SECCION TAPICERIA | precio_unitario_raw=4000.0 | total_raw=4400.0
432,7,184,1.0,FIJO,,,,,,False,seccion=SECCION TAPICERIA | precio_unitario_raw=210000.0 | total_raw=210000.0
433,7,48,6.0,FORMULA,,,,,,False,unidad_raw=KG | seccion=SECCION TAPICERIA | precio_unitario_raw=2000.0 | total_raw=12000.0
434,8,255,1656.0,FORMULA,,,,,,False,unidad_raw=APAMATE | precio_unitario_raw=140.0 | total_raw=231840.0
435,8,269,1.0,FORMULA,,,,,,False,unidad_raw=3 PEASOS DE 49X49 | precio_unitario_raw=65000.0 | total_raw=0.0
436,8,196,0.0,AREA,,,,,,False,unidad_raw=Unidad | precio_unitario_raw=160000.0 | total_raw=0.0
437,8,232,1.0,FORMULA,,,,,,False,unidad_raw=Unidad | precio_unitario_raw=140000.0 | total_raw=0.0
438,8,359,1.0,FORMULA,,,,,,False,unidad_raw=LITROS | precio_unitario_raw=19000.0 | total_raw=0.0
439,8,49,1.0,VOLUMEN,,,,,,False,unidad_raw=LITROS | precio_unitario_raw=14000.0 | total_raw=14000.0
440,8,180,15.0,ESPACIADO,,,,,,False,unidad_raw=Unidad | precio_unitario_raw=600.0 | total_raw=9000.0
441,8,70,1.0,FIJO,,,,,,False,unidad_raw=UNITARIO | precio_unitario_raw=30000.0 | total_raw=0.0
442,8,38,15.0,ESPACIADO,,,,,,False,unidad_raw=TIRA | precio_unitario_raw=1000.0 | total_raw=15000.0
443,8,166,1.0,FIJO,,,,,,False,unidad_raw=PAR | precio_unitario_raw=20000.0 | total_raw=20000.0
444,8,274,1.0,FORMULA,,,,,,False,precio_unitario_raw=136000.0 | total_raw=0.0
445,8,423,150.0,ESPACIADO,,,,,,False,unidad_raw=Unidad | precio_unitario_raw=100.0 | total_raw=15000.0
446,8,92,1.0,FORMULA,,,,,,False,total_raw=315000.0
447,8,171,1.0,FORMULA,,,,,,False,total_raw=60364.0
448,8,255,468.0,FORMULA,,,,,,False,"unidad_raw=2,10X22X18= 832 2,10X20X15=630 | precio_unitario_raw=140.0 | total_raw=65520.0"
449,8,272,200.0,AREA,,,,,,False,"unidad_raw=1 PEDAZO DE 1,20X45=54 | precio_unitario_raw=65.0 | total_raw=13000.0"
450,8,207,250.0,AREA,,,,,,False,"unidad_raw=1 PEDASO DE 1.25 X55=68,75 | precio_unitario_raw=210.0 | total_raw=52500.0"
451,8,216,175.0,AREA,,,,,,False,"unidad_raw=1 PEDASO DE 1,50X40=60 | precio_unitario_raw=130.0 | total_raw=21875.0"
452,8,49,2.0,VOLUMEN,,,,,,False,unidad_raw=litros | precio_unitario_raw=14000.0 | total_raw=28000.0
453,8,180,10.0,ESPACIADO,,,,,,False,unidad_raw=Unidad | precio_unitario_raw=600.0 | total_raw=6000.0
454,8,42,6.0,ESPACIADO,,,,,,False,unidad_raw=TIRA | precio_unitario_raw=1000.0 | total_raw=6000.0
455,8,184,2.0,FORMULA,,,,,,False,unidad_raw=PAR | precio_unitario_raw=105000.0 | total_raw=210000.0
456,8,423,30.0,ESPACIADO,,,,,,False,unidad_raw=Unidad | precio_unitario_raw=100.0 | total_raw=3000.0
457,8,70,4.0,FORMULA,,,,,,False,unidad_raw=DE CIERRELENTO | precio_unitario_raw=30000.0 | total_raw=120000.0
458,8,172,1.0,FORMULA,,,,,,False,total_raw=26294.75
459,8,349,1.0,FORMULA,,,,,DE 2 NOCHEROS,False,seccion=SECCION PINTURA Y PREPARADA DE 2 NOCHEROS
460,8,331,2.0,FORMULA,,,,,,False,unidad_raw=CON EL 5% | seccion=SECCION PINTURA Y PREPARADA DE 2 NOCHEROS | precio_unitario_raw=50000.0 | total_raw=52500.0
461,8,310,2.0,FORMULA,,,,,,False,unidad_raw=CON EL 5% | seccion=SECCION PINTURA Y PREPARADA DE 2 NOCHEROS | precio_unitario_raw=36750.0 | total_raw=73500.0
462,8,356,3.0,VOLUMEN,,,,,,False,unidad_raw=PISTOLADAS | seccion=SECCION PINTURA Y PREPARADA DE 2 NOCHEROS | precio_unitario_raw=18000.0 | total_raw=54000.0
463,8,251,2.0,FORMULA,,,,,,False,unidad_raw=unidades | seccion=SECCION PINTURA Y PREPARADA DE 2 NOCHEROS | precio_unitario_raw=2000.0 | total_raw=4000.0
464,8,285,0.1,VOLUMEN,,,,,,False,unidad_raw=galon | seccion=SECCION PINTURA Y PREPARADA DE 2 NOCHEROS | precio_unitario_raw=70000.0 | total_raw=7000.0
465,8,250,2.0,FORMULA,,,,,,False,unidad_raw=unidad | seccion=SECCION PINTURA Y PREPARADA DE 2 NOCHEROS | precio_unitario_raw=2000.0 | total_raw=4000.0
466,8,368,0.3,FORMULA,,,,,,False,unidad_raw=unidad | seccion=SECCION PINTURA Y PREPARADA DE 2 NOCHEROS | precio_unitario_raw=2500.0 | total_raw=750.0
467,8,401,0.2,VOLUMEN,,,,,,False,unidad_raw=GALON | seccion=SECCION PINTURA Y PREPARADA DE 2 NOCHEROS | precio_unitario_raw=34000.0 | total_raw=6800.0
468,8,12,4.0,FORMULA,,,,,,False,unidad_raw=JALADORES | seccion=SECCION PINTURA Y PREPARADA DE 2 NOCHEROS | precio_unitario_raw=5000.0 | total_raw=20000.0
469,8,59,2.5,VOLUMEN,,,,,,False,unidad_raw=PISTOLADA | seccion=SECCION PINTURA Y PREPARADA DE 2 NOCHEROS | precio_unitario_raw=22000.0 | total_raw=55000.0
470,8,98,0.1,VOLUMEN,,,,,,False,unidad_raw=galon | seccion=SECCION PINTURA Y PREPARADA DE 2 NOCHEROS | precio_unitario_raw=160000.0 | total_raw=16000.0
471,8,169,0.2,LINEAL,,,,,,False,unidad_raw=ML | seccion=SECCION PINTURA Y PREPARADA DE 2 NOCHEROS | precio_unitario_raw=4500.0 | total_raw=900.0
472,8,341,0.2,VOLUMEN,,,,,,False,unidad_raw=LITRO | seccion=SECCION PINTURA Y PREPARADA DE 2 NOCHEROS | precio_unitario_raw=20000.0 | total_raw=4000.0
473,8,200,2.0,VOLUMEN,,,,,,False,unidad_raw=PISTOLADA | seccion=SECCION PINTURA Y PREPARADA DE 2 NOCHEROS | precio_unitario_raw=23000.0 | total_raw=46000.0
474,8,174,1.0,FORMULA,,,,,,False,seccion=SECCION PINTURA Y PREPARADA DE 2 NOCHEROS | total_raw=32445.0
475,8,349,1.0,FORMULA,,,,,DE CAMA,False,seccion=SECCION PINTURA Y PREPARADA DE CAMA
476,8,331,1.0,FORMULA,,,,,,False,unidad_raw=CON EL 5% | seccion=SECCION PINTURA Y PREPARADA DE CAMA | precio_unitario_raw=30000.0
477,8,310,1.0,FORMULA,,,,,,False,unidad_raw=CON EL 5% | seccion=SECCION PINTURA Y PREPARADA DE CAMA | precio_unitario_raw=20000.0
478,8,314,4.0,FORMULA,,,,,,False,seccion=SECCION PINTURA Y PREPARADA DE CAMA | precio_unitario_raw=2000.0 | total_raw=8000.0
479,8,356,1.0,FORMULA,,,,,,False,unidad_raw=PISTOLADAS | seccion=SECCION PINTURA Y PREPARADA DE CAMA | precio_unitario_raw=18000.0 | total_raw=0.0
480,8,251,1.0,FORMULA,,,,,,False,unidad_raw=unidades | seccion=SECCION PINTURA Y PREPARADA DE CAMA | precio_unitario_raw=2000.0 | total_raw=0.0
481,8,285,1.0,FORMULA,,,,,,False,unidad_raw=galon | seccion=SECCION PINTURA Y PREPARADA DE CAMA | total_raw=0.0
482,8,250,1.0,FORMULA,,,,,,False,unidad_raw=unidad | seccion=SECCION PINTURA Y PREPARADA DE CAMA | precio_unitario_raw=2000.0 | total_raw=0.0
483,8,246,1.0,FORMULA,,,,,,False,unidad_raw=unidad | seccion=SECCION PINTURA Y PREPARADA DE CAMA | precio_unitario_raw=2000.0 | total_raw=0.0
484,8,205,1.0,FORMULA,,,,,,False,unidad_raw=GALON | seccion=SECCION PINTURA Y PREPARADA DE CAMA | precio_unitario_raw=23000.0 | total_raw=0.0
485,8,199,1.0,FORMULA,,,,,,False,unidad_raw=litro | seccion=SECCION PINTURA Y PREPARADA DE CAMA | precio_unitario_raw=18000.0 | total_raw=0.0
486,8,59,1.0,FORMULA,,,,,,False,unidad_raw=PISTOLADA | seccion=SECCION PINTURA Y PREPARADA DE CAMA | precio_unitario_raw=19000.0 | total_raw=0.0
487,8,402,1.0,FORMULA,,,,,,False,unidad_raw=galon | seccion=SECCION PINTURA Y PREPARADA DE CAMA | total_raw=0.0
488,8,169,1.0,FORMULA,,,,,,False,unidad_raw=LITRO | seccion=SECCION PINTURA Y PREPARADA DE CAMA | precio_unitario_raw=4.5 | total_raw=0.0
489,8,341,1.0,FORMULA,,,,,,False,unidad_raw=LITRO | seccion=SECCION PINTURA Y PREPARADA DE CAMA | total_raw=0.0
490,8,200,1.0,FORMULA,,,,,,False,unidad_raw=PISTOLADA | seccion=SECCION PINTURA Y PREPARADA DE CAMA | precio_unitario_raw=22000.0 | total_raw=0.0
491,8,45,1.0,FIJO,,,,,,False,unidad_raw=2X7X5+1X7X5=105 | seccion=SECCION TERMINACION | precio_unitario_raw=35000.0 | total_raw=35000.0
492,8,282,1.0,FIJO,,,,,,False,unidad_raw=PAR | seccion=SECCION TERMINACION | precio_unitario_raw=6000.0 | total_raw=6000.0
493,8,293,4.0,FORMULA,,,,,,False,unidad_raw=unidades | seccion=SECCION TERMINACION | precio_unitario_raw=11000.0 | total_raw=44000.0
494,8,295,8.0,FORMULA,,,,,,False,unidad_raw=UNIDADES | seccion=SECCION TERMINACION | precio_unitario_raw=8000.0 | total_raw=64000.0
495,8,410,48.0,ESPACIADO,,,,,,False,unidad_raw=unidades | seccion=SECCION TERMINACION | precio_unitario_raw=100.0 | total_raw=4800.0
496,8,95,1.0,FIJO,,,,,,False,unidad_raw=unidades | seccion=SECCION TERMINACION | precio_unitario_raw=150000.0 | total_raw=150000.0
497,8,354,1.0,FORMULA,,,,,,False,seccion=SECCION TERMINACION | total_raw=0.0
498,8,257,750.0,FORMULA,,,,,,False,unidad_raw=2X25X15 | seccion=SECCION TERMINACION | precio_unitario_raw=140.0 | total_raw=105000.0
499,8,163,1.0,FIJO,,,,,,False,unidad_raw=DE 2X2 | seccion=SECCION TERMINACION | precio_unitario_raw=42000.0 | total_raw=42000.0
500,8,274,1.0,AREA,,,,,,False,unidad_raw=unidades | seccion=SECCION TERMINACION | precio_unitario_raw=140000.0 | total_raw=140000.0
501,8,49,0.5,VOLUMEN,,,,,,False,unidad_raw=LITRO | seccion=SECCION TERMINACION | precio_unitario_raw=14000.0 | total_raw=7000.0
502,8,423,50.0,ESPACIADO,,,,,,False,unidad_raw=unidades | seccion=SECCION TERMINACION | precio_unitario_raw=100.0 | total_raw=5000.0
503,8,33,2.0,ESPACIADO,,,,,,False,unidad_raw=TIRAS | seccion=SECCION TERMINACION | precio_unitario_raw=600.0 | total_raw=1200.0
504,8,304,2.0,LINEAL,,,,,,False,unidad_raw=METROS | seccion=SECCION TERMINACION | precio_unitario_raw=3500.0 | total_raw=7000.0
505,8,370,10.0,AREA,,,,,,False,unidad_raw=METROS | seccion=SECCION TAPICERIA | precio_unitario_raw=34000.0 | total_raw=340000.0
506,8,7,1.0,FORMULA,,,,,,False,seccion=SECCION TAPICERIA | precio_unitario_raw=15000.0 | total_raw=0.0
507,8,29,0.3,LINEAL,,,,,,False,unidad_raw=METROS | seccion=SECCION TAPICERIA | precio_unitario_raw=56000.0 | total_raw=16800.0
508,8,180,0.5,ESPACIADO,,,,,,False,unidad_raw=CAJA DE GRAPAS | seccion=SECCION TAPICERIA | precio_unitario_raw=12000.0 | total_raw=6000.0
509,8,123,1.0,AREA,,,,,,False,unidad_raw=LAMINA | seccion=SECCION TAPICERIA | precio_unitario_raw=39000.0 | total_raw=39000.0
510,8,419,30.0,ESPACIADO,,,,,,False,unidad_raw=UNIDADES | seccion=SECCION TAPICERIA | precio_unitario_raw=100.0 | total_raw=3000.0
511,8,131,1.33,AREA,,,,,,False,unidad_raw=UNIDADES | seccion=SECCION TAPICERIA | precio_unitario_raw=33000.0 | total_raw=43890.0
512,8,127,0.5,AREA,,,,,,False,unidad_raw=UNIDAD | seccion=SECCION TAPICERIA | precio_unitario_raw=19900.0 | total_raw=9950.0
513,8,26,4.0,LINEAL,,,,,,False,unidad_raw=MTS | seccion=SECCION TAPICERIA | precio_unitario_raw=5000.0 | total_raw=20000.0
514,8,87,3.0,AREA,,,,,,False,unidad_raw=METROS | seccion=SECCION TAPICERIA | precio_unitario_raw=3000.0 | total_raw=9000.0
515,8,195,0.5,FORMULA,,,,,,False,seccion=SECCION TAPICERIA | precio_unitario_raw=4000.0 | total_raw=2000.0
516,8,148,1.0,FORMULA,,,,,,False,unidad_raw=UNIIDAD | seccion=SECCION TAPICERIA | total_raw=0.0
517,8,359,0.75,VOLUMEN,,,,,,False,unidad_raw=LITRO | seccion=SECCION TAPICERIA | precio_unitario_raw=16250.0 | total_raw=12187.5
518,8,165,1.0,FORMULA,,,,,,False,unidad_raw=CM | seccion=SECCION TAPICERIA | precio_unitario_raw=14000.0 | total_raw=0.0
519,8,184,1.0,FIJO,,,,,,False,seccion=SECCION TAPICERIA | precio_unitario_raw=210000.0 | total_raw=210000.0
520,8,48,6.0,FORMULA,,,,,,False,unidad_raw=KG | seccion=SECCION TAPICERIA | precio_unitario_raw=2000.0 | total_raw=12000.0
521,9,255,2450.0,FORMULA,,,,,,False,unidad_raw=APAMATE | precio_unitario_raw=140.0 | total_raw=343000.0
522,9,269,1.0,FORMULA,,,,,,False,unidad_raw=3 PEASOS DE 49X49 | precio_unitario_raw=65000.0 | total_raw=0.0
523,9,196,0.0,AREA,,,,,,False,unidad_raw=Unidad | precio_unitario_raw=160000.0 | total_raw=0.0
524,9,232,0.5,AREA,,,,,,False,unidad_raw=Unidad | precio_unitario_raw=140000.0 | total_raw=70000.0
525,9,359,1.0,FORMULA,,,,,,False,unidad_raw=LITROS | precio_unitario_raw=19000.0 | total_raw=0.0
526,9,49,1.0,VOLUMEN,,,,,,False,unidad_raw=LITROS | precio_unitario_raw=14000.0 | total_raw=14000.0
527,9,180,24.0,ESPACIADO,,,,,,False,unidad_raw=Unidad | precio_unitario_raw=600.0 | total_raw=14400.0
528,9,70,1.0,FIJO,,,,,,False,unidad_raw=UNITARIO | precio_unitario_raw=30000.0 | total_raw=0.0
529,9,38,15.0,ESPACIADO,,,,,,False,unidad_raw=TIRA | precio_unitario_raw=1000.0 | total_raw=15000.0
530,9,166,1.0,FIJO,,,,,,False,unidad_raw=PAR | precio_unitario_raw=20000.0 | total_raw=20000.0
531,9,274,1.0,FORMULA,,,,,,False,precio_unitario_raw=136000.0 | total_raw=0.0
532,9,423,167.0,ESPACIADO,,,,,,False,unidad_raw=Unidad | precio_unitario_raw=100.0 | total_raw=16700.0
533,9,92,1.0,FORMULA,,,,,,False,total_raw=315000.0
534,9,171,1.0,FORMULA,,,,,,False,total_raw=60364.0
535,9,255,468.0,FORMULA,,,,,,False,"unidad_raw=2,10X22X18= 832 2,10X20X15=630 | precio_unitario_raw=140.0 | total_raw=65520.0"
536,9,272,200.0,AREA,,,,,,False,"unidad_raw=1 PEDAZO DE 1,20X45=54 | precio_unitario_raw=65.0 | total_raw=13000.0"
537,9,207,250.0,AREA,,,,,,False,"unidad_raw=1 PEDASO DE 1.25 X55=68,75 | precio_unitario_raw=210.0 | total_raw=52500.0"
538,9,216,175.0,AREA,,,,,,False,"unidad_raw=1 PEDASO DE 1,50X40=60 | precio_unitario_raw=130.0 | total_raw=21875.0"
539,9,49,2.0,VOLUMEN,,,,,,False,unidad_raw=litros | precio_unitario_raw=14000.0 | total_raw=28000.0
540,9,180,10.0,ESPACIADO,,,,,,False,unidad_raw=Unidad | precio_unitario_raw=600.0 | total_raw=6000.0
541,9,42,6.0,ESPACIADO,,,,,,False,unidad_raw=TIRA | precio_unitario_raw=1000.0 | total_raw=6000.0
542,9,184,2.0,FORMULA,,,,,,False,unidad_raw=PAR | precio_unitario_raw=105000.0 | total_raw=210000.0
543,9,423,30.0,ESPACIADO,,,,,,False,unidad_raw=Unidad | precio_unitario_raw=100.0 | total_raw=3000.0
544,9,70,4.0,FORMULA,,,,,,False,unidad_raw=DE CIERRELENTO | precio_unitario_raw=30000.0 | total_raw=120000.0
545,9,172,1.0,FORMULA,,,,,,False,total_raw=26294.75
546,9,349,1.0,FORMULA,,,,,DE 2 NOCHEROS,False,seccion=SECCION PINTURA Y PREPARADA DE 2 NOCHEROS
547,9,331,2.0,FORMULA,,,,,,False,unidad_raw=CON EL 5% | seccion=SECCION PINTURA Y PREPARADA DE 2 NOCHEROS | precio_unitario_raw=50000.0 | total_raw=52500.0
548,9,310,2.0,FORMULA,,,,,,False,unidad_raw=CON EL 5% | seccion=SECCION PINTURA Y PREPARADA DE 2 NOCHEROS | precio_unitario_raw=36750.0 | total_raw=73500.0
549,9,356,3.0,VOLUMEN,,,,,,False,unidad_raw=PISTOLADAS | seccion=SECCION PINTURA Y PREPARADA DE 2 NOCHEROS | precio_unitario_raw=18000.0 | total_raw=54000.0
550,9,251,2.0,FORMULA,,,,,,False,unidad_raw=unidades | seccion=SECCION PINTURA Y PREPARADA DE 2 NOCHEROS | precio_unitario_raw=2000.0 | total_raw=4000.0
551,9,285,0.1,VOLUMEN,,,,,,False,unidad_raw=galon | seccion=SECCION PINTURA Y PREPARADA DE 2 NOCHEROS | precio_unitario_raw=70000.0 | total_raw=7000.0
552,9,250,2.0,FORMULA,,,,,,False,unidad_raw=unidad | seccion=SECCION PINTURA Y PREPARADA DE 2 NOCHEROS | precio_unitario_raw=2000.0 | total_raw=4000.0
553,9,368,0.3,FORMULA,,,,,,False,unidad_raw=unidad | seccion=SECCION PINTURA Y PREPARADA DE 2 NOCHEROS | precio_unitario_raw=2500.0 | total_raw=750.0
554,9,401,0.2,VOLUMEN,,,,,,False,unidad_raw=GALON | seccion=SECCION PINTURA Y PREPARADA DE 2 NOCHEROS | precio_unitario_raw=34000.0 | total_raw=6800.0
555,9,12,4.0,FORMULA,,,,,,False,unidad_raw=JALADORES | seccion=SECCION PINTURA Y PREPARADA DE 2 NOCHEROS | precio_unitario_raw=5000.0 | total_raw=20000.0
556,9,59,2.5,VOLUMEN,,,,,,False,unidad_raw=PISTOLADA | seccion=SECCION PINTURA Y PREPARADA DE 2 NOCHEROS | precio_unitario_raw=22000.0 | total_raw=55000.0
557,9,98,0.1,VOLUMEN,,,,,,False,unidad_raw=galon | seccion=SECCION PINTURA Y PREPARADA DE 2 NOCHEROS | precio_unitario_raw=160000.0 | total_raw=16000.0
558,9,169,0.2,LINEAL,,,,,,False,unidad_raw=ML | seccion=SECCION PINTURA Y PREPARADA DE 2 NOCHEROS | precio_unitario_raw=4500.0 | total_raw=900.0
559,9,341,0.2,VOLUMEN,,,,,,False,unidad_raw=LITRO | seccion=SECCION PINTURA Y PREPARADA DE 2 NOCHEROS | precio_unitario_raw=20000.0 | total_raw=4000.0
560,9,200,2.0,VOLUMEN,,,,,,False,unidad_raw=PISTOLADA | seccion=SECCION PINTURA Y PREPARADA DE 2 NOCHEROS | precio_unitario_raw=23000.0 | total_raw=46000.0
561,9,174,1.0,FORMULA,,,,,,False,seccion=SECCION PINTURA Y PREPARADA DE 2 NOCHEROS | total_raw=32445.0
562,9,349,1.0,FORMULA,,,,,DE CAMA,False,seccion=SECCION PINTURA Y PREPARADA DE CAMA
563,9,331,1.0,FORMULA,,,,,,False,unidad_raw=CON EL 5% | seccion=SECCION PINTURA Y PREPARADA DE CAMA | precio_unitario_raw=30000.0
564,9,310,1.0,FORMULA,,,,,,False,unidad_raw=CON EL 5% | seccion=SECCION PINTURA Y PREPARADA DE CAMA | precio_unitario_raw=20000.0
565,9,314,20.0,FORMULA,,,,,,False,seccion=SECCION PINTURA Y PREPARADA DE CAMA | precio_unitario_raw=2000.0 | total_raw=40000.0
566,9,356,1.0,FORMULA,,,,,,False,unidad_raw=PISTOLADAS | seccion=SECCION PINTURA Y PREPARADA DE CAMA | precio_unitario_raw=18000.0 | total_raw=0.0
567,9,251,1.0,FORMULA,,,,,,False,unidad_raw=unidades | seccion=SECCION PINTURA Y PREPARADA DE CAMA | precio_unitario_raw=2000.0 | total_raw=0.0
568,9,285,1.0,FORMULA,,,,,,False,unidad_raw=galon | seccion=SECCION PINTURA Y PREPARADA DE CAMA | total_raw=0.0
569,9,250,1.0,FORMULA,,,,,,False,unidad_raw=unidad | seccion=SECCION PINTURA Y PREPARADA DE CAMA | precio_unitario_raw=2000.0 | total_raw=0.0
570,9,246,1.0,FORMULA,,,,,,False,unidad_raw=unidad | seccion=SECCION PINTURA Y PREPARADA DE CAMA | precio_unitario_raw=2000.0 | total_raw=0.0
571,9,205,1.0,FORMULA,,,,,,False,unidad_raw=GALON | seccion=SECCION PINTURA Y PREPARADA DE CAMA | precio_unitario_raw=23000.0 | total_raw=0.0
572,9,199,1.0,FORMULA,,,,,,False,unidad_raw=litro | seccion=SECCION PINTURA Y PREPARADA DE CAMA | precio_unitario_raw=18000.0 | total_raw=0.0
573,9,59,1.0,FORMULA,,,,,,False,unidad_raw=PISTOLADA | seccion=SECCION PINTURA Y PREPARADA DE CAMA | precio_unitario_raw=19000.0 | total_raw=0.0
574,9,402,1.0,FORMULA,,,,,,False,unidad_raw=galon | seccion=SECCION PINTURA Y PREPARADA DE CAMA | total_raw=0.0
575,9,169,1.0,FORMULA,,,,,,False,unidad_raw=LITRO | seccion=SECCION PINTURA Y PREPARADA DE CAMA | precio_unitario_raw=4.5 | total_raw=0.0
576,9,341,1.0,FORMULA,,,,,,False,unidad_raw=LITRO | seccion=SECCION PINTURA Y PREPARADA DE CAMA | total_raw=0.0
577,9,200,1.0,FORMULA,,,,,,False,unidad_raw=PISTOLADA | seccion=SECCION PINTURA Y PREPARADA DE CAMA | precio_unitario_raw=22000.0 | total_raw=0.0
578,9,45,1.0,FORMULA,,,,,,False,unidad_raw=2X7X5+1X7X5=105 | seccion=SECCION TERMINACION | precio_unitario_raw=35000.0 | total_raw=0.0
579,9,282,1.0,FORMULA,,,,,,False,unidad_raw=PAR | seccion=SECCION TERMINACION | precio_unitario_raw=6000.0 | total_raw=0.0
580,9,293,1.0,FIJO,,,,,,False,unidad_raw=unidades | seccion=SECCION TERMINACION | precio_unitario_raw=11000.0 | total_raw=0.0
581,9,410,1.0,FIJO,,,,,,False,unidad_raw=unidades | seccion=SECCION TERMINACION | precio_unitario_raw=100.0 | total_raw=0.0
582,9,95,1.0,FIJO,,,,,,False,unidad_raw=unidades | seccion=SECCION TERMINACION | precio_unitario_raw=150000.0 | total_raw=150000.0
583,9,352,1.0,FORMULA,,,,,,False,seccion=SECCION TERMINACION | total_raw=0.0
584,9,257,750.0,FORMULA,,,,,,False,unidad_raw=2X25X15 | seccion=SECCION TERMINACION | precio_unitario_raw=140.0 | total_raw=105000.0
585,9,163,1.0,FIJO,,,,,,False,unidad_raw=DE 2X2 | seccion=SECCION TERMINACION | precio_unitario_raw=63000.0 | total_raw=63000.0
586,9,274,1.0,AREA,,,,,,False,unidad_raw=unidades | seccion=SECCION TERMINACION | precio_unitario_raw=140000.0 | total_raw=140000.0
587,9,49,0.5,VOLUMEN,,,,,,False,unidad_raw=LITRO | seccion=SECCION TERMINACION | precio_unitario_raw=14000.0 | total_raw=7000.0
588,9,423,50.0,ESPACIADO,,,,,,False,unidad_raw=unidades | seccion=SECCION TERMINACION | precio_unitario_raw=100.0 | total_raw=5000.0
589,9,33,2.0,ESPACIADO,,,,,,False,unidad_raw=TIRAS | seccion=SECCION TERMINACION | precio_unitario_raw=600.0 | total_raw=1200.0
590,9,304,2.0,LINEAL,,,,,,False,unidad_raw=METROS | seccion=SECCION TERMINACION | precio_unitario_raw=3500.0 | total_raw=7000.0
591,9,370,10.0,AREA,,,,,,False,unidad_raw=METROS | seccion=SECCION TAPICERIA | precio_unitario_raw=34000.0 | total_raw=340000.0
592,9,7,0.3,FORMULA,,,,,,False,seccion=SECCION TAPICERIA | precio_unitario_raw=15000.0 | total_raw=4500.0
593,9,29,0.3,LINEAL,,,,,,False,unidad_raw=METROS | seccion=SECCION TAPICERIA | precio_unitario_raw=56000.0 | total_raw=16800.0
594,9,180,0.5,ESPACIADO,,,,,,False,unidad_raw=CAJA DE GRAPAS | seccion=SECCION TAPICERIA | precio_unitario_raw=12000.0 | total_raw=6000.0
595,9,123,1.0,AREA,,,,,,False,unidad_raw=LAMINA | seccion=SECCION TAPICERIA | precio_unitario_raw=39000.0 | total_raw=39000.0
596,9,419,30.0,ESPACIADO,,,,,,False,unidad_raw=UNIDADES | seccion=SECCION TAPICERIA | precio_unitario_raw=100.0 | total_raw=3000.0
597,9,131,1.0,AREA,,,,,,False,unidad_raw=UNIDADES | seccion=SECCION TAPICERIA | precio_unitario_raw=33000.0 | total_raw=33000.0
598,9,127,1.0,AREA,,,,,,False,unidad_raw=UNIDAD | seccion=SECCION TAPICERIA | precio_unitario_raw=19900.0 | total_raw=19900.0
599,9,26,4.3,LINEAL,,,,,,False,unidad_raw=MTS | seccion=SECCION TAPICERIA | precio_unitario_raw=5000.0 | total_raw=21500.0
600,9,87,3.0,AREA,,,,,,False,unidad_raw=METROS | seccion=SECCION TAPICERIA | precio_unitario_raw=3000.0 | total_raw=9000.0
601,9,195,0.5,FORMULA,,,,,,False,seccion=SECCION TAPICERIA | precio_unitario_raw=4000.0 | total_raw=2000.0
602,9,148,1.0,FORMULA,,,,,,False,unidad_raw=UNIIDAD | seccion=SECCION TAPICERIA | total_raw=0.0
603,9,359,0.75,VOLUMEN,,,,,,False,unidad_raw=LITRO | seccion=SECCION TAPICERIA | precio_unitario_raw=16250.0 | total_raw=12187.5
604,9,181,1.1,LINEAL,,,,,,False,unidad_raw=CM | seccion=SECCION TAPICERIA | precio_unitario_raw=14000.0 | total_raw=15400.0
605,9,184,1.0,FIJO,,,,,,False,seccion=SECCION TAPICERIA | precio_unitario_raw=210000.0 | total_raw=210000.0
606,9,48,6.0,FORMULA,,,,,,False,unidad_raw=KG | seccion=SECCION TAPICERIA | precio_unitario_raw=2000.0 | total_raw=12000.0
607,10,255,1651.0,FORMULA,,,,,,False,unidad_raw=APAMATE | precio_unitario_raw=140.0 | total_raw=231140.0
608,10,269,1.0,FORMULA,,,,,,False,unidad_raw=3 PEASOS DE 49X49 | precio_unitario_raw=65000.0 | total_raw=0.0
609,10,196,0.0,AREA,,,,,,False,unidad_raw=Unidad | precio_unitario_raw=160000.0 | total_raw=0.0
610,10,232,0.34,AREA,,,,,,False,unidad_raw=Unidad | precio_unitario_raw=140000.0 | total_raw=47600.0
611,10,359,1.0,FORMULA,,,,,,False,unidad_raw=LITROS | precio_unitario_raw=19000.0 | total_raw=0.0
612,10,49,1.0,VOLUMEN,,,,,,False,unidad_raw=LITROS | precio_unitario_raw=14000.0 | total_raw=14000.0
613,10,180,15.0,ESPACIADO,,,,,,False,unidad_raw=Unidad | precio_unitario_raw=600.0 | total_raw=9000.0
614,10,70,1.0,FIJO,,,,,,False,unidad_raw=UNITARIO | precio_unitario_raw=30000.0 | total_raw=0.0
615,10,38,15.0,ESPACIADO,,,,,,False,unidad_raw=TIRA | precio_unitario_raw=1000.0 | total_raw=15000.0
616,10,166,1.0,FIJO,,,,,,False,unidad_raw=PAR | precio_unitario_raw=20000.0 | total_raw=20000.0
617,10,274,1.0,FORMULA,,,,,,False,precio_unitario_raw=136000.0 | total_raw=0.0
618,10,423,100.0,ESPACIADO,,,,,,False,unidad_raw=Unidad | precio_unitario_raw=100.0 | total_raw=10000.0
619,10,92,1.0,FORMULA,,,,,,False,total_raw=315000.0
620,10,171,1.0,FORMULA,,,,,,False,total_raw=66174.0
621,10,255,468.0,FORMULA,,,,,,False,"unidad_raw=2,10X22X18= 832 2,10X20X15=630 | precio_unitario_raw=140.0 | total_raw=65520.0"
622,10,272,200.0,AREA,,,,,,False,"unidad_raw=1 PEDAZO DE 1,20X45=54 | precio_unitario_raw=65.0 | total_raw=13000.0"
623,10,207,250.0,AREA,,,,,,False,"unidad_raw=1 PEDASO DE 1.25 X55=68,75 | precio_unitario_raw=210.0 | total_raw=52500.0"
624,10,216,175.0,AREA,,,,,,False,"unidad_raw=1 PEDASO DE 1,50X40=60 | precio_unitario_raw=130.0 | total_raw=21875.0"
625,10,49,2.0,VOLUMEN,,,,,,False,unidad_raw=litros | precio_unitario_raw=14000.0 | total_raw=28000.0
626,10,180,10.0,ESPACIADO,,,,,,False,unidad_raw=Unidad | precio_unitario_raw=600.0 | total_raw=6000.0
627,10,42,6.0,ESPACIADO,,,,,,False,unidad_raw=TIRA | precio_unitario_raw=1000.0 | total_raw=6000.0
628,10,184,2.0,FORMULA,,,,,,False,unidad_raw=PAR | precio_unitario_raw=105000.0 | total_raw=210000.0
629,10,423,30.0,ESPACIADO,,,,,,False,unidad_raw=Unidad | precio_unitario_raw=100.0 | total_raw=3000.0
630,10,70,4.0,FORMULA,,,,,,False,unidad_raw=DE CIERRELENTO | precio_unitario_raw=30000.0 | total_raw=120000.0
631,10,172,1.0,FORMULA,,,,,,False,total_raw=26294.75
632,10,349,1.0,FORMULA,,,,,DE 2 NOCHEROS,False,seccion=SECCION PINTURA Y PREPARADA DE 2 NOCHEROS
633,10,331,2.0,FORMULA,,,,,,False,unidad_raw=CON EL 5% | seccion=SECCION PINTURA Y PREPARADA DE 2 NOCHEROS | precio_unitario_raw=50000.0 | total_raw=52500.0
634,10,310,2.0,FORMULA,,,,,,False,unidad_raw=CON EL 5% | seccion=SECCION PINTURA Y PREPARADA DE 2 NOCHEROS | precio_unitario_raw=36750.0 | total_raw=73500.0
635,10,356,3.0,VOLUMEN,,,,,,False,unidad_raw=PISTOLADAS | seccion=SECCION PINTURA Y PREPARADA DE 2 NOCHEROS | precio_unitario_raw=18000.0 | total_raw=54000.0
636,10,251,2.0,FORMULA,,,,,,False,unidad_raw=unidades | seccion=SECCION PINTURA Y PREPARADA DE 2 NOCHEROS | precio_unitario_raw=2000.0 | total_raw=4000.0
637,10,285,0.1,VOLUMEN,,,,,,False,unidad_raw=galon | seccion=SECCION PINTURA Y PREPARADA DE 2 NOCHEROS | precio_unitario_raw=70000.0 | total_raw=7000.0
638,10,432,2.0,FORMULA,,,,,,False,unidad_raw=unidad | seccion=SECCION PINTURA Y PREPARADA DE 2 NOCHEROS | precio_unitario_raw=45000.0 | total_raw=90000.0
639,10,368,0.3,FORMULA,,,,,,False,unidad_raw=unidad | seccion=SECCION PINTURA Y PREPARADA DE 2 NOCHEROS | precio_unitario_raw=2500.0 | total_raw=750.0
640,10,401,0.2,VOLUMEN,,,,,,False,unidad_raw=GALON | seccion=SECCION PINTURA Y PREPARADA DE 2 NOCHEROS | precio_unitario_raw=34000.0 | total_raw=6800.0
641,10,408,8.0,FORMULA,,,,,,False,unidad_raw=JALADORES | seccion=SECCION PINTURA Y PREPARADA DE 2 NOCHEROS | precio_unitario_raw=3000.0 | total_raw=24000.0
642,10,59,2.5,VOLUMEN,,,,,,False,unidad_raw=PISTOLADA | seccion=SECCION PINTURA Y PREPARADA DE 2 NOCHEROS | precio_unitario_raw=22000.0 | total_raw=55000.0
643,10,98,0.1,VOLUMEN,,,,,,False,unidad_raw=galon | seccion=SECCION PINTURA Y PREPARADA DE 2 NOCHEROS | precio_unitario_raw=160000.0 | total_raw=16000.0
644,10,169,0.2,LINEAL,,,,,,False,unidad_raw=ML | seccion=SECCION PINTURA Y PREPARADA DE 2 NOCHEROS | precio_unitario_raw=4500.0 | total_raw=900.0
645,10,341,0.2,VOLUMEN,,,,,,False,unidad_raw=LITRO | seccion=SECCION PINTURA Y PREPARADA DE 2 NOCHEROS | precio_unitario_raw=20000.0 | total_raw=4000.0
646,10,200,2.0,VOLUMEN,,,,,,False,unidad_raw=PISTOLADA | seccion=SECCION PINTURA Y PREPARADA DE 2 NOCHEROS | precio_unitario_raw=23000.0 | total_raw=46000.0
647,10,174,1.0,FORMULA,,,,,,False,seccion=SECCION PINTURA Y PREPARADA DE 2 NOCHEROS | total_raw=43445.0
648,10,349,1.0,FORMULA,,,,,DE CAMA,False,seccion=SECCION PINTURA Y PREPARADA DE CAMA
649,10,331,1.0,FORMULA,,,,,,False,unidad_raw=CON EL 5% | seccion=SECCION PINTURA Y PREPARADA DE CAMA | precio_unitario_raw=30000.0
650,10,310,1.0,FORMULA,,,,,,False,unidad_raw=CON EL 5% | seccion=SECCION PINTURA Y PREPARADA DE CAMA | precio_unitario_raw=20000.0
651,10,314,4.0,FORMULA,,,,,,False,seccion=SECCION PINTURA Y PREPARADA DE CAMA | precio_unitario_raw=2000.0 | total_raw=8000.0
652,10,356,1.0,FORMULA,,,,,,False,unidad_raw=PISTOLADAS | seccion=SECCION PINTURA Y PREPARADA DE CAMA | precio_unitario_raw=18000.0 | total_raw=0.0
653,10,251,1.0,FORMULA,,,,,,False,unidad_raw=unidades | seccion=SECCION PINTURA Y PREPARADA DE CAMA | precio_unitario_raw=2000.0 | total_raw=0.0
654,10,285,1.0,FORMULA,,,,,,False,unidad_raw=galon | seccion=SECCION PINTURA Y PREPARADA DE CAMA | total_raw=0.0
655,10,250,1.0,FORMULA,,,,,,False,unidad_raw=unidad | seccion=SECCION PINTURA Y PREPARADA DE CAMA | precio_unitario_raw=2000.0 | total_raw=0.0
656,10,246,1.0,FORMULA,,,,,,False,unidad_raw=unidad | seccion=SECCION PINTURA Y PREPARADA DE CAMA | precio_unitario_raw=2000.0 | total_raw=0.0
657,10,205,1.0,FORMULA,,,,,,False,unidad_raw=GALON | seccion=SECCION PINTURA Y PREPARADA DE CAMA | precio_unitario_raw=23000.0 | total_raw=0.0
658,10,199,1.0,FORMULA,,,,,,False,unidad_raw=litro | seccion=SECCION PINTURA Y PREPARADA DE CAMA | precio_unitario_raw=18000.0 | total_raw=0.0
659,10,59,1.0,FORMULA,,,,,,False,unidad_raw=PISTOLADA | seccion=SECCION PINTURA Y PREPARADA DE CAMA | precio_unitario_raw=19000.0 | total_raw=0.0
660,10,402,1.0,FORMULA,,,,,,False,unidad_raw=galon | seccion=SECCION PINTURA Y PREPARADA DE CAMA | total_raw=0.0
661,10,169,1.0,FORMULA,,,,,,False,unidad_raw=LITRO | seccion=SECCION PINTURA Y PREPARADA DE CAMA | precio_unitario_raw=4.5 | total_raw=0.0
662,10,341,1.0,FORMULA,,,,,,False,unidad_raw=LITRO | seccion=SECCION PINTURA Y PREPARADA DE CAMA | total_raw=0.0
663,10,200,1.0,FORMULA,,,,,,False,unidad_raw=PISTOLADA | seccion=SECCION PINTURA Y PREPARADA DE CAMA | precio_unitario_raw=22000.0 | total_raw=0.0
664,10,45,1.0,FIJO,,,,,,False,unidad_raw=2X7X5+1X7X5=105 | seccion=SECCION TERMINACION | precio_unitario_raw=35000.0 | total_raw=35000.0
665,10,282,1.0,FIJO,,,,,,False,unidad_raw=PAR | seccion=SECCION TERMINACION | precio_unitario_raw=6000.0 | total_raw=6000.0
666,10,293,4.0,FORMULA,,,,,,False,unidad_raw=unidades | seccion=SECCION TERMINACION | precio_unitario_raw=11000.0 | total_raw=44000.0
667,10,410,16.0,ESPACIADO,,,,,,False,unidad_raw=unidades | seccion=SECCION TERMINACION | precio_unitario_raw=100.0 | total_raw=1600.0
668,10,95,1.0,FIJO,,,,,,False,unidad_raw=unidades | seccion=SECCION TERMINACION | precio_unitario_raw=150000.0 | total_raw=150000.0
669,10,352,1.0,FORMULA,,,,,,False,seccion=SECCION TERMINACION | total_raw=0.0
670,10,257,750.0,FORMULA,,,,,,False,unidad_raw=2X25X15 | seccion=SECCION TERMINACION | precio_unitario_raw=140.0 | total_raw=105000.0
671,10,163,1.0,FIJO,,,,,,False,unidad_raw=DE 2X2 | seccion=SECCION TERMINACION | precio_unitario_raw=42000.0 | total_raw=42000.0
672,10,274,1.0,AREA,,,,,,False,unidad_raw=unidades | seccion=SECCION TERMINACION | precio_unitario_raw=140000.0 | total_raw=140000.0
673,10,49,0.5,VOLUMEN,,,,,,False,unidad_raw=LITRO | seccion=SECCION TERMINACION | precio_unitario_raw=14000.0 | total_raw=7000.0
674,10,423,50.0,ESPACIADO,,,,,,False,unidad_raw=unidades | seccion=SECCION TERMINACION | precio_unitario_raw=100.0 | total_raw=5000.0
675,10,33,2.0,ESPACIADO,,,,,,False,unidad_raw=TIRAS | seccion=SECCION TERMINACION | precio_unitario_raw=600.0 | total_raw=1200.0
676,10,304,2.0,LINEAL,,,,,,False,unidad_raw=METROS | seccion=SECCION TERMINACION | precio_unitario_raw=3500.0 | total_raw=7000.0
677,10,370,9.0,AREA,,,,,,False,unidad_raw=METROS | seccion=SECCION TAPICERIA | precio_unitario_raw=34000.0 | total_raw=306000.0
678,10,7,0.3,FORMULA,,,,,,False,seccion=SECCION TAPICERIA | precio_unitario_raw=15000.0 | total_raw=4500.0
679,10,29,0.3,LINEAL,,,,,,False,unidad_raw=METROS | seccion=SECCION TAPICERIA | precio_unitario_raw=56000.0 | total_raw=16800.0
680,10,180,0.5,ESPACIADO,,,,,,False,unidad_raw=CAJA DE GRAPAS | seccion=SECCION TAPICERIA | precio_unitario_raw=12000.0 | total_raw=6000.0
681,10,123,1.3,AREA,,,,,,False,unidad_raw=LAMINA | seccion=SECCION TAPICERIA | precio_unitario_raw=39000.0 | total_raw=50700.0
682,10,419,30.0,ESPACIADO,,,,,,False,unidad_raw=UNIDADES | seccion=SECCION TAPICERIA | precio_unitario_raw=100.0 | total_raw=3000.0
683,10,131,2.0,AREA,,,,,,False,unidad_raw=UNIDADES | seccion=SECCION TAPICERIA | precio_unitario_raw=33000.0 | total_raw=66000.0
684,10,127,0.66,AREA,,,,,,False,unidad_raw=UNIDAD | seccion=SECCION TAPICERIA | precio_unitario_raw=19900.0 | total_raw=13134.0
685,10,26,4.0,LINEAL,,,,,,False,unidad_raw=MTS | seccion=SECCION TAPICERIA | precio_unitario_raw=5000.0 | total_raw=20000.0
686,10,87,3.0,AREA,,,,,,False,unidad_raw=METROS | seccion=SECCION TAPICERIA | precio_unitario_raw=3000.0 | total_raw=9000.0
687,10,195,0.5,FORMULA,,,,,,False,seccion=SECCION TAPICERIA | precio_unitario_raw=4000.0 | total_raw=2000.0
688,10,28,1.6,FORMULA,,,,,,False,unidad_raw=UNIIDAD | seccion=SECCION TAPICERIA | precio_unitario_raw=1500.0 | total_raw=2400.0
689,10,359,0.75,VOLUMEN,,,,,,False,unidad_raw=LITRO | seccion=SECCION TAPICERIA | precio_unitario_raw=16250.0 | total_raw=12187.5
690,10,165,0.7,LINEAL,,,,,,False,unidad_raw=CM | seccion=SECCION TAPICERIA | precio_unitario_raw=4000.0 | total_raw=2800.0
691,10,184,1.0,FIJO,,,,,,False,seccion=SECCION TAPICERIA | precio_unitario_raw=210000.0 | total_raw=210000.0
692,10,48,6.0,FORMULA,,,,,,False,unidad_raw=KG | seccion=SECCION TAPICERIA | precio_unitario_raw=2000.0 | total_raw=12000.0
693,11,255,1576.0,FORMULA,,,,,,False,unidad_raw=APAMATE | precio_unitario_raw=140.0 | total_raw=220640.0
694,11,269,1.0,FORMULA,,,,,,False,unidad_raw=3 PEASOS DE 49X49 | precio_unitario_raw=65000.0 | total_raw=0.0
695,11,196,0.0,AREA,,,,,,False,unidad_raw=Unidad | precio_unitario_raw=160000.0 | total_raw=0.0
696,11,232,1.0,FORMULA,,,,,,False,unidad_raw=Unidad | precio_unitario_raw=140000.0 | total_raw=0.0
697,11,359,1.0,FORMULA,,,,,,False,unidad_raw=LITROS | precio_unitario_raw=19000.0 | total_raw=0.0
698,11,49,1.0,VOLUMEN,,,,,,False,unidad_raw=LITROS | precio_unitario_raw=14000.0 | total_raw=14000.0
699,11,180,15.0,ESPACIADO,,,,,,False,unidad_raw=Unidad | precio_unitario_raw=600.0 | total_raw=9000.0
700,11,70,1.0,FIJO,,,,,,False,unidad_raw=UNITARIO | precio_unitario_raw=30000.0 | total_raw=0.0
701,11,38,15.0,ESPACIADO,,,,,,False,unidad_raw=TIRA | precio_unitario_raw=1000.0 | total_raw=15000.0
702,11,166,1.0,FIJO,,,,,,False,unidad_raw=PAR | precio_unitario_raw=20000.0 | total_raw=20000.0
703,11,274,1.0,FORMULA,,,,,,False,precio_unitario_raw=136000.0 | total_raw=0.0
704,11,423,100.0,ESPACIADO,,,,,,False,unidad_raw=Unidad | precio_unitario_raw=100.0 | total_raw=10000.0
705,11,92,1.0,FORMULA,,,,,,False,total_raw=315000.0
706,11,171,1.0,FORMULA,,,,,,False,total_raw=60364.0
707,11,255,468.0,FORMULA,,,,,,False,"unidad_raw=2,10X22X18= 832 2,10X20X15=630 | precio_unitario_raw=140.0 | total_raw=65520.0"
708,11,272,200.0,AREA,,,,,,False,"unidad_raw=1 PEDAZO DE 1,20X45=54 | precio_unitario_raw=65.0 | total_raw=13000.0"
709,11,207,250.0,AREA,,,,,,False,"unidad_raw=1 PEDASO DE 1.25 X55=68,75 | precio_unitario_raw=210.0 | total_raw=52500.0"
710,11,216,175.0,AREA,,,,,,False,"unidad_raw=1 PEDASO DE 1,50X40=60 | precio_unitario_raw=130.0 | total_raw=21875.0"
711,11,49,2.0,VOLUMEN,,,,,,False,unidad_raw=litros | precio_unitario_raw=14000.0 | total_raw=28000.0
712,11,180,10.0,ESPACIADO,,,,,,False,unidad_raw=Unidad | precio_unitario_raw=600.0 | total_raw=6000.0
713,11,42,6.0,ESPACIADO,,,,,,False,unidad_raw=TIRA | precio_unitario_raw=1000.0 | total_raw=6000.0
714,11,184,2.0,FORMULA,,,,,,False,unidad_raw=PAR | precio_unitario_raw=105000.0 | total_raw=210000.0
715,11,423,30.0,ESPACIADO,,,,,,False,unidad_raw=Unidad | precio_unitario_raw=100.0 | total_raw=3000.0
716,11,70,4.0,FORMULA,,,,,,False,unidad_raw=DE CIERRELENTO | precio_unitario_raw=30000.0 | total_raw=120000.0
717,11,172,1.0,FORMULA,,,,,,False,total_raw=26294.75
718,11,349,1.0,FORMULA,,,,,DE 2 NOCHEROS,False,seccion=SECCION PINTURA Y PREPARADA DE 2 NOCHEROS
719,11,331,2.0,FORMULA,,,,,,False,unidad_raw=CON EL 5% | seccion=SECCION PINTURA Y PREPARADA DE 2 NOCHEROS | precio_unitario_raw=50000.0 | total_raw=52500.0
720,11,310,2.0,FORMULA,,,,,,False,unidad_raw=CON EL 5% | seccion=SECCION PINTURA Y PREPARADA DE 2 NOCHEROS | precio_unitario_raw=36750.0 | total_raw=73500.0
721,11,356,3.0,VOLUMEN,,,,,,False,unidad_raw=PISTOLADAS | seccion=SECCION PINTURA Y PREPARADA DE 2 NOCHEROS | precio_unitario_raw=18000.0 | total_raw=54000.0
722,11,251,2.0,FORMULA,,,,,,False,unidad_raw=unidades | seccion=SECCION PINTURA Y PREPARADA DE 2 NOCHEROS | precio_unitario_raw=2000.0 | total_raw=4000.0
723,11,285,0.1,VOLUMEN,,,,,,False,unidad_raw=galon | seccion=SECCION PINTURA Y PREPARADA DE 2 NOCHEROS | precio_unitario_raw=70000.0 | total_raw=7000.0
724,11,250,2.0,FORMULA,,,,,,False,unidad_raw=unidad | seccion=SECCION PINTURA Y PREPARADA DE 2 NOCHEROS | precio_unitario_raw=2000.0 | total_raw=4000.0
725,11,368,0.3,FORMULA,,,,,,False,unidad_raw=unidad | seccion=SECCION PINTURA Y PREPARADA DE 2 NOCHEROS | precio_unitario_raw=2500.0 | total_raw=750.0
726,11,401,0.2,VOLUMEN,,,,,,False,unidad_raw=GALON | seccion=SECCION PINTURA Y PREPARADA DE 2 NOCHEROS | precio_unitario_raw=34000.0 | total_raw=6800.0
727,11,12,4.0,FORMULA,,,,,,False,unidad_raw=JALADORES | seccion=SECCION PINTURA Y PREPARADA DE 2 NOCHEROS | precio_unitario_raw=5000.0 | total_raw=20000.0
728,11,59,2.5,VOLUMEN,,,,,,False,unidad_raw=PISTOLADA | seccion=SECCION PINTURA Y PREPARADA DE 2 NOCHEROS | precio_unitario_raw=22000.0 | total_raw=55000.0
729,11,98,0.1,VOLUMEN,,,,,,False,unidad_raw=galon | seccion=SECCION PINTURA Y PREPARADA DE 2 NOCHEROS | precio_unitario_raw=160000.0 | total_raw=16000.0
730,11,169,0.2,LINEAL,,,,,,False,unidad_raw=ML | seccion=SECCION PINTURA Y PREPARADA DE 2 NOCHEROS | precio_unitario_raw=4500.0 | total_raw=900.0
731,11,341,0.2,VOLUMEN,,,,,,False,unidad_raw=LITRO | seccion=SECCION PINTURA Y PREPARADA DE 2 NOCHEROS | precio_unitario_raw=20000.0 | total_raw=4000.0
732,11,200,2.0,VOLUMEN,,,,,,False,unidad_raw=PISTOLADA | seccion=SECCION PINTURA Y PREPARADA DE 2 NOCHEROS | precio_unitario_raw=23000.0 | total_raw=46000.0
733,11,174,1.0,FORMULA,,,,,,False,seccion=SECCION PINTURA Y PREPARADA DE 2 NOCHEROS | total_raw=32445.0
734,11,349,1.0,FORMULA,,,,,DE CAMA,False,seccion=SECCION PINTURA Y PREPARADA DE CAMA
735,11,331,1.0,FORMULA,,,,,,False,unidad_raw=CON EL 5% | seccion=SECCION PINTURA Y PREPARADA DE CAMA | precio_unitario_raw=30000.0
736,11,310,1.0,FORMULA,,,,,,False,unidad_raw=CON EL 5% | seccion=SECCION PINTURA Y PREPARADA DE CAMA | precio_unitario_raw=20000.0
737,11,314,4.0,FORMULA,,,,,,False,seccion=SECCION PINTURA Y PREPARADA DE CAMA | precio_unitario_raw=2000.0 | total_raw=8000.0
738,11,356,1.0,FORMULA,,,,,,False,unidad_raw=PISTOLADAS | seccion=SECCION PINTURA Y PREPARADA DE CAMA | precio_unitario_raw=18000.0 | total_raw=0.0
739,11,251,1.0,FORMULA,,,,,,False,unidad_raw=unidades | seccion=SECCION PINTURA Y PREPARADA DE CAMA | precio_unitario_raw=2000.0 | total_raw=0.0
740,11,285,1.0,FORMULA,,,,,,False,unidad_raw=galon | seccion=SECCION PINTURA Y PREPARADA DE CAMA | total_raw=0.0
741,11,250,1.0,FORMULA,,,,,,False,unidad_raw=unidad | seccion=SECCION PINTURA Y PREPARADA DE CAMA | precio_unitario_raw=2000.0 | total_raw=0.0
742,11,246,1.0,FORMULA,,,,,,False,unidad_raw=unidad | seccion=SECCION PINTURA Y PREPARADA DE CAMA | precio_unitario_raw=2000.0 | total_raw=0.0
743,11,205,1.0,FORMULA,,,,,,False,unidad_raw=GALON | seccion=SECCION PINTURA Y PREPARADA DE CAMA | precio_unitario_raw=23000.0 | total_raw=0.0
744,11,199,1.0,FORMULA,,,,,,False,unidad_raw=litro | seccion=SECCION PINTURA Y PREPARADA DE CAMA | precio_unitario_raw=18000.0 | total_raw=0.0
745,11,59,1.0,FORMULA,,,,,,False,unidad_raw=PISTOLADA | seccion=SECCION PINTURA Y PREPARADA DE CAMA | precio_unitario_raw=19000.0 | total_raw=0.0
746,11,402,1.0,FORMULA,,,,,,False,unidad_raw=galon | seccion=SECCION PINTURA Y PREPARADA DE CAMA | total_raw=0.0
747,11,169,1.0,FORMULA,,,,,,False,unidad_raw=LITRO | seccion=SECCION PINTURA Y PREPARADA DE CAMA | precio_unitario_raw=4.5 | total_raw=0.0
748,11,341,1.0,FORMULA,,,,,,False,unidad_raw=LITRO | seccion=SECCION PINTURA Y PREPARADA DE CAMA | total_raw=0.0
749,11,200,1.0,FORMULA,,,,,,False,unidad_raw=PISTOLADA | seccion=SECCION PINTURA Y PREPARADA DE CAMA | precio_unitario_raw=22000.0 | total_raw=0.0
750,11,45,1.0,FIJO,,,,,,False,unidad_raw=2X7X5+1X7X5=105 | seccion=SECCION TERMINACION | precio_unitario_raw=35000.0 | total_raw=35000.0
751,11,282,1.0,FIJO,,,,,,False,unidad_raw=PAR | seccion=SECCION TERMINACION | precio_unitario_raw=6000.0 | total_raw=6000.0
752,11,293,4.0,FORMULA,,,,,,False,unidad_raw=unidades | seccion=SECCION TERMINACION | precio_unitario_raw=11000.0 | total_raw=44000.0
753,11,410,16.0,ESPACIADO,,,,,,False,unidad_raw=unidades | seccion=SECCION TERMINACION | precio_unitario_raw=100.0 | total_raw=1600.0
754,11,95,1.0,FIJO,,,,,,False,unidad_raw=unidades | seccion=SECCION TERMINACION | precio_unitario_raw=150000.0 | total_raw=150000.0
755,11,352,1.0,FORMULA,,,,,,False,seccion=SECCION TERMINACION | total_raw=0.0
756,11,257,750.0,FORMULA,,,,,,False,unidad_raw=2X25X15 | seccion=SECCION TERMINACION | precio_unitario_raw=140.0 | total_raw=105000.0
757,11,163,1.0,FIJO,,,,,,False,unidad_raw=DE 2X2 | seccion=SECCION TERMINACION | precio_unitario_raw=63000.0 | total_raw=63000.0
758,11,274,1.0,AREA,,,,,,False,unidad_raw=unidades | seccion=SECCION TERMINACION | precio_unitario_raw=140000.0 | total_raw=140000.0
759,11,49,0.5,VOLUMEN,,,,,,False,unidad_raw=LITRO | seccion=SECCION TERMINACION | precio_unitario_raw=14000.0 | total_raw=7000.0
760,11,423,50.0,ESPACIADO,,,,,,False,unidad_raw=unidades | seccion=SECCION TERMINACION | precio_unitario_raw=100.0 | total_raw=5000.0
761,11,33,2.0,ESPACIADO,,,,,,False,unidad_raw=TIRAS | seccion=SECCION TERMINACION | precio_unitario_raw=600.0 | total_raw=1200.0
762,11,304,2.0,LINEAL,,,,,,False,unidad_raw=METROS | seccion=SECCION TERMINACION | precio_unitario_raw=3500.0 | total_raw=7000.0
763,11,370,10.0,AREA,,,,,,False,unidad_raw=METROS | seccion=SECCION TAPICERIA | precio_unitario_raw=34000.0 | total_raw=340000.0
764,11,7,0.3,FORMULA,,,,,,False,seccion=SECCION TAPICERIA | precio_unitario_raw=15000.0 | total_raw=4500.0
765,11,29,0.3,LINEAL,,,,,,False,unidad_raw=METROS | seccion=SECCION TAPICERIA | precio_unitario_raw=56000.0 | total_raw=16800.0
766,11,180,0.5,ESPACIADO,,,,,,False,unidad_raw=CAJA DE GRAPAS | seccion=SECCION TAPICERIA | precio_unitario_raw=12000.0 | total_raw=6000.0
767,11,123,1.0,AREA,,,,,,False,unidad_raw=LAMINA | seccion=SECCION TAPICERIA | precio_unitario_raw=39000.0 | total_raw=39000.0
768,11,419,30.0,ESPACIADO,,,,,,False,unidad_raw=UNIDADES | seccion=SECCION TAPICERIA | precio_unitario_raw=100.0 | total_raw=3000.0
769,11,131,0.67,AREA,,,,,,False,unidad_raw=UNIDADES | seccion=SECCION TAPICERIA | precio_unitario_raw=33000.0 | total_raw=22110.0
770,11,127,1.0,AREA,,,,,,False,unidad_raw=UNIDAD | seccion=SECCION TAPICERIA | precio_unitario_raw=19900.0 | total_raw=19900.0
771,11,26,4.0,LINEAL,,,,,,False,unidad_raw=MTS | seccion=SECCION TAPICERIA | precio_unitario_raw=5000.0 | total_raw=20000.0
772,11,87,3.0,AREA,,,,,,False,unidad_raw=METROS | seccion=SECCION TAPICERIA | precio_unitario_raw=3000.0 | total_raw=9000.0
773,11,195,0.5,FORMULA,,,,,,False,seccion=SECCION TAPICERIA | precio_unitario_raw=4000.0 | total_raw=2000.0
774,11,148,1.0,FORMULA,,,,,,False,unidad_raw=UNIIDAD | seccion=SECCION TAPICERIA | total_raw=0.0
775,11,359,0.75,VOLUMEN,,,,,,False,unidad_raw=LITRO | seccion=SECCION TAPICERIA | precio_unitario_raw=16250.0 | total_raw=12187.5
776,11,165,1.0,FORMULA,,,,,,False,unidad_raw=CM | seccion=SECCION TAPICERIA | precio_unitario_raw=14000.0 | total_raw=0.0
777,11,184,1.0,FIJO,,,,,,False,seccion=SECCION TAPICERIA | precio_unitario_raw=210000.0 | total_raw=210000.0
778,11,48,6.0,FORMULA,,,,,,False,unidad_raw=KG | seccion=SECCION TAPICERIA | precio_unitario_raw=2000.0 | total_raw=12000.0
779,12,255,931.0,FORMULA,,,,,,False,unidad_raw=APAMATE | precio_unitario_raw=140.0 | total_raw=130340.0
780,12,269,1.0,AREA,,,,,,False,unidad_raw=3 PEASOS DE 49X49 | precio_unitario_raw=65000.0 | total_raw=65000.0
781,12,196,0.0,AREA,,,,,,False,unidad_raw=Unidad | precio_unitario_raw=160000.0 | total_raw=0.0
782,12,232,1.0,AREA,,,,,,False,unidad_raw=Unidad | precio_unitario_raw=140000.0 | total_raw=140000.0
783,12,359,1.0,FORMULA,,,,,,False,unidad_raw=LITROS | precio_unitario_raw=19000.0 | total_raw=0.0
784,12,49,1.5,VOLUMEN,,,,,,False,unidad_raw=LITROS | precio_unitario_raw=13000.0 | total_raw=19500.0
785,12,180,15.0,ESPACIADO,,,,,,False,unidad_raw=Unidad | precio_unitario_raw=600.0 | total_raw=9000.0
786,12,70,1.0,FIJO,,,,,,False,unidad_raw=UNITARIO | precio_unitario_raw=30000.0 | total_raw=0.0
787,12,38,15.0,ESPACIADO,,,,,,False,unidad_raw=TIRA | precio_unitario_raw=1000.0 | total_raw=15000.0
788,12,166,1.0,FIJO,,,,,,False,unidad_raw=PAR | precio_unitario_raw=20000.0 | total_raw=20000.0
789,12,274,1.0,FORMULA,,,,,,False,precio_unitario_raw=136000.0 | total_raw=0.0
790,12,423,100.0,ESPACIADO,,,,,,False,unidad_raw=Unidad | precio_unitario_raw=100.0 | total_raw=10000.0
791,12,92,1.0,FORMULA,,,,,,False,total_raw=315000.0
792,12,171,1.0,FORMULA,,,,,,False,total_raw=68984.0
793,12,255,468.0,FORMULA,,,,,,False,"unidad_raw=2,10X22X18= 832 2,10X20X15=630 | precio_unitario_raw=140.0 | total_raw=65520.0"
794,12,272,200.0,AREA,,,,,,False,"unidad_raw=1 PEDAZO DE 1,20X45=54 | precio_unitario_raw=65.0 | total_raw=13000.0"
795,12,207,250.0,AREA,,,,,,False,"unidad_raw=1 PEDASO DE 1.25 X55=68,75 | precio_unitario_raw=210.0 | total_raw=52500.0"
796,12,216,175.0,AREA,,,,,,False,"unidad_raw=1 PEDASO DE 1,50X40=60 | precio_unitario_raw=130.0 | total_raw=21875.0"
797,12,49,2.0,VOLUMEN,,,,,,False,unidad_raw=litros | precio_unitario_raw=14000.0 | total_raw=28000.0
798,12,180,10.0,ESPACIADO,,,,,,False,unidad_raw=Unidad | precio_unitario_raw=600.0 | total_raw=6000.0
799,12,42,6.0,ESPACIADO,,,,,,False,unidad_raw=TIRA | precio_unitario_raw=1000.0 | total_raw=6000.0
800,12,184,2.0,FORMULA,,,,,,False,unidad_raw=PAR | precio_unitario_raw=105000.0 | total_raw=210000.0
801,12,423,30.0,ESPACIADO,,,,,,False,unidad_raw=Unidad | precio_unitario_raw=100.0 | total_raw=3000.0
802,12,70,4.0,FORMULA,,,,,,False,unidad_raw=DE CIERRELENTO | precio_unitario_raw=30000.0 | total_raw=120000.0
803,12,172,1.0,FORMULA,,,,,,False,total_raw=26294.75
804,12,349,1.0,FORMULA,,,,,DE 2 NOCHEROS,False,seccion=SECCION PINTURA Y PREPARADA DE 2 NOCHEROS
805,12,331,2.0,FORMULA,,,,,,False,unidad_raw=CON EL 5% | seccion=SECCION PINTURA Y PREPARADA DE 2 NOCHEROS | precio_unitario_raw=50000.0 | total_raw=52500.0
806,12,310,2.0,FORMULA,,,,,,False,unidad_raw=CON EL 5% | seccion=SECCION PINTURA Y PREPARADA DE 2 NOCHEROS | precio_unitario_raw=36750.0 | total_raw=73500.0
807,12,356,3.0,VOLUMEN,,,,,,False,unidad_raw=PISTOLADAS | seccion=SECCION PINTURA Y PREPARADA DE 2 NOCHEROS | precio_unitario_raw=18000.0 | total_raw=54000.0
808,12,251,2.0,FORMULA,,,,,,False,unidad_raw=unidades | seccion=SECCION PINTURA Y PREPARADA DE 2 NOCHEROS | precio_unitario_raw=2000.0 | total_raw=4000.0
809,12,285,0.1,VOLUMEN,,,,,,False,unidad_raw=galon | seccion=SECCION PINTURA Y PREPARADA DE 2 NOCHEROS | precio_unitario_raw=70000.0 | total_raw=7000.0
810,12,250,2.0,FORMULA,,,,,,False,unidad_raw=unidad | seccion=SECCION PINTURA Y PREPARADA DE 2 NOCHEROS | precio_unitario_raw=2000.0 | total_raw=4000.0
811,12,368,0.3,FORMULA,,,,,,False,unidad_raw=unidad | seccion=SECCION PINTURA Y PREPARADA DE 2 NOCHEROS | precio_unitario_raw=2500.0 | total_raw=750.0
812,12,401,0.2,VOLUMEN,,,,,,False,unidad_raw=GALON | seccion=SECCION PINTURA Y PREPARADA DE 2 NOCHEROS | precio_unitario_raw=34000.0 | total_raw=6800.0
813,12,199,1.0,FORMULA,,,,,,False,unidad_raw=litro | seccion=SECCION PINTURA Y PREPARADA DE 2 NOCHEROS | precio_unitario_raw=18000.0 | total_raw=0.0
814,12,59,2.5,VOLUMEN,,,,,,False,unidad_raw=PISTOLADA | seccion=SECCION PINTURA Y PREPARADA DE 2 NOCHEROS | precio_unitario_raw=22000.0 | total_raw=55000.0
815,12,98,0.1,VOLUMEN,,,,,,False,unidad_raw=galon | seccion=SECCION PINTURA Y PREPARADA DE 2 NOCHEROS | precio_unitario_raw=160000.0 | total_raw=16000.0
816,12,169,0.2,LINEAL,,,,,,False,unidad_raw=ML | seccion=SECCION PINTURA Y PREPARADA DE 2 NOCHEROS | precio_unitario_raw=4500.0 | total_raw=900.0
817,12,341,0.2,VOLUMEN,,,,,,False,unidad_raw=LITRO | seccion=SECCION PINTURA Y PREPARADA DE 2 NOCHEROS | precio_unitario_raw=20000.0 | total_raw=4000.0
818,12,200,2.0,VOLUMEN,,,,,,False,unidad_raw=PISTOLADA | seccion=SECCION PINTURA Y PREPARADA DE 2 NOCHEROS | precio_unitario_raw=23000.0 | total_raw=46000.0
819,12,174,1.0,FORMULA,,,,,,False,seccion=SECCION PINTURA Y PREPARADA DE 2 NOCHEROS | total_raw=32445.0
820,12,349,1.0,FORMULA,,,,,DE CAMA,False,seccion=SECCION PINTURA Y PREPARADA DE CAMA
821,12,331,1.0,FIJO,,,,,,False,unidad_raw=CON EL 5% | seccion=SECCION PINTURA Y PREPARADA DE CAMA | precio_unitario_raw=30000.0 | total_raw=31500.0
822,12,310,1.0,FIJO,,,,,,False,unidad_raw=CON EL 5% | seccion=SECCION PINTURA Y PREPARADA DE CAMA | precio_unitario_raw=20000.0 | total_raw=21000.0
823,12,314,4.0,FORMULA,,,,,,False,seccion=SECCION PINTURA Y PREPARADA DE CAMA | precio_unitario_raw=1050.0 | total_raw=4200.0
824,12,356,3.0,VOLUMEN,,,,,,False,unidad_raw=PISTOLADAS | seccion=SECCION PINTURA Y PREPARADA DE CAMA | precio_unitario_raw=18000.0 | total_raw=54000.0
825,12,251,2.0,FORMULA,,,,,,False,unidad_raw=unidades | seccion=SECCION PINTURA Y PREPARADA DE CAMA | precio_unitario_raw=2000.0 | total_raw=4000.0
826,12,285,1.0,FORMULA,,,,,,False,unidad_raw=galon | seccion=SECCION PINTURA Y PREPARADA DE CAMA | total_raw=0.0
827,12,250,1.0,FORMULA,,,,,,False,unidad_raw=unidad | seccion=SECCION PINTURA Y PREPARADA DE CAMA | precio_unitario_raw=2000.0 | total_raw=0.0
828,12,246,1.0,FORMULA,,,,,,False,unidad_raw=unidad | seccion=SECCION PINTURA Y PREPARADA DE CAMA | precio_unitario_raw=2000.0 | total_raw=0.0
829,12,205,2.0,VOLUMEN,,,,,,False,unidad_raw=GALON | seccion=SECCION PINTURA Y PREPARADA DE CAMA | precio_unitario_raw=23000.0 | total_raw=46000.0
830,12,199,1.0,VOLUMEN,,,,,,False,unidad_raw=litro | seccion=SECCION PINTURA Y PREPARADA DE CAMA | precio_unitario_raw=18000.0 | total_raw=18000.0
831,12,59,2.0,VOLUMEN,,,,,,False,unidad_raw=PISTOLADA | seccion=SECCION PINTURA Y PREPARADA DE CAMA | precio_unitario_raw=19000.0 | total_raw=38000.0
832,12,402,1.0,FORMULA,,,,,,False,unidad_raw=galon | seccion=SECCION PINTURA Y PREPARADA DE CAMA | total_raw=0.0
833,12,169,300.0,VOLUMEN,,,,,,False,unidad_raw=LITRO | seccion=SECCION PINTURA Y PREPARADA DE CAMA | precio_unitario_raw=4.5 | total_raw=1350.0
834,12,341,1.0,FORMULA,,,,,,False,unidad_raw=LITRO | seccion=SECCION PINTURA Y PREPARADA DE CAMA | total_raw=0.0
835,12,200,1.0,FORMULA,,,,,,False,unidad_raw=PISTOLADA | seccion=SECCION PINTURA Y PREPARADA DE CAMA | precio_unitario_raw=22000.0 | total_raw=0.0
836,12,174,1.0,FORMULA,,,,,,False,seccion=SECCION PINTURA Y PREPARADA DE CAMA | total_raw=21805.0
837,12,177,1.0,FORMULA,,,,,,False,unidad_raw=unidades | seccion=SECCION TERMINACION | precio_unitario_raw=150000.0 | total_raw=0.0
838,12,238,1.0,FORMULA,,,,,,False,unidad_raw=PAR | seccion=SECCION TERMINACION | precio_unitario_raw=2500.0 | total_raw=0.0
839,12,294,1.0,FIJO,,,,,,False,unidad_raw=unidades | seccion=SECCION TERMINACION | precio_unitario_raw=9000.0 | total_raw=0.0
840,12,410,1.0,FIJO,,,,,,False,unidad_raw=unidades | seccion=SECCION TERMINACION | precio_unitario_raw=100.0 | total_raw=0.0
841,12,95,1.0,FIJO,,,,,,False,unidad_raw=unidades | seccion=SECCION TERMINACION | precio_unitario_raw=150000.0 | total_raw=150000.0
842,12,352,1.0,FORMULA,,,,,,False,seccion=SECCION TERMINACION | total_raw=0.0
843,12,257,750.0,FORMULA,,,,,,False,unidad_raw=2X25X15 | seccion=SECCION TERMINACION | precio_unitario_raw=140.0 | total_raw=105000.0
844,12,163,1.0,FIJO,,,,,,False,unidad_raw=DE 2X2 | seccion=SECCION TERMINACION | precio_unitario_raw=63000.0 | total_raw=63000.0
845,12,274,1.0,AREA,,,,,,False,unidad_raw=unidades | seccion=SECCION TERMINACION | precio_unitario_raw=140000.0 | total_raw=140000.0
846,12,49,0.5,VOLUMEN,,,,,,False,unidad_raw=LITRO | seccion=SECCION TERMINACION | precio_unitario_raw=14000.0 | total_raw=7000.0
847,12,423,50.0,ESPACIADO,,,,,,False,unidad_raw=unidades | seccion=SECCION TERMINACION | precio_unitario_raw=100.0 | total_raw=5000.0
848,12,33,2.0,ESPACIADO,,,,,,False,unidad_raw=TIRAS | seccion=SECCION TERMINACION | precio_unitario_raw=600.0 | total_raw=1200.0
849,12,304,2.0,LINEAL,,,,,,False,unidad_raw=METROS | seccion=SECCION TERMINACION | precio_unitario_raw=3500.0 | total_raw=7000.0
850,12,370,8.0,AREA,,,,,,False,unidad_raw=METROS | seccion=SECCION TAPICERIA | precio_unitario_raw=34000.0 | total_raw=272000.0
851,12,154,1.0,FORMULA,,,,,,False,seccion=SECCION TAPICERIA | precio_unitario_raw=500.0 | total_raw=0.0
852,12,29,0.2,LINEAL,,,,,,False,unidad_raw=METROS | seccion=SECCION TAPICERIA | precio_unitario_raw=56000.0 | total_raw=11200.0
853,12,180,0.5,ESPACIADO,,,,,,False,unidad_raw=CAJA DE GRAPAS | seccion=SECCION TAPICERIA | precio_unitario_raw=12000.0 | total_raw=6000.0
854,12,148,1.0,FORMULA,,,,,,False,unidad_raw=METROS | seccion=SECCION TAPICERIA | precio_unitario_raw=18000.0 | total_raw=0.0
855,12,419,30.0,ESPACIADO,,,,,,False,unidad_raw=UNIDADES | seccion=SECCION TAPICERIA | precio_unitario_raw=100.0 | total_raw=3000.0
856,12,133,2.5,AREA,,,,,,False,unidad_raw=UNIDADES | seccion=SECCION TAPICERIA | precio_unitario_raw=27000.0 | total_raw=67500.0
857,12,22,1.0,FORMULA,,,,,,False,unidad_raw=ROLLO | seccion=SECCION TAPICERIA | precio_unitario_raw=15000.0 | total_raw=0.0
858,12,26,4.0,LINEAL,,,,,,False,unidad_raw=MTS | seccion=SECCION TAPICERIA | precio_unitario_raw=5000.0 | total_raw=20000.0
859,12,87,1.0,FORMULA,,,,,,False,unidad_raw=METROS | seccion=SECCION TAPICERIA | precio_unitario_raw=3000.0 | total_raw=0.0
860,12,195,0.5,FORMULA,,,,,,False,seccion=SECCION TAPICERIA | precio_unitario_raw=4000.0 | total_raw=2000.0
861,12,148,1.0,FORMULA,,,,,,False,unidad_raw=UNIIDAD | seccion=SECCION TAPICERIA | total_raw=0.0
862,12,359,0.5,VOLUMEN,,,,,,False,unidad_raw=LITRO | seccion=SECCION TAPICERIA | precio_unitario_raw=16250.0 | total_raw=8125.0
863,12,165,1.0,FORMULA,,,,,,False,unidad_raw=CM | seccion=SECCION TAPICERIA | precio_unitario_raw=14000.0 | total_raw=0.0
864,12,184,1.0,FIJO,,,,,,False,seccion=SECCION TAPICERIA | precio_unitario_raw=210000.0 | total_raw=210000.0
865,12,340,1.0,FORMULA,,,,,,False,unidad_raw=KG | seccion=SECCION TAPICERIA | precio_unitario_raw=14000.0 | total_raw=0.0
866,13,255,1445.0,FORMULA,,,,,,False,"unidad_raw=2,10X22X18= 832 2,10X20X15=630 | precio_unitario_raw=140.0 | total_raw=202300.0"
867,13,269,1.0,FORMULA,,,,,,False,unidad_raw=6 PEDASOS DE 49X49 | precio_unitario_raw=20000.0 | total_raw=0.0
868,13,217,0.5,AREA,,,,,,False,unidad_raw=Unidad BASTIDORES | precio_unitario_raw=140000.0 | total_raw=70000.0
869,13,49,1.0,VOLUMEN,,,,,,False,unidad_raw=LITRO | precio_unitario_raw=13000.0 | total_raw=13000.0
870,13,180,1.0,FIJO,,,,,,False,unidad_raw=Unidad | precio_unitario_raw=10000.0 | total_raw=0.0
871,13,77,4.0,FORMULA,,,,,,False,unidad_raw=UNITARIO | precio_unitario_raw=30000.0 | total_raw=120000.0
872,13,81,4.0,FORMULA,,,,,,False,unidad_raw=UNIDAD | precio_unitario_raw=22000.0 | total_raw=88000.0
873,13,166,1.0,FIJO,,,,,,False,unidad_raw=PAR | precio_unitario_raw=20000.0 | total_raw=20000.0
874,13,320,1.0,VOLUMEN,,,,,,False,unidad_raw=LITRO | precio_unitario_raw=17000.0 | total_raw=17000.0
875,13,423,1.0,FIJO,,,,,,False,unidad_raw=Unidad | precio_unitario_raw=100.0 | total_raw=0.0
876,13,171,1.0,FORMULA,,,,,,False,seccion=ebanisteria 700.000 x 5% de m.o Corte | total_raw=150637.0
877,13,178,2.0,FORMULA,,,,,,False,unidad_raw=UNIDAD | seccion=ebanisteria 700.000 x 5% de m.o Corte | precio_unitario_raw=4500.0 | total_raw=9000.0
878,13,231,3.4,AREA,,,,,,False,unidad_raw=LAMINA | seccion=ebanisteria 700.000 x 5% de m.o Corte | precio_unitario_raw=220000.0 | total_raw=748000.0
879,13,207,2.0,AREA,,,,,,False,unidad_raw=MELAMINA FLORMORADO | seccion=ebanisteria 700.000 x 5% de m.o Corte | precio_unitario_raw=340000.0 | total_raw=680000.0
880,13,290,2.0,AREA,,,,,,False,unidad_raw=LAMINA | seccion=ebanisteria 700.000 x 5% de m.o Corte | precio_unitario_raw=40000.0 | total_raw=80000.0
881,13,290,3.4,AREA,,,,,,False,unidad_raw=UNIDAD DE 6 | seccion=ebanisteria 700.000 x 5% de m.o Corte | precio_unitario_raw=20000.0 | total_raw=68000.0
882,13,281,100.0,FORMULA,,,,,,False,unidad_raw=DE 19 | seccion=ebanisteria 700.000 x 5% de m.o Corte | precio_unitario_raw=770.0 | total_raw=77000.0
883,13,281,50.0,FORMULA,,,,,,False,unidad_raw=DE 40 | seccion=ebanisteria 700.000 x 5% de m.o Corte | precio_unitario_raw=2000.0 | total_raw=100000.0
884,13,184,1.0,FIJO,,,,,,False,unidad_raw=PAR | seccion=ebanisteria 700.000 x 5% de m.o Corte | precio_unitario_raw=850000.0 | total_raw=850000.0
885,13,423,50.0,ESPACIADO,,,,,,False,unidad_raw=Unidad | seccion=ebanisteria 700.000 x 5% de m.o Corte | precio_unitario_raw=100.0 | total_raw=5000.0
886,13,334,0.4,FORMULA,,,,,,False,unidad_raw=UNIDADES | seccion=ebanisteria 700.000 x 5% de m.o Corte | precio_unitario_raw=30000.0 | total_raw=12000.0
887,13,172,1.0,FORMULA,,,,,,False,seccion=ebanisteria 700.000 x 5% de m.o Corte | total_raw=2629000.0
888,13,349,1.0,FORMULA,,,,,DE 2 NOCHEROS,False,seccion=SECCION PINTURA Y PREPARADA DE 2 NOCHEROS
889,13,331,1.0,FORMULA,,,,,,False,unidad_raw=CON EL 5% | seccion=SECCION PINTURA Y PREPARADA DE 2 NOCHEROS | precio_unitario_raw=50000.0
890,13,310,1.0,FORMULA,,,,,,False,unidad_raw=CON EL 5% | seccion=SECCION PINTURA Y PREPARADA DE 2 NOCHEROS | precio_unitario_raw=30000.0
891,13,356,1.0,FORMULA,,,,,,False,unidad_raw=PISTOLADAS | seccion=SECCION PINTURA Y PREPARADA DE 2 NOCHEROS | precio_unitario_raw=18000.0 | total_raw=0.0
892,13,251,1.0,FORMULA,,,,,,False,unidad_raw=unidades | seccion=SECCION PINTURA Y PREPARADA DE 2 NOCHEROS | precio_unitario_raw=2000.0 | total_raw=0.0
893,13,285,1.0,FORMULA,,,,,,False,unidad_raw=galon | seccion=SECCION PINTURA Y PREPARADA DE 2 NOCHEROS | precio_unitario_raw=70000.0 | total_raw=0.0
894,13,250,1.0,FORMULA,,,,,,False,unidad_raw=unidad | seccion=SECCION PINTURA Y PREPARADA DE 2 NOCHEROS | precio_unitario_raw=2000.0 | total_raw=0.0
895,13,368,1.0,FORMULA,,,,,,False,unidad_raw=unidad | seccion=SECCION PINTURA Y PREPARADA DE 2 NOCHEROS | precio_unitario_raw=2500.0 | total_raw=0.0
896,13,401,1.0,FORMULA,,,,,,False,unidad_raw=GALON | seccion=SECCION PINTURA Y PREPARADA DE 2 NOCHEROS | precio_unitario_raw=34000.0 | total_raw=0.0
897,13,199,1.0,FORMULA,,,,,,False,unidad_raw=litro | seccion=SECCION PINTURA Y PREPARADA DE 2 NOCHEROS | precio_unitario_raw=18000.0 | total_raw=0.0
898,13,59,1.0,FORMULA,,,,,,False,unidad_raw=PISTOLADA | seccion=SECCION PINTURA Y PREPARADA DE 2 NOCHEROS | precio_unitario_raw=22000.0 | total_raw=0.0
899,13,98,1.0,FORMULA,,,,,,False,unidad_raw=galon | seccion=SECCION PINTURA Y PREPARADA DE 2 NOCHEROS | precio_unitario_raw=160000.0 | total_raw=0.0
900,13,169,1.0,FORMULA,,,,,,False,unidad_raw=LITRO | seccion=SECCION PINTURA Y PREPARADA DE 2 NOCHEROS | precio_unitario_raw=4500.0 | total_raw=0.0
901,13,341,1.0,FORMULA,,,,,,False,unidad_raw=LITRO | seccion=SECCION PINTURA Y PREPARADA DE 2 NOCHEROS | precio_unitario_raw=20000.0 | total_raw=0.0
902,13,200,1.0,FORMULA,,,,,,False,unidad_raw=PISTOLADA | seccion=SECCION PINTURA Y PREPARADA DE 2 NOCHEROS | precio_unitario_raw=22000.0 | total_raw=0.0
903,13,174,1.0,FORMULA,,,,,,False,seccion=SECCION PINTURA Y PREPARADA DE 2 NOCHEROS | total_raw=0.0
904,13,349,1.0,FORMULA,,,,,DE CAMA,False,seccion=SECCION PINTURA Y PREPARADA DE CAMA
905,13,331,1.0,FORMULA,,,,,,False,unidad_raw=CON EL 5% | seccion=SECCION PINTURA Y PREPARADA DE CAMA | precio_unitario_raw=60000.0
906,13,310,1.0,FORMULA,,,,,,False,unidad_raw=CON EL 5% | seccion=SECCION PINTURA Y PREPARADA DE CAMA | precio_unitario_raw=30000.0
907,13,356,1.0,FORMULA,,,,,,False,unidad_raw=GALON | seccion=SECCION PINTURA Y PREPARADA DE CAMA | precio_unitario_raw=55000.0 | total_raw=0.0
908,13,251,1.0,FORMULA,,,,,,False,unidad_raw=unidades | seccion=SECCION PINTURA Y PREPARADA DE CAMA | precio_unitario_raw=2000.0 | total_raw=0.0
909,13,285,1.0,FORMULA,,,,,,False,unidad_raw=galon | seccion=SECCION PINTURA Y PREPARADA DE CAMA | total_raw=0.0
910,13,250,1.0,FORMULA,,,,,,False,unidad_raw=unidad | seccion=SECCION PINTURA Y PREPARADA DE CAMA | precio_unitario_raw=2000.0 | total_raw=0.0
911,13,246,1.0,FORMULA,,,,,,False,unidad_raw=unidad | seccion=SECCION PINTURA Y PREPARADA DE CAMA | precio_unitario_raw=2000.0 | total_raw=0.0
912,13,205,1.0,FORMULA,,,,,,False,unidad_raw=GALON | seccion=SECCION PINTURA Y PREPARADA DE CAMA | precio_unitario_raw=21000.0 | total_raw=0.0
913,13,199,1.0,FORMULA,,,,,,False,unidad_raw=litro | seccion=SECCION PINTURA Y PREPARADA DE CAMA | precio_unitario_raw=18000.0 | total_raw=0.0
914,13,59,1.0,FORMULA,,,,,,False,unidad_raw=PISTOLADA | seccion=SECCION PINTURA Y PREPARADA DE CAMA | precio_unitario_raw=19000.0 | total_raw=0.0
915,13,402,1.0,FORMULA,,,,,,False,unidad_raw=galon | seccion=SECCION PINTURA Y PREPARADA DE CAMA | total_raw=0.0
916,13,169,1.0,FORMULA,,,,,,False,unidad_raw=LITRO | seccion=SECCION PINTURA Y PREPARADA DE CAMA | total_raw=0.0
917,13,341,1.0,FORMULA,,,,,,False,unidad_raw=LITRO | seccion=SECCION PINTURA Y PREPARADA DE CAMA | total_raw=0.0
918,13,200,1.0,FORMULA,,,,,,False,unidad_raw=PISTOLADA | seccion=SECCION PINTURA Y PREPARADA DE CAMA | precio_unitario_raw=22000.0 | total_raw=0.0
919,13,174,1.0,FORMULA,,,,,,False,seccion=SECCION PINTURA Y PREPARADA DE CAMA | total_raw=0.0
920,13,337,1.0,FIJO,,,,,,False,unidad_raw=unidades | seccion=TERMINACION | precio_unitario_raw=10000.0 | total_raw=10000.0
921,13,253,1.0,FIJO,,,,,,False,unidad_raw=UNIDAD | seccion=TERMINACION | precio_unitario_raw=9000.0 | total_raw=9000.0
922,13,19,1.0,FORMULA,,,,,,False,unidad_raw=UNIDAD | seccion=TERMINACION | precio_unitario_raw=30000.0 | total_raw=0.0
923,13,324,1.0,FIJO,,,,,,False,unidad_raw=unidades | seccion=TERMINACION | precio_unitario_raw=30000.0 | total_raw=30000.0
924,13,96,2.0,FORMULA,,,,,,False,unidad_raw=UNIDAD | seccion=TERMINACION | precio_unitario_raw=5000.0 | total_raw=5000.0
925,13,403,2.0,FORMULA,,,,,,False,unidad_raw=UNIDAD | seccion=TERMINACION | precio_unitario_raw=15000.0 | total_raw=30000.0
926,13,14,6.0,LINEAL,,,,,,False,unidad_raw=METROS | seccion=TERMINACION | precio_unitario_raw=3000.0 | total_raw=18000.0
927,13,95,1.0,FIJO,,,,,,False,unidad_raw=unidades | seccion=TERMINACION | precio_unitario_raw=150000.0 | total_raw=150000.0
928,13,352,1.0,FORMULA,,,,,,False,seccion=TERMINACION | total_raw=0.0
929,13,257,750.0,LINEAL,,,,,,False,unidad_raw=CMS | seccion=TERMINACION | precio_unitario_raw=140.0 | total_raw=105000.0
930,13,163,1.0,FIJO,,,,,,False,unidad_raw=DE 2X2 | seccion=TERMINACION | precio_unitario_raw=63000.0 | total_raw=63000.0
931,13,274,1.0,AREA,,,,,,False,unidad_raw=unidades | seccion=TERMINACION | precio_unitario_raw=140000.0 | total_raw=140000.0
932,13,180,5.0,ESPACIADO,,,,,,False,unidad_raw=TIRAS | seccion=TERMINACION | precio_unitario_raw=550.0 | total_raw=2750.0
933,13,49,0.5,VOLUMEN,,,,,,False,unidad_raw=LITRO | seccion=TERMINACION | precio_unitario_raw=12000.0 | total_raw=6000.0
934,13,423,50.0,ESPACIADO,,,,,,False,unidad_raw=unidades | seccion=TERMINACION | precio_unitario_raw=100.0 | total_raw=5000.0
935,13,33,5.0,ESPACIADO,,,,,,False,unidad_raw=TIRAS | seccion=TERMINACION | precio_unitario_raw=2000.0 | total_raw=10000.0
936,13,304,2.0,LINEAL,,,,,,False,unidad_raw=METROS | seccion=TERMINACION | precio_unitario_raw=4000.0 | total_raw=8000.0
937,13,370,2.6,AREA,,,,,,False,unidad_raw=METROS | seccion=SECCION TAPICERIA | precio_unitario_raw=40000.0 | total_raw=104000.0
938,13,154,1.0,FORMULA,,,,,,False,seccion=SECCION TAPICERIA | precio_unitario_raw=500.0 | total_raw=0.0
939,13,48,1.0,FORMULA,,,,,,False,unidad_raw=METROS | seccion=SECCION TAPICERIA | precio_unitario_raw=600.0 | total_raw=0.0
940,13,180,0.5,ESPACIADO,,,,,,False,unidad_raw=CAJA DE GRAPAS | seccion=SECCION TAPICERIA | precio_unitario_raw=10000.0 | total_raw=5000.0
941,13,148,1.0,FORMULA,,,,,,False,unidad_raw=METROS | seccion=SECCION TAPICERIA | precio_unitario_raw=18000.0 | total_raw=0.0
942,13,419,1.0,FIJO,,,,,,False,unidad_raw=UNIDADES | seccion=SECCION TAPICERIA | precio_unitario_raw=100.0 | total_raw=0.0
943,13,99,1.0,FIJO,,,,,,False,unidad_raw=UNIDADES | seccion=SECCION TAPICERIA | precio_unitario_raw=26000.0 | total_raw=26000.0
944,13,22,1.0,FORMULA,,,,,,False,unidad_raw=ROLLO | seccion=SECCION TAPICERIA | precio_unitario_raw=15000.0 | total_raw=0.0
945,13,43,1.0,FORMULA,,,,,,False,unidad_raw=MTS | seccion=SECCION TAPICERIA | precio_unitario_raw=1000.0 | total_raw=0.0
946,13,87,2.0,AREA,,,,,,False,unidad_raw=METROS | seccion=SECCION TAPICERIA | precio_unitario_raw=3000.0 | total_raw=6000.0
947,13,195,1.0,FORMULA,,,,,,False,seccion=SECCION TAPICERIA | precio_unitario_raw=4000.0 | total_raw=0.0
948,13,148,1.0,FORMULA,,,,,,False,unidad_raw=UNIIDAD | seccion=SECCION TAPICERIA | total_raw=0.0
949,13,359,0.5,VOLUMEN,,,,,,False,unidad_raw=LITRO | seccion=SECCION TAPICERIA | precio_unitario_raw=19000.0 | total_raw=9500.0
950,13,165,1.0,FORMULA,,,,,,False,unidad_raw=CM | seccion=SECCION TAPICERIA | precio_unitario_raw=4000.0 | total_raw=0.0
951,13,184,1.0,FIJO,,,,,,False,seccion=SECCION TAPICERIA | precio_unitario_raw=84000.0 | total_raw=84000.0
952,13,340,1.0,FORMULA,,,,,,False,unidad_raw=KG | seccion=SECCION TAPICERIA | precio_unitario_raw=14000.0 | total_raw=0.0
953,14,255,1013.0,FORMULA,,,,,,False,"unidad_raw=2,10X22X18= 832 2,10X20X15=630 | precio_unitario_raw=140.0 | total_raw=141820.0"
954,14,269,1.0,FORMULA,,,,,,False,unidad_raw=6 PEDASOS DE 49X49 | precio_unitario_raw=20000.0 | total_raw=0.0
955,14,196,1.0,FORMULA,,,,,,False,unidad_raw=Unidad | precio_unitario_raw=160000.0
956,14,207,1.0,AREA,,,,,,False,unidad_raw=Unidad BASTIDORES | precio_unitario_raw=210000.0 | total_raw=210000.0
957,14,359,1.0,FORMULA,,,,,,False,unidad_raw=LITROS | precio_unitario_raw=19000.0 | total_raw=0.0
958,14,49,1.0,VOLUMEN,,,,,,False,unidad_raw=LITRO | precio_unitario_raw=13000.0 | total_raw=13000.0
959,14,180,0.5,ESPACIADO,,,,,,False,unidad_raw=Unidad | precio_unitario_raw=10000.0 | total_raw=5000.0
960,14,77,4.0,FORMULA,,,,,,False,unidad_raw=UNITARIO | precio_unitario_raw=30000.0 | total_raw=120000.0
961,14,80,1.0,FIJO,,,,,,False,unidad_raw=UNIDAD | precio_unitario_raw=31000.0 | total_raw=31000.0
962,14,166,1.0,FIJO,,,,,,False,unidad_raw=PAR | precio_unitario_raw=20000.0 | total_raw=20000.0
963,14,320,1.0,VOLUMEN,,,,,,False,unidad_raw=LITRO | precio_unitario_raw=17000.0 | total_raw=17000.0
964,14,423,100.0,ESPACIADO,,,,,,False,unidad_raw=Unidad | precio_unitario_raw=100.0 | total_raw=10000.0
965,14,93,1.0,FORMULA,,,,,,False,total_raw=700000.0
966,14,171,1.0,FORMULA,,,,,,False,total_raw=150637.0
967,14,255,1.0,FORMULA,,,,,,False,"unidad_raw=2,10X22X18= 832 2,10X20X15=630 | precio_unitario_raw=140.0 | total_raw=0.0"
968,14,231,2.0,AREA,,,,,,False,unidad_raw=LAMINA | precio_unitario_raw=216000.0 | total_raw=432000.0
969,14,207,1.0,AREA,,,,,,False,unidad_raw=MELAMINA FLORMORADO | precio_unitario_raw=340000.0 | total_raw=340000.0
970,14,290,1.0,AREA,,,,,,False,unidad_raw=LAMINA | precio_unitario_raw=40000.0 | total_raw=40000.0
971,14,290,2.0,AREA,,,,,,False,unidad_raw=UNIDAD DE 6 | precio_unitario_raw=20000.0 | total_raw=40000.0
972,14,357,1.0,FIJO,,,,,,False,unidad_raw=Unidad | precio_unitario_raw=80000.0 | total_raw=80000.0
973,14,42,8.0,ESPACIADO,,,,,,False,unidad_raw=TIRA | precio_unitario_raw=1000.0 | total_raw=8000.0
974,14,184,1.0,FIJO,,,,,,False,unidad_raw=PAR | precio_unitario_raw=105000.0 | total_raw=0.0
975,14,423,1.0,FIJO,,,,,,False,unidad_raw=Unidad | precio_unitario_raw=100.0 | total_raw=0.0
976,14,70,1.0,FIJO,,,,,,False,unidad_raw=UNIDADES | precio_unitario_raw=30000.0 | total_raw=0.0
977,14,172,1.0,FORMULA,,,,,,False,total_raw=940000.0
978,14,349,1.0,FORMULA,,,,,DE 2 NOCHEROS,False,seccion=SECCION PINTURA Y PREPARADA DE 2 NOCHEROS
979,14,331,1.0,FORMULA,,,,,,False,unidad_raw=CON EL 5% | seccion=SECCION PINTURA Y PREPARADA DE 2 NOCHEROS | precio_unitario_raw=50000.0
980,14,310,1.0,FORMULA,,,,,,False,unidad_raw=CON EL 5% | seccion=SECCION PINTURA Y PREPARADA DE 2 NOCHEROS | precio_unitario_raw=30000.0
981,14,356,1.0,FORMULA,,,,,,False,unidad_raw=PISTOLADAS | seccion=SECCION PINTURA Y PREPARADA DE 2 NOCHEROS | precio_unitario_raw=18000.0 | total_raw=0.0
982,14,251,1.0,FORMULA,,,,,,False,unidad_raw=unidades | seccion=SECCION PINTURA Y PREPARADA DE 2 NOCHEROS | precio_unitario_raw=2000.0 | total_raw=0.0
983,14,285,1.0,FORMULA,,,,,,False,unidad_raw=galon | seccion=SECCION PINTURA Y PREPARADA DE 2 NOCHEROS | precio_unitario_raw=70000.0 | total_raw=0.0
984,14,250,1.0,FORMULA,,,,,,False,unidad_raw=unidad | seccion=SECCION PINTURA Y PREPARADA DE 2 NOCHEROS | precio_unitario_raw=2000.0 | total_raw=0.0
985,14,368,1.0,FORMULA,,,,,,False,unidad_raw=unidad | seccion=SECCION PINTURA Y PREPARADA DE 2 NOCHEROS | precio_unitario_raw=2500.0 | total_raw=0.0
986,14,401,1.0,FORMULA,,,,,,False,unidad_raw=GALON | seccion=SECCION PINTURA Y PREPARADA DE 2 NOCHEROS | precio_unitario_raw=34000.0 | total_raw=0.0
987,14,199,1.0,FORMULA,,,,,,False,unidad_raw=litro | seccion=SECCION PINTURA Y PREPARADA DE 2 NOCHEROS | precio_unitario_raw=18000.0 | total_raw=0.0
988,14,59,1.0,FORMULA,,,,,,False,unidad_raw=PISTOLADA | seccion=SECCION PINTURA Y PREPARADA DE 2 NOCHEROS | precio_unitario_raw=22000.0 | total_raw=0.0
989,14,98,1.0,FORMULA,,,,,,False,unidad_raw=galon | seccion=SECCION PINTURA Y PREPARADA DE 2 NOCHEROS | precio_unitario_raw=160000.0 | total_raw=0.0
990,14,169,1.0,FORMULA,,,,,,False,unidad_raw=LITRO | seccion=SECCION PINTURA Y PREPARADA DE 2 NOCHEROS | precio_unitario_raw=4500.0 | total_raw=0.0
991,14,341,1.0,FORMULA,,,,,,False,unidad_raw=LITRO | seccion=SECCION PINTURA Y PREPARADA DE 2 NOCHEROS | precio_unitario_raw=20000.0 | total_raw=0.0
992,14,200,1.0,FORMULA,,,,,,False,unidad_raw=PISTOLADA | seccion=SECCION PINTURA Y PREPARADA DE 2 NOCHEROS | precio_unitario_raw=22000.0 | total_raw=0.0
993,14,174,1.0,FORMULA,,,,,,False,seccion=SECCION PINTURA Y PREPARADA DE 2 NOCHEROS | total_raw=0.0
994,14,349,1.0,FORMULA,,,,,DE CAMA,False,seccion=SECCION PINTURA Y PREPARADA DE CAMA
995,14,331,1.0,FORMULA,,,,,,False,unidad_raw=CON EL 5% | seccion=SECCION PINTURA Y PREPARADA DE CAMA | precio_unitario_raw=60000.0
996,14,310,1.0,FORMULA,,,,,,False,unidad_raw=CON EL 5% | seccion=SECCION PINTURA Y PREPARADA DE CAMA | precio_unitario_raw=30000.0
997,14,356,1.0,FORMULA,,,,,,False,unidad_raw=GALON | seccion=SECCION PINTURA Y PREPARADA DE CAMA | precio_unitario_raw=55000.0 | total_raw=0.0
998,14,251,1.0,FORMULA,,,,,,False,unidad_raw=unidades | seccion=SECCION PINTURA Y PREPARADA DE CAMA | precio_unitario_raw=2000.0 | total_raw=0.0
999,14,285,1.0,FORMULA,,,,,,False,unidad_raw=galon | seccion=SECCION PINTURA Y PREPARADA DE CAMA | total_raw=0.0
1000,14,250,1.0,FORMULA,,,,,,False,unidad_raw=unidad | seccion=SECCION PINTURA Y PREPARADA DE CAMA | precio_unitario_raw=2000.0 | total_raw=0.0
1001,14,246,1.0,FORMULA,,,,,,False,unidad_raw=unidad | seccion=SECCION PINTURA Y PREPARADA DE CAMA | precio_unitario_raw=2000.0 | total_raw=0.0
1002,14,205,1.0,FORMULA,,,,,,False,unidad_raw=GALON | seccion=SECCION PINTURA Y PREPARADA DE CAMA | precio_unitario_raw=21000.0 | total_raw=0.0
1003,14,199,1.0,FORMULA,,,,,,False,unidad_raw=litro | seccion=SECCION PINTURA Y PREPARADA DE CAMA | precio_unitario_raw=18000.0 | total_raw=0.0
1004,14,59,1.0,FORMULA,,,,,,False,unidad_raw=PISTOLADA | seccion=SECCION PINTURA Y PREPARADA DE CAMA | precio_unitario_raw=19000.0 | total_raw=0.0
1005,14,402,1.0,FORMULA,,,,,,False,unidad_raw=galon | seccion=SECCION PINTURA Y PREPARADA DE CAMA | total_raw=0.0
1006,14,169,1.0,FORMULA,,,,,,False,unidad_raw=LITRO | seccion=SECCION PINTURA Y PREPARADA DE CAMA | total_raw=0.0
1007,14,341,1.0,FORMULA,,,,,,False,unidad_raw=LITRO | seccion=SECCION PINTURA Y PREPARADA DE CAMA | total_raw=0.0
1008,14,200,1.0,FORMULA,,,,,,False,unidad_raw=PISTOLADA | seccion=SECCION PINTURA Y PREPARADA DE CAMA | precio_unitario_raw=22000.0 | total_raw=0.0
1009,14,174,1.0,FORMULA,,,,,,False,seccion=SECCION PINTURA Y PREPARADA DE CAMA | total_raw=0.0
1010,14,337,1.0,FIJO,,,,,,False,unidad_raw=unidades | seccion=TERMINACION | precio_unitario_raw=10000.0 | total_raw=10000.0
1011,14,253,1.0,FIJO,,,,,,False,unidad_raw=UNIDAD | seccion=TERMINACION | precio_unitario_raw=9000.0 | total_raw=9000.0
1012,14,19,1.0,FIJO,,,,,,False,unidad_raw=UNIDAD | seccion=TERMINACION | precio_unitario_raw=30000.0 | total_raw=30000.0
1013,14,324,1.0,FIJO,,,,,,False,unidad_raw=unidades | seccion=TERMINACION | precio_unitario_raw=30000.0 | total_raw=30000.0
1014,14,96,1.0,FIJO,,,,,,False,unidad_raw=UNIDAD | seccion=TERMINACION | precio_unitario_raw=5000.0 | total_raw=5000.0
1015,14,403,1.0,FIJO,,,,,,False,unidad_raw=UNIDAD | seccion=TERMINACION | precio_unitario_raw=28000.0 | total_raw=28000.0
1016,14,14,3.0,LINEAL,,,,,,False,unidad_raw=METROS | seccion=TERMINACION | precio_unitario_raw=3000.0 | total_raw=9000.0
1017,14,95,1.0,FIJO,,,,,,False,unidad_raw=unidades | seccion=TERMINACION | precio_unitario_raw=150000.0 | total_raw=150000.0
1018,14,352,1.0,FORMULA,,,,,,False,seccion=TERMINACION | total_raw=0.0
1019,14,257,750.0,LINEAL,,,,,,False,unidad_raw=CMS | seccion=TERMINACION | precio_unitario_raw=140.0 | total_raw=105000.0
1020,14,163,1.0,FIJO,,,,,,False,unidad_raw=DE 2X2 | seccion=TERMINACION | precio_unitario_raw=63000.0 | total_raw=63000.0
1021,14,274,1.0,AREA,,,,,,False,unidad_raw=unidades | seccion=TERMINACION | precio_unitario_raw=140000.0 | total_raw=140000.0
1022,14,180,5.0,ESPACIADO,,,,,,False,unidad_raw=TIRAS | seccion=TERMINACION | precio_unitario_raw=550.0 | total_raw=2750.0
1023,14,49,0.5,VOLUMEN,,,,,,False,unidad_raw=LITRO | seccion=TERMINACION | precio_unitario_raw=12000.0 | total_raw=6000.0
1024,14,423,50.0,ESPACIADO,,,,,,False,unidad_raw=unidades | seccion=TERMINACION | precio_unitario_raw=100.0 | total_raw=5000.0
1025,14,33,5.0,ESPACIADO,,,,,,False,unidad_raw=TIRAS | seccion=TERMINACION | precio_unitario_raw=2000.0 | total_raw=10000.0
1026,14,304,2.0,LINEAL,,,,,,False,unidad_raw=METROS | seccion=TERMINACION | precio_unitario_raw=4000.0 | total_raw=8000.0
1027,14,370,2.0,AREA,,,,,,False,unidad_raw=METROS | seccion=SECCION TAPICERIA | precio_unitario_raw=40000.0 | total_raw=80000.0
1028,14,154,1.0,FORMULA,,,,,,False,seccion=SECCION TAPICERIA | precio_unitario_raw=500.0 | total_raw=0.0
1029,14,48,1.0,FORMULA,,,,,,False,unidad_raw=METROS | seccion=SECCION TAPICERIA | precio_unitario_raw=600.0 | total_raw=0.0
1030,14,180,0.5,ESPACIADO,,,,,,False,unidad_raw=CAJA DE GRAPAS | seccion=SECCION TAPICERIA | precio_unitario_raw=10000.0 | total_raw=5000.0
1031,14,148,1.0,FORMULA,,,,,,False,unidad_raw=METROS | seccion=SECCION TAPICERIA | precio_unitario_raw=18000.0 | total_raw=0.0
1032,14,419,1.0,FIJO,,,,,,False,unidad_raw=UNIDADES | seccion=SECCION TAPICERIA | precio_unitario_raw=100.0 | total_raw=0.0
1033,14,100,1.0,FIJO,,,,,,False,unidad_raw=UNIDADES | seccion=SECCION TAPICERIA | precio_unitario_raw=41000.0 | total_raw=41000.0
1034,14,22,1.0,FORMULA,,,,,,False,unidad_raw=ROLLO | seccion=SECCION TAPICERIA | precio_unitario_raw=15000.0 | total_raw=0.0
1035,14,43,1.0,FORMULA,,,,,,False,unidad_raw=MTS | seccion=SECCION TAPICERIA | precio_unitario_raw=1000.0 | total_raw=0.0
1036,14,87,2.0,AREA,,,,,,False,unidad_raw=METROS | seccion=SECCION TAPICERIA | precio_unitario_raw=3000.0 | total_raw=6000.0
1037,14,195,1.0,FORMULA,,,,,,False,seccion=SECCION TAPICERIA | precio_unitario_raw=4000.0 | total_raw=0.0
1038,14,148,1.0,FORMULA,,,,,,False,unidad_raw=UNIIDAD | seccion=SECCION TAPICERIA | total_raw=0.0
1039,14,359,0.25,VOLUMEN,,,,,,False,unidad_raw=LITRO | seccion=SECCION TAPICERIA | precio_unitario_raw=19000.0 | total_raw=4750.0
1040,14,165,1.5,LINEAL,,,,,,False,unidad_raw=CM | seccion=SECCION TAPICERIA | precio_unitario_raw=4000.0 | total_raw=6000.0
1041,14,184,1.0,FIJO,,,,,,False,seccion=SECCION TAPICERIA | precio_unitario_raw=84000.0 | total_raw=84000.0
1042,14,340,1.0,FORMULA,,,,,,False,unidad_raw=KG | seccion=SECCION TAPICERIA | precio_unitario_raw=14000.0 | total_raw=0.0
1043,15,255,1462.0,FORMULA,,,,,,False,"unidad_raw=2,10X22X18= 832 2,10X20X15=630 | precio_unitario_raw=135.0 | total_raw=197370.0"
1044,15,269,0.25,AREA,,,,,,False,unidad_raw=3 PEASOS DE 49X49 | precio_unitario_raw=65000.0 | total_raw=16250.0
1045,15,196,1.5,AREA,,,,,,False,unidad_raw=Unidad | precio_unitario_raw=160000.0 | total_raw=240000.0
1046,15,207,1.0,AREA,,,,,,False,unidad_raw=Unidad | precio_unitario_raw=207000.0 | total_raw=207000.0
1047,15,359,0.25,VOLUMEN,,,,,,False,unidad_raw=LITROS | precio_unitario_raw=19000.0 | total_raw=4750.0
1048,15,49,0.5,VOLUMEN,,,,,,False,unidad_raw=GALON | precio_unitario_raw=49000.0 | total_raw=24500.0
1049,15,180,0.5,ESPACIADO,,,,,,False,unidad_raw=Unidad | precio_unitario_raw=10000.0 | total_raw=5000.0
1050,15,70,3.0,FORMULA,,,,,,False,unidad_raw=UNITARIO | precio_unitario_raw=30000.0 | total_raw=90000.0
1051,15,38,15.0,ESPACIADO,,,,,,False,unidad_raw=TIRA | precio_unitario_raw=1000.0 | total_raw=15000.0
1052,15,166,1.0,FIJO,,,,,,False,unidad_raw=PAR | precio_unitario_raw=20000.0 | total_raw=20000.0
1053,15,274,1.25,AREA,,,,,,False,precio_unitario_raw=136000.0 | total_raw=170000.0
1054,15,423,125.0,ESPACIADO,,,,,,False,unidad_raw=Unidad | precio_unitario_raw=100.0 | total_raw=12500.0
1055,15,90,1.0,FORMULA,,,,,,False,total_raw=504000.0
1056,15,171,1.0,FORMULA,,,,,,False,total_raw=150637.0
1057,15,255,468.0,FORMULA,,,,,,False,"unidad_raw=2,10X22X18= 832 2,10X20X15=630 | precio_unitario_raw=140.0 | total_raw=65520.0"
1058,15,272,200.0,AREA,,,,,,False,"unidad_raw=1 PEDAZO DE 1,20X45=54 | precio_unitario_raw=65.0 | total_raw=13000.0"
1059,15,207,250.0,AREA,,,,,,False,"unidad_raw=1 PEDASO DE 1.25 X55=68,75 | precio_unitario_raw=207.0 | total_raw=51750.0"
1060,15,216,175.0,AREA,,,,,,False,"unidad_raw=1 PEDASO DE 1,50X40=60 | precio_unitario_raw=130.0 | total_raw=21875.0"
1061,15,49,2.0,VOLUMEN,,,,,,False,unidad_raw=litros | precio_unitario_raw=14000.0 | total_raw=28000.0
1062,15,180,10.0,ESPACIADO,,,,,,False,unidad_raw=Unidad | precio_unitario_raw=500.0 | total_raw=5000.0
1063,15,42,6.0,ESPACIADO,,,,,,False,unidad_raw=TIRA | precio_unitario_raw=1000.0 | total_raw=6000.0
1064,15,184,2.0,FORMULA,,,,,,False,unidad_raw=PAR | precio_unitario_raw=105000.0 | total_raw=210000.0
1065,15,423,30.0,ESPACIADO,,,,,,False,unidad_raw=Unidad | precio_unitario_raw=100.0 | total_raw=3000.0
1066,15,70,4.0,FORMULA,,,,,,False,unidad_raw=UNIDADES | precio_unitario_raw=30000.0 | total_raw=120000.0
1067,15,349,1.0,FORMULA,,,,,DE 2 NOCHEROS,False,seccion=SECCION PINTURA Y PREPARADA DE 2 NOCHEROS
1068,15,331,2.0,FORMULA,,,,,,False,unidad_raw=CON EL 5% | seccion=SECCION PINTURA Y PREPARADA DE 2 NOCHEROS | precio_unitario_raw=36750.0 | total_raw=73500.0
1069,15,310,2.0,FORMULA,,,,,,False,unidad_raw=CON EL 5% | seccion=SECCION PINTURA Y PREPARADA DE 2 NOCHEROS | precio_unitario_raw=36750.0 | total_raw=73500.0
1070,15,356,3.0,VOLUMEN,,,,,,False,unidad_raw=PISTOLADAS | seccion=SECCION PINTURA Y PREPARADA DE 2 NOCHEROS | precio_unitario_raw=18000.0 | total_raw=54000.0
1071,15,251,2.0,FORMULA,,,,,,False,unidad_raw=unidades | seccion=SECCION PINTURA Y PREPARADA DE 2 NOCHEROS | precio_unitario_raw=2000.0 | total_raw=4000.0
1072,15,285,0.1,VOLUMEN,,,,,,False,unidad_raw=galon | seccion=SECCION PINTURA Y PREPARADA DE 2 NOCHEROS | precio_unitario_raw=70000.0 | total_raw=7000.0
1073,15,250,2.0,FORMULA,,,,,,False,unidad_raw=unidad | seccion=SECCION PINTURA Y PREPARADA DE 2 NOCHEROS | precio_unitario_raw=2000.0 | total_raw=4000.0
1074,15,368,0.3,FORMULA,,,,,,False,unidad_raw=unidad | seccion=SECCION PINTURA Y PREPARADA DE 2 NOCHEROS | precio_unitario_raw=2500.0 | total_raw=750.0
1075,15,401,0.2,VOLUMEN,,,,,,False,unidad_raw=GALON | seccion=SECCION PINTURA Y PREPARADA DE 2 NOCHEROS | precio_unitario_raw=34000.0 | total_raw=6800.0
1076,15,199,1.0,FORMULA,,,,,,False,unidad_raw=litro | seccion=SECCION PINTURA Y PREPARADA DE 2 NOCHEROS | precio_unitario_raw=18000.0 | total_raw=0.0
1077,15,59,2.0,VOLUMEN,,,,,,False,unidad_raw=PISTOLADA | seccion=SECCION PINTURA Y PREPARADA DE 2 NOCHEROS | precio_unitario_raw=22000.0 | total_raw=44000.0
1078,15,98,0.1,VOLUMEN,,,,,,False,unidad_raw=galon | seccion=SECCION PINTURA Y PREPARADA DE 2 NOCHEROS | precio_unitario_raw=160000.0 | total_raw=16000.0
1079,15,169,1.0,VOLUMEN,,,,,,False,unidad_raw=LITRO | seccion=SECCION PINTURA Y PREPARADA DE 2 NOCHEROS | precio_unitario_raw=4500.0 | total_raw=4500.0
1080,15,341,0.2,VOLUMEN,,,,,,False,unidad_raw=LITRO | seccion=SECCION PINTURA Y PREPARADA DE 2 NOCHEROS | precio_unitario_raw=20000.0 | total_raw=4000.0
1081,15,200,4.0,VOLUMEN,,,,,,False,unidad_raw=PISTOLADA | seccion=SECCION PINTURA Y PREPARADA DE 2 NOCHEROS | precio_unitario_raw=22000.0 | total_raw=88000.0
1082,15,174,1.0,FORMULA,,,,,,False,seccion=SECCION PINTURA Y PREPARADA DE 2 NOCHEROS | total_raw=38005.0
1083,15,349,1.0,FORMULA,,,,,DE CAMA,False,seccion=SECCION PINTURA Y PREPARADA DE CAMA
1084,15,331,1.0,FIJO,,,,,,False,unidad_raw=CON EL 5% | seccion=SECCION PINTURA Y PREPARADA DE CAMA | precio_unitario_raw=60000.0 | total_raw=63000.0
1085,15,310,1.0,FIJO,,,,,,False,unidad_raw=CON EL 5% | seccion=SECCION PINTURA Y PREPARADA DE CAMA | precio_unitario_raw=30000.0 | total_raw=31500.0
1086,15,356,1.0,VOLUMEN,,,,,,False,unidad_raw=GALON | seccion=SECCION PINTURA Y PREPARADA DE CAMA | precio_unitario_raw=55000.0 | total_raw=55000.0
1087,15,251,1.0,FIJO,,,,,,False,unidad_raw=unidades | seccion=SECCION PINTURA Y PREPARADA DE CAMA | precio_unitario_raw=2000.0 | total_raw=2000.0
1088,15,285,1.0,FORMULA,,,,,,False,unidad_raw=galon | seccion=SECCION PINTURA Y PREPARADA DE CAMA | total_raw=0.0
1089,15,250,1.0,FIJO,,,,,,False,unidad_raw=unidad | seccion=SECCION PINTURA Y PREPARADA DE CAMA | precio_unitario_raw=2000.0 | total_raw=2000.0
1090,15,246,1.0,FIJO,,,,,,False,unidad_raw=unidad | seccion=SECCION PINTURA Y PREPARADA DE CAMA | precio_unitario_raw=2000.0 | total_raw=2000.0
1091,15,205,4.5,VOLUMEN,,,,,,False,unidad_raw=GALON | seccion=SECCION PINTURA Y PREPARADA DE CAMA | precio_unitario_raw=21000.0 | total_raw=94500.0
1092,15,199,1.0,VOLUMEN,,,,,,False,unidad_raw=litro | seccion=SECCION PINTURA Y PREPARADA DE CAMA | precio_unitario_raw=18000.0 | total_raw=18000.0
1093,15,59,5.0,VOLUMEN,,,,,,False,unidad_raw=PISTOLADA | seccion=SECCION PINTURA Y PREPARADA DE CAMA | precio_unitario_raw=19000.0 | total_raw=95000.0
1094,15,402,1.0,FORMULA,,,,,,False,unidad_raw=galon | seccion=SECCION PINTURA Y PREPARADA DE CAMA | total_raw=0.0
1095,15,169,1.0,FORMULA,,,,,,False,unidad_raw=LITRO | seccion=SECCION PINTURA Y PREPARADA DE CAMA | total_raw=0.0
1096,15,341,1.0,FORMULA,,,,,,False,unidad_raw=LITRO | seccion=SECCION PINTURA Y PREPARADA DE CAMA | total_raw=0.0
1097,15,200,1.0,FORMULA,,,,,,False,unidad_raw=PISTOLADA | seccion=SECCION PINTURA Y PREPARADA DE CAMA | precio_unitario_raw=22000.0 | total_raw=0.0
1098,15,174,1.0,FORMULA,,,,,,False,seccion=SECCION PINTURA Y PREPARADA DE CAMA | total_raw=36300.0
1099,15,177,1.0,FIJO,,,,,,False,unidad_raw=unidades | seccion=SECCION TERMINACION | precio_unitario_raw=160000.0 | total_raw=160000.0
1100,15,238,1.0,FIJO,,,,,,False,unidad_raw=PAR | seccion=SECCION TERMINACION | precio_unitario_raw=2500.0 | total_raw=2500.0
1101,15,294,15.0,FORMULA,,,,,,False,unidad_raw=unidades | seccion=SECCION TERMINACION | precio_unitario_raw=9000.0 | total_raw=135000.0
1102,15,410,64.0,ESPACIADO,,,,,,False,unidad_raw=unidades | seccion=SECCION TERMINACION | precio_unitario_raw=100.0 | total_raw=6400.0
1103,15,95,1.0,FIJO,,,,,,False,unidad_raw=unidades | seccion=SECCION TERMINACION | precio_unitario_raw=150000.0 | total_raw=150000.0
1104,15,352,1.0,FORMULA,,,,,,False,seccion=SECCION TERMINACION | total_raw=0.0
1105,15,257,1.0,FORMULA,,,,,,False,unidad_raw=CMS | seccion=SECCION TERMINACION | precio_unitario_raw=140.0 | total_raw=0.0
1106,15,163,1.0,FORMULA,,,,,,False,unidad_raw=DE 2X2 | seccion=SECCION TERMINACION | precio_unitario_raw=42000.0 | total_raw=0.0
1107,15,366,1.0,FORMULA,,,,,,False,unidad_raw=unidades | seccion=SECCION TERMINACION | precio_unitario_raw=40000.0 | total_raw=0.0
1108,15,49,1.0,FORMULA,,,,,,False,unidad_raw=LITRO | seccion=SECCION TERMINACION | precio_unitario_raw=19000.0 | total_raw=0.0
1109,15,423,1.0,FIJO,,,,,,False,unidad_raw=unidades | seccion=SECCION TERMINACION | precio_unitario_raw=100.0 | total_raw=0.0
1110,15,33,1.0,FIJO,,,,,,False,unidad_raw=TIRAS | seccion=SECCION TERMINACION | precio_unitario_raw=2000.0 | total_raw=0.0
1111,15,304,1.0,FORMULA,,,,,,False,unidad_raw=METROS | seccion=SECCION TERMINACION | precio_unitario_raw=5000.0 | total_raw=0.0
1112,15,370,5.5,AREA,,,,,,False,unidad_raw=METROS | seccion=SECCION TAPICERIA | precio_unitario_raw=38000.0 | total_raw=209000.0
1113,15,154,1.0,FORMULA,,,,,,False,seccion=SECCION TAPICERIA | precio_unitario_raw=500.0 | total_raw=0.0
1114,15,48,5.0,LINEAL,,,,,,False,unidad_raw=METROS | seccion=SECCION TAPICERIA | precio_unitario_raw=600.0 | total_raw=3000.0
1115,15,180,0.5,ESPACIADO,,,,,,False,unidad_raw=CAJA DE GRAPAS | seccion=SECCION TAPICERIA | precio_unitario_raw=10000.0 | total_raw=5000.0
1116,15,148,1.0,AREA,,,,,,False,unidad_raw=METROS | seccion=SECCION TAPICERIA | precio_unitario_raw=18000.0 | total_raw=18000.0
1117,15,419,1.0,FIJO,,,,,,False,unidad_raw=UNIDADES | seccion=SECCION TAPICERIA | precio_unitario_raw=100.0 | total_raw=0.0
1118,15,133,1.0,FORMULA,,,,,,False,unidad_raw=UNIDADES | seccion=SECCION TAPICERIA | precio_unitario_raw=20000.0 | total_raw=0.0
1119,15,22,1.0,FORMULA,,,,,,False,unidad_raw=ROLLO | seccion=SECCION TAPICERIA | precio_unitario_raw=15000.0 | total_raw=0.0
1120,15,43,4.0,LINEAL,,,,,,False,unidad_raw=MTS | seccion=SECCION TAPICERIA | precio_unitario_raw=1000.0 | total_raw=4000.0
1121,15,87,4.0,AREA,,,,,,False,unidad_raw=METROS | seccion=SECCION TAPICERIA | precio_unitario_raw=3000.0 | total_raw=12000.0
1122,15,195,1.0,FIJO,,,,,,False,seccion=SECCION TAPICERIA | precio_unitario_raw=4000.0 | total_raw=4000.0
1123,15,148,1.0,FORMULA,,,,,,False,unidad_raw=UNIIDAD | seccion=SECCION TAPICERIA | total_raw=0.0
1124,15,359,1.0,VOLUMEN,,,,,,False,unidad_raw=LITRO | seccion=SECCION TAPICERIA | precio_unitario_raw=16250.0 | total_raw=16250.0
1125,15,165,1.5,LINEAL,,,,,,False,unidad_raw=CM | seccion=SECCION TAPICERIA | precio_unitario_raw=14000.0 | total_raw=21000.0
1126,15,184,1.0,FIJO,,,,,,False,seccion=SECCION TAPICERIA | precio_unitario_raw=84000.0 | total_raw=84000.0
1127,15,340,3.0,FORMULA,,,,,,False,unidad_raw=KG | seccion=SECCION TAPICERIA | precio_unitario_raw=14000.0 | total_raw=42000.0
1128,16,254,232.0,LINEAL,,,,,,False,unidad_raw=CMS | precio_unitario_raw=135.0 | total_raw=31320.0
1129,16,217,0.225,AREA,,,,,,False,unidad_raw=Unidad | precio_unitario_raw=136000.0 | total_raw=30600.0
1130,16,207,0.25,AREA,,,,,,False,unidad_raw=Unidad | precio_unitario_raw=207000.0 | total_raw=51750.0
1131,16,213,0.2,AREA,,,,,,False,unidad_raw=Unidad | precio_unitario_raw=65000.0 | total_raw=13000.0
1132,16,49,0.3,FORMULA,,,,,,False,unidad_raw=Unidad | precio_unitario_raw=14000.0 | total_raw=4200.0
1133,16,180,1.0,ESPACIADO,,,,,,False,unidad_raw=Unidad | precio_unitario_raw=540.0 | total_raw=540.0
1134,16,38,1.0,ESPACIADO,,,,,,False,unidad_raw=TIRA | precio_unitario_raw=1000.0 | total_raw=1000.0
1135,16,423,15.0,ESPACIADO,,,,,,False,unidad_raw=Unidad | precio_unitario_raw=100.0 | total_raw=1500.0
1136,16,89,1.0,FIJO,,,,,,False,unidad_raw=0.05 | precio_unitario_raw=100000.0 | total_raw=105000.0
1137,16,172,1.0,FORMULA,,,,,,False,total_raw=23891.0
1138,16,327,1.0,FIJO,,,,,,False,unidad_raw=CON EL 5% | seccion=SECCION PINTURA | precio_unitario_raw=35000.0 | total_raw=36750.0
1139,16,308,1.0,FIJO,,,,,,False,unidad_raw=CON EL 5% | seccion=SECCION PINTURA | precio_unitario_raw=35000.0 | total_raw=36750.0
1140,16,356,2.0,VOLUMEN,,,,,,False,unidad_raw=PISTOLADA | seccion=SECCION PINTURA | precio_unitario_raw=18000.0 | total_raw=36000.0
1141,16,242,1.5,FORMULA,,,,,,False,unidad_raw=unidades | seccion=SECCION PINTURA | precio_unitario_raw=2000.0 | total_raw=3000.0
1142,16,285,0.1,VOLUMEN,,,,,,False,unidad_raw=galon | seccion=SECCION PINTURA | precio_unitario_raw=70000.0 | total_raw=7000.0
1143,16,368,0.3,FORMULA,,,,,,False,unidad_raw=KILOS | seccion=SECCION PINTURA | precio_unitario_raw=2500.0 | total_raw=750.0
1144,16,101,1.0,FORMULA,,,,,,False,seccion=SECCION PINTURA | precio_unitario_raw=13000.0 | total_raw=0.0
1145,16,98,0.1,FORMULA,,,,,,False,unidad_raw=UN POQUITO | seccion=SECCION PINTURA | precio_unitario_raw=160000.0 | total_raw=16000.0
1146,16,401,0.2,VOLUMEN,,,,,,False,unidad_raw=galon | seccion=SECCION PINTURA | precio_unitario_raw=34000.0 | total_raw=6800.0
1147,16,284,1.0,FORMULA,,,,,,False,seccion=SECCION PINTURA | precio_unitario_raw=100000.0
1148,16,50,1.0,VOLUMEN,,,,,,False,unidad_raw=PISTOLADA | seccion=SECCION PINTURA | precio_unitario_raw=18000.0 | total_raw=18000.0
1149,16,169,0.2,FORMULA,,,,,,False,seccion=SECCION PINTURA | precio_unitario_raw=5000.0 | total_raw=5000.0
1150,16,341,0.2,FORMULA,,,,,,False,seccion=SECCION PINTURA | precio_unitario_raw=20000.0 | total_raw=4000.0
1151,16,200,1.0,VOLUMEN,,,,,,False,unidad_raw=PISTOLADA | seccion=SECCION PINTURA | precio_unitario_raw=24000.0 | total_raw=24000.0
1152,16,174,1.0,FORMULA,,,,,,False,seccion=SECCION PINTURA | total_raw=19405.0
1153,16,15,1.0,FORMULA,,,,,,False,unidad_raw=METROS | seccion=SECCION TERMINACION | precio_unitario_raw=2500.0
1154,16,252,1.0,FORMULA,,,,,,False,unidad_raw=unidades | seccion=SECCION TERMINACION | precio_unitario_raw=9000.0
1155,16,19,1.0,FORMULA,,,,,,False,unidad_raw=unidades | seccion=SECCION TERMINACION | total_raw=0.0
1156,16,400,1.0,FORMULA,,,,,,False,unidad_raw=METROS | seccion=SECCION TERMINACION | precio_unitario_raw=1000.0
1157,16,325,1.0,FORMULA,,,,,,False,unidad_raw=unidades | seccion=SECCION TERMINACION | precio_unitario_raw=27000.0
1158,16,25,1.0,FORMULA,,,,,,False,unidad_raw=unidades | seccion=SECCION TERMINACION | total_raw=0.0
1159,16,106,1.0,FORMULA,,,,,,False,unidad_raw=unidades | seccion=SECCION TERMINACION | precio_unitario_raw=60000.0 | total_raw=0.0
1160,16,6,0.0,FORMULA,,,,,,False,unidad_raw=unidades | seccion=SECCION TERMINACION | precio_unitario_raw=5000.0
1161,16,102,1.0,FORMULA,,,,,,False,unidad_raw=1 X 1 | seccion=SECCION TERMINACION | precio_unitario_raw=50000.0
1162,16,323,1.0,FORMULA,,,,,,False,unidad_raw=unidades | seccion=SECCION TERMINACION | precio_unitario_raw=2000.0
1163,16,166,1.0,FIJO,,,,,,False,unidad_raw=PAR | seccion=SECCION TERMINACION | precio_unitario_raw=20000.0
1164,16,70,1.0,FIJO,,,,,,False,unidad_raw=unidades | seccion=SECCION TERMINACION | precio_unitario_raw=20000.0
1165,16,197,1.0,FORMULA,,,,,,False,unidad_raw=unidades | seccion=SECCION TERMINACION | precio_unitario_raw=2000.0
1166,16,95,1.0,FIJO,,,,,,False,unidad_raw=unidades | seccion=SECCION TERMINACION | precio_unitario_raw=20000.0 | total_raw=20000.0
1167,16,352,1.0,FORMULA,,,,,,False,seccion=SECCION TERMINACION | total_raw=0.0
1168,17,255,1300.0,FORMULA,,,,,,False,unidad_raw=APAMATE | precio_unitario_raw=140.0 | total_raw=182000.0
1169,17,269,0.4,AREA,,,,,,False,unidad_raw=3 PEASOS DE 49X49 | precio_unitario_raw=65000.0 | total_raw=26000.0
1170,17,196,0.0,AREA,,,,,,False,unidad_raw=Unidad | precio_unitario_raw=160000.0 | total_raw=0.0
1171,17,221,1.0,FORMULA,,,,,,False,unidad_raw=Unidad | precio_unitario_raw=210000.0 | total_raw=0.0
1172,17,359,1.0,FORMULA,,,,,,False,unidad_raw=LITROS | precio_unitario_raw=19000.0 | total_raw=0.0
1173,17,49,1.0,VOLUMEN,,,,,,False,unidad_raw=LITROS | precio_unitario_raw=14000.0 | total_raw=14000.0
1174,17,180,15.0,ESPACIADO,,,,,,False,unidad_raw=Unidad | precio_unitario_raw=600.0 | total_raw=9000.0
1175,17,70,1.0,FIJO,,,,,,False,unidad_raw=UNITARIO | precio_unitario_raw=30000.0 | total_raw=0.0
1176,17,38,15.0,ESPACIADO,,,,,,False,unidad_raw=TIRA | precio_unitario_raw=1000.0 | total_raw=15000.0
1177,17,166,1.0,FIJO,,,,,,False,unidad_raw=PAR | precio_unitario_raw=20000.0 | total_raw=20000.0
1178,17,274,1.0,FORMULA,,,,,,False,precio_unitario_raw=136000.0 | total_raw=0.0
1179,17,423,197.0,ESPACIADO,,,,,,False,unidad_raw=Unidad | precio_unitario_raw=100.0 | total_raw=19700.0
1180,17,92,1.0,FORMULA,,,,,,False,total_raw=315000.0
1181,17,171,1.0,FORMULA,,,,,,False,total_raw=73814.0
1182,17,255,468.0,FORMULA,,,,,,False,"unidad_raw=2,10X22X18= 832 2,10X20X15=630 | precio_unitario_raw=140.0 | total_raw=65520.0"
1183,17,272,200.0,AREA,,,,,,False,"unidad_raw=1 PEDAZO DE 1,20X45=54 | precio_unitario_raw=65.0 | total_raw=13000.0"
1184,17,207,250.0,AREA,,,,,,False,"unidad_raw=1 PEDASO DE 1.25 X55=68,75 | precio_unitario_raw=210.0 | total_raw=52500.0"
1185,17,216,175.0,AREA,,,,,,False,"unidad_raw=1 PEDASO DE 1,50X40=60 | precio_unitario_raw=130.0 | total_raw=21875.0"
1186,17,49,2.0,VOLUMEN,,,,,,False,unidad_raw=litros | precio_unitario_raw=14000.0 | total_raw=28000.0
1187,17,180,10.0,ESPACIADO,,,,,,False,unidad_raw=Unidad | precio_unitario_raw=600.0 | total_raw=6000.0
1188,17,42,6.0,ESPACIADO,,,,,,False,unidad_raw=TIRA | precio_unitario_raw=1000.0 | total_raw=6000.0
1189,17,184,2.0,FORMULA,,,,,,False,unidad_raw=PAR | precio_unitario_raw=105000.0 | total_raw=210000.0
1190,17,423,30.0,ESPACIADO,,,,,,False,unidad_raw=Unidad | precio_unitario_raw=100.0 | total_raw=3000.0
1191,17,70,4.0,FORMULA,,,,,,False,unidad_raw=DE CIERRELENTO | precio_unitario_raw=30000.0 | total_raw=120000.0
1192,17,172,1.0,FORMULA,,,,,,False,total_raw=26294.75
1193,17,349,1.0,FORMULA,,,,,DE 2 NOCHEROS,False,seccion=SECCION PINTURA Y PREPARADA DE 2 NOCHEROS
1194,17,331,2.0,FORMULA,,,,,,False,unidad_raw=CON EL 5% | seccion=SECCION PINTURA Y PREPARADA DE 2 NOCHEROS | precio_unitario_raw=36750.0 | total_raw=73500.0
1195,17,310,2.0,FORMULA,,,,,,False,unidad_raw=CON EL 5% | seccion=SECCION PINTURA Y PREPARADA DE 2 NOCHEROS | precio_unitario_raw=36750.0 | total_raw=73500.0
1196,17,356,3.0,VOLUMEN,,,,,,False,unidad_raw=PISTOLADAS | seccion=SECCION PINTURA Y PREPARADA DE 2 NOCHEROS | precio_unitario_raw=18000.0 | total_raw=54000.0
1197,17,251,2.0,FORMULA,,,,,,False,unidad_raw=unidades | seccion=SECCION PINTURA Y PREPARADA DE 2 NOCHEROS | precio_unitario_raw=2000.0 | total_raw=4000.0
1198,17,285,0.1,VOLUMEN,,,,,,False,unidad_raw=galon | seccion=SECCION PINTURA Y PREPARADA DE 2 NOCHEROS | precio_unitario_raw=70000.0 | total_raw=7000.0
1199,17,432,1.0,FORMULA,,,,,,False,unidad_raw=unidad | seccion=SECCION PINTURA Y PREPARADA DE 2 NOCHEROS | precio_unitario_raw=45000.0 | total_raw=0.0
1200,17,368,0.3,FORMULA,,,,,,False,unidad_raw=unidad | seccion=SECCION PINTURA Y PREPARADA DE 2 NOCHEROS | precio_unitario_raw=2500.0 | total_raw=750.0
1201,17,401,0.2,VOLUMEN,,,,,,False,unidad_raw=GALON | seccion=SECCION PINTURA Y PREPARADA DE 2 NOCHEROS | precio_unitario_raw=34000.0 | total_raw=6800.0
1202,17,408,1.0,FORMULA,,,,,,False,unidad_raw=JALADORES | seccion=SECCION PINTURA Y PREPARADA DE 2 NOCHEROS | precio_unitario_raw=3000.0 | total_raw=0.0
1203,17,59,2.5,VOLUMEN,,,,,,False,unidad_raw=PISTOLADA | seccion=SECCION PINTURA Y PREPARADA DE 2 NOCHEROS | precio_unitario_raw=22000.0 | total_raw=55000.0
1204,17,98,0.1,VOLUMEN,,,,,,False,unidad_raw=galon | seccion=SECCION PINTURA Y PREPARADA DE 2 NOCHEROS | precio_unitario_raw=160000.0 | total_raw=16000.0
1205,17,169,0.2,LINEAL,,,,,,False,unidad_raw=ML | seccion=SECCION PINTURA Y PREPARADA DE 2 NOCHEROS | precio_unitario_raw=4500.0 | total_raw=900.0
1206,17,341,0.2,VOLUMEN,,,,,,False,unidad_raw=LITRO | seccion=SECCION PINTURA Y PREPARADA DE 2 NOCHEROS | precio_unitario_raw=20000.0 | total_raw=4000.0
1207,17,200,2.0,VOLUMEN,,,,,,False,unidad_raw=PISTOLADA | seccion=SECCION PINTURA Y PREPARADA DE 2 NOCHEROS | precio_unitario_raw=23000.0 | total_raw=46000.0
1208,17,174,1.0,FORMULA,,,,,,False,seccion=SECCION PINTURA Y PREPARADA DE 2 NOCHEROS | total_raw=34145.0
1209,17,349,1.0,FORMULA,,,,,DE CAMA,False,seccion=SECCION PINTURA Y PREPARADA DE CAMA
1210,17,331,1.0,FORMULA,,,,,,False,unidad_raw=CON EL 5% | seccion=SECCION PINTURA Y PREPARADA DE CAMA | precio_unitario_raw=30000.0
1211,17,310,1.0,FORMULA,,,,,,False,unidad_raw=CON EL 5% | seccion=SECCION PINTURA Y PREPARADA DE CAMA | precio_unitario_raw=20000.0
1212,17,314,4.0,FORMULA,,,,,,False,seccion=SECCION PINTURA Y PREPARADA DE CAMA | precio_unitario_raw=2100.0 | total_raw=8400.0
1213,17,356,1.0,FORMULA,,,,,,False,unidad_raw=PISTOLADAS | seccion=SECCION PINTURA Y PREPARADA DE CAMA | precio_unitario_raw=18000.0 | total_raw=0.0
1214,17,251,1.0,FORMULA,,,,,,False,unidad_raw=unidades | seccion=SECCION PINTURA Y PREPARADA DE CAMA | precio_unitario_raw=2000.0 | total_raw=0.0
1215,17,285,1.0,FORMULA,,,,,,False,unidad_raw=galon | seccion=SECCION PINTURA Y PREPARADA DE CAMA | total_raw=0.0
1216,17,250,1.0,FORMULA,,,,,,False,unidad_raw=unidad | seccion=SECCION PINTURA Y PREPARADA DE CAMA | precio_unitario_raw=2000.0 | total_raw=0.0
1217,17,246,1.0,FORMULA,,,,,,False,unidad_raw=unidad | seccion=SECCION PINTURA Y PREPARADA DE CAMA | precio_unitario_raw=2000.0 | total_raw=0.0
1218,17,205,1.0,FORMULA,,,,,,False,unidad_raw=GALON | seccion=SECCION PINTURA Y PREPARADA DE CAMA | precio_unitario_raw=23000.0 | total_raw=0.0
1219,17,199,1.0,FORMULA,,,,,,False,unidad_raw=litro | seccion=SECCION PINTURA Y PREPARADA DE CAMA | precio_unitario_raw=18000.0 | total_raw=0.0
1220,17,59,1.0,FORMULA,,,,,,False,unidad_raw=PISTOLADA | seccion=SECCION PINTURA Y PREPARADA DE CAMA | precio_unitario_raw=19000.0 | total_raw=0.0
1221,17,402,1.0,FORMULA,,,,,,False,unidad_raw=galon | seccion=SECCION PINTURA Y PREPARADA DE CAMA | total_raw=0.0
1222,17,169,1.0,FORMULA,,,,,,False,unidad_raw=LITRO | seccion=SECCION PINTURA Y PREPARADA DE CAMA | precio_unitario_raw=4.5 | total_raw=0.0
1223,17,341,1.0,FORMULA,,,,,,False,unidad_raw=LITRO | seccion=SECCION PINTURA Y PREPARADA DE CAMA | total_raw=0.0
1224,17,200,1.0,FORMULA,,,,,,False,unidad_raw=PISTOLADA | seccion=SECCION PINTURA Y PREPARADA DE CAMA | precio_unitario_raw=22000.0 | total_raw=0.0
1225,17,46,210.0,LINEAL,,,,,,False,unidad_raw=187 CENTIMETROS | seccion=SECCION TERMINACION | precio_unitario_raw=140.0 | total_raw=29400.0
1226,17,282,1.0,FIJO,,,,,,False,unidad_raw=PAR | seccion=SECCION TERMINACION | precio_unitario_raw=6000.0 | total_raw=6000.0
1227,17,293,4.0,FORMULA,,,,,,False,unidad_raw=unidades | seccion=SECCION TERMINACION | precio_unitario_raw=17500.0 | total_raw=70000.0
1228,17,410,16.0,ESPACIADO,,,,,,False,unidad_raw=unidades | seccion=SECCION TERMINACION | precio_unitario_raw=100.0 | total_raw=1600.0
1229,17,95,1.0,FIJO,,,,,,False,unidad_raw=unidades | seccion=SECCION TERMINACION | precio_unitario_raw=150000.0 | total_raw=150000.0
1230,17,352,1.0,FORMULA,,,,,,False,seccion=SECCION TERMINACION | total_raw=0.0
1231,17,257,1277.0,FORMULA,,,,,,False,unidad_raw=2X25X15 | seccion=SECCION TERMINACION | precio_unitario_raw=140.0 | total_raw=178780.0
1232,17,163,1.0,FIJO,,,,,,False,unidad_raw=DE 2X2 | seccion=SECCION TERMINACION | precio_unitario_raw=42000.0 | total_raw=42000.0
1233,17,274,1.0,FORMULA,,,,,,False,unidad_raw=unidades | seccion=SECCION TERMINACION | precio_unitario_raw=140000.0 | total_raw=0.0
1234,17,49,0.5,VOLUMEN,,,,,,False,unidad_raw=LITRO | seccion=SECCION TERMINACION | precio_unitario_raw=14000.0 | total_raw=7000.0
1235,17,423,50.0,ESPACIADO,,,,,,False,unidad_raw=unidades | seccion=SECCION TERMINACION | precio_unitario_raw=100.0 | total_raw=5000.0
1236,17,33,2.0,ESPACIADO,,,,,,False,unidad_raw=TIRAS | seccion=SECCION TERMINACION | precio_unitario_raw=600.0 | total_raw=1200.0
1237,17,304,2.0,LINEAL,,,,,,False,unidad_raw=METROS | seccion=SECCION TERMINACION | precio_unitario_raw=3500.0 | total_raw=7000.0
1238,17,370,11.0,AREA,,,,,,False,unidad_raw=METROS | seccion=SECCION TAPICERIA | precio_unitario_raw=34000.0 | total_raw=374000.0
1239,17,7,1.0,FORMULA,,,,,,False,seccion=SECCION TAPICERIA | precio_unitario_raw=15000.0 | total_raw=0.0
1240,17,179,1.0,FORMULA,,,,,,False,unidad_raw=METROS | seccion=SECCION TAPICERIA | precio_unitario_raw=53000.0 | total_raw=0.0
1241,17,48,4.0,LINEAL,,,,,,False,unidad_raw=METROS | seccion=SECCION TAPICERIA | precio_unitario_raw=1000.0 | total_raw=4000.0
1242,17,180,0.5,ESPACIADO,,,,,,False,unidad_raw=CAJA DE GRAPAS | seccion=SECCION TAPICERIA | precio_unitario_raw=12000.0 | total_raw=6000.0
1243,17,307,3.0,FORMULA,,,,,,False,unidad_raw=KILOS | seccion=SECCION TAPICERIA | precio_unitario_raw=15000.0 | total_raw=45000.0
1244,17,419,30.0,ESPACIADO,,,,,,False,unidad_raw=UNIDADES | seccion=SECCION TAPICERIA | precio_unitario_raw=100.0 | total_raw=3000.0
1245,17,133,1.17,AREA,,,,,,False,unidad_raw=UNIDADES | seccion=SECCION TAPICERIA | precio_unitario_raw=30000.0 | total_raw=35100.0
1246,17,137,1.0,AREA,,,,,,False,unidad_raw=UNIDADES | seccion=SECCION TAPICERIA | precio_unitario_raw=20000.0 | total_raw=20000.0
1247,17,149,1.0,FORMULA,,,,,,False,unidad_raw=UNIDAD | seccion=SECCION TAPICERIA | precio_unitario_raw=18700.0 | total_raw=0.0
1248,17,26,2.5,LINEAL,,,,,,False,unidad_raw=MTS | seccion=SECCION TAPICERIA | precio_unitario_raw=5000.0 | total_raw=12500.0
1249,17,87,4.5,AREA,,,,,,False,unidad_raw=METROS | seccion=SECCION TAPICERIA | precio_unitario_raw=4000.0 | total_raw=18000.0
1250,17,239,2.0,LINEAL,,,,,,False,unidad_raw=METROS | seccion=SECCION TAPICERIA | precio_unitario_raw=4000.0 | total_raw=8000.0
1251,17,195,0.5,FORMULA,,,,,,False,seccion=SECCION TAPICERIA | precio_unitario_raw=25000.0 | total_raw=12500.0
1252,17,181,1.0,FIJO,,,,,,False,unidad_raw=KILO | seccion=SECCION TAPICERIA | precio_unitario_raw=15000.0 | total_raw=15000.0
1253,17,359,0.6,VOLUMEN,,,,,,False,unidad_raw=LITRO | seccion=SECCION TAPICERIA | precio_unitario_raw=15000.0 | total_raw=9000.0
1254,17,3,3.0,LINEAL,,,,,,False,unidad_raw=CM | seccion=SECCION TAPICERIA | precio_unitario_raw=15000.0 | total_raw=45000.0
1255,17,184,1.0,FIJO,,,,,,False,seccion=SECCION TAPICERIA | precio_unitario_raw=210000.0 | total_raw=210000.0
1256,17,27,1.0,FORMULA,,,,,,False,unidad_raw=UNIDADES | seccion=SECCION TAPICERIA | precio_unitario_raw=600.0 | total_raw=0.0
1257,18,255,1300.0,FORMULA,,,,,,False,unidad_raw=APAMATE | precio_unitario_raw=140.0 | total_raw=182000.0
1258,18,269,0.4,AREA,,,,,,False,unidad_raw=3 PEASOS DE 49X49 | precio_unitario_raw=65000.0 | total_raw=26000.0
1259,18,196,0.0,AREA,,,,,,False,unidad_raw=Unidad | precio_unitario_raw=160000.0 | total_raw=0.0
1260,18,221,1.0,FORMULA,,,,,,False,unidad_raw=Unidad | precio_unitario_raw=210000.0 | total_raw=0.0
1261,18,359,1.0,FORMULA,,,,,,False,unidad_raw=LITROS | precio_unitario_raw=19000.0 | total_raw=0.0
1262,18,49,1.0,VOLUMEN,,,,,,False,unidad_raw=LITROS | precio_unitario_raw=14000.0 | total_raw=14000.0
1263,18,180,15.0,ESPACIADO,,,,,,False,unidad_raw=Unidad | precio_unitario_raw=600.0 | total_raw=9000.0
1264,18,70,1.0,FIJO,,,,,,False,unidad_raw=UNITARIO | precio_unitario_raw=30000.0 | total_raw=0.0
1265,18,38,15.0,ESPACIADO,,,,,,False,unidad_raw=TIRA | precio_unitario_raw=1000.0 | total_raw=15000.0
1266,18,166,1.0,FIJO,,,,,,False,unidad_raw=PAR | precio_unitario_raw=20000.0 | total_raw=20000.0
1267,18,274,1.0,FORMULA,,,,,,False,precio_unitario_raw=136000.0 | total_raw=0.0
1268,18,423,197.0,ESPACIADO,,,,,,False,unidad_raw=Unidad | precio_unitario_raw=100.0 | total_raw=19700.0
1269,18,92,1.0,FORMULA,,,,,,False,total_raw=315000.0
1270,18,171,1.0,FORMULA,,,,,,False,total_raw=73814.0
1271,18,255,468.0,FORMULA,,,,,,False,"unidad_raw=2,10X22X18= 832 2,10X20X15=630 | precio_unitario_raw=140.0 | total_raw=65520.0"
1272,18,272,200.0,AREA,,,,,,False,"unidad_raw=1 PEDAZO DE 1,20X45=54 | precio_unitario_raw=65.0 | total_raw=13000.0"
1273,18,207,250.0,AREA,,,,,,False,"unidad_raw=1 PEDASO DE 1.25 X55=68,75 | precio_unitario_raw=210.0 | total_raw=52500.0"
1274,18,216,175.0,AREA,,,,,,False,"unidad_raw=1 PEDASO DE 1,50X40=60 | precio_unitario_raw=130.0 | total_raw=21875.0"
1275,18,49,2.0,VOLUMEN,,,,,,False,unidad_raw=litros | precio_unitario_raw=14000.0 | total_raw=28000.0
1276,18,180,10.0,ESPACIADO,,,,,,False,unidad_raw=Unidad | precio_unitario_raw=600.0 | total_raw=6000.0
1277,18,42,6.0,ESPACIADO,,,,,,False,unidad_raw=TIRA | precio_unitario_raw=1000.0 | total_raw=6000.0
1278,18,184,2.0,FORMULA,,,,,,False,unidad_raw=PAR | precio_unitario_raw=105000.0 | total_raw=210000.0
1279,18,423,30.0,ESPACIADO,,,,,,False,unidad_raw=Unidad | precio_unitario_raw=100.0 | total_raw=3000.0
1280,18,70,4.0,FORMULA,,,,,,False,unidad_raw=DE CIERRELENTO | precio_unitario_raw=30000.0 | total_raw=120000.0
1281,18,172,1.0,FORMULA,,,,,,False,total_raw=26294.75
1282,18,349,1.0,FORMULA,,,,,DE 2 NOCHEROS,False,seccion=SECCION PINTURA Y PREPARADA DE 2 NOCHEROS
1283,18,331,2.0,FORMULA,,,,,,False,unidad_raw=CON EL 5% | seccion=SECCION PINTURA Y PREPARADA DE 2 NOCHEROS | precio_unitario_raw=36750.0 | total_raw=73500.0
1284,18,310,2.0,FORMULA,,,,,,False,unidad_raw=CON EL 5% | seccion=SECCION PINTURA Y PREPARADA DE 2 NOCHEROS | precio_unitario_raw=36750.0 | total_raw=73500.0
1285,18,356,3.0,VOLUMEN,,,,,,False,unidad_raw=PISTOLADAS | seccion=SECCION PINTURA Y PREPARADA DE 2 NOCHEROS | precio_unitario_raw=18000.0 | total_raw=54000.0
1286,18,251,2.0,FORMULA,,,,,,False,unidad_raw=unidades | seccion=SECCION PINTURA Y PREPARADA DE 2 NOCHEROS | precio_unitario_raw=2000.0 | total_raw=4000.0
1287,18,285,0.1,VOLUMEN,,,,,,False,unidad_raw=galon | seccion=SECCION PINTURA Y PREPARADA DE 2 NOCHEROS | precio_unitario_raw=70000.0 | total_raw=7000.0
1288,18,432,1.0,FORMULA,,,,,,False,unidad_raw=unidad | seccion=SECCION PINTURA Y PREPARADA DE 2 NOCHEROS | precio_unitario_raw=45000.0 | total_raw=0.0
1289,18,368,0.3,FORMULA,,,,,,False,unidad_raw=unidad | seccion=SECCION PINTURA Y PREPARADA DE 2 NOCHEROS | precio_unitario_raw=2500.0 | total_raw=750.0
1290,18,401,0.2,VOLUMEN,,,,,,False,unidad_raw=GALON | seccion=SECCION PINTURA Y PREPARADA DE 2 NOCHEROS | precio_unitario_raw=34000.0 | total_raw=6800.0
1291,18,408,1.0,FORMULA,,,,,,False,unidad_raw=JALADORES | seccion=SECCION PINTURA Y PREPARADA DE 2 NOCHEROS | precio_unitario_raw=3000.0 | total_raw=0.0
1292,18,59,2.5,VOLUMEN,,,,,,False,unidad_raw=PISTOLADA | seccion=SECCION PINTURA Y PREPARADA DE 2 NOCHEROS | precio_unitario_raw=22000.0 | total_raw=55000.0
1293,18,98,0.1,VOLUMEN,,,,,,False,unidad_raw=galon | seccion=SECCION PINTURA Y PREPARADA DE 2 NOCHEROS | precio_unitario_raw=160000.0 | total_raw=16000.0
1294,18,169,0.2,LINEAL,,,,,,False,unidad_raw=ML | seccion=SECCION PINTURA Y PREPARADA DE 2 NOCHEROS | precio_unitario_raw=4500.0 | total_raw=900.0
1295,18,341,0.2,VOLUMEN,,,,,,False,unidad_raw=LITRO | seccion=SECCION PINTURA Y PREPARADA DE 2 NOCHEROS | precio_unitario_raw=20000.0 | total_raw=4000.0
1296,18,200,2.0,VOLUMEN,,,,,,False,unidad_raw=PISTOLADA | seccion=SECCION PINTURA Y PREPARADA DE 2 NOCHEROS | precio_unitario_raw=23000.0 | total_raw=46000.0
1297,18,174,1.0,FORMULA,,,,,,False,seccion=SECCION PINTURA Y PREPARADA DE 2 NOCHEROS | total_raw=34145.0
1298,18,349,1.0,FORMULA,,,,,DE CAMA,False,seccion=SECCION PINTURA Y PREPARADA DE CAMA
1299,18,331,1.0,FORMULA,,,,,,False,unidad_raw=CON EL 5% | seccion=SECCION PINTURA Y PREPARADA DE CAMA | precio_unitario_raw=30000.0
1300,18,310,1.0,FORMULA,,,,,,False,unidad_raw=CON EL 5% | seccion=SECCION PINTURA Y PREPARADA DE CAMA | precio_unitario_raw=20000.0
1301,18,314,4.0,FORMULA,,,,,,False,seccion=SECCION PINTURA Y PREPARADA DE CAMA | precio_unitario_raw=2100.0 | total_raw=8400.0
1302,18,356,1.0,FORMULA,,,,,,False,unidad_raw=PISTOLADAS | seccion=SECCION PINTURA Y PREPARADA DE CAMA | precio_unitario_raw=18000.0 | total_raw=0.0
1303,18,251,1.0,FORMULA,,,,,,False,unidad_raw=unidades | seccion=SECCION PINTURA Y PREPARADA DE CAMA | precio_unitario_raw=2000.0 | total_raw=0.0
1304,18,285,1.0,FORMULA,,,,,,False,unidad_raw=galon | seccion=SECCION PINTURA Y PREPARADA DE CAMA | total_raw=0.0
1305,18,250,1.0,FORMULA,,,,,,False,unidad_raw=unidad | seccion=SECCION PINTURA Y PREPARADA DE CAMA | precio_unitario_raw=2000.0 | total_raw=0.0
1306,18,246,1.0,FORMULA,,,,,,False,unidad_raw=unidad | seccion=SECCION PINTURA Y PREPARADA DE CAMA | precio_unitario_raw=2000.0 | total_raw=0.0
1307,18,205,1.0,FORMULA,,,,,,False,unidad_raw=GALON | seccion=SECCION PINTURA Y PREPARADA DE CAMA | precio_unitario_raw=23000.0 | total_raw=0.0
1308,18,199,1.0,FORMULA,,,,,,False,unidad_raw=litro | seccion=SECCION PINTURA Y PREPARADA DE CAMA | precio_unitario_raw=18000.0 | total_raw=0.0
1309,18,59,1.0,FORMULA,,,,,,False,unidad_raw=PISTOLADA | seccion=SECCION PINTURA Y PREPARADA DE CAMA | precio_unitario_raw=19000.0 | total_raw=0.0
1310,18,402,1.0,FORMULA,,,,,,False,unidad_raw=galon | seccion=SECCION PINTURA Y PREPARADA DE CAMA | total_raw=0.0
1311,18,169,1.0,FORMULA,,,,,,False,unidad_raw=LITRO | seccion=SECCION PINTURA Y PREPARADA DE CAMA | precio_unitario_raw=4.5 | total_raw=0.0
1312,18,341,1.0,FORMULA,,,,,,False,unidad_raw=LITRO | seccion=SECCION PINTURA Y PREPARADA DE CAMA | total_raw=0.0
1313,18,200,1.0,FORMULA,,,,,,False,unidad_raw=PISTOLADA | seccion=SECCION PINTURA Y PREPARADA DE CAMA | precio_unitario_raw=22000.0 | total_raw=0.0
1314,18,46,210.0,LINEAL,,,,,,False,unidad_raw=187 CENTIMETROS | seccion=SECCION TERMINACION | precio_unitario_raw=140.0 | total_raw=29400.0
1315,18,282,1.0,FIJO,,,,,,False,unidad_raw=PAR | seccion=SECCION TERMINACION | precio_unitario_raw=6000.0 | total_raw=6000.0
1316,18,293,4.0,FORMULA,,,,,,False,unidad_raw=unidades | seccion=SECCION TERMINACION | precio_unitario_raw=17500.0 | total_raw=70000.0
1317,18,410,16.0,ESPACIADO,,,,,,False,unidad_raw=unidades | seccion=SECCION TERMINACION | precio_unitario_raw=100.0 | total_raw=1600.0
1318,18,95,1.0,FIJO,,,,,,False,unidad_raw=unidades | seccion=SECCION TERMINACION | precio_unitario_raw=150000.0 | total_raw=150000.0
1319,18,352,1.0,FORMULA,,,,,,False,seccion=SECCION TERMINACION | total_raw=0.0
1320,18,257,1277.0,FORMULA,,,,,,False,unidad_raw=2X25X15 | seccion=SECCION TERMINACION | precio_unitario_raw=140.0 | total_raw=178780.0
1321,18,163,1.0,FIJO,,,,,,False,unidad_raw=DE 2X2 | seccion=SECCION TERMINACION | precio_unitario_raw=42000.0 | total_raw=42000.0
1322,18,274,1.0,FORMULA,,,,,,False,unidad_raw=unidades | seccion=SECCION TERMINACION | precio_unitario_raw=140000.0 | total_raw=0.0
1323,18,49,0.5,VOLUMEN,,,,,,False,unidad_raw=LITRO | seccion=SECCION TERMINACION | precio_unitario_raw=14000.0 | total_raw=7000.0
1324,18,423,50.0,ESPACIADO,,,,,,False,unidad_raw=unidades | seccion=SECCION TERMINACION | precio_unitario_raw=100.0 | total_raw=5000.0
1325,18,33,2.0,ESPACIADO,,,,,,False,unidad_raw=TIRAS | seccion=SECCION TERMINACION | precio_unitario_raw=600.0 | total_raw=1200.0
1326,18,304,2.0,LINEAL,,,,,,False,unidad_raw=METROS | seccion=SECCION TERMINACION | precio_unitario_raw=3500.0 | total_raw=7000.0
1327,18,370,11.6,AREA,,,,,,False,unidad_raw=METROS | seccion=SECCION TAPICERIA | precio_unitario_raw=34000.0 | total_raw=394400.0
1328,18,7,1.0,FORMULA,,,,,,False,seccion=SECCION TAPICERIA | precio_unitario_raw=15000.0 | total_raw=0.0
1329,18,179,1.0,FORMULA,,,,,,False,unidad_raw=METROS | seccion=SECCION TAPICERIA | precio_unitario_raw=53000.0 | total_raw=0.0
1330,18,48,4.0,LINEAL,,,,,,False,unidad_raw=METROS | seccion=SECCION TAPICERIA | precio_unitario_raw=1000.0 | total_raw=4000.0
1331,18,180,0.5,ESPACIADO,,,,,,False,unidad_raw=CAJA DE GRAPAS | seccion=SECCION TAPICERIA | precio_unitario_raw=12000.0 | total_raw=6000.0
1332,18,123,1.34,AREA,,,,,,False,unidad_raw=LAMINA | seccion=SECCION TAPICERIA | precio_unitario_raw=41000.0 | total_raw=54940.0
1333,18,419,30.0,ESPACIADO,,,,,,False,unidad_raw=UNIDADES | seccion=SECCION TAPICERIA | precio_unitario_raw=100.0 | total_raw=3000.0
1334,18,133,1.17,AREA,,,,,,False,unidad_raw=UNIDADES | seccion=SECCION TAPICERIA | precio_unitario_raw=20000.0 | total_raw=23400.0
1335,18,137,1.0,AREA,,,,,,False,unidad_raw=UNIDADES | seccion=SECCION TAPICERIA | precio_unitario_raw=20000.0 | total_raw=20000.0
1336,18,149,1.0,FORMULA,,,,,,False,unidad_raw=UNIDAD | seccion=SECCION TAPICERIA | precio_unitario_raw=18700.0 | total_raw=0.0
1337,18,26,2.5,LINEAL,,,,,,False,unidad_raw=MTS | seccion=SECCION TAPICERIA | precio_unitario_raw=5000.0 | total_raw=12500.0
1338,18,87,4.0,AREA,,,,,,False,unidad_raw=METROS | seccion=SECCION TAPICERIA | precio_unitario_raw=4000.0 | total_raw=16000.0
1339,18,239,2.0,LINEAL,,,,,,False,unidad_raw=METROS | seccion=SECCION TAPICERIA | precio_unitario_raw=4000.0 | total_raw=8000.0
1340,18,195,0.5,FORMULA,,,,,,False,seccion=SECCION TAPICERIA | precio_unitario_raw=25000.0 | total_raw=12500.0
1341,18,307,1.0,FORMULA,,,,,,False,unidad_raw=KILO | seccion=SECCION TAPICERIA | precio_unitario_raw=15000.0 | total_raw=0.0
1342,18,359,0.6,VOLUMEN,,,,,,False,unidad_raw=LITRO | seccion=SECCION TAPICERIA | precio_unitario_raw=15000.0 | total_raw=9000.0
1343,18,3,1.0,FORMULA,,,,,,False,unidad_raw=CM | seccion=SECCION TAPICERIA | precio_unitario_raw=15000.0 | total_raw=0.0
1344,18,184,1.0,FIJO,,,,,,False,seccion=SECCION TAPICERIA | precio_unitario_raw=210000.0 | total_raw=210000.0
1345,18,27,1.0,FORMULA,,,,,,False,unidad_raw=UNIDADES | seccion=SECCION TAPICERIA | precio_unitario_raw=600.0 | total_raw=0.0
1346,19,255,1872.0,FORMULA,,,,,,False,unidad_raw=APAMATE | precio_unitario_raw=140.0 | total_raw=262080.0
1347,19,269,0.75,AREA,,,,,,False,unidad_raw=3 PEASOS DE 49X49 | precio_unitario_raw=65000.0 | total_raw=48750.0
1348,19,196,0.0,AREA,,,,,,False,unidad_raw=Unidad | precio_unitario_raw=160000.0 | total_raw=0.0
1349,19,221,0.5,AREA,,,,,,False,unidad_raw=MDF | precio_unitario_raw=210000.0 | total_raw=105000.0
1350,19,359,1.0,FORMULA,,,,,,False,unidad_raw=LITROS | precio_unitario_raw=19000.0 | total_raw=0.0
1351,19,49,1.0,VOLUMEN,,,,,,False,unidad_raw=LITROS | precio_unitario_raw=14000.0 | total_raw=14000.0
1352,19,180,15.0,ESPACIADO,,,,,,False,unidad_raw=Unidad | precio_unitario_raw=600.0 | total_raw=9000.0
1353,19,70,1.0,FIJO,,,,,,False,unidad_raw=UNITARIO | precio_unitario_raw=30000.0 | total_raw=0.0
1354,19,38,15.0,ESPACIADO,,,,,,False,unidad_raw=TIRA | precio_unitario_raw=1000.0 | total_raw=15000.0
1355,19,166,1.0,FIJO,,,,,,False,unidad_raw=PAR | precio_unitario_raw=20000.0 | total_raw=20000.0
1356,19,274,1.0,FORMULA,,,,,,False,precio_unitario_raw=136000.0 | total_raw=0.0
1357,19,423,197.0,ESPACIADO,,,,,,False,unidad_raw=Unidad | precio_unitario_raw=100.0 | total_raw=19700.0
1358,19,92,1.0,FORMULA,,,,,,False,total_raw=315000.0
1359,19,171,1.0,FORMULA,,,,,,False,total_raw=73814.0
1360,19,255,468.0,FORMULA,,,,,,False,"unidad_raw=2,10X22X18= 832 2,10X20X15=630 | precio_unitario_raw=140.0 | total_raw=65520.0"
1361,19,272,200.0,AREA,,,,,,False,"unidad_raw=1 PEDAZO DE 1,20X45=54 | precio_unitario_raw=65.0 | total_raw=13000.0"
1362,19,207,250.0,AREA,,,,,,False,"unidad_raw=1 PEDASO DE 1.25 X55=68,75 | precio_unitario_raw=210.0 | total_raw=52500.0"
1363,19,216,175.0,AREA,,,,,,False,"unidad_raw=1 PEDASO DE 1,50X40=60 | precio_unitario_raw=130.0 | total_raw=21875.0"
1364,19,49,2.0,VOLUMEN,,,,,,False,unidad_raw=litros | precio_unitario_raw=14000.0 | total_raw=28000.0
1365,19,180,10.0,ESPACIADO,,,,,,False,unidad_raw=Unidad | precio_unitario_raw=600.0 | total_raw=6000.0
1366,19,42,6.0,ESPACIADO,,,,,,False,unidad_raw=TIRA | precio_unitario_raw=1000.0 | total_raw=6000.0
1367,19,184,2.0,FORMULA,,,,,,False,unidad_raw=PAR | precio_unitario_raw=105000.0 | total_raw=210000.0
1368,19,423,30.0,ESPACIADO,,,,,,False,unidad_raw=Unidad | precio_unitario_raw=100.0 | total_raw=3000.0
1369,19,70,4.0,FORMULA,,,,,,False,unidad_raw=DE CIERRELENTO | precio_unitario_raw=30000.0 | total_raw=120000.0
1370,19,172,1.0,FORMULA,,,,,,False,total_raw=26294.75
1371,19,349,1.0,FORMULA,,,,,DE 2 NOCHEROS,False,seccion=SECCION PINTURA Y PREPARADA DE 2 NOCHEROS
1372,19,331,2.0,FORMULA,,,,,,False,unidad_raw=CON EL 5% | seccion=SECCION PINTURA Y PREPARADA DE 2 NOCHEROS | precio_unitario_raw=36750.0 | total_raw=73500.0
1373,19,310,2.0,FORMULA,,,,,,False,unidad_raw=CON EL 5% | seccion=SECCION PINTURA Y PREPARADA DE 2 NOCHEROS | precio_unitario_raw=36750.0 | total_raw=73500.0
1374,19,356,3.0,VOLUMEN,,,,,,False,unidad_raw=PISTOLADAS | seccion=SECCION PINTURA Y PREPARADA DE 2 NOCHEROS | precio_unitario_raw=18000.0 | total_raw=54000.0
1375,19,251,2.0,FORMULA,,,,,,False,unidad_raw=unidades | seccion=SECCION PINTURA Y PREPARADA DE 2 NOCHEROS | precio_unitario_raw=2000.0 | total_raw=4000.0
1376,19,285,0.1,VOLUMEN,,,,,,False,unidad_raw=galon | seccion=SECCION PINTURA Y PREPARADA DE 2 NOCHEROS | precio_unitario_raw=70000.0 | total_raw=7000.0
1377,19,432,1.0,FORMULA,,,,,,False,unidad_raw=unidad | seccion=SECCION PINTURA Y PREPARADA DE 2 NOCHEROS | precio_unitario_raw=45000.0 | total_raw=0.0
1378,19,368,0.3,FORMULA,,,,,,False,unidad_raw=unidad | seccion=SECCION PINTURA Y PREPARADA DE 2 NOCHEROS | precio_unitario_raw=2500.0 | total_raw=750.0
1379,19,401,0.2,VOLUMEN,,,,,,False,unidad_raw=GALON | seccion=SECCION PINTURA Y PREPARADA DE 2 NOCHEROS | precio_unitario_raw=34000.0 | total_raw=6800.0
1380,19,408,1.0,FORMULA,,,,,,False,unidad_raw=JALADORES | seccion=SECCION PINTURA Y PREPARADA DE 2 NOCHEROS | precio_unitario_raw=3000.0 | total_raw=0.0
1381,19,59,2.5,VOLUMEN,,,,,,False,unidad_raw=PISTOLADA | seccion=SECCION PINTURA Y PREPARADA DE 2 NOCHEROS | precio_unitario_raw=22000.0 | total_raw=55000.0
1382,19,98,0.1,VOLUMEN,,,,,,False,unidad_raw=galon | seccion=SECCION PINTURA Y PREPARADA DE 2 NOCHEROS | precio_unitario_raw=160000.0 | total_raw=16000.0
1383,19,169,0.2,LINEAL,,,,,,False,unidad_raw=ML | seccion=SECCION PINTURA Y PREPARADA DE 2 NOCHEROS | precio_unitario_raw=4500.0 | total_raw=900.0
1384,19,341,0.2,VOLUMEN,,,,,,False,unidad_raw=LITRO | seccion=SECCION PINTURA Y PREPARADA DE 2 NOCHEROS | precio_unitario_raw=20000.0 | total_raw=4000.0
1385,19,200,2.0,VOLUMEN,,,,,,False,unidad_raw=PISTOLADA | seccion=SECCION PINTURA Y PREPARADA DE 2 NOCHEROS | precio_unitario_raw=23000.0 | total_raw=46000.0
1386,19,174,1.0,FORMULA,,,,,,False,seccion=SECCION PINTURA Y PREPARADA DE 2 NOCHEROS | total_raw=34145.0
1387,19,349,1.0,FORMULA,,,,,DE CAMA,False,seccion=SECCION PINTURA Y PREPARADA DE CAMA
1388,19,331,1.0,FORMULA,,,,,,False,unidad_raw=CON EL 5% | seccion=SECCION PINTURA Y PREPARADA DE CAMA | precio_unitario_raw=30000.0
1389,19,310,1.0,FORMULA,,,,,,False,unidad_raw=CON EL 5% | seccion=SECCION PINTURA Y PREPARADA DE CAMA | precio_unitario_raw=20000.0
1390,19,314,4.0,FORMULA,,,,,,False,seccion=SECCION PINTURA Y PREPARADA DE CAMA | precio_unitario_raw=2100.0 | total_raw=8400.0
1391,19,356,1.0,FORMULA,,,,,,False,unidad_raw=PISTOLADAS | seccion=SECCION PINTURA Y PREPARADA DE CAMA | precio_unitario_raw=18000.0 | total_raw=0.0
1392,19,251,1.0,FORMULA,,,,,,False,unidad_raw=unidades | seccion=SECCION PINTURA Y PREPARADA DE CAMA | precio_unitario_raw=2000.0 | total_raw=0.0
1393,19,285,1.0,FORMULA,,,,,,False,unidad_raw=galon | seccion=SECCION PINTURA Y PREPARADA DE CAMA | total_raw=0.0
1394,19,250,1.0,FORMULA,,,,,,False,unidad_raw=unidad | seccion=SECCION PINTURA Y PREPARADA DE CAMA | precio_unitario_raw=2000.0 | total_raw=0.0
1395,19,246,1.0,FORMULA,,,,,,False,unidad_raw=unidad | seccion=SECCION PINTURA Y PREPARADA DE CAMA | precio_unitario_raw=2000.0 | total_raw=0.0
1396,19,205,1.0,FORMULA,,,,,,False,unidad_raw=GALON | seccion=SECCION PINTURA Y PREPARADA DE CAMA | precio_unitario_raw=23000.0 | total_raw=0.0
1397,19,199,1.0,FORMULA,,,,,,False,unidad_raw=litro | seccion=SECCION PINTURA Y PREPARADA DE CAMA | precio_unitario_raw=18000.0 | total_raw=0.0
1398,19,59,1.0,FORMULA,,,,,,False,unidad_raw=PISTOLADA | seccion=SECCION PINTURA Y PREPARADA DE CAMA | precio_unitario_raw=19000.0 | total_raw=0.0
1399,19,402,1.0,FORMULA,,,,,,False,unidad_raw=galon | seccion=SECCION PINTURA Y PREPARADA DE CAMA | total_raw=0.0
1400,19,169,1.0,FORMULA,,,,,,False,unidad_raw=LITRO | seccion=SECCION PINTURA Y PREPARADA DE CAMA | precio_unitario_raw=4.5 | total_raw=0.0
1401,19,341,1.0,FORMULA,,,,,,False,unidad_raw=LITRO | seccion=SECCION PINTURA Y PREPARADA DE CAMA | total_raw=0.0
1402,19,200,1.0,FORMULA,,,,,,False,unidad_raw=PISTOLADA | seccion=SECCION PINTURA Y PREPARADA DE CAMA | precio_unitario_raw=22000.0 | total_raw=0.0
1403,19,46,210.0,LINEAL,,,,,,False,unidad_raw=187 CENTIMETROS | seccion=SECCION TERMINACION | precio_unitario_raw=140.0 | total_raw=29400.0
1404,19,282,1.0,FIJO,,,,,,False,unidad_raw=PAR | seccion=SECCION TERMINACION | precio_unitario_raw=6000.0 | total_raw=6000.0
1405,19,293,4.0,FORMULA,,,,,,False,unidad_raw=unidades | seccion=SECCION TERMINACION | precio_unitario_raw=17500.0 | total_raw=70000.0
1406,19,410,16.0,ESPACIADO,,,,,,False,unidad_raw=unidades | seccion=SECCION TERMINACION | precio_unitario_raw=100.0 | total_raw=1600.0
1407,19,95,1.0,FIJO,,,,,,False,unidad_raw=unidades | seccion=SECCION TERMINACION | precio_unitario_raw=150000.0 | total_raw=150000.0
1408,19,352,1.0,FORMULA,,,,,,False,seccion=SECCION TERMINACION | total_raw=0.0
1409,19,257,1277.0,FORMULA,,,,,,False,unidad_raw=2X25X15 | seccion=SECCION TERMINACION | precio_unitario_raw=140.0 | total_raw=178780.0
1410,19,163,1.0,FIJO,,,,,,False,unidad_raw=DE 2X2 | seccion=SECCION TERMINACION | precio_unitario_raw=42000.0 | total_raw=42000.0
1411,19,274,1.0,FORMULA,,,,,,False,unidad_raw=unidades | seccion=SECCION TERMINACION | precio_unitario_raw=140000.0 | total_raw=0.0
1412,19,49,0.5,VOLUMEN,,,,,,False,unidad_raw=LITRO | seccion=SECCION TERMINACION | precio_unitario_raw=14000.0 | total_raw=7000.0
1413,19,423,50.0,ESPACIADO,,,,,,False,unidad_raw=unidades | seccion=SECCION TERMINACION | precio_unitario_raw=100.0 | total_raw=5000.0
1414,19,33,2.0,ESPACIADO,,,,,,False,unidad_raw=TIRAS | seccion=SECCION TERMINACION | precio_unitario_raw=600.0 | total_raw=1200.0
1415,19,304,2.0,LINEAL,,,,,,False,unidad_raw=METROS | seccion=SECCION TERMINACION | precio_unitario_raw=3500.0 | total_raw=7000.0
1416,19,370,10.0,AREA,,,,,,False,unidad_raw=METROS | seccion=SECCION TAPICERIA | precio_unitario_raw=34000.0 | total_raw=340000.0
1417,19,7,1.0,FORMULA,,,,,,False,seccion=SECCION TAPICERIA | precio_unitario_raw=15000.0 | total_raw=0.0
1418,19,179,1.0,FORMULA,,,,,,False,unidad_raw=METROS | seccion=SECCION TAPICERIA | precio_unitario_raw=53000.0 | total_raw=0.0
1419,19,48,1.0,FORMULA,,,,,,False,unidad_raw=METROS | seccion=SECCION TAPICERIA | precio_unitario_raw=1000.0 | total_raw=0.0
1420,19,180,0.5,ESPACIADO,,,,,,False,unidad_raw=CAJA DE GRAPAS | seccion=SECCION TAPICERIA | precio_unitario_raw=12000.0 | total_raw=6000.0
1421,19,123,1.0,AREA,,,,,,False,unidad_raw=LAMINA | seccion=SECCION TAPICERIA | precio_unitario_raw=41000.0 | total_raw=41000.0
1422,19,419,30.0,ESPACIADO,,,,,,False,unidad_raw=UNIDADES | seccion=SECCION TAPICERIA | precio_unitario_raw=100.0 | total_raw=3000.0
1423,19,133,2.0,AREA,,,,,,False,unidad_raw=UNIDADES | seccion=SECCION TAPICERIA | precio_unitario_raw=20000.0 | total_raw=40000.0
1424,19,137,1.0,FORMULA,,,,,,False,unidad_raw=UNIDADES | seccion=SECCION TAPICERIA | precio_unitario_raw=20000.0 | total_raw=0.0
1425,19,149,1.0,FORMULA,,,,,,False,unidad_raw=UNIDAD | seccion=SECCION TAPICERIA | precio_unitario_raw=18700.0 | total_raw=0.0
1426,19,26,2.5,LINEAL,,,,,,False,unidad_raw=MTS | seccion=SECCION TAPICERIA | precio_unitario_raw=5000.0 | total_raw=12500.0
1427,19,87,5.0,AREA,,,,,,False,unidad_raw=METROS | seccion=SECCION TAPICERIA | precio_unitario_raw=4000.0 | total_raw=20000.0
1428,19,239,2.0,LINEAL,,,,,,False,unidad_raw=METROS | seccion=SECCION TAPICERIA | precio_unitario_raw=4000.0 | total_raw=8000.0
1429,19,195,0.5,FORMULA,,,,,,False,seccion=SECCION TAPICERIA | precio_unitario_raw=25000.0 | total_raw=12500.0
1430,19,307,3.0,FORMULA,,,,,,False,unidad_raw=KILO | seccion=SECCION TAPICERIA | precio_unitario_raw=15000.0 | total_raw=45000.0
1431,19,359,0.2,VOLUMEN,,,,,,False,unidad_raw=LITRO | seccion=SECCION TAPICERIA | precio_unitario_raw=15000.0 | total_raw=3000.0
1432,19,3,3.0,LINEAL,,,,,,False,unidad_raw=CM | seccion=SECCION TAPICERIA | precio_unitario_raw=15000.0 | total_raw=45000.0
1433,19,184,1.0,FIJO,,,,,,False,seccion=SECCION TAPICERIA | precio_unitario_raw=210000.0 | total_raw=210000.0
1434,19,181,2.5,FORMULA,,,,,,False,unidad_raw=UNIDADES | seccion=SECCION TAPICERIA | precio_unitario_raw=13000.0 | total_raw=32500.0
1435,20,255,1400.0,FORMULA,,,,,,False,unidad_raw=APAMATE | precio_unitario_raw=140.0 | total_raw=196000.0
1436,20,269,0.2,AREA,,,,,,False,unidad_raw=3 PEASOS DE 49X49 | precio_unitario_raw=65000.0 | total_raw=13000.0
1437,20,196,0.0,AREA,,,,,,False,unidad_raw=Unidad | precio_unitario_raw=160000.0 | total_raw=0.0
1438,20,221,1.0,FORMULA,,,,,,False,unidad_raw=Unidad | precio_unitario_raw=210000.0 | total_raw=0.0
1439,20,359,1.0,FORMULA,,,,,,False,unidad_raw=LITROS | precio_unitario_raw=19000.0 | total_raw=0.0
1440,20,49,1.0,VOLUMEN,,,,,,False,unidad_raw=LITROS | precio_unitario_raw=14000.0 | total_raw=14000.0
1441,20,180,15.0,ESPACIADO,,,,,,False,unidad_raw=Unidad | precio_unitario_raw=600.0 | total_raw=9000.0
1442,20,70,1.0,FIJO,,,,,,False,unidad_raw=UNITARIO | precio_unitario_raw=30000.0 | total_raw=0.0
1443,20,38,15.0,ESPACIADO,,,,,,False,unidad_raw=TIRA | precio_unitario_raw=1000.0 | total_raw=15000.0
1444,20,166,1.0,FIJO,,,,,,False,unidad_raw=PAR | precio_unitario_raw=20000.0 | total_raw=20000.0
1445,20,274,1.0,FORMULA,,,,,,False,precio_unitario_raw=136000.0 | total_raw=0.0
1446,20,423,197.0,ESPACIADO,,,,,,False,unidad_raw=Unidad | precio_unitario_raw=100.0 | total_raw=19700.0
1447,20,92,1.0,FORMULA,,,,,,False,total_raw=315000.0
1448,20,171,1.0,FORMULA,,,,,,False,total_raw=73814.0
1449,20,255,468.0,FORMULA,,,,,,False,"unidad_raw=2,10X22X18= 832 2,10X20X15=630 | precio_unitario_raw=140.0 | total_raw=65520.0"
1450,20,272,200.0,AREA,,,,,,False,"unidad_raw=1 PEDAZO DE 1,20X45=54 | precio_unitario_raw=65.0 | total_raw=13000.0"
1451,20,207,250.0,AREA,,,,,,False,"unidad_raw=1 PEDASO DE 1.25 X55=68,75 | precio_unitario_raw=210.0 | total_raw=52500.0"
1452,20,216,175.0,AREA,,,,,,False,"unidad_raw=1 PEDASO DE 1,50X40=60 | precio_unitario_raw=130.0 | total_raw=21875.0"
1453,20,49,2.0,VOLUMEN,,,,,,False,unidad_raw=litros | precio_unitario_raw=14000.0 | total_raw=28000.0
1454,20,180,10.0,ESPACIADO,,,,,,False,unidad_raw=Unidad | precio_unitario_raw=600.0 | total_raw=6000.0
1455,20,42,6.0,ESPACIADO,,,,,,False,unidad_raw=TIRA | precio_unitario_raw=1000.0 | total_raw=6000.0
1456,20,184,2.0,FORMULA,,,,,,False,unidad_raw=PAR | precio_unitario_raw=105000.0 | total_raw=210000.0
1457,20,423,30.0,ESPACIADO,,,,,,False,unidad_raw=Unidad | precio_unitario_raw=100.0 | total_raw=3000.0
1458,20,70,4.0,FORMULA,,,,,,False,unidad_raw=DE CIERRELENTO | precio_unitario_raw=30000.0 | total_raw=120000.0
1459,20,172,1.0,FORMULA,,,,,,False,total_raw=26294.75
1460,20,349,1.0,FORMULA,,,,,DE 2 NOCHEROS,False,seccion=SECCION PINTURA Y PREPARADA DE 2 NOCHEROS
1461,20,331,2.0,FORMULA,,,,,,False,unidad_raw=CON EL 5% | seccion=SECCION PINTURA Y PREPARADA DE 2 NOCHEROS | precio_unitario_raw=36750.0 | total_raw=73500.0
1462,20,310,2.0,FORMULA,,,,,,False,unidad_raw=CON EL 5% | seccion=SECCION PINTURA Y PREPARADA DE 2 NOCHEROS | precio_unitario_raw=36750.0 | total_raw=73500.0
1463,20,356,3.0,VOLUMEN,,,,,,False,unidad_raw=PISTOLADAS | seccion=SECCION PINTURA Y PREPARADA DE 2 NOCHEROS | precio_unitario_raw=18000.0 | total_raw=54000.0
1464,20,251,2.0,FORMULA,,,,,,False,unidad_raw=unidades | seccion=SECCION PINTURA Y PREPARADA DE 2 NOCHEROS | precio_unitario_raw=2000.0 | total_raw=4000.0
1465,20,285,0.1,VOLUMEN,,,,,,False,unidad_raw=galon | seccion=SECCION PINTURA Y PREPARADA DE 2 NOCHEROS | precio_unitario_raw=70000.0 | total_raw=7000.0
1466,20,432,1.0,FORMULA,,,,,,False,unidad_raw=unidad | seccion=SECCION PINTURA Y PREPARADA DE 2 NOCHEROS | precio_unitario_raw=45000.0 | total_raw=0.0
1467,20,368,0.3,FORMULA,,,,,,False,unidad_raw=unidad | seccion=SECCION PINTURA Y PREPARADA DE 2 NOCHEROS | precio_unitario_raw=2500.0 | total_raw=750.0
1468,20,401,0.2,VOLUMEN,,,,,,False,unidad_raw=GALON | seccion=SECCION PINTURA Y PREPARADA DE 2 NOCHEROS | precio_unitario_raw=34000.0 | total_raw=6800.0
1469,20,408,1.0,FORMULA,,,,,,False,unidad_raw=JALADORES | seccion=SECCION PINTURA Y PREPARADA DE 2 NOCHEROS | precio_unitario_raw=3000.0 | total_raw=0.0
1470,20,59,2.5,VOLUMEN,,,,,,False,unidad_raw=PISTOLADA | seccion=SECCION PINTURA Y PREPARADA DE 2 NOCHEROS | precio_unitario_raw=22000.0 | total_raw=55000.0
1471,20,98,0.1,VOLUMEN,,,,,,False,unidad_raw=galon | seccion=SECCION PINTURA Y PREPARADA DE 2 NOCHEROS | precio_unitario_raw=160000.0 | total_raw=16000.0
1472,20,169,0.2,LINEAL,,,,,,False,unidad_raw=ML | seccion=SECCION PINTURA Y PREPARADA DE 2 NOCHEROS | precio_unitario_raw=4500.0 | total_raw=900.0
1473,20,341,0.2,VOLUMEN,,,,,,False,unidad_raw=LITRO | seccion=SECCION PINTURA Y PREPARADA DE 2 NOCHEROS | precio_unitario_raw=20000.0 | total_raw=4000.0
1474,20,200,2.0,VOLUMEN,,,,,,False,unidad_raw=PISTOLADA | seccion=SECCION PINTURA Y PREPARADA DE 2 NOCHEROS | precio_unitario_raw=23000.0 | total_raw=46000.0
1475,20,174,1.0,FORMULA,,,,,,False,seccion=SECCION PINTURA Y PREPARADA DE 2 NOCHEROS | total_raw=34145.0
1476,20,349,1.0,FORMULA,,,,,DE CAMA,False,seccion=SECCION PINTURA Y PREPARADA DE CAMA
1477,20,331,1.0,FORMULA,,,,,,False,unidad_raw=CON EL 5% | seccion=SECCION PINTURA Y PREPARADA DE CAMA | precio_unitario_raw=30000.0
1478,20,310,1.0,FORMULA,,,,,,False,unidad_raw=CON EL 5% | seccion=SECCION PINTURA Y PREPARADA DE CAMA | precio_unitario_raw=20000.0
1479,20,314,4.0,FORMULA,,,,,,False,seccion=SECCION PINTURA Y PREPARADA DE CAMA | precio_unitario_raw=2100.0 | total_raw=8400.0
1480,20,356,1.0,FORMULA,,,,,,False,unidad_raw=PISTOLADAS | seccion=SECCION PINTURA Y PREPARADA DE CAMA | precio_unitario_raw=18000.0 | total_raw=0.0
1481,20,251,1.0,FORMULA,,,,,,False,unidad_raw=unidades | seccion=SECCION PINTURA Y PREPARADA DE CAMA | precio_unitario_raw=2000.0 | total_raw=0.0
1482,20,285,1.0,FORMULA,,,,,,False,unidad_raw=galon | seccion=SECCION PINTURA Y PREPARADA DE CAMA | total_raw=0.0
1483,20,250,1.0,FORMULA,,,,,,False,unidad_raw=unidad | seccion=SECCION PINTURA Y PREPARADA DE CAMA | precio_unitario_raw=2000.0 | total_raw=0.0
1484,20,246,1.0,FORMULA,,,,,,False,unidad_raw=unidad | seccion=SECCION PINTURA Y PREPARADA DE CAMA | precio_unitario_raw=2000.0 | total_raw=0.0
1485,20,205,1.0,FORMULA,,,,,,False,unidad_raw=GALON | seccion=SECCION PINTURA Y PREPARADA DE CAMA | precio_unitario_raw=23000.0 | total_raw=0.0
1486,20,199,1.0,FORMULA,,,,,,False,unidad_raw=litro | seccion=SECCION PINTURA Y PREPARADA DE CAMA | precio_unitario_raw=18000.0 | total_raw=0.0
1487,20,59,1.0,FORMULA,,,,,,False,unidad_raw=PISTOLADA | seccion=SECCION PINTURA Y PREPARADA DE CAMA | precio_unitario_raw=19000.0 | total_raw=0.0
1488,20,402,1.0,FORMULA,,,,,,False,unidad_raw=galon | seccion=SECCION PINTURA Y PREPARADA DE CAMA | total_raw=0.0
1489,20,169,1.0,FORMULA,,,,,,False,unidad_raw=LITRO | seccion=SECCION PINTURA Y PREPARADA DE CAMA | precio_unitario_raw=4.5 | total_raw=0.0
1490,20,341,1.0,FORMULA,,,,,,False,unidad_raw=LITRO | seccion=SECCION PINTURA Y PREPARADA DE CAMA | total_raw=0.0
1491,20,200,1.0,FORMULA,,,,,,False,unidad_raw=PISTOLADA | seccion=SECCION PINTURA Y PREPARADA DE CAMA | precio_unitario_raw=22000.0 | total_raw=0.0
1492,20,46,210.0,LINEAL,,,,,,False,unidad_raw=187 CENTIMETROS | seccion=SECCION TERMINACION | precio_unitario_raw=140.0 | total_raw=29400.0
1493,20,282,1.0,FIJO,,,,,,False,unidad_raw=PAR | seccion=SECCION TERMINACION | precio_unitario_raw=6000.0 | total_raw=6000.0
1494,20,293,4.0,FORMULA,,,,,,False,unidad_raw=unidades | seccion=SECCION TERMINACION | precio_unitario_raw=17500.0 | total_raw=70000.0
1495,20,410,16.0,ESPACIADO,,,,,,False,unidad_raw=unidades | seccion=SECCION TERMINACION | precio_unitario_raw=100.0 | total_raw=1600.0
1496,20,95,1.0,FIJO,,,,,,False,unidad_raw=unidades | seccion=SECCION TERMINACION | precio_unitario_raw=150000.0 | total_raw=150000.0
1497,20,352,1.0,FORMULA,,,,,,False,seccion=SECCION TERMINACION | total_raw=0.0
1498,20,257,1277.0,FORMULA,,,,,,False,unidad_raw=2X25X15 | seccion=SECCION TERMINACION | precio_unitario_raw=140.0 | total_raw=178780.0
1499,20,163,1.0,FIJO,,,,,,False,unidad_raw=DE 2X2 | seccion=SECCION TERMINACION | precio_unitario_raw=42000.0 | total_raw=42000.0
1500,20,274,1.0,FORMULA,,,,,,False,unidad_raw=unidades | seccion=SECCION TERMINACION | precio_unitario_raw=140000.0 | total_raw=0.0
1501,20,49,0.5,VOLUMEN,,,,,,False,unidad_raw=LITRO | seccion=SECCION TERMINACION | precio_unitario_raw=14000.0 | total_raw=7000.0
1502,20,423,50.0,ESPACIADO,,,,,,False,unidad_raw=unidades | seccion=SECCION TERMINACION | precio_unitario_raw=100.0 | total_raw=5000.0
1503,20,33,2.0,ESPACIADO,,,,,,False,unidad_raw=TIRAS | seccion=SECCION TERMINACION | precio_unitario_raw=600.0 | total_raw=1200.0
1504,20,304,2.0,LINEAL,,,,,,False,unidad_raw=METROS | seccion=SECCION TERMINACION | precio_unitario_raw=3500.0 | total_raw=7000.0
1505,20,370,10.0,AREA,,,,,,False,unidad_raw=METROS | seccion=SECCION TAPICERIA | precio_unitario_raw=34000.0 | total_raw=340000.0
1506,20,7,1.0,FORMULA,,,,,,False,seccion=SECCION TAPICERIA | precio_unitario_raw=15000.0 | total_raw=0.0
1507,20,179,0.16,LINEAL,,,,,,False,unidad_raw=METROS | seccion=SECCION TAPICERIA | precio_unitario_raw=53000.0 | total_raw=8480.0
1508,20,48,4.8,LINEAL,,,,,,False,unidad_raw=METROS | seccion=SECCION TAPICERIA | precio_unitario_raw=1000.0 | total_raw=4800.0
1509,20,180,0.5,ESPACIADO,,,,,,False,unidad_raw=CAJA DE GRAPAS | seccion=SECCION TAPICERIA | precio_unitario_raw=12000.0 | total_raw=6000.0
1510,20,123,1.0,AREA,,,,,,False,unidad_raw=LAMINA | seccion=SECCION TAPICERIA | precio_unitario_raw=41000.0 | total_raw=41000.0
1511,20,419,30.0,ESPACIADO,,,,,,False,unidad_raw=UNIDADES | seccion=SECCION TAPICERIA | precio_unitario_raw=100.0 | total_raw=3000.0
1512,20,131,1.0,AREA,,,,,,False,unidad_raw=UNIDADES | seccion=SECCION TAPICERIA | precio_unitario_raw=30000.0 | total_raw=30000.0
1513,20,136,1.0,AREA,,,,,,False,unidad_raw=UNIDADES | seccion=SECCION TAPICERIA | precio_unitario_raw=12500.0 | total_raw=12500.0
1514,20,126,1.0,AREA,,,,,,False,unidad_raw=UNIDAD | seccion=SECCION TAPICERIA | precio_unitario_raw=18700.0 | total_raw=18700.0
1515,20,26,1.8,LINEAL,,,,,,False,unidad_raw=MTS | seccion=SECCION TAPICERIA | precio_unitario_raw=5000.0 | total_raw=9000.0
1516,20,87,5.0,AREA,,,,,,False,unidad_raw=METROS | seccion=SECCION TAPICERIA | precio_unitario_raw=4000.0 | total_raw=20000.0
1517,20,239,1.5,LINEAL,,,,,,False,unidad_raw=METROS | seccion=SECCION TAPICERIA | precio_unitario_raw=4000.0 | total_raw=6000.0
1518,20,195,0.5,FORMULA,,,,,,False,seccion=SECCION TAPICERIA | precio_unitario_raw=25000.0 | total_raw=12500.0
1519,20,307,1.0,FORMULA,,,,,,False,unidad_raw=KILO | seccion=SECCION TAPICERIA | precio_unitario_raw=15000.0 | total_raw=0.0
1520,20,359,0.2,VOLUMEN,,,,,,False,unidad_raw=LITRO | seccion=SECCION TAPICERIA | precio_unitario_raw=15000.0 | total_raw=3000.0
1521,20,3,1.0,FORMULA,,,,,,False,unidad_raw=CM | seccion=SECCION TAPICERIA | precio_unitario_raw=15000.0 | total_raw=0.0
1522,20,184,1.0,FIJO,,,,,,False,seccion=SECCION TAPICERIA | precio_unitario_raw=210000.0 | total_raw=210000.0
1523,20,27,1.0,FORMULA,,,,,,False,unidad_raw=UNIDADES | seccion=SECCION TAPICERIA | precio_unitario_raw=600.0 | total_raw=0.0
1524,21,255,1400.0,FORMULA,,,,,,False,unidad_raw=APAMATE | precio_unitario_raw=140.0 | total_raw=196000.0
1525,21,269,0.2,AREA,,,,,,False,unidad_raw=3 PEASOS DE 49X49 | precio_unitario_raw=65000.0 | total_raw=13000.0
1526,21,196,0.0,AREA,,,,,,False,unidad_raw=Unidad | precio_unitario_raw=160000.0 | total_raw=0.0
1527,21,221,1.0,FORMULA,,,,,,False,unidad_raw=Unidad | precio_unitario_raw=210000.0 | total_raw=0.0
1528,21,359,1.0,FORMULA,,,,,,False,unidad_raw=LITROS | precio_unitario_raw=19000.0 | total_raw=0.0
1529,21,49,1.0,VOLUMEN,,,,,,False,unidad_raw=LITROS | precio_unitario_raw=14000.0 | total_raw=14000.0
1530,21,180,15.0,ESPACIADO,,,,,,False,unidad_raw=Unidad | precio_unitario_raw=600.0 | total_raw=9000.0
1531,21,70,1.0,FIJO,,,,,,False,unidad_raw=UNITARIO | precio_unitario_raw=30000.0 | total_raw=0.0
1532,21,38,15.0,ESPACIADO,,,,,,False,unidad_raw=TIRA | precio_unitario_raw=1000.0 | total_raw=15000.0
1533,21,166,1.0,FIJO,,,,,,False,unidad_raw=PAR | precio_unitario_raw=20000.0 | total_raw=20000.0
1534,21,274,1.0,FORMULA,,,,,,False,precio_unitario_raw=136000.0 | total_raw=0.0
1535,21,423,197.0,ESPACIADO,,,,,,False,unidad_raw=Unidad | precio_unitario_raw=100.0 | total_raw=19700.0
1536,21,92,1.0,FORMULA,,,,,,False,total_raw=315000.0
1537,21,171,1.0,FORMULA,,,,,,False,total_raw=73814.0
1538,21,255,468.0,FORMULA,,,,,,False,"unidad_raw=2,10X22X18= 832 2,10X20X15=630 | precio_unitario_raw=140.0 | total_raw=65520.0"
1539,21,272,200.0,AREA,,,,,,False,"unidad_raw=1 PEDAZO DE 1,20X45=54 | precio_unitario_raw=65.0 | total_raw=13000.0"
1540,21,207,250.0,AREA,,,,,,False,"unidad_raw=1 PEDASO DE 1.25 X55=68,75 | precio_unitario_raw=210.0 | total_raw=52500.0"
1541,21,216,175.0,AREA,,,,,,False,"unidad_raw=1 PEDASO DE 1,50X40=60 | precio_unitario_raw=130.0 | total_raw=21875.0"
1542,21,49,2.0,VOLUMEN,,,,,,False,unidad_raw=litros | precio_unitario_raw=14000.0 | total_raw=28000.0
1543,21,180,10.0,ESPACIADO,,,,,,False,unidad_raw=Unidad | precio_unitario_raw=600.0 | total_raw=6000.0
1544,21,42,6.0,ESPACIADO,,,,,,False,unidad_raw=TIRA | precio_unitario_raw=1000.0 | total_raw=6000.0
1545,21,184,2.0,FORMULA,,,,,,False,unidad_raw=PAR | precio_unitario_raw=105000.0 | total_raw=210000.0
1546,21,423,30.0,ESPACIADO,,,,,,False,unidad_raw=Unidad | precio_unitario_raw=100.0 | total_raw=3000.0
1547,21,70,4.0,FORMULA,,,,,,False,unidad_raw=DE CIERRELENTO | precio_unitario_raw=30000.0 | total_raw=120000.0
1548,21,172,1.0,FORMULA,,,,,,False,total_raw=26294.75
1549,21,349,1.0,FORMULA,,,,,DE 2 NOCHEROS,False,seccion=SECCION PINTURA Y PREPARADA DE 2 NOCHEROS
1550,21,331,2.0,FORMULA,,,,,,False,unidad_raw=CON EL 5% | seccion=SECCION PINTURA Y PREPARADA DE 2 NOCHEROS | precio_unitario_raw=36750.0 | total_raw=73500.0
1551,21,310,2.0,FORMULA,,,,,,False,unidad_raw=CON EL 5% | seccion=SECCION PINTURA Y PREPARADA DE 2 NOCHEROS | precio_unitario_raw=36750.0 | total_raw=73500.0
1552,21,356,3.0,VOLUMEN,,,,,,False,unidad_raw=PISTOLADAS | seccion=SECCION PINTURA Y PREPARADA DE 2 NOCHEROS | precio_unitario_raw=18000.0 | total_raw=54000.0
1553,21,251,2.0,FORMULA,,,,,,False,unidad_raw=unidades | seccion=SECCION PINTURA Y PREPARADA DE 2 NOCHEROS | precio_unitario_raw=2000.0 | total_raw=4000.0
1554,21,285,0.1,VOLUMEN,,,,,,False,unidad_raw=galon | seccion=SECCION PINTURA Y PREPARADA DE 2 NOCHEROS | precio_unitario_raw=70000.0 | total_raw=7000.0
1555,21,432,1.0,FORMULA,,,,,,False,unidad_raw=unidad | seccion=SECCION PINTURA Y PREPARADA DE 2 NOCHEROS | precio_unitario_raw=45000.0 | total_raw=0.0
1556,21,368,0.3,FORMULA,,,,,,False,unidad_raw=unidad | seccion=SECCION PINTURA Y PREPARADA DE 2 NOCHEROS | precio_unitario_raw=2500.0 | total_raw=750.0
1557,21,401,0.2,VOLUMEN,,,,,,False,unidad_raw=GALON | seccion=SECCION PINTURA Y PREPARADA DE 2 NOCHEROS | precio_unitario_raw=34000.0 | total_raw=6800.0
1558,21,408,1.0,FORMULA,,,,,,False,unidad_raw=JALADORES | seccion=SECCION PINTURA Y PREPARADA DE 2 NOCHEROS | precio_unitario_raw=3000.0 | total_raw=0.0
1559,21,59,2.5,VOLUMEN,,,,,,False,unidad_raw=PISTOLADA | seccion=SECCION PINTURA Y PREPARADA DE 2 NOCHEROS | precio_unitario_raw=22000.0 | total_raw=55000.0
1560,21,98,0.1,VOLUMEN,,,,,,False,unidad_raw=galon | seccion=SECCION PINTURA Y PREPARADA DE 2 NOCHEROS | precio_unitario_raw=160000.0 | total_raw=16000.0
1561,21,169,0.2,LINEAL,,,,,,False,unidad_raw=ML | seccion=SECCION PINTURA Y PREPARADA DE 2 NOCHEROS | precio_unitario_raw=4500.0 | total_raw=900.0
1562,21,341,0.2,VOLUMEN,,,,,,False,unidad_raw=LITRO | seccion=SECCION PINTURA Y PREPARADA DE 2 NOCHEROS | precio_unitario_raw=20000.0 | total_raw=4000.0
1563,21,200,2.0,VOLUMEN,,,,,,False,unidad_raw=PISTOLADA | seccion=SECCION PINTURA Y PREPARADA DE 2 NOCHEROS | precio_unitario_raw=23000.0 | total_raw=46000.0
1564,21,174,1.0,FORMULA,,,,,,False,seccion=SECCION PINTURA Y PREPARADA DE 2 NOCHEROS | total_raw=34145.0
1565,21,349,1.0,FORMULA,,,,,DE CAMA,False,seccion=SECCION PINTURA Y PREPARADA DE CAMA
1566,21,331,1.0,FORMULA,,,,,,False,unidad_raw=CON EL 5% | seccion=SECCION PINTURA Y PREPARADA DE CAMA | precio_unitario_raw=30000.0
1567,21,310,1.0,FORMULA,,,,,,False,unidad_raw=CON EL 5% | seccion=SECCION PINTURA Y PREPARADA DE CAMA | precio_unitario_raw=20000.0
1568,21,314,4.0,FORMULA,,,,,,False,seccion=SECCION PINTURA Y PREPARADA DE CAMA | precio_unitario_raw=2100.0 | total_raw=8400.0
1569,21,356,1.0,FORMULA,,,,,,False,unidad_raw=PISTOLADAS | seccion=SECCION PINTURA Y PREPARADA DE CAMA | precio_unitario_raw=18000.0 | total_raw=0.0
1570,21,251,1.0,FORMULA,,,,,,False,unidad_raw=unidades | seccion=SECCION PINTURA Y PREPARADA DE CAMA | precio_unitario_raw=2000.0 | total_raw=0.0
1571,21,285,1.0,FORMULA,,,,,,False,unidad_raw=galon | seccion=SECCION PINTURA Y PREPARADA DE CAMA | total_raw=0.0
1572,21,250,1.0,FORMULA,,,,,,False,unidad_raw=unidad | seccion=SECCION PINTURA Y PREPARADA DE CAMA | precio_unitario_raw=2000.0 | total_raw=0.0
1573,21,246,1.0,FORMULA,,,,,,False,unidad_raw=unidad | seccion=SECCION PINTURA Y PREPARADA DE CAMA | precio_unitario_raw=2000.0 | total_raw=0.0
1574,21,205,1.0,FORMULA,,,,,,False,unidad_raw=GALON | seccion=SECCION PINTURA Y PREPARADA DE CAMA | precio_unitario_raw=23000.0 | total_raw=0.0
1575,21,199,1.0,FORMULA,,,,,,False,unidad_raw=litro | seccion=SECCION PINTURA Y PREPARADA DE CAMA | precio_unitario_raw=18000.0 | total_raw=0.0
1576,21,59,1.0,FORMULA,,,,,,False,unidad_raw=PISTOLADA | seccion=SECCION PINTURA Y PREPARADA DE CAMA | precio_unitario_raw=19000.0 | total_raw=0.0
1577,21,402,1.0,FORMULA,,,,,,False,unidad_raw=galon | seccion=SECCION PINTURA Y PREPARADA DE CAMA | total_raw=0.0
1578,21,169,1.0,FORMULA,,,,,,False,unidad_raw=LITRO | seccion=SECCION PINTURA Y PREPARADA DE CAMA | precio_unitario_raw=4.5 | total_raw=0.0
1579,21,341,1.0,FORMULA,,,,,,False,unidad_raw=LITRO | seccion=SECCION PINTURA Y PREPARADA DE CAMA | total_raw=0.0
1580,21,200,1.0,FORMULA,,,,,,False,unidad_raw=PISTOLADA | seccion=SECCION PINTURA Y PREPARADA DE CAMA | precio_unitario_raw=22000.0 | total_raw=0.0
1581,21,46,210.0,LINEAL,,,,,,False,unidad_raw=187 CENTIMETROS | seccion=SECCION TERMINACION | precio_unitario_raw=140.0 | total_raw=29400.0
1582,21,282,1.0,FIJO,,,,,,False,unidad_raw=PAR | seccion=SECCION TERMINACION | precio_unitario_raw=6000.0 | total_raw=6000.0
1583,21,293,4.0,FORMULA,,,,,,False,unidad_raw=unidades | seccion=SECCION TERMINACION | precio_unitario_raw=17500.0 | total_raw=70000.0
1584,21,410,16.0,ESPACIADO,,,,,,False,unidad_raw=unidades | seccion=SECCION TERMINACION | precio_unitario_raw=100.0 | total_raw=1600.0
1585,21,95,1.0,FIJO,,,,,,False,unidad_raw=unidades | seccion=SECCION TERMINACION | precio_unitario_raw=150000.0 | total_raw=150000.0
1586,21,352,1.0,FORMULA,,,,,,False,seccion=SECCION TERMINACION | total_raw=0.0
1587,21,257,1277.0,FORMULA,,,,,,False,unidad_raw=2X25X15 | seccion=SECCION TERMINACION | precio_unitario_raw=140.0 | total_raw=178780.0
1588,21,163,1.0,FIJO,,,,,,False,unidad_raw=DE 2X2 | seccion=SECCION TERMINACION | precio_unitario_raw=42000.0 | total_raw=42000.0
1589,21,274,1.0,FORMULA,,,,,,False,unidad_raw=unidades | seccion=SECCION TERMINACION | precio_unitario_raw=140000.0 | total_raw=0.0
1590,21,49,0.5,VOLUMEN,,,,,,False,unidad_raw=LITRO | seccion=SECCION TERMINACION | precio_unitario_raw=14000.0 | total_raw=7000.0
1591,21,423,50.0,ESPACIADO,,,,,,False,unidad_raw=unidades | seccion=SECCION TERMINACION | precio_unitario_raw=100.0 | total_raw=5000.0
1592,21,33,2.0,ESPACIADO,,,,,,False,unidad_raw=TIRAS | seccion=SECCION TERMINACION | precio_unitario_raw=600.0 | total_raw=1200.0
1593,21,304,2.0,LINEAL,,,,,,False,unidad_raw=METROS | seccion=SECCION TERMINACION | precio_unitario_raw=3500.0 | total_raw=7000.0
1594,21,370,10.0,AREA,,,,,,False,unidad_raw=METROS | seccion=SECCION TAPICERIA | precio_unitario_raw=34000.0 | total_raw=340000.0
1595,21,7,1.0,FORMULA,,,,,,False,seccion=SECCION TAPICERIA | precio_unitario_raw=15000.0 | total_raw=0.0
1596,21,48,4.8,LINEAL,,,,,,False,unidad_raw=METROS | seccion=SECCION TAPICERIA | precio_unitario_raw=1000.0 | total_raw=4800.0
1597,21,180,0.5,ESPACIADO,,,,,,False,unidad_raw=CAJA DE GRAPAS | seccion=SECCION TAPICERIA | precio_unitario_raw=12000.0 | total_raw=6000.0
1598,21,122,1.0,AREA,,,,,,False,unidad_raw=LAMINA | seccion=SECCION TAPICERIA | precio_unitario_raw=17000.0 | total_raw=17000.0
1599,21,419,30.0,ESPACIADO,,,,,,False,unidad_raw=UNIDADES | seccion=SECCION TAPICERIA | precio_unitario_raw=100.0 | total_raw=3000.0
1600,21,131,1.5,AREA,,,,,,False,unidad_raw=UNIDADES | seccion=SECCION TAPICERIA | precio_unitario_raw=30000.0 | total_raw=45000.0
1601,21,127,1.0,AREA,,,,,,False,unidad_raw=UNIDAD | seccion=SECCION TAPICERIA | precio_unitario_raw=12500.0 | total_raw=12500.0
1602,21,26,1.0,LINEAL,,,,,,False,unidad_raw=MTS | seccion=SECCION TAPICERIA | precio_unitario_raw=5000.0 | total_raw=5000.0
1603,21,87,4.0,AREA,,,,,,False,unidad_raw=METROS | seccion=SECCION TAPICERIA | precio_unitario_raw=4000.0 | total_raw=16000.0
1604,21,239,2.5,LINEAL,,,,,,False,unidad_raw=METROS | seccion=SECCION TAPICERIA | precio_unitario_raw=4000.0 | total_raw=10000.0
1605,21,195,0.5,FORMULA,,,,,,False,seccion=SECCION TAPICERIA | precio_unitario_raw=25000.0 | total_raw=12500.0
1606,21,307,1.5,FORMULA,,,,,,False,unidad_raw=KILO | seccion=SECCION TAPICERIA | precio_unitario_raw=15000.0 | total_raw=22500.0
1607,21,359,0.2,VOLUMEN,,,,,,False,unidad_raw=LITRO | seccion=SECCION TAPICERIA | precio_unitario_raw=15000.0 | total_raw=3000.0
1608,21,3,2.0,LINEAL,,,,,,False,unidad_raw=CM | seccion=SECCION TAPICERIA | precio_unitario_raw=15000.0 | total_raw=30000.0
1609,21,184,1.0,FIJO,,,,,,False,seccion=SECCION TAPICERIA | precio_unitario_raw=210000.0 | total_raw=210000.0
1610,21,27,36.0,FORMULA,,,,,,False,unidad_raw=UNIDADES | seccion=SECCION TAPICERIA | precio_unitario_raw=600.0 | total_raw=21600.0
1611,22,255,1651.0,FORMULA,,,,,,False,unidad_raw=APAMATE | precio_unitario_raw=140.0 | total_raw=231140.0
1612,22,269,0.66,AREA,,,,,,False,unidad_raw=3 PEASOS DE 49X49 | precio_unitario_raw=65000.0 | total_raw=42900.0
1613,22,196,0.0,AREA,,,,,,False,unidad_raw=Unidad | precio_unitario_raw=160000.0 | total_raw=0.0
1614,22,221,0.34,AREA,,,,,,False,unidad_raw=Unidad | precio_unitario_raw=210000.0 | total_raw=71400.0
1615,22,359,1.0,FORMULA,,,,,,False,unidad_raw=LITROS | precio_unitario_raw=19000.0 | total_raw=0.0
1616,22,49,1.0,VOLUMEN,,,,,,False,unidad_raw=LITROS | precio_unitario_raw=14000.0 | total_raw=14000.0
1617,22,180,15.0,ESPACIADO,,,,,,False,unidad_raw=Unidad | precio_unitario_raw=600.0 | total_raw=9000.0
1618,22,70,1.0,FIJO,,,,,,False,unidad_raw=UNITARIO | precio_unitario_raw=30000.0 | total_raw=0.0
1619,22,38,15.0,ESPACIADO,,,,,,False,unidad_raw=TIRA | precio_unitario_raw=1000.0 | total_raw=15000.0
1620,22,166,1.0,FIJO,,,,,,False,unidad_raw=PAR | precio_unitario_raw=20000.0 | total_raw=20000.0
1621,22,274,1.0,FORMULA,,,,,,False,precio_unitario_raw=136000.0 | total_raw=0.0
1622,22,423,197.0,ESPACIADO,,,,,,False,unidad_raw=Unidad | precio_unitario_raw=100.0 | total_raw=19700.0
1623,22,92,1.0,FORMULA,,,,,,False,total_raw=315000.0
1624,22,171,1.0,FORMULA,,,,,,False,total_raw=73814.0
1625,22,255,468.0,FORMULA,,,,,,False,"unidad_raw=2,10X22X18= 832 2,10X20X15=630 | precio_unitario_raw=140.0 | total_raw=65520.0"
1626,22,272,200.0,AREA,,,,,,False,"unidad_raw=1 PEDAZO DE 1,20X45=54 | precio_unitario_raw=65.0 | total_raw=13000.0"
1627,22,207,250.0,AREA,,,,,,False,"unidad_raw=1 PEDASO DE 1.25 X55=68,75 | precio_unitario_raw=210.0 | total_raw=52500.0"
1628,22,216,175.0,AREA,,,,,,False,"unidad_raw=1 PEDASO DE 1,50X40=60 | precio_unitario_raw=130.0 | total_raw=21875.0"
1629,22,49,2.0,VOLUMEN,,,,,,False,unidad_raw=litros | precio_unitario_raw=14000.0 | total_raw=28000.0
1630,22,180,10.0,ESPACIADO,,,,,,False,unidad_raw=Unidad | precio_unitario_raw=600.0 | total_raw=6000.0
1631,22,42,6.0,ESPACIADO,,,,,,False,unidad_raw=TIRA | precio_unitario_raw=1000.0 | total_raw=6000.0
1632,22,184,2.0,FORMULA,,,,,,False,unidad_raw=PAR | precio_unitario_raw=105000.0 | total_raw=210000.0
1633,22,423,30.0,ESPACIADO,,,,,,False,unidad_raw=Unidad | precio_unitario_raw=100.0 | total_raw=3000.0
1634,22,70,4.0,FORMULA,,,,,,False,unidad_raw=DE CIERRELENTO | precio_unitario_raw=30000.0 | total_raw=120000.0
1635,22,172,1.0,FORMULA,,,,,,False,total_raw=26294.75
1636,22,349,1.0,FORMULA,,,,,DE 2 NOCHEROS,False,seccion=SECCION PINTURA Y PREPARADA DE 2 NOCHEROS
1637,22,331,2.0,FORMULA,,,,,,False,unidad_raw=CON EL 5% | seccion=SECCION PINTURA Y PREPARADA DE 2 NOCHEROS | precio_unitario_raw=36750.0 | total_raw=73500.0
1638,22,310,2.0,FORMULA,,,,,,False,unidad_raw=CON EL 5% | seccion=SECCION PINTURA Y PREPARADA DE 2 NOCHEROS | precio_unitario_raw=36750.0 | total_raw=73500.0
1639,22,356,3.0,VOLUMEN,,,,,,False,unidad_raw=PISTOLADAS | seccion=SECCION PINTURA Y PREPARADA DE 2 NOCHEROS | precio_unitario_raw=18000.0 | total_raw=54000.0
1640,22,251,2.0,FORMULA,,,,,,False,unidad_raw=unidades | seccion=SECCION PINTURA Y PREPARADA DE 2 NOCHEROS | precio_unitario_raw=2000.0 | total_raw=4000.0
1641,22,285,0.1,VOLUMEN,,,,,,False,unidad_raw=galon | seccion=SECCION PINTURA Y PREPARADA DE 2 NOCHEROS | precio_unitario_raw=70000.0 | total_raw=7000.0
1642,22,432,1.0,FORMULA,,,,,,False,unidad_raw=unidad | seccion=SECCION PINTURA Y PREPARADA DE 2 NOCHEROS | precio_unitario_raw=45000.0 | total_raw=0.0
1643,22,368,0.3,FORMULA,,,,,,False,unidad_raw=unidad | seccion=SECCION PINTURA Y PREPARADA DE 2 NOCHEROS | precio_unitario_raw=2500.0 | total_raw=750.0
1644,22,401,0.2,VOLUMEN,,,,,,False,unidad_raw=GALON | seccion=SECCION PINTURA Y PREPARADA DE 2 NOCHEROS | precio_unitario_raw=34000.0 | total_raw=6800.0
1645,22,408,1.0,FORMULA,,,,,,False,unidad_raw=JALADORES | seccion=SECCION PINTURA Y PREPARADA DE 2 NOCHEROS | precio_unitario_raw=3000.0 | total_raw=0.0
1646,22,59,2.5,VOLUMEN,,,,,,False,unidad_raw=PISTOLADA | seccion=SECCION PINTURA Y PREPARADA DE 2 NOCHEROS | precio_unitario_raw=22000.0 | total_raw=55000.0
1647,22,98,0.1,VOLUMEN,,,,,,False,unidad_raw=galon | seccion=SECCION PINTURA Y PREPARADA DE 2 NOCHEROS | precio_unitario_raw=160000.0 | total_raw=16000.0
1648,22,169,0.2,LINEAL,,,,,,False,unidad_raw=ML | seccion=SECCION PINTURA Y PREPARADA DE 2 NOCHEROS | precio_unitario_raw=4500.0 | total_raw=900.0
1649,22,341,0.2,VOLUMEN,,,,,,False,unidad_raw=LITRO | seccion=SECCION PINTURA Y PREPARADA DE 2 NOCHEROS | precio_unitario_raw=20000.0 | total_raw=4000.0
1650,22,200,2.0,VOLUMEN,,,,,,False,unidad_raw=PISTOLADA | seccion=SECCION PINTURA Y PREPARADA DE 2 NOCHEROS | precio_unitario_raw=23000.0 | total_raw=46000.0
1651,22,174,1.0,FORMULA,,,,,,False,seccion=SECCION PINTURA Y PREPARADA DE 2 NOCHEROS | total_raw=34145.0
1652,22,349,1.0,FORMULA,,,,,DE CAMA,False,seccion=SECCION PINTURA Y PREPARADA DE CAMA
1653,22,331,1.0,FORMULA,,,,,,False,unidad_raw=CON EL 5% | seccion=SECCION PINTURA Y PREPARADA DE CAMA | precio_unitario_raw=30000.0
1654,22,310,1.0,FORMULA,,,,,,False,unidad_raw=CON EL 5% | seccion=SECCION PINTURA Y PREPARADA DE CAMA | precio_unitario_raw=20000.0
1655,22,314,4.0,FORMULA,,,,,,False,seccion=SECCION PINTURA Y PREPARADA DE CAMA | precio_unitario_raw=2100.0 | total_raw=8400.0
1656,22,356,1.0,FORMULA,,,,,,False,unidad_raw=PISTOLADAS | seccion=SECCION PINTURA Y PREPARADA DE CAMA | precio_unitario_raw=18000.0 | total_raw=0.0
1657,22,251,1.0,FORMULA,,,,,,False,unidad_raw=unidades | seccion=SECCION PINTURA Y PREPARADA DE CAMA | precio_unitario_raw=2000.0 | total_raw=0.0
1658,22,285,1.0,FORMULA,,,,,,False,unidad_raw=galon | seccion=SECCION PINTURA Y PREPARADA DE CAMA | total_raw=0.0
1659,22,250,1.0,FORMULA,,,,,,False,unidad_raw=unidad | seccion=SECCION PINTURA Y PREPARADA DE CAMA | precio_unitario_raw=2000.0 | total_raw=0.0
1660,22,246,1.0,FORMULA,,,,,,False,unidad_raw=unidad | seccion=SECCION PINTURA Y PREPARADA DE CAMA | precio_unitario_raw=2000.0 | total_raw=0.0
1661,22,205,1.0,FORMULA,,,,,,False,unidad_raw=GALON | seccion=SECCION PINTURA Y PREPARADA DE CAMA | precio_unitario_raw=23000.0 | total_raw=0.0
1662,22,199,1.0,FORMULA,,,,,,False,unidad_raw=litro | seccion=SECCION PINTURA Y PREPARADA DE CAMA | precio_unitario_raw=18000.0 | total_raw=0.0
1663,22,59,1.0,FORMULA,,,,,,False,unidad_raw=PISTOLADA | seccion=SECCION PINTURA Y PREPARADA DE CAMA | precio_unitario_raw=19000.0 | total_raw=0.0
1664,22,402,1.0,FORMULA,,,,,,False,unidad_raw=galon | seccion=SECCION PINTURA Y PREPARADA DE CAMA | total_raw=0.0
1665,22,169,1.0,FORMULA,,,,,,False,unidad_raw=LITRO | seccion=SECCION PINTURA Y PREPARADA DE CAMA | precio_unitario_raw=4.5 | total_raw=0.0
1666,22,341,1.0,FORMULA,,,,,,False,unidad_raw=LITRO | seccion=SECCION PINTURA Y PREPARADA DE CAMA | total_raw=0.0
1667,22,200,1.0,FORMULA,,,,,,False,unidad_raw=PISTOLADA | seccion=SECCION PINTURA Y PREPARADA DE CAMA | precio_unitario_raw=22000.0 | total_raw=0.0
1668,22,46,187.0,LINEAL,,,,,,False,unidad_raw=187 CENTIMETROS | seccion=SECCION TERMINACION | precio_unitario_raw=140.0 | total_raw=26180.0
1669,22,282,1.0,FIJO,,,,,,False,unidad_raw=PAR | seccion=SECCION TERMINACION | precio_unitario_raw=6000.0 | total_raw=6000.0
1670,22,293,4.0,FORMULA,,,,,,False,unidad_raw=unidades | seccion=SECCION TERMINACION | precio_unitario_raw=17500.0 | total_raw=70000.0
1671,22,410,16.0,ESPACIADO,,,,,,False,unidad_raw=unidades | seccion=SECCION TERMINACION | precio_unitario_raw=100.0 | total_raw=1600.0
1672,22,95,1.0,FIJO,,,,,,False,unidad_raw=unidades | seccion=SECCION TERMINACION | precio_unitario_raw=150000.0 | total_raw=150000.0
1673,22,352,1.0,FORMULA,,,,,,False,seccion=SECCION TERMINACION | total_raw=0.0
1674,22,257,1277.0,FORMULA,,,,,,False,unidad_raw=2X25X15 | seccion=SECCION TERMINACION | precio_unitario_raw=140.0 | total_raw=178780.0
1675,22,163,1.0,FIJO,,,,,,False,unidad_raw=DE 2X2 | seccion=SECCION TERMINACION | precio_unitario_raw=42000.0 | total_raw=42000.0
1676,22,274,1.0,FORMULA,,,,,,False,unidad_raw=unidades | seccion=SECCION TERMINACION | precio_unitario_raw=140000.0 | total_raw=0.0
1677,22,49,0.5,VOLUMEN,,,,,,False,unidad_raw=LITRO | seccion=SECCION TERMINACION | precio_unitario_raw=14000.0 | total_raw=7000.0
1678,22,423,50.0,ESPACIADO,,,,,,False,unidad_raw=unidades | seccion=SECCION TERMINACION | precio_unitario_raw=100.0 | total_raw=5000.0
1679,22,33,2.0,ESPACIADO,,,,,,False,unidad_raw=TIRAS | seccion=SECCION TERMINACION | precio_unitario_raw=600.0 | total_raw=1200.0
1680,22,304,2.0,LINEAL,,,,,,False,unidad_raw=METROS | seccion=SECCION TERMINACION | precio_unitario_raw=3500.0 | total_raw=7000.0
1681,22,370,10.0,AREA,,,,,,False,unidad_raw=METROS | seccion=SECCION TAPICERIA | precio_unitario_raw=34000.0 | total_raw=340000.0
1682,22,7,1.0,FORMULA,,,,,,False,seccion=SECCION TAPICERIA | precio_unitario_raw=15000.0 | total_raw=0.0
1683,22,29,0.3,LINEAL,,,,,,False,unidad_raw=METROS | seccion=SECCION TAPICERIA | precio_unitario_raw=56000.0 | total_raw=16800.0
1684,22,180,0.5,ESPACIADO,,,,,,False,unidad_raw=CAJA DE GRAPAS | seccion=SECCION TAPICERIA | precio_unitario_raw=12000.0 | total_raw=6000.0
1685,22,123,1.3,AREA,,,,,,False,unidad_raw=LAMINA | seccion=SECCION TAPICERIA | precio_unitario_raw=41000.0 | total_raw=53300.0
1686,22,419,30.0,ESPACIADO,,,,,,False,unidad_raw=UNIDADES | seccion=SECCION TAPICERIA | precio_unitario_raw=100.0 | total_raw=3000.0
1687,22,130,1.5,AREA,,,,,,False,unidad_raw=UNIDADES | seccion=SECCION TAPICERIA | precio_unitario_raw=26000.0 | total_raw=39000.0
1688,22,127,1.0,AREA,,,,,,False,unidad_raw=UNIDAD | seccion=SECCION TAPICERIA | precio_unitario_raw=12500.0 | total_raw=12500.0
1689,22,26,2.0,LINEAL,,,,,,False,unidad_raw=MTS | seccion=SECCION TAPICERIA | precio_unitario_raw=5000.0 | total_raw=10000.0
1690,22,87,3.0,AREA,,,,,,False,unidad_raw=METROS | seccion=SECCION TAPICERIA | precio_unitario_raw=4000.0 | total_raw=12000.0
1691,22,195,0.5,FORMULA,,,,,,False,seccion=SECCION TAPICERIA | precio_unitario_raw=25000.0 | total_raw=12500.0
1692,22,28,1.6,FORMULA,,,,,,False,unidad_raw=UNIIDAD | seccion=SECCION TAPICERIA | precio_unitario_raw=1500.0 | total_raw=2400.0
1693,22,359,0.75,VOLUMEN,,,,,,False,unidad_raw=LITRO | seccion=SECCION TAPICERIA | precio_unitario_raw=16250.0 | total_raw=12187.5
1694,22,165,0.7,LINEAL,,,,,,False,unidad_raw=CM | seccion=SECCION TAPICERIA | precio_unitario_raw=4000.0 | total_raw=2800.0
1695,22,184,1.0,FIJO,,,,,,False,seccion=SECCION TAPICERIA | precio_unitario_raw=210000.0 | total_raw=210000.0
1696,22,48,12.0,FORMULA,,,,,,False,unidad_raw=KG | seccion=SECCION TAPICERIA | precio_unitario_raw=1000.0 | total_raw=12000.0
1697,23,255,1756.0,FORMULA,,,,,,False,unidad_raw=APAMATE | precio_unitario_raw=140.0 | total_raw=245840.0
1698,23,269,2.0,AREA,,,,,,False,unidad_raw=LAMINA | precio_unitario_raw=65000.0 | total_raw=130000.0
1699,23,196,0.0,AREA,,,,,,False,unidad_raw=Unidad | precio_unitario_raw=160000.0 | total_raw=0.0
1700,23,232,2.0,AREA,,,,,,False,unidad_raw=Unidad | precio_unitario_raw=140000.0 | total_raw=280000.0
1701,23,359,1.0,FORMULA,,,,,,False,unidad_raw=LITROS | precio_unitario_raw=19000.0 | total_raw=0.0
1702,23,49,1.0,VOLUMEN,,,,,,False,unidad_raw=LITROS | precio_unitario_raw=14000.0 | total_raw=14000.0
1703,23,180,15.0,ESPACIADO,,,,,,False,unidad_raw=Unidad | precio_unitario_raw=600.0 | total_raw=9000.0
1704,23,70,1.0,FIJO,,,,,,False,unidad_raw=UNITARIOS | precio_unitario_raw=32000.0 | total_raw=0.0
1705,23,38,10.0,ESPACIADO,,,,,,False,unidad_raw=TIRA | precio_unitario_raw=1000.0 | total_raw=10000.0
1706,23,166,1.0,FIJO,,,,,,False,unidad_raw=PAR | precio_unitario_raw=20000.0 | total_raw=20000.0
1707,23,274,1.0,FORMULA,,,,,,False,precio_unitario_raw=136000.0 | total_raw=0.0
1708,23,423,150.0,ESPACIADO,,,,,,False,unidad_raw=Unidad | precio_unitario_raw=100.0 | total_raw=15000.0
1709,23,92,1.0,FORMULA,,,,,,False,total_raw=315000.0
1710,23,171,1.0,FORMULA,,,,,,False,total_raw=73814.0
1711,23,255,468.0,FORMULA,,,,,,False,"unidad_raw=2,10X22X18= 832 2,10X20X15=630 | precio_unitario_raw=140.0 | total_raw=65520.0"
1712,23,272,200.0,AREA,,,,,,False,"unidad_raw=1 PEDAZO DE 1,20X45=54 | precio_unitario_raw=65.0 | total_raw=13000.0"
1713,23,207,250.0,AREA,,,,,,False,"unidad_raw=1 PEDASO DE 1.25 X55=68,75 | precio_unitario_raw=210.0 | total_raw=52500.0"
1714,23,217,1.0,AREA,,,,,,False,"unidad_raw=1 PEDASO DE 1,50X40=60 | precio_unitario_raw=140000.0 | total_raw=140000.0"
1715,23,49,2.0,VOLUMEN,,,,,,False,unidad_raw=litros | precio_unitario_raw=14000.0 | total_raw=28000.0
1716,23,180,10.0,ESPACIADO,,,,,,False,unidad_raw=Unidad | precio_unitario_raw=600.0 | total_raw=6000.0
1717,23,42,6.0,ESPACIADO,,,,,,False,unidad_raw=TIRA | precio_unitario_raw=1000.0 | total_raw=6000.0
1718,23,184,2.0,FORMULA,,,,,,False,unidad_raw=PAR | precio_unitario_raw=105000.0 | total_raw=210000.0
1719,23,423,30.0,ESPACIADO,,,,,,False,unidad_raw=Unidad | precio_unitario_raw=100.0 | total_raw=3000.0
1720,23,70,4.0,FORMULA,,,,,,False,unidad_raw=DE CIERRELENTO | precio_unitario_raw=32000.0 | total_raw=128000.0
1721,23,172,1.0,FORMULA,,,,,,False,total_raw=26294.75
1722,23,349,1.0,FORMULA,,,,,DE 2 NOCHEROS,False,seccion=SECCION PINTURA Y PREPARADA DE 2 NOCHEROS
1723,23,331,2.0,FORMULA,,,,,,False,unidad_raw=CON EL 5% | seccion=SECCION PINTURA Y PREPARADA DE 2 NOCHEROS | precio_unitario_raw=36750.0 | total_raw=73500.0
1724,23,310,2.0,FORMULA,,,,,,False,unidad_raw=CON EL 5% | seccion=SECCION PINTURA Y PREPARADA DE 2 NOCHEROS | precio_unitario_raw=36750.0 | total_raw=73500.0
1725,23,356,3.0,VOLUMEN,,,,,,False,unidad_raw=PISTOLADAS | seccion=SECCION PINTURA Y PREPARADA DE 2 NOCHEROS | precio_unitario_raw=18000.0 | total_raw=54000.0
1726,23,251,2.0,FORMULA,,,,,,False,unidad_raw=unidades | seccion=SECCION PINTURA Y PREPARADA DE 2 NOCHEROS | precio_unitario_raw=2000.0 | total_raw=4000.0
1727,23,285,0.1,VOLUMEN,,,,,,False,unidad_raw=galon | seccion=SECCION PINTURA Y PREPARADA DE 2 NOCHEROS | precio_unitario_raw=70000.0 | total_raw=7000.0
1728,23,432,1.0,FORMULA,,,,,,False,unidad_raw=unidad | seccion=SECCION PINTURA Y PREPARADA DE 2 NOCHEROS | precio_unitario_raw=45000.0 | total_raw=0.0
1729,23,368,0.3,FORMULA,,,,,,False,unidad_raw=unidad | seccion=SECCION PINTURA Y PREPARADA DE 2 NOCHEROS | precio_unitario_raw=2500.0 | total_raw=750.0
1730,23,401,0.2,VOLUMEN,,,,,,False,unidad_raw=GALON | seccion=SECCION PINTURA Y PREPARADA DE 2 NOCHEROS | precio_unitario_raw=34000.0 | total_raw=6800.0
1731,23,408,1.0,FORMULA,,,,,,False,unidad_raw=JALADORES | seccion=SECCION PINTURA Y PREPARADA DE 2 NOCHEROS | precio_unitario_raw=3000.0 | total_raw=0.0
1732,23,65,2.5,VOLUMEN,,,,,,False,unidad_raw=PISTOLADA | seccion=SECCION PINTURA Y PREPARADA DE 2 NOCHEROS | precio_unitario_raw=22000.0 | total_raw=55000.0
1733,23,98,0.1,VOLUMEN,,,,,,False,unidad_raw=galon | seccion=SECCION PINTURA Y PREPARADA DE 2 NOCHEROS | precio_unitario_raw=160000.0 | total_raw=16000.0
1734,23,169,0.2,LINEAL,,,,,,False,unidad_raw=ML | seccion=SECCION PINTURA Y PREPARADA DE 2 NOCHEROS | precio_unitario_raw=4500.0 | total_raw=900.0
1735,23,341,0.2,VOLUMEN,,,,,,False,unidad_raw=LITRO | seccion=SECCION PINTURA Y PREPARADA DE 2 NOCHEROS | precio_unitario_raw=20000.0 | total_raw=4000.0
1736,23,200,2.0,VOLUMEN,,,,,,False,unidad_raw=PISTOLADA | seccion=SECCION PINTURA Y PREPARADA DE 2 NOCHEROS | precio_unitario_raw=23000.0 | total_raw=46000.0
1737,23,174,1.0,FORMULA,,,,,,False,seccion=SECCION PINTURA Y PREPARADA DE 2 NOCHEROS | total_raw=34145.0
1738,23,349,1.0,FORMULA,,,,,DE CAMA,False,seccion=SECCION PINTURA Y PREPARADA DE CAMA
1739,23,331,1.0,FIJO,,,,,,False,unidad_raw=CON EL 5% | seccion=SECCION PINTURA Y PREPARADA DE CAMA | precio_unitario_raw=31000.0 | total_raw=31000.0
1740,23,310,1.0,FIJO,,,,,,False,unidad_raw=CON EL 5% | seccion=SECCION PINTURA Y PREPARADA DE CAMA | precio_unitario_raw=31000.0 | total_raw=31000.0
1741,23,314,4.0,FORMULA,,,,,,False,seccion=SECCION PINTURA Y PREPARADA DE CAMA | precio_unitario_raw=2100.0 | total_raw=8400.0
1742,23,356,3.0,VOLUMEN,,,,,,False,unidad_raw=PISTOLADAS | seccion=SECCION PINTURA Y PREPARADA DE CAMA | precio_unitario_raw=18000.0 | total_raw=54000.0
1743,23,251,3.0,FORMULA,,,,,,False,unidad_raw=unidades | seccion=SECCION PINTURA Y PREPARADA DE CAMA | precio_unitario_raw=2000.0 | total_raw=6000.0
1744,23,285,1.0,FORMULA,,,,,,False,unidad_raw=galon | seccion=SECCION PINTURA Y PREPARADA DE CAMA | total_raw=0.0
1745,23,250,1.0,FIJO,,,,,,False,unidad_raw=unidad | seccion=SECCION PINTURA Y PREPARADA DE CAMA | precio_unitario_raw=2000.0 | total_raw=2000.0
1746,23,246,1.0,FORMULA,,,,,,False,unidad_raw=unidad | seccion=SECCION PINTURA Y PREPARADA DE CAMA | precio_unitario_raw=2000.0 | total_raw=0.0
1747,23,205,1.0,FORMULA,,,,,,False,unidad_raw=GALON | seccion=SECCION PINTURA Y PREPARADA DE CAMA | precio_unitario_raw=23000.0 | total_raw=0.0
1748,23,199,1.0,FORMULA,,,,,,False,unidad_raw=litro | seccion=SECCION PINTURA Y PREPARADA DE CAMA | precio_unitario_raw=18000.0 | total_raw=0.0
1749,23,65,3.0,VOLUMEN,,,,,,False,unidad_raw=PISTOLADA | seccion=SECCION PINTURA Y PREPARADA DE CAMA | precio_unitario_raw=20000.0 | total_raw=60000.0
1750,23,402,1.0,FORMULA,,,,,,False,unidad_raw=galon | seccion=SECCION PINTURA Y PREPARADA DE CAMA | total_raw=0.0
1751,23,169,1.0,FORMULA,,,,,,False,unidad_raw=LITRO | seccion=SECCION PINTURA Y PREPARADA DE CAMA | precio_unitario_raw=4.5 | total_raw=0.0
1752,23,341,1.0,FORMULA,,,,,,False,unidad_raw=LITRO | seccion=SECCION PINTURA Y PREPARADA DE CAMA | total_raw=0.0
1753,23,201,2.5,VOLUMEN,,,,,,False,unidad_raw=PISTOLADA | seccion=SECCION PINTURA Y PREPARADA DE CAMA | precio_unitario_raw=23000.0 | total_raw=57500.0
1754,23,405,2.0,FORMULA,,,,,,False,unidad_raw=UNIDADES | seccion=SECCION TERMINACION | precio_unitario_raw=5000.0 | total_raw=10000.0
1755,23,237,2.0,FORMULA,,,,,,False,unidad_raw=UNIDADES | seccion=SECCION TERMINACION | precio_unitario_raw=135000.0 | total_raw=270000.0
1756,23,16,4.0,LINEAL,,,,,,False,unidad_raw=METROS | seccion=SECCION TERMINACION | precio_unitario_raw=3000.0 | total_raw=12000.0
1757,23,94,1.0,FIJO,,,,,,False,unidad_raw=PAR | seccion=SECCION TERMINACION | precio_unitario_raw=31000.0 | total_raw=31000.0
1758,23,20,2.0,FORMULA,,,,,,False,unidad_raw=UNIDADES | seccion=SECCION TERMINACION | precio_unitario_raw=3000.0 | total_raw=6000.0
1759,23,425,3.0,ESPACIADO,,,,,,False,unidad_raw=UNIDADES | seccion=SECCION TERMINACION | precio_unitario_raw=1800.0 | total_raw=5400.0
1760,23,344,1.0,FIJO,,,,,,False,unidad_raw=DANIEL | seccion=SECCION TERMINACION | precio_unitario_raw=26800.0 | total_raw=26800.0
1761,23,102,1.0,FIJO,,,,,,False,unidad_raw=unidades | seccion=SECCION TERMINACION | precio_unitario_raw=50000.0 | total_raw=50000.0
1762,23,95,1.0,FIJO,,,,,,False,unidad_raw=unidades | seccion=SECCION TERMINACION | precio_unitario_raw=150000.0 | total_raw=150000.0
1763,23,352,1.0,FORMULA,,,,,,False,seccion=SECCION TERMINACION | total_raw=0.0
1764,23,257,1277.0,FORMULA,,,,,,False,unidad_raw=2X25X15 | seccion=SECCION TERMINACION | precio_unitario_raw=140.0 | total_raw=178780.0
1765,23,163,1.0,FIJO,,,,,,False,unidad_raw=DE 2X2 | seccion=SECCION TERMINACION | precio_unitario_raw=42000.0 | total_raw=42000.0
1766,23,274,1.0,FORMULA,,,,,,False,unidad_raw=unidades | seccion=SECCION TERMINACION | precio_unitario_raw=140000.0 | total_raw=0.0
1767,23,49,0.5,VOLUMEN,,,,,,False,unidad_raw=LITRO | seccion=SECCION TERMINACION | precio_unitario_raw=14000.0 | total_raw=7000.0
1768,23,423,50.0,ESPACIADO,,,,,,False,unidad_raw=unidades | seccion=SECCION TERMINACION | precio_unitario_raw=100.0 | total_raw=5000.0
1769,23,33,2.0,ESPACIADO,,,,,,False,unidad_raw=TIRAS | seccion=SECCION TERMINACION | precio_unitario_raw=600.0 | total_raw=1200.0
1770,23,304,2.0,LINEAL,,,,,,False,unidad_raw=METROS | seccion=SECCION TERMINACION | precio_unitario_raw=3500.0 | total_raw=7000.0
1771,23,370,10.0,AREA,,,,,,False,unidad_raw=METROS | seccion=SECCION TAPICERIA | precio_unitario_raw=30000.0 | total_raw=300000.0
1772,23,7,1.0,FORMULA,,,,,,False,seccion=SECCION TAPICERIA | precio_unitario_raw=15000.0 | total_raw=0.0
1773,23,29,0.3,LINEAL,,,,,,False,unidad_raw=METROS | seccion=SECCION TAPICERIA | precio_unitario_raw=56000.0 | total_raw=16800.0
1774,23,180,0.5,ESPACIADO,,,,,,False,unidad_raw=CAJA DE GRAPAS | seccion=SECCION TAPICERIA | precio_unitario_raw=12000.0 | total_raw=6000.0
1775,23,123,1.3,AREA,,,,,,False,unidad_raw=LAMINA | seccion=SECCION TAPICERIA | precio_unitario_raw=41000.0 | total_raw=53300.0
1776,23,419,50.0,ESPACIADO,,,,,,False,unidad_raw=UNIDADES | seccion=SECCION TAPICERIA | precio_unitario_raw=100.0 | total_raw=5000.0
1777,23,130,2.5,AREA,,,,,,False,unidad_raw=UNIDADES | seccion=SECCION TAPICERIA | precio_unitario_raw=40000.0 | total_raw=100000.0
1778,23,127,1.0,AREA,,,,,,False,unidad_raw=UNIDAD | seccion=SECCION TAPICERIA | precio_unitario_raw=12500.0 | total_raw=12500.0
1779,23,342,0.5,LINEAL,,,,,,False,unidad_raw=MTS | seccion=SECCION TAPICERIA | precio_unitario_raw=50000.0 | total_raw=25000.0
1780,23,87,3.0,AREA,,,,,,False,unidad_raw=METROS | seccion=SECCION TAPICERIA | precio_unitario_raw=4000.0 | total_raw=12000.0
1781,23,195,0.5,FORMULA,,,,,,False,seccion=SECCION TAPICERIA | precio_unitario_raw=25000.0 | total_raw=12500.0
1782,23,28,1.0,FORMULA,,,,,,False,unidad_raw=UNIIDAD | seccion=SECCION TAPICERIA | precio_unitario_raw=1500.0 | total_raw=0.0
1783,23,359,0.2,VOLUMEN,,,,,,False,unidad_raw=LITRO | seccion=SECCION TAPICERIA | precio_unitario_raw=16250.0 | total_raw=3250.0
1784,23,165,0.7,LINEAL,,,,,,False,unidad_raw=CM | seccion=SECCION TAPICERIA | precio_unitario_raw=4000.0 | total_raw=2800.0
1785,23,184,1.0,FIJO,,,,,,False,seccion=SECCION TAPICERIA | precio_unitario_raw=210000.0 | total_raw=210000.0
1786,23,239,3.0,FORMULA,,,,,,False,unidad_raw=KG | seccion=SECCION TAPICERIA | precio_unitario_raw=4000.0 | total_raw=12000.0
1787,24,255,1450.0,FORMULA,,,,,,False,unidad_raw=APAMATE | seccion=EBANISTAEDUAR OLAYA MANO DE OBRA= | precio_unitario_raw=140.0 | total_raw=203000.0
1788,24,269,0.0,AREA,,,,,,False,unidad_raw=LAMINA | seccion=EBANISTAEDUAR OLAYA MANO DE OBRA= | precio_unitario_raw=65000.0 | total_raw=0.0
1789,24,196,0.0,AREA,,,,,,False,unidad_raw=Unidad | seccion=EBANISTAEDUAR OLAYA MANO DE OBRA= | precio_unitario_raw=160000.0 | total_raw=0.0
1790,24,232,1.7,AREA,,,,,,False,unidad_raw=Unidad | seccion=EBANISTAEDUAR OLAYA MANO DE OBRA= | precio_unitario_raw=140000.0 | total_raw=238000.0
1791,24,359,1.0,FORMULA,,,,,,False,unidad_raw=LITROS | seccion=EBANISTAEDUAR OLAYA MANO DE OBRA= | precio_unitario_raw=19000.0 | total_raw=0.0
1792,24,49,1.0,VOLUMEN,,,,,,False,unidad_raw=LITROS | seccion=EBANISTAEDUAR OLAYA MANO DE OBRA= | precio_unitario_raw=14000.0 | total_raw=14000.0
1793,24,180,0.5,ESPACIADO,,,,,,False,unidad_raw=Unidad | seccion=EBANISTAEDUAR OLAYA MANO DE OBRA= | precio_unitario_raw=12000.0 | total_raw=6000.0
1794,24,70,1.0,FIJO,,,,,,False,unidad_raw=UNITARIOS | seccion=EBANISTAEDUAR OLAYA MANO DE OBRA= | precio_unitario_raw=32000.0 | total_raw=0.0
1795,24,39,0.5,ESPACIADO,,,,,,False,unidad_raw=TIRA | seccion=EBANISTAEDUAR OLAYA MANO DE OBRA= | precio_unitario_raw=28000.0 | total_raw=14000.0
1796,24,430,1.0,FIJO,,,,,,False,unidad_raw=PAR | seccion=EBANISTAEDUAR OLAYA MANO DE OBRA= | precio_unitario_raw=2400.0 | total_raw=2400.0
1797,24,264,0.0,AREA,,,,,,False,unidad_raw=LAMINA | seccion=EBANISTAEDUAR OLAYA MANO DE OBRA= | precio_unitario_raw=207000.0 | total_raw=0.0
1798,24,423,50.0,ESPACIADO,,,,,,False,unidad_raw=Unidad | seccion=EBANISTAEDUAR OLAYA MANO DE OBRA= | precio_unitario_raw=100.0 | total_raw=5000.0
1799,24,92,1.0,FORMULA,,,,,,False,seccion=EBANISTAEDUAR OLAYA MANO DE OBRA= | total_raw=315000.0
1800,24,171,1.0,FORMULA,,,,,,False,seccion=EBANISTAEDUAR OLAYA MANO DE OBRA= | total_raw=79740.0
1801,24,255,468.0,FORMULA,,,,,,False,"unidad_raw=2,10X22X18= 832 2,10X20X15=630 | seccion=EBANISTAEDUAR OLAYA MANO DE OBRA= | precio_unitario_raw=140.0 | total_raw=65520.0"
1802,24,272,200.0,AREA,,,,,,False,"unidad_raw=1 PEDAZO DE 1,20X45=54 | seccion=EBANISTAEDUAR OLAYA MANO DE OBRA= | precio_unitario_raw=67.0 | total_raw=13400.0"
1803,24,207,250.0,AREA,,,,,,False,"unidad_raw=1 PEDASO DE 1.25 X55=68,75 | seccion=EBANISTAEDUAR OLAYA MANO DE OBRA= | precio_unitario_raw=217.0 | total_raw=54250.0"
1804,24,217,175.0,AREA,,,,,,False,"unidad_raw=1 PEDASO DE 1,50X40=60 | seccion=EBANISTAEDUAR OLAYA MANO DE OBRA= | precio_unitario_raw=140.0 | total_raw=21875.0"
1805,24,49,2.0,VOLUMEN,,,,,,False,unidad_raw=litros | seccion=EBANISTAEDUAR OLAYA MANO DE OBRA= | precio_unitario_raw=14000.0 | total_raw=28000.0
1806,24,180,10.0,ESPACIADO,,,,,,False,unidad_raw=Unidad | seccion=EBANISTAEDUAR OLAYA MANO DE OBRA= | precio_unitario_raw=600.0 | total_raw=6000.0
1807,24,42,6.0,ESPACIADO,,,,,,False,unidad_raw=TIRA | seccion=EBANISTAEDUAR OLAYA MANO DE OBRA= | precio_unitario_raw=1000.0 | total_raw=6000.0
1808,24,184,2.0,FORMULA,,,,,,False,unidad_raw=PAR | seccion=EBANISTAEDUAR OLAYA MANO DE OBRA= | precio_unitario_raw=157500.0 | total_raw=315000.0
1809,24,423,30.0,ESPACIADO,,,,,,False,unidad_raw=Unidad | seccion=EBANISTAEDUAR OLAYA MANO DE OBRA= | precio_unitario_raw=100.0 | total_raw=3000.0
1810,24,172,1.0,FORMULA,,,,,,False,seccion=EBANISTAEDUAR OLAYA MANO DE OBRA= | total_raw=26294.75
1811,24,349,1.0,FORMULA,,,,,DE 2 NOCHEROS,False,seccion=SECCION PINTURA Y PREPARADA DE 2 NOCHEROS
1812,24,331,2.0,FORMULA,,,,,,False,unidad_raw=CON EL 5% | seccion=SECCION PINTURA Y PREPARADA DE 2 NOCHEROS | precio_unitario_raw=36750.0 | total_raw=73500.0
1813,24,310,2.0,FORMULA,,,,,,False,unidad_raw=CON EL 5% | seccion=SECCION PINTURA Y PREPARADA DE 2 NOCHEROS | precio_unitario_raw=36750.0 | total_raw=73500.0
1814,24,356,5.0,VOLUMEN,,,,,,False,unidad_raw=PISTOLADAS | seccion=SECCION PINTURA Y PREPARADA DE 2 NOCHEROS | precio_unitario_raw=18000.0 | total_raw=90000.0
1815,24,251,1.0,FIJO,,,,,,False,unidad_raw=unidades | seccion=SECCION PINTURA Y PREPARADA DE 2 NOCHEROS | precio_unitario_raw=2000.0 | total_raw=2000.0
1816,24,285,0.0,VOLUMEN,,,,,,False,unidad_raw=galon | seccion=SECCION PINTURA Y PREPARADA DE 2 NOCHEROS | precio_unitario_raw=70000.0 | total_raw=0.0
1817,24,432,0.0,FORMULA,,,,,,False,unidad_raw=unidad | seccion=SECCION PINTURA Y PREPARADA DE 2 NOCHEROS | precio_unitario_raw=45000.0 | total_raw=0.0
1818,24,368,0.3,FORMULA,,,,,,False,unidad_raw=unidad | seccion=SECCION PINTURA Y PREPARADA DE 2 NOCHEROS | precio_unitario_raw=2500.0 | total_raw=750.0
1819,24,401,0.2,VOLUMEN,,,,,,False,unidad_raw=GALON | seccion=SECCION PINTURA Y PREPARADA DE 2 NOCHEROS | precio_unitario_raw=34000.0 | total_raw=6800.0
1820,24,408,2.0,FORMULA,,,,,,False,unidad_raw=JALADORES | seccion=SECCION PINTURA Y PREPARADA DE 2 NOCHEROS | precio_unitario_raw=3000.0 | total_raw=6000.0
1821,24,50,4.0,VOLUMEN,,,,,,False,unidad_raw=PISTOLADA | seccion=SECCION PINTURA Y PREPARADA DE 2 NOCHEROS | precio_unitario_raw=22000.0 | total_raw=88000.0
1822,24,98,0.1,VOLUMEN,,,,,,False,unidad_raw=galon | seccion=SECCION PINTURA Y PREPARADA DE 2 NOCHEROS | precio_unitario_raw=160000.0 | total_raw=16000.0
1823,24,169,0.6,LINEAL,,,,,,False,unidad_raw=ML | seccion=SECCION PINTURA Y PREPARADA DE 2 NOCHEROS | precio_unitario_raw=4500.0 | total_raw=2700.0
1824,24,341,0.2,VOLUMEN,,,,,,False,unidad_raw=LITRO | seccion=SECCION PINTURA Y PREPARADA DE 2 NOCHEROS | precio_unitario_raw=20000.0 | total_raw=4000.0
1825,24,200,3.0,VOLUMEN,,,,,,False,unidad_raw=PISTOLADA | seccion=SECCION PINTURA Y PREPARADA DE 2 NOCHEROS | precio_unitario_raw=23000.0 | total_raw=69000.0
1826,24,174,1.0,FORMULA,,,,,,False,seccion=SECCION PINTURA Y PREPARADA DE 2 NOCHEROS | total_raw=43225.0
1827,24,349,1.0,FORMULA,,,,,DE CAMAS,False,seccion=SECCION PINTURA Y PREPARADA DE CAMAS
1828,24,331,0.0,FORMULA,,,,,,False,unidad_raw=CON EL 5% | seccion=SECCION PINTURA Y PREPARADA DE CAMAS | precio_unitario_raw=63000.0 | total_raw=0.0
1829,24,310,0.0,FORMULA,,,,,,False,unidad_raw=CON EL 5% | seccion=SECCION PINTURA Y PREPARADA DE CAMAS | precio_unitario_raw=26250.0 | total_raw=0.0
1830,24,314,0.0,FORMULA,,,,,,False,unidad_raw=16.0 | seccion=SECCION PINTURA Y PREPARADA DE CAMAS | precio_unitario_raw=2100.0 | total_raw=0.0
1831,24,356,0.0,VOLUMEN,,,,,,False,unidad_raw=PISTOLADAS | seccion=SECCION PINTURA Y PREPARADA DE CAMAS | precio_unitario_raw=18000.0 | total_raw=0.0
1832,24,251,0.0,FORMULA,,,,,,False,unidad_raw=unidades | seccion=SECCION PINTURA Y PREPARADA DE CAMAS | precio_unitario_raw=2000.0 | total_raw=0.0
1833,24,285,1.0,FORMULA,,,,,,False,unidad_raw=galon | seccion=SECCION PINTURA Y PREPARADA DE CAMAS | total_raw=0.0
1834,24,250,0.0,FORMULA,,,,,,False,unidad_raw=unidad | seccion=SECCION PINTURA Y PREPARADA DE CAMAS | precio_unitario_raw=2000.0 | total_raw=0.0
1835,24,245,0.0,FORMULA,,,,,,False,unidad_raw=unidad | seccion=SECCION PINTURA Y PREPARADA DE CAMAS | precio_unitario_raw=2000.0 | total_raw=0.0
1836,24,205,0.0,VOLUMEN,,,,,,False,unidad_raw=GALON | seccion=SECCION PINTURA Y PREPARADA DE CAMAS | precio_unitario_raw=23000.0 | total_raw=0.0
1837,24,199,0.0,VOLUMEN,,,,,,False,unidad_raw=litro | seccion=SECCION PINTURA Y PREPARADA DE CAMAS | precio_unitario_raw=18000.0 | total_raw=0.0
1838,24,50,0.0,VOLUMEN,,,,,,False,unidad_raw=PISTOLADA | seccion=SECCION PINTURA Y PREPARADA DE CAMAS | precio_unitario_raw=20000.0 | total_raw=0.0
1839,24,402,0.0,VOLUMEN,,,,,,False,unidad_raw=galon | seccion=SECCION PINTURA Y PREPARADA DE CAMAS | total_raw=0.0
1840,24,169,0.0,VOLUMEN,,,,,,False,unidad_raw=LITRO | seccion=SECCION PINTURA Y PREPARADA DE CAMAS | precio_unitario_raw=4.5 | total_raw=0.0
1841,24,341,0.0,VOLUMEN,,,,,,False,unidad_raw=LITRO | seccion=SECCION PINTURA Y PREPARADA DE CAMAS | precio_unitario_raw=23000.0 | total_raw=0.0
1842,24,201,0.0,VOLUMEN,,,,,,False,unidad_raw=PISTOLADA | seccion=SECCION PINTURA Y PREPARADA DE CAMAS | precio_unitario_raw=23000.0 | total_raw=0.0
1843,24,300,4.0,FORMULA,,,,,,False,unidad_raw=UNIDADES | seccion=SECCION TERMINACION | precio_unitario_raw=16000.0 | total_raw=64000.0
1844,24,415,3.0,ESPACIADO,,,,,,False,unidad_raw=UNIDADES | seccion=SECCION TERMINACION | precio_unitario_raw=2400.0 | total_raw=7200.0
1845,24,407,0.0,FORMULA,,,,,,False,unidad_raw=UNIDADES | seccion=SECCION TERMINACION | precio_unitario_raw=23000.0 | total_raw=0.0
1846,24,237,0.0,FORMULA,,,,,,False,unidad_raw=UNIDADES | seccion=SECCION TERMINACION | precio_unitario_raw=100000.0 | total_raw=0.0
1847,24,16,0.0,LINEAL,,,,,,False,unidad_raw=METROS | seccion=SECCION TERMINACION | precio_unitario_raw=3000.0 | total_raw=0.0
1848,24,6,0.0,FORMULA,,,,,,False,unidad_raw=PAR | seccion=SECCION TERMINACION | precio_unitario_raw=1500.0 | total_raw=0.0
1849,24,423,8.0,ESPACIADO,,,,,,False,unidad_raw=UNIDADES | seccion=SECCION TERMINACION | precio_unitario_raw=100.0 | total_raw=800.0
1850,24,97,1.0,FORMULA,,,,,,False,unidad_raw=UNIDADES | seccion=SECCION TERMINACION | precio_unitario_raw=2000.0 | total_raw=0.0
1851,24,194,0.0,FORMULA,,,,,,False,unidad_raw=PAR | seccion=SECCION TERMINACION | precio_unitario_raw=160000.0 | total_raw=0.0
1852,24,198,1.0,FIJO,,,,,,False,unidad_raw=UNIDAD | seccion=SECCION TERMINACION | precio_unitario_raw=26800.0 | total_raw=0.0
1853,24,283,0.0,FORMULA,,,,,,False,unidad_raw=UNIDADES | seccion=SECCION TERMINACION | precio_unitario_raw=3000.0 | total_raw=0.0
1854,24,70,2.0,FORMULA,,,,,,False,unidad_raw=PAR | seccion=SECCION TERMINACION | precio_unitario_raw=20000.0 | total_raw=40000.0
1855,24,95,1.0,FIJO,,,,,,False,unidad_raw=unidades | seccion=SECCION TERMINACION | precio_unitario_raw=150000.0 | total_raw=150000.0
1856,24,2,1.0,FORMULA,,,,,,False,seccion=SECCION TERMINACION | total_raw=0.0
1857,24,346,1.0,FORMULA,,,,,,False,seccion=SECCION TERMINACION | total_raw=0.0
1858,24,257,510.0,FORMULA,,,,,,False,unidad_raw=APAMATE | seccion=SECCION TERMINACION | precio_unitario_raw=140.0 | total_raw=71400.0
1859,24,423,20.0,ESPACIADO,,,,,,False,seccion=FABRICACION TENDIDO | precio_unitario_raw=100.0 | total_raw=2000.0
1860,24,184,2.0,FORMULA,,,,,,False,unidad_raw=UNIDAD | seccion=FABRICACION TENDIDO | precio_unitario_raw=15750.0 | total_raw=31500.0
1861,24,351,1.0,FORMULA,,,,,,False,unidad_raw=MANO DE OBRA= | seccion=SECCION TAPICERIA CARLOS MANO DE OBRA=
1862,24,369,9.0,LINEAL,,,,,,False,unidad_raw=METROS | seccion=SECCION TAPICERIA CARLOS MANO DE OBRA= | precio_unitario_raw=35000.0 | total_raw=315000.0
1863,24,7,1.0,FORMULA,,,,,,False,seccion=SECCION TAPICERIA CARLOS MANO DE OBRA= | precio_unitario_raw=15000.0 | total_raw=0.0
1864,24,120,0.25,AREA,,,,,,False,unidad_raw=METROS | seccion=SECCION TAPICERIA CARLOS MANO DE OBRA= | precio_unitario_raw=17500.0 | total_raw=4375.0
1865,24,180,0.4,ESPACIADO,,,,,,False,unidad_raw=CAJA DE GRAPAS | seccion=SECCION TAPICERIA CARLOS MANO DE OBRA= | precio_unitario_raw=12000.0 | total_raw=4800.0
1866,24,123,1.5,AREA,,,,,,False,unidad_raw=LAMINA | seccion=SECCION TAPICERIA CARLOS MANO DE OBRA= | precio_unitario_raw=41000.0 | total_raw=61500.0
1867,24,419,50.0,ESPACIADO,,,,,,False,unidad_raw=UNIDADES | seccion=SECCION TAPICERIA CARLOS MANO DE OBRA= | precio_unitario_raw=100.0 | total_raw=5000.0
1868,24,128,0.375,AREA,,,,,,False,unidad_raw=UNIDADES | seccion=SECCION TAPICERIA CARLOS MANO DE OBRA= | precio_unitario_raw=40000.0 | total_raw=15000.0
1869,24,125,0.25,AREA,,,,,,False,unidad_raw=UNIDAD | seccion=SECCION TAPICERIA CARLOS MANO DE OBRA= | precio_unitario_raw=14500.0 | total_raw=3625.0
1870,24,112,1.0,AREA,,,,,,False,unidad_raw=UNIDADES | seccion=SECCION TAPICERIA CARLOS MANO DE OBRA= | precio_unitario_raw=7000.0 | total_raw=7000.0
1871,24,31,2.5,LINEAL,,,,,,False,unidad_raw=METROS | seccion=SECCION TAPICERIA CARLOS MANO DE OBRA= | precio_unitario_raw=5000.0 | total_raw=12500.0
1872,24,195,0.5,FORMULA,,,,,,False,unidad_raw=UNIDAD | seccion=SECCION TAPICERIA CARLOS MANO DE OBRA= | precio_unitario_raw=25000.0 | total_raw=12500.0
1873,24,43,5.5,LINEAL,,,,,,False,unidad_raw=METROS | seccion=SECCION TAPICERIA CARLOS MANO DE OBRA= | precio_unitario_raw=1570.0 | total_raw=8635.0
1874,24,359,0.5,VOLUMEN,,,,,,False,unidad_raw=LITRO | seccion=SECCION TAPICERIA CARLOS MANO DE OBRA= | precio_unitario_raw=19000.0 | total_raw=9500.0
1875,24,165,0.0,LINEAL,,,,,,False,unidad_raw=CM | seccion=SECCION TAPICERIA CARLOS MANO DE OBRA= | precio_unitario_raw=4000.0
1876,24,184,1.0,FIJO,,,,,,False,seccion=SECCION TAPICERIA CARLOS MANO DE OBRA= | precio_unitario_raw=210000.0 | total_raw=210000.0
1877,24,239,6.5,LINEAL,,,,,,False,unidad_raw=METROS | seccion=SECCION TAPICERIA CARLOS MANO DE OBRA= | precio_unitario_raw=3500.0 | total_raw=22750.0
1878,25,255,1100.0,FORMULA,,,,,,False,unidad_raw=APAMATE | seccion=EBANISTA WILMER MANO DE OBRA= | precio_unitario_raw=140.0 | total_raw=154000.0
1879,25,269,0.0,AREA,,,,,,False,unidad_raw=LAMINA | seccion=EBANISTA WILMER MANO DE OBRA= | precio_unitario_raw=65000.0 | total_raw=0.0
1880,25,196,0.0,AREA,,,,,,False,unidad_raw=Unidad | seccion=EBANISTA WILMER MANO DE OBRA= | precio_unitario_raw=160000.0 | total_raw=0.0
1881,25,232,1.0,AREA,,,,,,False,unidad_raw=Unidad | seccion=EBANISTA WILMER MANO DE OBRA= | precio_unitario_raw=140000.0 | total_raw=140000.0
1882,25,359,1.0,FORMULA,,,,,,False,unidad_raw=LITROS | seccion=EBANISTA WILMER MANO DE OBRA= | precio_unitario_raw=19000.0 | total_raw=0.0
1883,25,49,1.0,VOLUMEN,,,,,,False,unidad_raw=LITROS | seccion=EBANISTA WILMER MANO DE OBRA= | precio_unitario_raw=14000.0 | total_raw=14000.0
1884,25,180,0.5,ESPACIADO,,,,,,False,unidad_raw=Unidad | seccion=EBANISTA WILMER MANO DE OBRA= | precio_unitario_raw=12000.0 | total_raw=6000.0
1885,25,70,1.0,FIJO,,,,,,False,unidad_raw=UNITARIOS | seccion=EBANISTA WILMER MANO DE OBRA= | precio_unitario_raw=32000.0 | total_raw=0.0
1886,25,39,0.25,ESPACIADO,,,,,,False,unidad_raw=TIRA | seccion=EBANISTA WILMER MANO DE OBRA= | precio_unitario_raw=28000.0 | total_raw=7000.0
1887,25,166,1.0,FIJO,,,,,,False,unidad_raw=PAR | seccion=EBANISTA WILMER MANO DE OBRA= | precio_unitario_raw=20000.0 | total_raw=20000.0
1888,25,264,2.0,AREA,,,,,,False,unidad_raw=LAMINA | seccion=EBANISTA WILMER MANO DE OBRA= | precio_unitario_raw=207000.0 | total_raw=414000.0
1889,25,423,150.0,ESPACIADO,,,,,,False,unidad_raw=Unidad | seccion=EBANISTA WILMER MANO DE OBRA= | precio_unitario_raw=100.0 | total_raw=15000.0
1890,25,92,1.0,FORMULA,,,,,,False,seccion=EBANISTA WILMER MANO DE OBRA= | total_raw=315000.0
1891,25,171,1.0,FORMULA,,,,,,False,seccion=EBANISTA WILMER MANO DE OBRA= | total_raw=106666.0
1892,25,255,468.0,FORMULA,,,,,,False,"unidad_raw=2,10X22X18= 832 2,10X20X15=630 | seccion=EBANISTA WILMER MANO DE OBRA= | precio_unitario_raw=140.0 | total_raw=65520.0"
1893,25,272,200.0,AREA,,,,,,False,"unidad_raw=1 PEDAZO DE 1,20X45=54 | seccion=EBANISTA WILMER MANO DE OBRA= | precio_unitario_raw=67.0 | total_raw=13400.0"
1894,25,207,250.0,AREA,,,,,,False,"unidad_raw=1 PEDASO DE 1.25 X55=68,75 | seccion=EBANISTA WILMER MANO DE OBRA= | precio_unitario_raw=217.0 | total_raw=54250.0"
1895,25,217,175.0,AREA,,,,,,False,"unidad_raw=1 PEDASO DE 1,50X40=60 | seccion=EBANISTA WILMER MANO DE OBRA= | precio_unitario_raw=140.0 | total_raw=21875.0"
1896,25,49,2.0,VOLUMEN,,,,,,False,unidad_raw=litros | seccion=EBANISTA WILMER MANO DE OBRA= | precio_unitario_raw=14000.0 | total_raw=28000.0
1897,25,180,10.0,ESPACIADO,,,,,,False,unidad_raw=Unidad | seccion=EBANISTA WILMER MANO DE OBRA= | precio_unitario_raw=600.0 | total_raw=6000.0
1898,25,42,6.0,ESPACIADO,,,,,,False,unidad_raw=TIRA | seccion=EBANISTA WILMER MANO DE OBRA= | precio_unitario_raw=1000.0 | total_raw=6000.0
1899,25,184,2.0,FORMULA,,,,,,False,unidad_raw=PAR | seccion=EBANISTA WILMER MANO DE OBRA= | precio_unitario_raw=157500.0 | total_raw=315000.0
1900,25,423,30.0,ESPACIADO,,,,,,False,unidad_raw=Unidad | seccion=EBANISTA WILMER MANO DE OBRA= | precio_unitario_raw=100.0 | total_raw=3000.0
1901,25,172,1.0,FORMULA,,,,,,False,seccion=EBANISTA WILMER MANO DE OBRA= | total_raw=26294.75
1902,25,349,1.0,FORMULA,,,,,DE 2 NOCHEROS,False,seccion=SECCION PINTURA Y PREPARADA DE 2 NOCHEROS
1903,25,331,2.0,FORMULA,,,,,,False,unidad_raw=CON EL 5% | seccion=SECCION PINTURA Y PREPARADA DE 2 NOCHEROS | precio_unitario_raw=36750.0 | total_raw=73500.0
1904,25,310,2.0,FORMULA,,,,,,False,unidad_raw=CON EL 5% | seccion=SECCION PINTURA Y PREPARADA DE 2 NOCHEROS | precio_unitario_raw=36750.0 | total_raw=73500.0
1905,25,356,5.0,VOLUMEN,,,,,,False,unidad_raw=PISTOLADAS | seccion=SECCION PINTURA Y PREPARADA DE 2 NOCHEROS | precio_unitario_raw=18000.0 | total_raw=90000.0
1906,25,251,1.0,FIJO,,,,,,False,unidad_raw=unidades | seccion=SECCION PINTURA Y PREPARADA DE 2 NOCHEROS | precio_unitario_raw=2000.0 | total_raw=2000.0
1907,25,285,0.0,VOLUMEN,,,,,,False,unidad_raw=galon | seccion=SECCION PINTURA Y PREPARADA DE 2 NOCHEROS | precio_unitario_raw=70000.0 | total_raw=0.0
1908,25,432,0.0,FORMULA,,,,,,False,unidad_raw=unidad | seccion=SECCION PINTURA Y PREPARADA DE 2 NOCHEROS | precio_unitario_raw=45000.0 | total_raw=0.0
1909,25,368,0.3,FORMULA,,,,,,False,unidad_raw=unidad | seccion=SECCION PINTURA Y PREPARADA DE 2 NOCHEROS | precio_unitario_raw=2500.0 | total_raw=750.0
1910,25,401,0.2,VOLUMEN,,,,,,False,unidad_raw=GALON | seccion=SECCION PINTURA Y PREPARADA DE 2 NOCHEROS | precio_unitario_raw=34000.0 | total_raw=6800.0
1911,25,408,2.0,FORMULA,,,,,,False,unidad_raw=JALADORES | seccion=SECCION PINTURA Y PREPARADA DE 2 NOCHEROS | precio_unitario_raw=3000.0 | total_raw=6000.0
1912,25,50,4.0,VOLUMEN,,,,,,False,unidad_raw=PISTOLADA | seccion=SECCION PINTURA Y PREPARADA DE 2 NOCHEROS | precio_unitario_raw=22000.0 | total_raw=88000.0
1913,25,98,0.1,VOLUMEN,,,,,,False,unidad_raw=galon | seccion=SECCION PINTURA Y PREPARADA DE 2 NOCHEROS | precio_unitario_raw=160000.0 | total_raw=16000.0
1914,25,169,0.6,LINEAL,,,,,,False,unidad_raw=ML | seccion=SECCION PINTURA Y PREPARADA DE 2 NOCHEROS | precio_unitario_raw=4500.0 | total_raw=2700.0
1915,25,341,0.2,VOLUMEN,,,,,,False,unidad_raw=LITRO | seccion=SECCION PINTURA Y PREPARADA DE 2 NOCHEROS | precio_unitario_raw=20000.0 | total_raw=4000.0
1916,25,200,3.0,VOLUMEN,,,,,,False,unidad_raw=PISTOLADA | seccion=SECCION PINTURA Y PREPARADA DE 2 NOCHEROS | precio_unitario_raw=23000.0 | total_raw=69000.0
1917,25,174,1.0,FORMULA,,,,,,False,seccion=SECCION PINTURA Y PREPARADA DE 2 NOCHEROS | total_raw=43225.0
1918,25,349,1.0,FORMULA,,,,,DE CAMAS,False,seccion=SECCION PINTURA Y PREPARADA DE CAMAS
1919,25,331,1.0,FIJO,,,,,,False,unidad_raw=CON EL 5% | seccion=SECCION PINTURA Y PREPARADA DE CAMAS | precio_unitario_raw=63000.0 | total_raw=63000.0
1920,25,310,1.0,FIJO,,,,,,False,unidad_raw=CON EL 5% | seccion=SECCION PINTURA Y PREPARADA DE CAMAS | precio_unitario_raw=36750.0 | total_raw=36750.0
1921,25,314,16.0,FORMULA,,,,,,False,unidad_raw=16.0 | seccion=SECCION PINTURA Y PREPARADA DE CAMAS | precio_unitario_raw=2100.0 | total_raw=33600.0
1922,25,356,2.5,VOLUMEN,,,,,,False,unidad_raw=PISTOLADAS | seccion=SECCION PINTURA Y PREPARADA DE CAMAS | precio_unitario_raw=18000.0 | total_raw=45000.0
1923,25,251,0.0,FORMULA,,,,,,False,unidad_raw=unidades | seccion=SECCION PINTURA Y PREPARADA DE CAMAS | precio_unitario_raw=2000.0 | total_raw=0.0
1924,25,285,1.0,FORMULA,,,,,,False,unidad_raw=galon | seccion=SECCION PINTURA Y PREPARADA DE CAMAS | total_raw=0.0
1925,25,250,1.0,FIJO,,,,,,False,unidad_raw=unidad | seccion=SECCION PINTURA Y PREPARADA DE CAMAS | precio_unitario_raw=2000.0 | total_raw=2000.0
1926,25,245,1.0,FIJO,,,,,,False,unidad_raw=unidad | seccion=SECCION PINTURA Y PREPARADA DE CAMAS | precio_unitario_raw=2000.0 | total_raw=2000.0
1927,25,205,1.5,VOLUMEN,,,,,,False,unidad_raw=GALON | seccion=SECCION PINTURA Y PREPARADA DE CAMAS | precio_unitario_raw=23000.0 | total_raw=34500.0
1928,25,199,1.0,FORMULA,,,,,,False,unidad_raw=litro | seccion=SECCION PINTURA Y PREPARADA DE CAMAS | precio_unitario_raw=18000.0 | total_raw=0.0
1929,25,50,3.2,VOLUMEN,,,,,,False,unidad_raw=PISTOLADA | seccion=SECCION PINTURA Y PREPARADA DE CAMAS | precio_unitario_raw=20000.0 | total_raw=64000.0
1930,25,402,1.0,FORMULA,,,,,,False,unidad_raw=galon | seccion=SECCION PINTURA Y PREPARADA DE CAMAS | total_raw=0.0
1931,25,169,0.2,VOLUMEN,,,,,,False,unidad_raw=LITRO | seccion=SECCION PINTURA Y PREPARADA DE CAMAS | precio_unitario_raw=4.5 | total_raw=0.9
1932,25,341,0.5,VOLUMEN,,,,,,False,unidad_raw=LITRO | seccion=SECCION PINTURA Y PREPARADA DE CAMAS | precio_unitario_raw=23000.0 | total_raw=11500.0
1933,25,201,1.7,VOLUMEN,,,,,,False,unidad_raw=PISTOLADA | seccion=SECCION PINTURA Y PREPARADA DE CAMAS | precio_unitario_raw=23000.0 | total_raw=39100.0
1934,25,174,1.0,FORMULA,,,,,,False,seccion=SECCION PINTURA Y PREPARADA DE CAMAS | total_raw=32095.1
1935,25,335,2.0,FORMULA,,,,,,False,unidad_raw=JOTA LAMPARAS | seccion=SECCION TERMINACION | precio_unitario_raw=31500.0 | total_raw=63000.0
1936,25,335,2.0,FORMULA,,,,,,False,unidad_raw=TOMAS | seccion=SECCION TERMINACION | precio_unitario_raw=15750.0 | total_raw=31500.0
1937,25,407,2.0,FORMULA,,,,,,False,unidad_raw=UNIDADES | seccion=SECCION TERMINACION | precio_unitario_raw=23000.0 | total_raw=46000.0
1938,25,237,2.0,FORMULA,,,,,,False,unidad_raw=UNIDADES | seccion=SECCION TERMINACION | precio_unitario_raw=125000.0 | total_raw=250000.0
1939,25,16,6.0,LINEAL,,,,,,False,unidad_raw=METROS | seccion=SECCION TERMINACION | precio_unitario_raw=3000.0 | total_raw=18000.0
1940,25,6,2.0,FORMULA,,,,,,False,unidad_raw=PAR | seccion=SECCION TERMINACION | precio_unitario_raw=1500.0 | total_raw=3000.0
1941,25,97,2.0,FORMULA,,,,,,False,unidad_raw=UNIDADES | seccion=SECCION TERMINACION | precio_unitario_raw=2000.0 | total_raw=4000.0
1942,25,194,1.0,FIJO,,,,,,False,unidad_raw=PAR | seccion=SECCION TERMINACION | precio_unitario_raw=160000.0 | total_raw=160000.0
1943,25,198,2.0,FORMULA,,,,,,False,unidad_raw=UNIDAD | seccion=SECCION TERMINACION | precio_unitario_raw=10000.0 | total_raw=20000.0
1944,25,283,4.0,FORMULA,,,,,,False,unidad_raw=UNIDADES | seccion=SECCION TERMINACION | precio_unitario_raw=3000.0 | total_raw=12000.0
1945,25,70,4.0,FORMULA,,,,,,False,unidad_raw=unidades | seccion=SECCION TERMINACION | precio_unitario_raw=19000.0 | total_raw=76000.0
1946,25,95,1.0,FIJO,,,,,,False,unidad_raw=unidades | seccion=SECCION TERMINACION | precio_unitario_raw=150000.0 | total_raw=150000.0
1947,25,352,1.0,FORMULA,,,,,,False,seccion=SECCION TERMINACION | total_raw=0.0
1948,25,351,1.0,FORMULA,,,,,,False,unidad_raw=MANO DE OBRA= | seccion=SECCION TAPICERIA CARLOS MANO DE OBRA=
1949,25,397,13.0,AREA,,,,,,False,unidad_raw=METROS | seccion=SECCION TAPICERIA CARLOS MANO DE OBRA= | precio_unitario_raw=29000.0 | total_raw=377000.0
1950,25,7,1.0,FORMULA,,,,,,False,seccion=SECCION TAPICERIA CARLOS MANO DE OBRA= | precio_unitario_raw=15000.0 | total_raw=0.0
1951,25,29,0.0,LINEAL,,,,,,False,unidad_raw=METROS | seccion=SECCION TAPICERIA CARLOS MANO DE OBRA= | precio_unitario_raw=56000.0 | total_raw=0.0
1952,25,180,0.5,ESPACIADO,,,,,,False,unidad_raw=CAJA DE GRAPAS | seccion=SECCION TAPICERIA CARLOS MANO DE OBRA= | precio_unitario_raw=12000.0 | total_raw=6000.0
1953,25,123,0.0,AREA,,,,,,False,unidad_raw=LAMINA | seccion=SECCION TAPICERIA CARLOS MANO DE OBRA= | precio_unitario_raw=41000.0 | total_raw=0.0
1954,25,419,50.0,ESPACIADO,,,,,,False,unidad_raw=UNIDADES | seccion=SECCION TAPICERIA CARLOS MANO DE OBRA= | precio_unitario_raw=100.0 | total_raw=5000.0
1955,25,130,4.0,AREA,,,,,,False,unidad_raw=UNIDADES | seccion=SECCION TAPICERIA CARLOS MANO DE OBRA= | precio_unitario_raw=26000.0 | total_raw=104000.0
1956,25,125,1.0,AREA,,,,,,False,unidad_raw=UNIDAD | seccion=SECCION TAPICERIA CARLOS MANO DE OBRA= | precio_unitario_raw=14500.0 | total_raw=14500.0
1957,25,342,8.0,LINEAL,,,,,,False,unidad_raw=MTS | seccion=SECCION TAPICERIA CARLOS MANO DE OBRA= | precio_unitario_raw=1000.0 | total_raw=8000.0
1958,25,87,6.0,AREA,,,,,,False,unidad_raw=METROS | seccion=SECCION TAPICERIA CARLOS MANO DE OBRA= | precio_unitario_raw=4000.0 | total_raw=24000.0
1959,25,195,0.5,FORMULA,,,,,,False,unidad_raw=UNIDAD | seccion=SECCION TAPICERIA CARLOS MANO DE OBRA= | precio_unitario_raw=25000.0 | total_raw=12500.0
1960,25,26,1.5,FORMULA,,,,,,False,unidad_raw=UNIIDAD | seccion=SECCION TAPICERIA CARLOS MANO DE OBRA= | precio_unitario_raw=5000.0 | total_raw=7500.0
1961,25,359,0.75,VOLUMEN,,,,,,False,unidad_raw=LITRO | seccion=SECCION TAPICERIA CARLOS MANO DE OBRA= | precio_unitario_raw=19000.0 | total_raw=14250.0
1962,25,165,0.0,LINEAL,,,,,,False,unidad_raw=CM | seccion=SECCION TAPICERIA CARLOS MANO DE OBRA= | precio_unitario_raw=4000.0 | total_raw=0.0
1963,25,184,1.0,FIJO,,,,,,False,seccion=SECCION TAPICERIA CARLOS MANO DE OBRA= | precio_unitario_raw=210000.0 | total_raw=210000.0
1964,25,239,0.0,FORMULA,,,,,,False,unidad_raw=KG | seccion=SECCION TAPICERIA CARLOS MANO DE OBRA= | precio_unitario_raw=4000.0 | total_raw=0.0
1965,26,255,1483.0,FORMULA,,,,,,False,unidad_raw=APAMATE | seccion=EBANISTA WILMER MANO DE OBRA= | precio_unitario_raw=140.0 | total_raw=207620.0
1966,26,269,0.0,AREA,,,,,,False,unidad_raw=LAMINA | seccion=EBANISTA WILMER MANO DE OBRA= | precio_unitario_raw=65000.0 | total_raw=0.0
1967,26,196,0.0,AREA,,,,,,False,unidad_raw=Unidad | seccion=EBANISTA WILMER MANO DE OBRA= | precio_unitario_raw=160000.0 | total_raw=0.0
1968,26,232,2.0,AREA,,,,,,False,unidad_raw=Unidad | seccion=EBANISTA WILMER MANO DE OBRA= | precio_unitario_raw=140000.0 | total_raw=280000.0
1969,26,359,1.0,FORMULA,,,,,,False,unidad_raw=LITROS | seccion=EBANISTA WILMER MANO DE OBRA= | precio_unitario_raw=19000.0 | total_raw=0.0
1970,26,49,1.0,VOLUMEN,,,,,,False,unidad_raw=LITROS | seccion=EBANISTA WILMER MANO DE OBRA= | precio_unitario_raw=14000.0 | total_raw=14000.0
1971,26,180,0.5,ESPACIADO,,,,,,False,unidad_raw=Unidad | seccion=EBANISTA WILMER MANO DE OBRA= | precio_unitario_raw=12000.0 | total_raw=6000.0
1972,26,70,1.0,FIJO,,,,,,False,unidad_raw=UNITARIOS | seccion=EBANISTA WILMER MANO DE OBRA= | precio_unitario_raw=32000.0 | total_raw=0.0
1973,26,41,0.5,ESPACIADO,,,,,,False,unidad_raw=TIRA | seccion=EBANISTA WILMER MANO DE OBRA= | precio_unitario_raw=28000.0 | total_raw=14000.0
1974,26,166,1.0,FIJO,,,,,,False,unidad_raw=PAR | seccion=EBANISTA WILMER MANO DE OBRA= | precio_unitario_raw=20000.0 | total_raw=20000.0
1975,26,264,0.0,AREA,,,,,,False,unidad_raw=LAMINA | seccion=EBANISTA WILMER MANO DE OBRA= | precio_unitario_raw=207000.0 | total_raw=0.0
1976,26,423,150.0,ESPACIADO,,,,,,False,unidad_raw=Unidad | seccion=EBANISTA WILMER MANO DE OBRA= | precio_unitario_raw=100.0 | total_raw=15000.0
1977,26,92,1.0,FORMULA,,,,,,False,seccion=EBANISTA WILMER MANO DE OBRA= | total_raw=315000.0
1978,26,171,1.0,FORMULA,,,,,,False,seccion=EBANISTA WILMER MANO DE OBRA= | total_raw=87162.0
1979,26,255,468.0,FORMULA,,,,,,False,"unidad_raw=2,10X22X18= 832 2,10X20X15=630 | seccion=EBANISTA WILMER MANO DE OBRA= | precio_unitario_raw=140.0 | total_raw=65520.0"
1980,26,272,200.0,AREA,,,,,,False,"unidad_raw=1 PEDAZO DE 1,20X45=54 | seccion=EBANISTA WILMER MANO DE OBRA= | precio_unitario_raw=67.0 | total_raw=13400.0"
1981,26,207,250.0,AREA,,,,,,False,"unidad_raw=1 PEDASO DE 1.25 X55=68,75 | seccion=EBANISTA WILMER MANO DE OBRA= | precio_unitario_raw=217.0 | total_raw=54250.0"
1982,26,217,175.0,AREA,,,,,,False,"unidad_raw=1 PEDASO DE 1,50X40=60 | seccion=EBANISTA WILMER MANO DE OBRA= | precio_unitario_raw=140.0 | total_raw=21875.0"
1983,26,49,2.0,VOLUMEN,,,,,,False,unidad_raw=litros | seccion=EBANISTA WILMER MANO DE OBRA= | precio_unitario_raw=14000.0 | total_raw=28000.0
1984,26,180,10.0,ESPACIADO,,,,,,False,unidad_raw=Unidad | seccion=EBANISTA WILMER MANO DE OBRA= | precio_unitario_raw=600.0 | total_raw=6000.0
1985,26,42,6.0,ESPACIADO,,,,,,False,unidad_raw=TIRA | seccion=EBANISTA WILMER MANO DE OBRA= | precio_unitario_raw=1000.0 | total_raw=6000.0
1986,26,184,2.0,FORMULA,,,,,,False,unidad_raw=PAR | seccion=EBANISTA WILMER MANO DE OBRA= | precio_unitario_raw=157500.0 | total_raw=315000.0
1987,26,423,30.0,ESPACIADO,,,,,,False,unidad_raw=Unidad | seccion=EBANISTA WILMER MANO DE OBRA= | precio_unitario_raw=100.0 | total_raw=3000.0
1988,26,172,1.0,FORMULA,,,,,,False,seccion=EBANISTA WILMER MANO DE OBRA= | total_raw=26294.75
1989,26,349,1.0,FORMULA,,,,,DE 2 NOCHEROS,False,seccion=SECCION PINTURA Y PREPARADA DE 2 NOCHEROS
1990,26,331,2.0,FORMULA,,,,,,False,unidad_raw=CON EL 5% | seccion=SECCION PINTURA Y PREPARADA DE 2 NOCHEROS | precio_unitario_raw=36750.0 | total_raw=73500.0
1991,26,310,2.0,FORMULA,,,,,,False,unidad_raw=CON EL 5% | seccion=SECCION PINTURA Y PREPARADA DE 2 NOCHEROS | precio_unitario_raw=36750.0 | total_raw=73500.0
1992,26,356,5.0,VOLUMEN,,,,,,False,unidad_raw=PISTOLADAS | seccion=SECCION PINTURA Y PREPARADA DE 2 NOCHEROS | precio_unitario_raw=18000.0 | total_raw=90000.0
1993,26,251,1.0,FIJO,,,,,,False,unidad_raw=unidades | seccion=SECCION PINTURA Y PREPARADA DE 2 NOCHEROS | precio_unitario_raw=2000.0 | total_raw=2000.0
1994,26,285,0.0,VOLUMEN,,,,,,False,unidad_raw=galon | seccion=SECCION PINTURA Y PREPARADA DE 2 NOCHEROS | precio_unitario_raw=70000.0 | total_raw=0.0
1995,26,432,0.0,FORMULA,,,,,,False,unidad_raw=unidad | seccion=SECCION PINTURA Y PREPARADA DE 2 NOCHEROS | precio_unitario_raw=45000.0 | total_raw=0.0
1996,26,368,0.3,FORMULA,,,,,,False,unidad_raw=unidad | seccion=SECCION PINTURA Y PREPARADA DE 2 NOCHEROS | precio_unitario_raw=2500.0 | total_raw=750.0
1997,26,401,0.2,VOLUMEN,,,,,,False,unidad_raw=GALON | seccion=SECCION PINTURA Y PREPARADA DE 2 NOCHEROS | precio_unitario_raw=34000.0 | total_raw=6800.0
1998,26,408,2.0,FORMULA,,,,,,False,unidad_raw=JALADORES | seccion=SECCION PINTURA Y PREPARADA DE 2 NOCHEROS | precio_unitario_raw=3000.0 | total_raw=6000.0
1999,26,50,4.0,VOLUMEN,,,,,,False,unidad_raw=PISTOLADA | seccion=SECCION PINTURA Y PREPARADA DE 2 NOCHEROS | precio_unitario_raw=22000.0 | total_raw=88000.0
2000,26,98,0.1,VOLUMEN,,,,,,False,unidad_raw=galon | seccion=SECCION PINTURA Y PREPARADA DE 2 NOCHEROS | precio_unitario_raw=160000.0 | total_raw=16000.0
2001,26,169,0.6,LINEAL,,,,,,False,unidad_raw=ML | seccion=SECCION PINTURA Y PREPARADA DE 2 NOCHEROS | precio_unitario_raw=4500.0 | total_raw=2700.0
2002,26,341,0.2,VOLUMEN,,,,,,False,unidad_raw=LITRO | seccion=SECCION PINTURA Y PREPARADA DE 2 NOCHEROS | precio_unitario_raw=20000.0 | total_raw=4000.0
2003,26,200,3.0,VOLUMEN,,,,,,False,unidad_raw=PISTOLADA | seccion=SECCION PINTURA Y PREPARADA DE 2 NOCHEROS | precio_unitario_raw=23000.0 | total_raw=69000.0
2004,26,174,1.0,FORMULA,,,,,,False,seccion=SECCION PINTURA Y PREPARADA DE 2 NOCHEROS | total_raw=43225.0
2005,26,349,1.0,FORMULA,,,,,DE CAMAS,False,seccion=SECCION PINTURA Y PREPARADA DE CAMAS
2006,26,331,1.0,FIJO,,,,,,False,unidad_raw=CON EL 5% | seccion=SECCION PINTURA Y PREPARADA DE CAMAS | precio_unitario_raw=63000.0 | total_raw=63000.0
2007,26,310,1.0,FIJO,,,,,,False,unidad_raw=CON EL 5% | seccion=SECCION PINTURA Y PREPARADA DE CAMAS | precio_unitario_raw=26250.0 | total_raw=26250.0
2008,26,314,16.0,FORMULA,,,,,,False,unidad_raw=16.0 | seccion=SECCION PINTURA Y PREPARADA DE CAMAS | precio_unitario_raw=2100.0 | total_raw=33600.0
2009,26,356,2.5,VOLUMEN,,,,,,False,unidad_raw=PISTOLADAS | seccion=SECCION PINTURA Y PREPARADA DE CAMAS | precio_unitario_raw=18000.0 | total_raw=45000.0
2010,26,251,0.0,FORMULA,,,,,,False,unidad_raw=unidades | seccion=SECCION PINTURA Y PREPARADA DE CAMAS | precio_unitario_raw=2000.0 | total_raw=0.0
2011,26,285,1.0,FORMULA,,,,,,False,unidad_raw=galon | seccion=SECCION PINTURA Y PREPARADA DE CAMAS | total_raw=0.0
2012,26,250,1.0,FIJO,,,,,,False,unidad_raw=unidad | seccion=SECCION PINTURA Y PREPARADA DE CAMAS | precio_unitario_raw=2000.0 | total_raw=2000.0
2013,26,245,1.0,FIJO,,,,,,False,unidad_raw=unidad | seccion=SECCION PINTURA Y PREPARADA DE CAMAS | precio_unitario_raw=2000.0 | total_raw=2000.0
2014,26,205,1.5,VOLUMEN,,,,,,False,unidad_raw=GALON | seccion=SECCION PINTURA Y PREPARADA DE CAMAS | precio_unitario_raw=23000.0 | total_raw=34500.0
2015,26,199,1.0,FORMULA,,,,,,False,unidad_raw=litro | seccion=SECCION PINTURA Y PREPARADA DE CAMAS | precio_unitario_raw=18000.0 | total_raw=0.0
2016,26,50,3.2,VOLUMEN,,,,,,False,unidad_raw=PISTOLADA | seccion=SECCION PINTURA Y PREPARADA DE CAMAS | precio_unitario_raw=20000.0 | total_raw=64000.0
2017,26,402,1.0,FORMULA,,,,,,False,unidad_raw=galon | seccion=SECCION PINTURA Y PREPARADA DE CAMAS | total_raw=0.0
2018,26,169,0.2,VOLUMEN,,,,,,False,unidad_raw=LITRO | seccion=SECCION PINTURA Y PREPARADA DE CAMAS | precio_unitario_raw=4.5 | total_raw=0.9
2019,26,341,0.5,VOLUMEN,,,,,,False,unidad_raw=LITRO | seccion=SECCION PINTURA Y PREPARADA DE CAMAS | precio_unitario_raw=23000.0 | total_raw=11500.0
2020,26,201,1.7,VOLUMEN,,,,,,False,unidad_raw=PISTOLADA | seccion=SECCION PINTURA Y PREPARADA DE CAMAS | precio_unitario_raw=23000.0 | total_raw=39100.0
2021,26,174,1.0,FORMULA,,,,,,False,seccion=SECCION PINTURA Y PREPARADA DE CAMAS | total_raw=32095.1
2022,26,193,1.0,FIJO,,,,,,False,unidad_raw=PAR | seccion=SECCION TERMINACION | precio_unitario_raw=160000.0 | total_raw=160000.0
2023,26,71,2.0,FORMULA,,,,,,False,unidad_raw=PAR | seccion=SECCION TERMINACION | precio_unitario_raw=20000.0 | total_raw=40000.0
2024,26,407,0.0,FORMULA,,,,,,False,unidad_raw=UNIDADES | seccion=SECCION TERMINACION | precio_unitario_raw=23000.0 | total_raw=0.0
2025,26,237,0.0,FORMULA,,,,,,False,unidad_raw=UNIDADES | seccion=SECCION TERMINACION | precio_unitario_raw=100000.0 | total_raw=0.0
2026,26,16,0.0,LINEAL,,,,,,False,unidad_raw=METROS | seccion=SECCION TERMINACION | precio_unitario_raw=3000.0 | total_raw=0.0
2027,26,6,0.0,FORMULA,,,,,,False,unidad_raw=PAR | seccion=SECCION TERMINACION | precio_unitario_raw=1500.0 | total_raw=0.0
2028,26,97,0.0,FORMULA,,,,,,False,unidad_raw=UNIDADES | seccion=SECCION TERMINACION | precio_unitario_raw=2000.0 | total_raw=0.0
2029,26,194,1.0,FORMULA,,,,,,False,unidad_raw=PAR | seccion=SECCION TERMINACION | precio_unitario_raw=160000.0 | total_raw=0.0
2030,26,198,0.0,FORMULA,,,,,,False,unidad_raw=UNIDAD | seccion=SECCION TERMINACION | precio_unitario_raw=26800.0 | total_raw=0.0
2031,26,283,1.0,FORMULA,,,,,,False,unidad_raw=UNIDADES | seccion=SECCION TERMINACION | precio_unitario_raw=3000.0 | total_raw=0.0
2032,26,70,0.0,FORMULA,,,,,,False,unidad_raw=unidades | seccion=SECCION TERMINACION | precio_unitario_raw=8000.0 | total_raw=0.0
2033,26,95,1.0,FIJO,,,,,,False,unidad_raw=unidades | seccion=SECCION TERMINACION | precio_unitario_raw=150000.0 | total_raw=150000.0
2034,26,352,1.0,FORMULA,,,,,,False,seccion=SECCION TERMINACION | total_raw=0.0
2035,26,351,1.0,FORMULA,,,,,,False,unidad_raw=MANO DE OBRA= | seccion=SECCION TAPICERIA CARLOS MANO DE OBRA=
2036,26,398,11.0,AREA,,,,,,False,unidad_raw=METROS | seccion=SECCION TAPICERIA CARLOS MANO DE OBRA= | precio_unitario_raw=30000.0 | total_raw=330000.0
2037,26,43,5.0,LINEAL,,,,,,False,unidad_raw=METROS | seccion=SECCION TAPICERIA CARLOS MANO DE OBRA= | precio_unitario_raw=1570.0 | total_raw=7222.0
2038,26,112,2.0,AREA,,,,,,False,unidad_raw=METROS | seccion=SECCION TAPICERIA CARLOS MANO DE OBRA= | precio_unitario_raw=7300.0 | total_raw=14600.0
2039,26,180,1.0,ESPACIADO,,,,,,False,unidad_raw=CAJA DE GRAPAS | seccion=SECCION TAPICERIA CARLOS MANO DE OBRA= | precio_unitario_raw=12000.0 | total_raw=12000.0
2040,26,123,0.4,AREA,,,,,,False,unidad_raw=LAMINA | seccion=SECCION TAPICERIA CARLOS MANO DE OBRA= | precio_unitario_raw=41000.0 | total_raw=16400.0
2041,26,419,50.0,ESPACIADO,,,,,,False,unidad_raw=UNIDADES | seccion=SECCION TAPICERIA CARLOS MANO DE OBRA= | precio_unitario_raw=100.0 | total_raw=5000.0
2042,26,129,1.0,AREA,,,,,,False,unidad_raw=UNIDADES | seccion=SECCION TAPICERIA CARLOS MANO DE OBRA= | precio_unitario_raw=30000.0 | total_raw=30000.0
2043,26,125,1.0,AREA,,,,,,False,unidad_raw=UNIDAD | seccion=SECCION TAPICERIA CARLOS MANO DE OBRA= | precio_unitario_raw=14500.0 | total_raw=14500.0
2044,26,107,2.0,AREA,,,,,,False,unidad_raw=MTS | seccion=SECCION TAPICERIA CARLOS MANO DE OBRA= | precio_unitario_raw=26000.0 | total_raw=52000.0
2045,26,87,5.0,AREA,,,,,,False,unidad_raw=METROS | seccion=SECCION TAPICERIA CARLOS MANO DE OBRA= | precio_unitario_raw=3000.0 | total_raw=15000.0
2046,26,195,0.5,FORMULA,,,,,,False,unidad_raw=UNIDAD | seccion=SECCION TAPICERIA CARLOS MANO DE OBRA= | precio_unitario_raw=25000.0 | total_raw=12500.0
2047,26,26,3.0,FORMULA,,,,,,False,unidad_raw=UNIIDAD | seccion=SECCION TAPICERIA CARLOS MANO DE OBRA= | precio_unitario_raw=5000.0 | total_raw=15000.0
2048,26,359,1.0,VOLUMEN,,,,,,False,unidad_raw=LITRO | seccion=SECCION TAPICERIA CARLOS MANO DE OBRA= | precio_unitario_raw=19000.0 | total_raw=19000.0
2049,26,110,0.4,AREA,,,,,,False,unidad_raw=CM | seccion=SECCION TAPICERIA CARLOS MANO DE OBRA= | precio_unitario_raw=24000.0 | total_raw=9600.0
2050,26,184,1.0,FIJO,,,,,,False,seccion=SECCION TAPICERIA CARLOS MANO DE OBRA= | precio_unitario_raw=210000.0 | total_raw=210000.0
2051,26,239,0.0,FORMULA,,,,,,False,unidad_raw=KG | seccion=SECCION TAPICERIA CARLOS MANO DE OBRA= | precio_unitario_raw=4000.0 | total_raw=0.0
2052,27,255,1450.0,FORMULA,,,,,,False,unidad_raw=APAMATE | seccion=EBANISTA WILMER MANO DE OBRA= | precio_unitario_raw=140.0 | total_raw=203000.0
2053,27,269,0.0,AREA,,,,,,False,unidad_raw=LAMINA | seccion=EBANISTA WILMER MANO DE OBRA= | precio_unitario_raw=65000.0 | total_raw=0.0
2054,27,196,0.0,AREA,,,,,,False,unidad_raw=Unidad | seccion=EBANISTA WILMER MANO DE OBRA= | precio_unitario_raw=160000.0 | total_raw=0.0
2055,27,232,1.0,AREA,,,,,,False,unidad_raw=Unidad | seccion=EBANISTA WILMER MANO DE OBRA= | precio_unitario_raw=140000.0 | total_raw=140000.0
2056,27,359,1.0,FORMULA,,,,,,False,unidad_raw=LITROS | seccion=EBANISTA WILMER MANO DE OBRA= | precio_unitario_raw=19000.0 | total_raw=0.0
2057,27,49,1.5,LINEAL,,,,,,False,unidad_raw=ML | seccion=EBANISTA WILMER MANO DE OBRA= | precio_unitario_raw=14000.0 | total_raw=21000.0
2058,27,180,0.5,ESPACIADO,,,,,,False,unidad_raw=Unidad | seccion=EBANISTA WILMER MANO DE OBRA= | precio_unitario_raw=12000.0 | total_raw=6000.0
2059,27,70,1.0,FIJO,,,,,,False,unidad_raw=UNITARIOS | seccion=EBANISTA WILMER MANO DE OBRA= | precio_unitario_raw=32000.0 | total_raw=0.0
2060,27,40,0.5,ESPACIADO,,,,,,False,unidad_raw=TIRA | seccion=EBANISTA WILMER MANO DE OBRA= | precio_unitario_raw=28000.0 | total_raw=14000.0
2061,27,166,1.0,FIJO,,,,,,False,unidad_raw=PAR | seccion=EBANISTA WILMER MANO DE OBRA= | precio_unitario_raw=20000.0 | total_raw=20000.0
2062,27,264,0.0,AREA,,,,,,False,unidad_raw=LAMINA | seccion=EBANISTA WILMER MANO DE OBRA= | precio_unitario_raw=207000.0 | total_raw=0.0
2063,27,423,140.0,ESPACIADO,,,,,,False,unidad_raw=Unidad | seccion=EBANISTA WILMER MANO DE OBRA= | precio_unitario_raw=100.0 | total_raw=14000.0
2064,27,92,1.0,FORMULA,,,,,,False,seccion=EBANISTA WILMER MANO DE OBRA= | total_raw=315000.0
2065,27,171,1.0,FORMULA,,,,,,False,seccion=EBANISTA WILMER MANO DE OBRA= | total_raw=106666.0
2066,27,255,468.0,FORMULA,,,,,,False,"unidad_raw=2,10X22X18= 832 2,10X20X15=630 | seccion=EBANISTA WILMER MANO DE OBRA= | precio_unitario_raw=140.0 | total_raw=65520.0"
2067,27,272,200.0,AREA,,,,,,False,"unidad_raw=1 PEDAZO DE 1,20X45=54 | seccion=EBANISTA WILMER MANO DE OBRA= | precio_unitario_raw=67.0 | total_raw=13400.0"
2068,27,207,250.0,AREA,,,,,,False,"unidad_raw=1 PEDASO DE 1.25 X55=68,75 | seccion=EBANISTA WILMER MANO DE OBRA= | precio_unitario_raw=217.0 | total_raw=54250.0"
2069,27,217,175.0,AREA,,,,,,False,"unidad_raw=1 PEDASO DE 1,50X40=60 | seccion=EBANISTA WILMER MANO DE OBRA= | precio_unitario_raw=140.0 | total_raw=21875.0"
2070,27,49,2.0,VOLUMEN,,,,,,False,unidad_raw=litros | seccion=EBANISTA WILMER MANO DE OBRA= | precio_unitario_raw=14000.0 | total_raw=28000.0
2071,27,180,10.0,ESPACIADO,,,,,,False,unidad_raw=Unidad | seccion=EBANISTA WILMER MANO DE OBRA= | precio_unitario_raw=600.0 | total_raw=6000.0
2072,27,42,6.0,ESPACIADO,,,,,,False,unidad_raw=TIRA | seccion=EBANISTA WILMER MANO DE OBRA= | precio_unitario_raw=1000.0 | total_raw=6000.0
2073,27,184,2.0,FORMULA,,,,,,False,unidad_raw=PAR | seccion=EBANISTA WILMER MANO DE OBRA= | precio_unitario_raw=157500.0 | total_raw=315000.0
2074,27,423,30.0,ESPACIADO,,,,,,False,unidad_raw=Unidad | seccion=EBANISTA WILMER MANO DE OBRA= | precio_unitario_raw=100.0 | total_raw=3000.0
2075,27,172,1.0,FORMULA,,,,,,False,seccion=EBANISTA WILMER MANO DE OBRA= | total_raw=26294.75
2076,27,349,1.0,FORMULA,,,,,DE 2 NOCHEROS,False,seccion=SECCION PINTURA Y PREPARADA DE 2 NOCHEROS
2077,27,331,2.0,FORMULA,,,,,,False,unidad_raw=CON EL 5% | seccion=SECCION PINTURA Y PREPARADA DE 2 NOCHEROS | precio_unitario_raw=36750.0 | total_raw=73500.0
2078,27,310,2.0,FORMULA,,,,,,False,unidad_raw=CON EL 5% | seccion=SECCION PINTURA Y PREPARADA DE 2 NOCHEROS | precio_unitario_raw=36750.0 | total_raw=73500.0
2079,27,356,5.0,VOLUMEN,,,,,,False,unidad_raw=PISTOLADAS | seccion=SECCION PINTURA Y PREPARADA DE 2 NOCHEROS | precio_unitario_raw=18000.0 | total_raw=90000.0
2080,27,251,1.0,FIJO,,,,,,False,unidad_raw=unidades | seccion=SECCION PINTURA Y PREPARADA DE 2 NOCHEROS | precio_unitario_raw=2000.0 | total_raw=2000.0
2081,27,285,0.0,VOLUMEN,,,,,,False,unidad_raw=galon | seccion=SECCION PINTURA Y PREPARADA DE 2 NOCHEROS | precio_unitario_raw=70000.0 | total_raw=0.0
2082,27,432,0.0,FORMULA,,,,,,False,unidad_raw=unidad | seccion=SECCION PINTURA Y PREPARADA DE 2 NOCHEROS | precio_unitario_raw=45000.0 | total_raw=0.0
2083,27,368,0.3,FORMULA,,,,,,False,unidad_raw=unidad | seccion=SECCION PINTURA Y PREPARADA DE 2 NOCHEROS | precio_unitario_raw=2500.0 | total_raw=750.0
2084,27,401,0.2,VOLUMEN,,,,,,False,unidad_raw=GALON | seccion=SECCION PINTURA Y PREPARADA DE 2 NOCHEROS | precio_unitario_raw=34000.0 | total_raw=6800.0
2085,27,408,2.0,FORMULA,,,,,,False,unidad_raw=JALADORES | seccion=SECCION PINTURA Y PREPARADA DE 2 NOCHEROS | precio_unitario_raw=3000.0 | total_raw=6000.0
2086,27,50,4.0,VOLUMEN,,,,,,False,unidad_raw=PISTOLADA | seccion=SECCION PINTURA Y PREPARADA DE 2 NOCHEROS | precio_unitario_raw=22000.0 | total_raw=88000.0
2087,27,98,0.1,VOLUMEN,,,,,,False,unidad_raw=galon | seccion=SECCION PINTURA Y PREPARADA DE 2 NOCHEROS | precio_unitario_raw=160000.0 | total_raw=16000.0
2088,27,169,0.6,LINEAL,,,,,,False,unidad_raw=ML | seccion=SECCION PINTURA Y PREPARADA DE 2 NOCHEROS | precio_unitario_raw=4500.0 | total_raw=2700.0
2089,27,341,0.2,VOLUMEN,,,,,,False,unidad_raw=LITRO | seccion=SECCION PINTURA Y PREPARADA DE 2 NOCHEROS | precio_unitario_raw=20000.0 | total_raw=4000.0
2090,27,200,3.0,VOLUMEN,,,,,,False,unidad_raw=PISTOLADA | seccion=SECCION PINTURA Y PREPARADA DE 2 NOCHEROS | precio_unitario_raw=23000.0 | total_raw=69000.0
2091,27,174,1.0,FORMULA,,,,,,False,seccion=SECCION PINTURA Y PREPARADA DE 2 NOCHEROS | total_raw=43225.0
2092,27,349,1.0,FORMULA,,,,,PATAS + 3 CHAPERAS,False,seccion=SECCION PINTURA Y PREPARADA PATAS + 3 CHAPERAS
2093,27,331,3.0,FORMULA,,,,,,False,unidad_raw=CON EL 5% CHAPERAS | seccion=SECCION PINTURA Y PREPARADA PATAS + 3 CHAPERAS | precio_unitario_raw=5250.0 | total_raw=15750.0
2094,27,310,6.0,FORMULA,,,,,,False,unidad_raw=CON EL 5% CHAPERAS | seccion=SECCION PINTURA Y PREPARADA PATAS + 3 CHAPERAS | precio_unitario_raw=3150.0 | total_raw=18900.0
2095,27,314,0.0,FORMULA,,,,,,False,unidad_raw=16.0 | seccion=SECCION PINTURA Y PREPARADA PATAS + 3 CHAPERAS | precio_unitario_raw=2100.0 | total_raw=0.0
2096,27,356,1.0,VOLUMEN,,,,,,False,unidad_raw=PISTOLADAS | seccion=SECCION PINTURA Y PREPARADA PATAS + 3 CHAPERAS | precio_unitario_raw=18000.0 | total_raw=18000.0
2097,27,251,0.0,FORMULA,,,,,,False,unidad_raw=unidades | seccion=SECCION PINTURA Y PREPARADA PATAS + 3 CHAPERAS | precio_unitario_raw=2000.0 | total_raw=0.0
2098,27,285,1.0,FORMULA,,,,,,False,unidad_raw=galon | seccion=SECCION PINTURA Y PREPARADA PATAS + 3 CHAPERAS | total_raw=0.0
2099,27,250,0.5,FORMULA,,,,,,False,unidad_raw=unidad | seccion=SECCION PINTURA Y PREPARADA PATAS + 3 CHAPERAS | precio_unitario_raw=2000.0 | total_raw=1000.0
2100,27,245,0.5,FORMULA,,,,,,False,unidad_raw=unidad | seccion=SECCION PINTURA Y PREPARADA PATAS + 3 CHAPERAS | precio_unitario_raw=2000.0 | total_raw=1000.0
2101,27,205,0.3,VOLUMEN,,,,,,False,unidad_raw=GALON | seccion=SECCION PINTURA Y PREPARADA PATAS + 3 CHAPERAS | precio_unitario_raw=23000.0 | total_raw=6900.0
2102,27,199,1.0,FORMULA,,,,,,False,unidad_raw=litro | seccion=SECCION PINTURA Y PREPARADA PATAS + 3 CHAPERAS | precio_unitario_raw=18000.0 | total_raw=0.0
2103,27,50,0.3,VOLUMEN,,,,,,False,unidad_raw=PISTOLADA | seccion=SECCION PINTURA Y PREPARADA PATAS + 3 CHAPERAS | precio_unitario_raw=20000.0 | total_raw=6000.0
2104,27,402,1.0,FORMULA,,,,,,False,unidad_raw=galon | seccion=SECCION PINTURA Y PREPARADA PATAS + 3 CHAPERAS | total_raw=0.0
2105,27,169,0.0,VOLUMEN,,,,,,False,unidad_raw=LITRO | seccion=SECCION PINTURA Y PREPARADA PATAS + 3 CHAPERAS | precio_unitario_raw=4.5 | total_raw=0.0
2106,27,341,0.5,VOLUMEN,,,,,,False,unidad_raw=LITRO | seccion=SECCION PINTURA Y PREPARADA PATAS + 3 CHAPERAS | precio_unitario_raw=23000.0 | total_raw=11500.0
2107,27,201,0.0,VOLUMEN,,,,,,False,unidad_raw=PISTOLADA | seccion=SECCION PINTURA Y PREPARADA PATAS + 3 CHAPERAS | precio_unitario_raw=23000.0 | total_raw=0.0
2108,27,174,1.0,FORMULA,,,,,,False,seccion=SECCION PINTURA Y PREPARADA PATAS + 3 CHAPERAS | total_raw=32095.1
2109,27,73,4.0,FORMULA,,,,,,False,unidad_raw=PAR | seccion=SECCION TERMINACION | precio_unitario_raw=20000.0 | total_raw=80000.0
2110,27,291,8.0,FORMULA,,,,,,False,unidad_raw=UNIDAD | seccion=SECCION TERMINACION | precio_unitario_raw=16000.0 | total_raw=128000.0
2111,27,407,0.0,FORMULA,,,,,,False,unidad_raw=UNIDADES | seccion=SECCION TERMINACION | precio_unitario_raw=23000.0 | total_raw=0.0
2112,27,237,0.0,FORMULA,,,,,,False,unidad_raw=UNIDADES | seccion=SECCION TERMINACION | precio_unitario_raw=100000.0 | total_raw=0.0
2113,27,410,66.0,ESPACIADO,,,,,,False,unidad_raw=UNIDADES | seccion=SECCION TERMINACION | precio_unitario_raw=100.0 | total_raw=6600.0
2114,27,6,0.0,FORMULA,,,,,,False,unidad_raw=PAR | seccion=SECCION TERMINACION | precio_unitario_raw=1500.0 | total_raw=0.0
2115,27,97,0.0,FORMULA,,,,,,False,unidad_raw=UNIDADES | seccion=SECCION TERMINACION | precio_unitario_raw=2000.0 | total_raw=0.0
2116,27,194,1.0,FORMULA,,,,,,False,unidad_raw=PAR | seccion=SECCION TERMINACION | precio_unitario_raw=160000.0 | total_raw=0.0
2117,27,198,4.0,FORMULA,,,,,,False,unidad_raw=UNIDAD | seccion=SECCION TERMINACION | precio_unitario_raw=4000.0 | total_raw=16000.0
2118,27,334,0.3,FORMULA,,,,,,False,unidad_raw=UNIDADES | seccion=SECCION TERMINACION | precio_unitario_raw=30000.0 | total_raw=9000.0
2119,27,70,0.0,FORMULA,,,,,,False,unidad_raw=unidades | seccion=SECCION TERMINACION | precio_unitario_raw=8000.0 | total_raw=0.0
2120,27,95,1.0,FIJO,,,,,,False,unidad_raw=unidades | seccion=SECCION TERMINACION | precio_unitario_raw=150000.0 | total_raw=150000.0
2121,27,352,1.0,FORMULA,,,,,,False,seccion=SECCION TERMINACION | total_raw=0.0
2122,27,257,714.0,FORMULA,,,,,,False,unidad_raw=APAMATE | seccion=SECCION TERMINACION | precio_unitario_raw=140.0 | total_raw=99960.0
2123,27,163,1.0,FORMULA,,,,,,False,seccion=SECCION TERMINACION | total_raw=0.0
2124,27,274,1.0,AREA,,,,,,False,unidad_raw=LAMINA | seccion=SECCION TERMINACION | precio_unitario_raw=140000.0 | total_raw=140000.0
2125,27,49,0.5,VOLUMEN,,,,,,False,unidad_raw=LITRO | seccion=SECCION TERMINACION | precio_unitario_raw=14000.0 | total_raw=7000.0
2126,27,423,50.0,ESPACIADO,,,,,,False,unidad_raw=UNIDAD | seccion=SECCION TERMINACION | precio_unitario_raw=100.0 | total_raw=5000.0
2127,27,321,2.0,FORMULA,,,,,,False,unidad_raw=UNIDAD | seccion=SECCION TERMINACION | precio_unitario_raw=4000.0 | total_raw=5450.0
2128,27,184,1.0,FIJO,,,,,,False,unidad_raw=UNIDAD | seccion=SECCION TERMINACION | precio_unitario_raw=63000.0 | total_raw=63000.0
2129,27,351,1.0,FORMULA,,,,,,False,unidad_raw=MANO DE OBRA= | seccion=SECCION TAPICERIA CARLOS MANO DE OBRA=
2130,27,391,11.5,AREA,,,,,,False,unidad_raw=METROS | seccion=SECCION TAPICERIA CARLOS MANO DE OBRA= | precio_unitario_raw=39000.0 | total_raw=448500.0
2131,27,43,0.0,LINEAL,,,,,,False,unidad_raw=METROS | seccion=SECCION TAPICERIA CARLOS MANO DE OBRA= | precio_unitario_raw=1570.0 | total_raw=7222.0
2132,27,112,1.0,AREA,,,,,,False,unidad_raw=METROS | seccion=SECCION TAPICERIA CARLOS MANO DE OBRA= | precio_unitario_raw=7300.0 | total_raw=7300.0
2133,27,180,0.5,ESPACIADO,,,,,,False,unidad_raw=CAJA DE GRAPAS | seccion=SECCION TAPICERIA CARLOS MANO DE OBRA= | precio_unitario_raw=12000.0 | total_raw=6000.0
2134,27,123,0.66,AREA,,,,,,False,unidad_raw=LAMINA | seccion=SECCION TAPICERIA CARLOS MANO DE OBRA= | precio_unitario_raw=41000.0 | total_raw=27060.0
2135,27,424,20.0,ESPACIADO,,,,,,False,unidad_raw=UNIDADES | seccion=SECCION TAPICERIA CARLOS MANO DE OBRA= | precio_unitario_raw=100.0 | total_raw=2000.0
2136,27,129,1.3,AREA,,,,,,False,unidad_raw=UNIDADES | seccion=SECCION TAPICERIA CARLOS MANO DE OBRA= | precio_unitario_raw=30000.0 | total_raw=39000.0
2137,27,125,2.0,AREA,,,,,,False,unidad_raw=UNIDAD | seccion=SECCION TAPICERIA CARLOS MANO DE OBRA= | precio_unitario_raw=14500.0 | total_raw=29000.0
2138,27,107,2.0,AREA,,,,,,False,unidad_raw=MTS | seccion=SECCION TAPICERIA CARLOS MANO DE OBRA= | precio_unitario_raw=1000.0 | total_raw=2000.0
2139,27,87,3.5,AREA,,,,,,False,unidad_raw=METROS | seccion=SECCION TAPICERIA CARLOS MANO DE OBRA= | precio_unitario_raw=3000.0 | total_raw=10500.0
2140,27,195,0.5,FORMULA,,,,,,False,unidad_raw=UNIDAD | seccion=SECCION TAPICERIA CARLOS MANO DE OBRA= | precio_unitario_raw=25000.0 | total_raw=12500.0
2141,27,301,0.33,VOLUMEN,,,,,,False,unidad_raw=LITRO | seccion=SECCION TAPICERIA CARLOS MANO DE OBRA= | precio_unitario_raw=43000.0 | total_raw=14190.0
2142,27,359,0.3,VOLUMEN,,,,,,False,unidad_raw=LITRO | seccion=SECCION TAPICERIA CARLOS MANO DE OBRA= | precio_unitario_raw=19000.0 | total_raw=5700.0
2143,27,110,0.0,AREA,,,,,,False,unidad_raw=CM | seccion=SECCION TAPICERIA CARLOS MANO DE OBRA= | precio_unitario_raw=16000.0 | total_raw=0.0
2144,27,184,1.0,FIJO,,,,,,False,seccion=SECCION TAPICERIA CARLOS MANO DE OBRA= | precio_unitario_raw=210000.0 | total_raw=210000.0
2145,27,239,1.5,LINEAL,,,,,,False,unidad_raw=METROS | seccion=SECCION TAPICERIA CARLOS MANO DE OBRA= | precio_unitario_raw=4000.0 | total_raw=6000.0
2146,28,255,283.0,FORMULA,,,,,,False,unidad_raw=APAMATE | seccion=EBANISTA WILMER MANO DE OBRA= | precio_unitario_raw=140.0 | total_raw=39620.0
2147,28,269,144.0,AREA,,,,,,False,unidad_raw=1 PEDAZO 60X240=144 | seccion=EBANISTA WILMER MANO DE OBRA= | precio_unitario_raw=65.0 | total_raw=9360.0
2148,28,196,0.0,AREA,,,,,,False,unidad_raw=Unidad | seccion=EBANISTA WILMER MANO DE OBRA= | precio_unitario_raw=160000.0 | total_raw=0.0
2149,28,227,1.0,AREA,,,,,,False,unidad_raw=Unidad | seccion=EBANISTA WILMER MANO DE OBRA= | precio_unitario_raw=130000.0 | total_raw=130000.0
2150,28,221,1.0,AREA,,,,,,False,unidad_raw=UNIDAD | seccion=EBANISTA WILMER MANO DE OBRA= | precio_unitario_raw=210000.0 | total_raw=210000.0
2151,28,49,1.0,VOLUMEN,,,,,,False,unidad_raw=LITRO | seccion=EBANISTA WILMER MANO DE OBRA= | precio_unitario_raw=14000.0 | total_raw=14000.0
2152,28,180,5.0,ESPACIADO,,,,,,False,unidad_raw=Unidad | seccion=EBANISTA WILMER MANO DE OBRA= | precio_unitario_raw=12000.0 | total_raw=60000.0
2153,28,70,1.0,FIJO,,,,,,False,unidad_raw=UNITARIOS | seccion=EBANISTA WILMER MANO DE OBRA= | precio_unitario_raw=32000.0 | total_raw=0.0
2154,28,39,5.0,ESPACIADO,,,,,,False,unidad_raw=TIRA | seccion=EBANISTA WILMER MANO DE OBRA= | precio_unitario_raw=28000.0 | total_raw=140000.0
2155,28,166,1.0,FIJO,,,,,,False,unidad_raw=PAR | seccion=EBANISTA WILMER MANO DE OBRA= | precio_unitario_raw=20000.0 | total_raw=20000.0
2156,28,263,0.5,AREA,,,,,,False,unidad_raw=LAMINA | seccion=EBANISTA WILMER MANO DE OBRA= | precio_unitario_raw=175000.0 | total_raw=87500.0
2157,28,423,100.0,ESPACIADO,,,,,,False,unidad_raw=Unidad | seccion=EBANISTA WILMER MANO DE OBRA= | precio_unitario_raw=100.0 | total_raw=10000.0
2158,28,92,1.0,FORMULA,,,,,,False,seccion=EBANISTA WILMER MANO DE OBRA= | total_raw=315000.0
2159,28,171,1.0,FORMULA,,,,,,False,seccion=EBANISTA WILMER MANO DE OBRA= | total_raw=106666.0
2160,28,76,3.0,FORMULA,,,,,,False,unidad_raw=PAR | seccion=EBANISTA WILMER MANO DE OBRA= | precio_unitario_raw=24000.0 | total_raw=72000.0
2161,28,272,1.0,FORMULA,,,,,,False,"unidad_raw=1 PEDAZO DE 1,20X45=54 | seccion=EBANISTA WILMER MANO DE OBRA= | precio_unitario_raw=67.0 | total_raw=0.0"
2162,28,207,1.0,FORMULA,,,,,,False,"unidad_raw=1 PEDASO DE 1.25 X55=68,75 | seccion=EBANISTA WILMER MANO DE OBRA= | precio_unitario_raw=217.0 | total_raw=0.0"
2163,28,217,1.0,FORMULA,,,,,,False,"unidad_raw=1 PEDASO DE 1,50X40=60 | seccion=EBANISTA WILMER MANO DE OBRA= | precio_unitario_raw=140.0 | total_raw=21875.0"
2164,28,49,1.0,FORMULA,,,,,,False,unidad_raw=litros | seccion=EBANISTA WILMER MANO DE OBRA= | precio_unitario_raw=14000.0 | total_raw=0.0
2165,28,180,1.0,FIJO,,,,,,False,unidad_raw=Unidad | seccion=EBANISTA WILMER MANO DE OBRA= | precio_unitario_raw=600.0 | total_raw=0.0
2166,28,42,1.0,FIJO,,,,,,False,unidad_raw=TIRA | seccion=EBANISTA WILMER MANO DE OBRA= | precio_unitario_raw=1000.0 | total_raw=0.0
2167,28,184,1.0,FIJO,,,,,,False,unidad_raw=PAR | seccion=EBANISTA WILMER MANO DE OBRA= | precio_unitario_raw=157500.0 | total_raw=0.0
2168,28,423,1.0,FIJO,,,,,,False,unidad_raw=Unidad | seccion=EBANISTA WILMER MANO DE OBRA= | precio_unitario_raw=100.0 | total_raw=0.0
2169,28,172,1.0,FORMULA,,,,,,False,seccion=EBANISTA WILMER MANO DE OBRA= | total_raw=26294.75
2170,28,349,1.0,FORMULA,,,,,DE 2 NOCHEROS,False,seccion=SECCION PINTURA Y PREPARADA DE 2 NOCHEROS
2171,28,331,2.0,FORMULA,,,,,,False,unidad_raw=CON EL 5% | seccion=SECCION PINTURA Y PREPARADA DE 2 NOCHEROS | precio_unitario_raw=36750.0 | total_raw=73500.0
2172,28,310,2.0,FORMULA,,,,,,False,unidad_raw=CON EL 5% | seccion=SECCION PINTURA Y PREPARADA DE 2 NOCHEROS | precio_unitario_raw=36750.0 | total_raw=73500.0
2173,28,356,5.0,VOLUMEN,,,,,,False,unidad_raw=PISTOLADAS | seccion=SECCION PINTURA Y PREPARADA DE 2 NOCHEROS | precio_unitario_raw=18000.0 | total_raw=90000.0
2174,28,251,1.0,FIJO,,,,,,False,unidad_raw=unidades | seccion=SECCION PINTURA Y PREPARADA DE 2 NOCHEROS | precio_unitario_raw=2000.0 | total_raw=2000.0
2175,28,285,0.0,VOLUMEN,,,,,,False,unidad_raw=galon | seccion=SECCION PINTURA Y PREPARADA DE 2 NOCHEROS | precio_unitario_raw=70000.0 | total_raw=0.0
2176,28,432,0.0,FORMULA,,,,,,False,unidad_raw=unidad | seccion=SECCION PINTURA Y PREPARADA DE 2 NOCHEROS | precio_unitario_raw=45000.0 | total_raw=0.0
2177,28,368,0.3,FORMULA,,,,,,False,unidad_raw=unidad | seccion=SECCION PINTURA Y PREPARADA DE 2 NOCHEROS | precio_unitario_raw=2500.0 | total_raw=750.0
2178,28,401,0.2,VOLUMEN,,,,,,False,unidad_raw=GALON | seccion=SECCION PINTURA Y PREPARADA DE 2 NOCHEROS | precio_unitario_raw=34000.0 | total_raw=6800.0
2179,28,408,2.0,FORMULA,,,,,,False,unidad_raw=JALADORES | seccion=SECCION PINTURA Y PREPARADA DE 2 NOCHEROS | precio_unitario_raw=3000.0 | total_raw=6000.0
2180,28,50,4.0,VOLUMEN,,,,,,False,unidad_raw=PISTOLADA | seccion=SECCION PINTURA Y PREPARADA DE 2 NOCHEROS | precio_unitario_raw=22000.0 | total_raw=88000.0
2181,28,98,0.1,VOLUMEN,,,,,,False,unidad_raw=galon | seccion=SECCION PINTURA Y PREPARADA DE 2 NOCHEROS | precio_unitario_raw=160000.0 | total_raw=16000.0
2182,28,169,0.6,LINEAL,,,,,,False,unidad_raw=ML | seccion=SECCION PINTURA Y PREPARADA DE 2 NOCHEROS | precio_unitario_raw=4500.0 | total_raw=2700.0
2183,28,341,0.2,VOLUMEN,,,,,,False,unidad_raw=LITRO | seccion=SECCION PINTURA Y PREPARADA DE 2 NOCHEROS | precio_unitario_raw=20000.0 | total_raw=4000.0
2184,28,200,3.0,VOLUMEN,,,,,,False,unidad_raw=PISTOLADA | seccion=SECCION PINTURA Y PREPARADA DE 2 NOCHEROS | precio_unitario_raw=23000.0 | total_raw=69000.0
2185,28,174,1.0,FORMULA,,,,,,False,seccion=SECCION PINTURA Y PREPARADA DE 2 NOCHEROS | total_raw=43225.0
2186,28,349,1.0,FORMULA,,,,,CAMAS,False,seccion=SECCION PINTURA Y PREPARADA CAMAS
2187,28,331,1.0,FIJO,,,,,,False,unidad_raw=CON EL 5% | seccion=SECCION PINTURA Y PREPARADA CAMAS | precio_unitario_raw=63000.0 | total_raw=63000.0
2188,28,310,1.0,FIJO,,,,,,False,unidad_raw=CON EL 5% | seccion=SECCION PINTURA Y PREPARADA CAMAS | precio_unitario_raw=26250.0 | total_raw=26250.0
2189,28,314,16.0,FORMULA,,,,,,False,unidad_raw=16.0 | seccion=SECCION PINTURA Y PREPARADA CAMAS | precio_unitario_raw=2100.0 | total_raw=33600.0
2190,28,356,9.0,VOLUMEN,,,,,,False,unidad_raw=PISTOLADAS | seccion=SECCION PINTURA Y PREPARADA CAMAS | precio_unitario_raw=18000.0 | total_raw=162000.0
2191,28,251,1.0,FIJO,,,,,,False,unidad_raw=unidades | seccion=SECCION PINTURA Y PREPARADA CAMAS | precio_unitario_raw=2000.0 | total_raw=2000.0
2192,28,285,1.0,FORMULA,,,,,,False,unidad_raw=galon | seccion=SECCION PINTURA Y PREPARADA CAMAS | total_raw=0.0
2193,28,249,1.0,FIJO,,,,,,False,unidad_raw=unidad | seccion=SECCION PINTURA Y PREPARADA CAMAS | precio_unitario_raw=2000.0 | total_raw=2000.0
2194,28,245,1.0,FIJO,,,,,,False,unidad_raw=unidad | seccion=SECCION PINTURA Y PREPARADA CAMAS | precio_unitario_raw=2000.0 | total_raw=2000.0
2195,28,205,3.0,VOLUMEN,,,,,,False,unidad_raw=GALON | seccion=SECCION PINTURA Y PREPARADA CAMAS | precio_unitario_raw=23000.0 | total_raw=69000.0
2196,28,199,1.0,FORMULA,,,,,,False,unidad_raw=litro | seccion=SECCION PINTURA Y PREPARADA CAMAS | precio_unitario_raw=18000.0 | total_raw=0.0
2197,28,50,6.0,VOLUMEN,,,,,,False,unidad_raw=PISTOLADA | seccion=SECCION PINTURA Y PREPARADA CAMAS | precio_unitario_raw=20000.0 | total_raw=120000.0
2198,28,402,1.0,FORMULA,,,,,,False,unidad_raw=galon | seccion=SECCION PINTURA Y PREPARADA CAMAS | total_raw=0.0
2199,28,169,0.0,VOLUMEN,,,,,,False,unidad_raw=LITRO | seccion=SECCION PINTURA Y PREPARADA CAMAS | precio_unitario_raw=4.5 | total_raw=0.0
2200,28,341,0.5,VOLUMEN,,,,,,False,unidad_raw=LITRO | seccion=SECCION PINTURA Y PREPARADA CAMAS | precio_unitario_raw=23000.0 | total_raw=11500.0
2201,28,201,0.0,VOLUMEN,,,,,,False,unidad_raw=PISTOLADA | seccion=SECCION PINTURA Y PREPARADA CAMAS | precio_unitario_raw=23000.0 | total_raw=0.0
2202,28,174,1.0,FORMULA,,,,,,False,seccion=SECCION PINTURA Y PREPARADA CAMAS | total_raw=32095.1
2203,28,192,1.0,FIJO,,,,,,False,unidad_raw=PAR | seccion=SECCION TERMINACION | precio_unitario_raw=160000.0 | total_raw=160000.0
2204,28,292,8.0,FORMULA,,,,,,False,unidad_raw=UNIDAD | seccion=SECCION TERMINACION | precio_unitario_raw=16000.0 | total_raw=128000.0
2205,28,410,32.0,ESPACIADO,,,,,,False,unidad_raw=UNIDADES | seccion=SECCION TERMINACION | precio_unitario_raw=100.0 | total_raw=3200.0
2206,28,237,0.0,FORMULA,,,,,,False,unidad_raw=UNIDADES | seccion=SECCION TERMINACION | precio_unitario_raw=100000.0 | total_raw=0.0
2207,28,16,0.0,LINEAL,,,,,,False,unidad_raw=METROS | seccion=SECCION TERMINACION | precio_unitario_raw=3000.0 | total_raw=0.0
2208,28,6,0.0,FORMULA,,,,,,False,unidad_raw=PAR | seccion=SECCION TERMINACION | precio_unitario_raw=1500.0 | total_raw=0.0
2209,28,97,0.0,FORMULA,,,,,,False,unidad_raw=UNIDADES | seccion=SECCION TERMINACION | precio_unitario_raw=2000.0 | total_raw=0.0
2210,28,194,1.0,FORMULA,,,,,,False,unidad_raw=PAR | seccion=SECCION TERMINACION | precio_unitario_raw=160000.0 | total_raw=0.0
2211,28,198,0.0,FORMULA,,,,,,False,unidad_raw=UNIDAD | seccion=SECCION TERMINACION | precio_unitario_raw=26800.0 | total_raw=0.0
2212,28,283,1.0,FORMULA,,,,,,False,unidad_raw=UNIDADES | seccion=SECCION TERMINACION | precio_unitario_raw=3000.0 | total_raw=0.0
2213,28,70,0.0,FORMULA,,,,,,False,unidad_raw=unidades | seccion=SECCION TERMINACION | precio_unitario_raw=8000.0 | total_raw=0.0
2214,28,95,0.0,FORMULA,,,,,,False,unidad_raw=unidades | seccion=SECCION TERMINACION | precio_unitario_raw=150000.0 | total_raw=0.0
2215,28,352,1.0,FORMULA,,,,,,False,seccion=SECCION TERMINACION | total_raw=0.0
2216,28,257,0.0,FORMULA,,,,,,False,unidad_raw=APAMATE | seccion=SECCION TERMINACION | precio_unitario_raw=140000.0 | total_raw=0.0
2217,28,184,0.0,FORMULA,,,,,,False,unidad_raw=UNIDAD | seccion=FABRICACION TENDIDO | precio_unitario_raw=60000.0 | total_raw=0.0
2218,28,350,1.0,FORMULA,,,,,,False,unidad_raw=MANO DE OBRA= | seccion=SECCION TAPICERIA MANO DE OBRA=
2219,28,394,5.5,AREA,,,,,,False,unidad_raw=METROS | seccion=SECCION TAPICERIA MANO DE OBRA= | precio_unitario_raw=32999.0 | total_raw=181494.5
2220,28,43,0.0,LINEAL,,,,,,False,unidad_raw=METROS | seccion=SECCION TAPICERIA MANO DE OBRA= | precio_unitario_raw=1570.0 | total_raw=7222.0
2221,28,112,0.0,AREA,,,,,,False,unidad_raw=METROS | seccion=SECCION TAPICERIA MANO DE OBRA= | precio_unitario_raw=7300.0 | total_raw=0.0
2222,28,180,0.25,ESPACIADO,,,,,,False,unidad_raw=CAJA DE GRAPAS | seccion=SECCION TAPICERIA MANO DE OBRA= | precio_unitario_raw=12000.0 | total_raw=3000.0
2223,28,123,1.0,AREA,,,,,,False,unidad_raw=LAMINA | seccion=SECCION TAPICERIA MANO DE OBRA= | precio_unitario_raw=41000.0 | total_raw=41000.0
2224,28,424,0.0,ESPACIADO,,,,,,False,unidad_raw=UNIDADES | seccion=SECCION TAPICERIA MANO DE OBRA= | precio_unitario_raw=26.0 | total_raw=0.0
2225,28,129,0.0,AREA,,,,,,False,unidad_raw=UNIDADES | seccion=SECCION TAPICERIA MANO DE OBRA= | precio_unitario_raw=26000.0 | total_raw=0.0
2226,28,125,0.0,AREA,,,,,,False,unidad_raw=UNIDAD | seccion=SECCION TAPICERIA MANO DE OBRA= | precio_unitario_raw=14500.0 | total_raw=0.0
2227,28,107,0.0,AREA,,,,,,False,unidad_raw=MTS | seccion=SECCION TAPICERIA MANO DE OBRA= | precio_unitario_raw=1000.0 | total_raw=0.0
2228,28,87,2.0,AREA,,,,,,False,unidad_raw=METROS | seccion=SECCION TAPICERIA MANO DE OBRA= | precio_unitario_raw=2240.0 | total_raw=4480.0
2229,28,195,0.0,FORMULA,,,,,,False,unidad_raw=UNIDAD | seccion=SECCION TAPICERIA MANO DE OBRA= | precio_unitario_raw=25000.0 | total_raw=0.0
2230,28,301,0.0,VOLUMEN,,,,,,False,unidad_raw=LITRO | seccion=SECCION TAPICERIA MANO DE OBRA= | precio_unitario_raw=43000.0 | total_raw=0.0
2231,28,359,150.0,VOLUMEN,,,,,,False,unidad_raw=LITRO | seccion=SECCION TAPICERIA MANO DE OBRA= | precio_unitario_raw=19.0 | total_raw=2850.0
2232,28,110,0.0,AREA,,,,,,False,unidad_raw=CM | seccion=SECCION TAPICERIA MANO DE OBRA= | precio_unitario_raw=16000.0 | total_raw=0.0
2233,28,184,1.0,FIJO,,,,,,False,seccion=SECCION TAPICERIA MANO DE OBRA= | precio_unitario_raw=210000.0 | total_raw=210000.0
2234,28,239,0.0,LINEAL,,,,,,False,unidad_raw=METROS | seccion=SECCION TAPICERIA MANO DE OBRA= | precio_unitario_raw=2650.0 | total_raw=0.0
2235,29,255,1975.0,FORMULA,,,,,,False,unidad_raw=APAMATE | seccion=EBANISTA WILMER MANO DE OBRA= | precio_unitario_raw=140.0 | total_raw=276500.0
2236,29,269,1.0,AREA,,,,,,False,unidad_raw=UNIDAD | seccion=EBANISTA WILMER MANO DE OBRA= | precio_unitario_raw=65.0 | total_raw=65.0
2237,29,279,2.5,AREA,,,,,,False,unidad_raw=Unidad | seccion=EBANISTA WILMER MANO DE OBRA= | precio_unitario_raw=213000.0 | total_raw=532500.0
2238,29,232,0.5,AREA,,,,,,False,unidad_raw=Unidad | seccion=EBANISTA WILMER MANO DE OBRA= | precio_unitario_raw=140000.0 | total_raw=70000.0
2239,29,232,0.2,AREA,,,,,,False,unidad_raw=1 PEDAZO DE 2X1=2 | seccion=EBANISTA WILMER MANO DE OBRA= | precio_unitario_raw=140000.0 | total_raw=28000.0
2240,29,232,0.2,AREA,,,,,,False,unidad_raw=1 PEDAZO DE 2X1=2 | seccion=EBANISTA WILMER MANO DE OBRA= | precio_unitario_raw=140000.0 | total_raw=28000.0
2241,29,278,1.0,AREA,,,,,,False,unidad_raw=UNIDAD | seccion=EBANISTA WILMER MANO DE OBRA= | precio_unitario_raw=336000.0 | total_raw=336000.0
2242,29,49,1.2,VOLUMEN,,,,,,False,unidad_raw=LITRO | seccion=EBANISTA WILMER MANO DE OBRA= | precio_unitario_raw=14000.0 | total_raw=16800.0
2243,29,359,0.8,VOLUMEN,,,,,,False,unidad_raw=LITROS | seccion=EBANISTA WILMER MANO DE OBRA= | precio_unitario_raw=19000.0 | total_raw=15200.0
2244,29,23,30.0,LINEAL,,,,,,False,unidad_raw=METROS | seccion=EBANISTA WILMER MANO DE OBRA= | precio_unitario_raw=1700.0 | total_raw=51000.0
2245,29,236,1.0,AREA,,,,,,False,unidad_raw=1 PEDAZO 90X120 | seccion=EBANISTA WILMER MANO DE OBRA= | precio_unitario_raw=100000.0 | total_raw=100000.0
2246,29,24,50.0,LINEAL,,,,,,False,unidad_raw=METROS | seccion=EBANISTA WILMER MANO DE OBRA= | precio_unitario_raw=1800.0 | total_raw=90000.0
2247,29,166,1.0,FIJO,,,,,,False,unidad_raw=PAR | seccion=EBANISTA WILMER MANO DE OBRA= | precio_unitario_raw=20000.0 | total_raw=20000.0
2248,29,427,6.0,ESPACIADO,,,,,,False,unidad_raw=UNIDADES | seccion=EBANISTA WILMER MANO DE OBRA= | precio_unitario_raw=2300.0 | total_raw=13800.0
2249,29,423,50.0,ESPACIADO,,,,,,False,unidad_raw=Unidad | seccion=EBANISTA WILMER MANO DE OBRA= | precio_unitario_raw=100.0 | total_raw=5000.0
2250,29,92,1.0,FORMULA,,,,,,False,seccion=EBANISTA WILMER MANO DE OBRA= | total_raw=315000.0
2251,29,171,1.0,FORMULA,,,,,,False,seccion=EBANISTA WILMER MANO DE OBRA= | total_raw=106666.0
2252,29,76,0.0,FORMULA,,,,,,False,unidad_raw=PAR | seccion=EBANISTA WILMER MANO DE OBRA= | precio_unitario_raw=24000.0 | total_raw=0.0
2253,29,272,1.0,FORMULA,,,,,,False,"unidad_raw=1 PEDAZO DE 1,20X45=54 | seccion=EBANISTA WILMER MANO DE OBRA= | precio_unitario_raw=67.0 | total_raw=0.0"
2254,29,207,1.0,FORMULA,,,,,,False,"unidad_raw=1 PEDASO DE 1.25 X55=68,75 | seccion=EBANISTA WILMER MANO DE OBRA= | precio_unitario_raw=217.0 | total_raw=0.0"
2255,29,217,1.0,FORMULA,,,,,,False,"unidad_raw=1 PEDASO DE 1,50X40=60 | seccion=EBANISTA WILMER MANO DE OBRA= | precio_unitario_raw=140.0 | total_raw=21875.0"
2256,29,49,1.0,FORMULA,,,,,,False,unidad_raw=litros | seccion=EBANISTA WILMER MANO DE OBRA= | precio_unitario_raw=14000.0 | total_raw=0.0
2257,29,180,1.0,FIJO,,,,,,False,unidad_raw=Unidad | seccion=EBANISTA WILMER MANO DE OBRA= | precio_unitario_raw=600.0 | total_raw=0.0
2258,29,42,1.0,FIJO,,,,,,False,unidad_raw=TIRA | seccion=EBANISTA WILMER MANO DE OBRA= | precio_unitario_raw=1000.0 | total_raw=0.0
2259,29,184,1.0,FIJO,,,,,,False,unidad_raw=PAR | seccion=EBANISTA WILMER MANO DE OBRA= | precio_unitario_raw=157500.0 | total_raw=0.0
2260,29,423,1.0,FIJO,,,,,,False,unidad_raw=Unidad | seccion=EBANISTA WILMER MANO DE OBRA= | precio_unitario_raw=100.0 | total_raw=0.0
2261,29,172,1.0,FORMULA,,,,,,False,seccion=EBANISTA WILMER MANO DE OBRA= | total_raw=26294.75
2262,29,349,1.0,FORMULA,,,,,DE 2 NOCHEROS,False,seccion=SECCION PINTURA Y PREPARADA DE 2 NOCHEROS
2263,29,331,1.0,FORMULA,,,,,,False,unidad_raw=CON EL 5% | seccion=SECCION PINTURA Y PREPARADA DE 2 NOCHEROS | precio_unitario_raw=36750.0 | total_raw=0.0
2264,29,310,1.0,FORMULA,,,,,,False,unidad_raw=CON EL 5% | seccion=SECCION PINTURA Y PREPARADA DE 2 NOCHEROS | precio_unitario_raw=36750.0 | total_raw=0.0
2265,29,356,1.0,FORMULA,,,,,,False,unidad_raw=PISTOLADAS | seccion=SECCION PINTURA Y PREPARADA DE 2 NOCHEROS | precio_unitario_raw=18000.0 | total_raw=0.0
2266,29,251,1.0,FORMULA,,,,,,False,unidad_raw=unidades | seccion=SECCION PINTURA Y PREPARADA DE 2 NOCHEROS | precio_unitario_raw=2000.0 | total_raw=0.0
2267,29,285,1.0,FORMULA,,,,,,False,unidad_raw=galon | seccion=SECCION PINTURA Y PREPARADA DE 2 NOCHEROS | precio_unitario_raw=70000.0 | total_raw=0.0
2268,29,432,1.0,FORMULA,,,,,,False,unidad_raw=unidad | seccion=SECCION PINTURA Y PREPARADA DE 2 NOCHEROS | precio_unitario_raw=45000.0 | total_raw=0.0
2269,29,368,1.0,FORMULA,,,,,,False,unidad_raw=unidad | seccion=SECCION PINTURA Y PREPARADA DE 2 NOCHEROS | precio_unitario_raw=2500.0 | total_raw=0.0
2270,29,401,1.0,FORMULA,,,,,,False,unidad_raw=GALON | seccion=SECCION PINTURA Y PREPARADA DE 2 NOCHEROS | precio_unitario_raw=34000.0 | total_raw=0.0
2271,29,408,1.0,FORMULA,,,,,,False,unidad_raw=JALADORES | seccion=SECCION PINTURA Y PREPARADA DE 2 NOCHEROS | precio_unitario_raw=3000.0 | total_raw=0.0
2272,29,50,1.0,FORMULA,,,,,,False,unidad_raw=PISTOLADA | seccion=SECCION PINTURA Y PREPARADA DE 2 NOCHEROS | precio_unitario_raw=22000.0 | total_raw=0.0
2273,29,98,1.0,FORMULA,,,,,,False,unidad_raw=galon | seccion=SECCION PINTURA Y PREPARADA DE 2 NOCHEROS | precio_unitario_raw=160000.0 | total_raw=0.0
2274,29,169,1.0,FORMULA,,,,,,False,unidad_raw=ML | seccion=SECCION PINTURA Y PREPARADA DE 2 NOCHEROS | precio_unitario_raw=4500.0 | total_raw=0.0
2275,29,341,1.0,FORMULA,,,,,,False,unidad_raw=LITRO | seccion=SECCION PINTURA Y PREPARADA DE 2 NOCHEROS | precio_unitario_raw=20000.0 | total_raw=0.0
2276,29,200,1.0,FORMULA,,,,,,False,unidad_raw=PISTOLADA | seccion=SECCION PINTURA Y PREPARADA DE 2 NOCHEROS | precio_unitario_raw=23000.0 | total_raw=0.0
2277,29,174,1.0,FORMULA,,,,,,False,seccion=SECCION PINTURA Y PREPARADA DE 2 NOCHEROS | total_raw=0.0
2278,29,349,1.0,FORMULA,,,,,CAMAS,False,seccion=SECCION PINTURA Y PREPARADA CAMAS
2279,29,331,1.0,FORMULA,,,,,,False,unidad_raw=CON EL 5% | seccion=SECCION PINTURA Y PREPARADA CAMAS | precio_unitario_raw=63000.0 | total_raw=0.0
2280,29,310,1.0,FORMULA,,,,,,False,unidad_raw=CON EL 5% | seccion=SECCION PINTURA Y PREPARADA CAMAS | precio_unitario_raw=26250.0 | total_raw=0.0
2281,29,314,1.0,FIJO,,,,,,False,unidad_raw=16.0 | seccion=SECCION PINTURA Y PREPARADA CAMAS | precio_unitario_raw=2100.0 | total_raw=0.0
2282,29,356,1.0,FORMULA,,,,,,False,unidad_raw=PISTOLADAS | seccion=SECCION PINTURA Y PREPARADA CAMAS | precio_unitario_raw=18000.0 | total_raw=0.0
2283,29,251,1.0,FORMULA,,,,,,False,unidad_raw=unidades | seccion=SECCION PINTURA Y PREPARADA CAMAS | precio_unitario_raw=2000.0 | total_raw=0.0
2284,29,285,1.0,FORMULA,,,,,,False,unidad_raw=galon | seccion=SECCION PINTURA Y PREPARADA CAMAS | total_raw=0.0
2285,29,249,1.0,FORMULA,,,,,,False,unidad_raw=unidad | seccion=SECCION PINTURA Y PREPARADA CAMAS | precio_unitario_raw=2000.0 | total_raw=0.0
2286,29,245,1.0,FORMULA,,,,,,False,unidad_raw=unidad | seccion=SECCION PINTURA Y PREPARADA CAMAS | precio_unitario_raw=2000.0 | total_raw=0.0
2287,29,205,1.0,FORMULA,,,,,,False,unidad_raw=GALON | seccion=SECCION PINTURA Y PREPARADA CAMAS | precio_unitario_raw=23000.0 | total_raw=0.0
2288,29,199,1.0,FORMULA,,,,,,False,unidad_raw=litro | seccion=SECCION PINTURA Y PREPARADA CAMAS | precio_unitario_raw=18000.0 | total_raw=0.0
2289,29,50,1.0,FORMULA,,,,,,False,unidad_raw=PISTOLADA | seccion=SECCION PINTURA Y PREPARADA CAMAS | precio_unitario_raw=20000.0 | total_raw=0.0
2290,29,402,1.0,FORMULA,,,,,,False,unidad_raw=galon | seccion=SECCION PINTURA Y PREPARADA CAMAS | total_raw=0.0
2291,29,169,1.0,FORMULA,,,,,,False,unidad_raw=LITRO | seccion=SECCION PINTURA Y PREPARADA CAMAS | precio_unitario_raw=4.5 | total_raw=0.0
2292,29,341,1.0,FORMULA,,,,,,False,unidad_raw=LITRO | seccion=SECCION PINTURA Y PREPARADA CAMAS | precio_unitario_raw=23000.0 | total_raw=0.0
2293,29,201,1.0,FORMULA,,,,,,False,unidad_raw=PISTOLADA | seccion=SECCION PINTURA Y PREPARADA CAMAS | precio_unitario_raw=23000.0 | total_raw=0.0
2294,29,174,1.0,FORMULA,,,,,,False,seccion=SECCION PINTURA Y PREPARADA CAMAS | total_raw=32095.1
2295,29,406,2.0,FORMULA,,,,,,False,unidad_raw=UNIDAD | seccion=SECCION TERMINACION | precio_unitario_raw=10500.0 | total_raw=21000.0
2296,29,338,1.0,FIJO,,,,,,False,unidad_raw=UNIDAD | seccion=SECCION TERMINACION | precio_unitario_raw=20000.0 | total_raw=20000.0
2297,29,339,1.0,FIJO,,,,,,False,unidad_raw=UNIDAD | seccion=SECCION TERMINACION | precio_unitario_raw=20000.0 | total_raw=20000.0
2298,29,14,4.0,LINEAL,,,,,,False,unidad_raw=METRO | seccion=SECCION TERMINACION | precio_unitario_raw=3000.0 | total_raw=12000.0
2299,29,16,0.0,LINEAL,,,,,,False,unidad_raw=METROS | seccion=SECCION TERMINACION | precio_unitario_raw=3000.0 | total_raw=0.0
2300,29,6,0.0,FORMULA,,,,,,False,unidad_raw=PAR | seccion=SECCION TERMINACION | precio_unitario_raw=1500.0 | total_raw=0.0
2301,29,97,2.0,FORMULA,,,,,,False,unidad_raw=UNIDADES | seccion=SECCION TERMINACION | precio_unitario_raw=2000.0 | total_raw=4000.0
2302,29,14,3.0,LINEAL,,,,,,False,unidad_raw=METROS | seccion=SECCION TERMINACION | precio_unitario_raw=1100.0 | total_raw=3300.0
2303,29,198,0.0,FORMULA,,,,,,False,unidad_raw=UNIDAD | seccion=SECCION TERMINACION | precio_unitario_raw=26800.0 | total_raw=0.0
2304,29,283,1.0,FORMULA,,,,,,False,unidad_raw=UNIDADES | seccion=SECCION TERMINACION | precio_unitario_raw=3000.0 | total_raw=0.0
2305,29,70,0.0,FORMULA,,,,,,False,unidad_raw=unidades | seccion=SECCION TERMINACION | precio_unitario_raw=8000.0 | total_raw=0.0
2306,29,95,0.0,FORMULA,,,,,,False,unidad_raw=unidades | seccion=SECCION TERMINACION | precio_unitario_raw=150000.0 | total_raw=0.0
2307,29,352,1.0,FORMULA,,,,,,False,seccion=SECCION TERMINACION | total_raw=0.0
2308,29,257,0.0,FORMULA,,,,,,False,unidad_raw=APAMATE | seccion=SECCION TERMINACION | precio_unitario_raw=140000.0 | total_raw=0.0
2309,29,184,0.0,FORMULA,,,,,,False,unidad_raw=UNIDAD | seccion=FABRICACION TENDIDO | precio_unitario_raw=60000.0 | total_raw=0.0
2310,29,350,1.0,FORMULA,,,,,,False,unidad_raw=MANO DE OBRA= | seccion=SECCION TAPICERIA MANO DE OBRA=
2311,29,373,2.0,AREA,,,,,,False,unidad_raw=METROS | seccion=SECCION TAPICERIA MANO DE OBRA= | precio_unitario_raw=32500.0 | total_raw=65000.0
2312,29,43,0.0,LINEAL,,,,,,False,unidad_raw=METROS | seccion=SECCION TAPICERIA MANO DE OBRA= | precio_unitario_raw=1570.0 | total_raw=7222.0
2313,29,112,0.0,AREA,,,,,,False,unidad_raw=METROS | seccion=SECCION TAPICERIA MANO DE OBRA= | precio_unitario_raw=7300.0 | total_raw=0.0
2314,29,180,0.15,ESPACIADO,,,,,,False,unidad_raw=CAJA DE GRAPAS | seccion=SECCION TAPICERIA MANO DE OBRA= | precio_unitario_raw=12000.0 | total_raw=1800.0
2315,29,123,0.0,AREA,,,,,,False,unidad_raw=LAMINA | seccion=SECCION TAPICERIA MANO DE OBRA= | precio_unitario_raw=41000.0 | total_raw=0.0
2316,29,418,26.0,ESPACIADO,,,,,,False,unidad_raw=UNIDADES | seccion=SECCION TAPICERIA MANO DE OBRA= | precio_unitario_raw=100.0 | total_raw=2600.0
2317,29,129,0.75,AREA,,,,,,False,unidad_raw=UNIDADES | seccion=SECCION TAPICERIA MANO DE OBRA= | precio_unitario_raw=26000.0 | total_raw=19500.0
2318,29,125,0.0,AREA,,,,,,False,unidad_raw=UNIDAD | seccion=SECCION TAPICERIA MANO DE OBRA= | precio_unitario_raw=14500.0 | total_raw=0.0
2319,29,107,0.0,AREA,,,,,,False,unidad_raw=MTS | seccion=SECCION TAPICERIA MANO DE OBRA= | precio_unitario_raw=1000.0 | total_raw=0.0
2320,29,87,2.0,AREA,,,,,,False,unidad_raw=METROS | seccion=SECCION TAPICERIA MANO DE OBRA= | precio_unitario_raw=2240.0 | total_raw=4480.0
2321,29,195,0.0,FORMULA,,,,,,False,unidad_raw=UNIDAD | seccion=SECCION TAPICERIA MANO DE OBRA= | precio_unitario_raw=25000.0 | total_raw=0.0
2322,29,301,0.0,VOLUMEN,,,,,,False,unidad_raw=LITRO | seccion=SECCION TAPICERIA MANO DE OBRA= | precio_unitario_raw=43000.0 | total_raw=0.0
2323,29,359,0.0,VOLUMEN,,,,,,False,unidad_raw=LITRO | seccion=SECCION TAPICERIA MANO DE OBRA= | precio_unitario_raw=19.0 | total_raw=0.0
2324,29,110,0.0,AREA,,,,,,False,unidad_raw=CM | seccion=SECCION TAPICERIA MANO DE OBRA= | precio_unitario_raw=16000.0 | total_raw=0.0
2325,29,184,1.0,FIJO,,,,,,False,seccion=SECCION TAPICERIA MANO DE OBRA= | precio_unitario_raw=80000.0 | total_raw=80000.0
2326,29,239,5.5,LINEAL,,,,,,False,unidad_raw=METROS | seccion=SECCION TAPICERIA MANO DE OBRA= | precio_unitario_raw=2650.0 | total_raw=14575.0
2327,30,255,528.0,FORMULA,,,,,,False,unidad_raw=APAMATE | seccion=EBANISTA WILMER MANO DE OBRA= | precio_unitario_raw=140.0 | total_raw=73920.0
2328,30,269,0.0,AREA,,,,,,False,unidad_raw=UNIDAD | seccion=EBANISTA WILMER MANO DE OBRA= | precio_unitario_raw=65.0 | total_raw=0.0
2329,30,276,0.0,AREA,,,,,,False,unidad_raw=Unidad | seccion=EBANISTA WILMER MANO DE OBRA= | precio_unitario_raw=213000.0 | total_raw=0.0
2330,30,232,0.1373,AREA,,,,,,False,unidad_raw=1 PEDAZO DE 75X183=13725 | seccion=EBANISTA WILMER MANO DE OBRA= | precio_unitario_raw=140000.0 | total_raw=19215.0
2331,30,280,1.0,AREA,,,,,,False,unidad_raw=UNIDAD | seccion=EBANISTA WILMER MANO DE OBRA= | precio_unitario_raw=246000.0 | total_raw=246000.0
2332,30,49,0.4,VOLUMEN,,,,,,False,unidad_raw=LITRO | seccion=EBANISTA WILMER MANO DE OBRA= | precio_unitario_raw=14000.0 | total_raw=5600.0
2333,30,359,0.4,VOLUMEN,,,,,,False,unidad_raw=LITROS | seccion=EBANISTA WILMER MANO DE OBRA= | precio_unitario_raw=19000.0 | total_raw=7600.0
2334,30,180,0.3,ESPACIADO,,,,,,False,unidad_raw=UNIDAD | seccion=EBANISTA WILMER MANO DE OBRA= | precio_unitario_raw=12000.0 | total_raw=3600.0
2335,30,236,0.0,AREA,,,,,,False,unidad_raw=1 PEDAZO 90X120 | seccion=EBANISTA WILMER MANO DE OBRA= | precio_unitario_raw=100000.0 | total_raw=100000.0
2336,30,24,20.0,LINEAL,,,,,,False,unidad_raw=METROS | seccion=EBANISTA WILMER MANO DE OBRA= | precio_unitario_raw=1800.0 | total_raw=36000.0
2337,30,166,1.0,FIJO,,,,,,False,unidad_raw=PAR | seccion=EBANISTA WILMER MANO DE OBRA= | precio_unitario_raw=20000.0 | total_raw=20000.0
2338,30,418,20.0,ESPACIADO,,,,,,False,unidad_raw=UNIDADES | seccion=EBANISTA WILMER MANO DE OBRA= | precio_unitario_raw=100.0 | total_raw=2000.0
2339,30,423,50.0,ESPACIADO,,,,,,False,unidad_raw=Unidad | seccion=EBANISTA WILMER MANO DE OBRA= | precio_unitario_raw=100.0 | total_raw=5000.0
2340,30,92,1.0,FORMULA,,,,,,False,seccion=EBANISTA WILMER MANO DE OBRA= | total_raw=315000.0
2341,30,171,1.0,FORMULA,,,,,,False,seccion=EBANISTA WILMER MANO DE OBRA= | total_raw=106666.0
2342,30,75,2.0,FORMULA,,,,,,False,unidad_raw=PAR | seccion=EBANISTA WILMER MANO DE OBRA= | precio_unitario_raw=12000.0 | total_raw=24000.0
2343,30,271,0.32,AREA,,,,,,False,unidad_raw=1 PEDAZO DE 80X40=3.200 | seccion=EBANISTA WILMER MANO DE OBRA= | precio_unitario_raw=65000.0 | total_raw=20800.0
2344,30,207,0.72,AREA,,,,,,False,unidad_raw=1 PEDASO DE 1.80X40=72 | seccion=EBANISTA WILMER MANO DE OBRA= | precio_unitario_raw=210000.0 | total_raw=151200.0
2345,30,207,0.25,AREA,,,,,,False,unidad_raw=1 PEDASO DE 50X50=2.500 | seccion=EBANISTA WILMER MANO DE OBRA= | precio_unitario_raw=210000.0 | total_raw=52500.0
2346,30,49,0.2,FORMULA,,,,,,False,unidad_raw=LITRS | seccion=EBANISTA WILMER MANO DE OBRA= | precio_unitario_raw=14000.0 | total_raw=2800.0
2347,30,359,0.2,VOLUMEN,,,,,,False,unidad_raw=LITROS | seccion=EBANISTA WILMER MANO DE OBRA= | precio_unitario_raw=19000.0 | total_raw=3800.0
2348,30,23,8.0,LINEAL,,,,,,False,unidad_raw=METROS | seccion=EBANISTA WILMER MANO DE OBRA= | precio_unitario_raw=800.0 | total_raw=6400.0
2349,30,277,0.225,AREA,,,,,,False,unidad_raw=1 PEDAZO 50X45=2250 | seccion=EBANISTA WILMER MANO DE OBRA= | precio_unitario_raw=246000.0 | total_raw=55350.0
2350,30,277,0.225,AREA,,,,,,False,unidad_raw=1 PEDAZO 50X45=2250 | seccion=EBANISTA WILMER MANO DE OBRA= | precio_unitario_raw=246000.0 | total_raw=55350.0
2351,30,277,0.225,AREA,,,,,,False,unidad_raw=1 PEDAZO 45X50=2250 | seccion=EBANISTA WILMER MANO DE OBRA= | precio_unitario_raw=246000.0 | total_raw=55350.0
2352,30,277,0.225,AREA,,,,,,False,unidad_raw=1 PEDAZO 45X50=2250 | seccion=EBANISTA WILMER MANO DE OBRA= | precio_unitario_raw=246000.0 | total_raw=55350.0
2353,30,172,1.0,FORMULA,,,,,,False,seccion=EBANISTA WILMER MANO DE OBRA= | total_raw=26294.75
2354,30,349,1.0,FORMULA,,,,,DE 2 NOCHEROS,False,seccion=SECCION PINTURA Y PREPARADA DE 2 NOCHEROS
2355,30,331,1.0,FORMULA,,,,,,False,unidad_raw=CON EL 5% | seccion=SECCION PINTURA Y PREPARADA DE 2 NOCHEROS | precio_unitario_raw=36750.0 | total_raw=0.0
2356,30,310,1.0,FORMULA,,,,,,False,unidad_raw=CON EL 5% | seccion=SECCION PINTURA Y PREPARADA DE 2 NOCHEROS | precio_unitario_raw=36750.0 | total_raw=0.0
2357,30,356,1.0,FORMULA,,,,,,False,unidad_raw=PISTOLADAS | seccion=SECCION PINTURA Y PREPARADA DE 2 NOCHEROS | precio_unitario_raw=18000.0 | total_raw=0.0
2358,30,251,1.0,FORMULA,,,,,,False,unidad_raw=unidades | seccion=SECCION PINTURA Y PREPARADA DE 2 NOCHEROS | precio_unitario_raw=2000.0 | total_raw=0.0
2359,30,285,1.0,FORMULA,,,,,,False,unidad_raw=galon | seccion=SECCION PINTURA Y PREPARADA DE 2 NOCHEROS | precio_unitario_raw=70000.0 | total_raw=0.0
2360,30,432,1.0,FORMULA,,,,,,False,unidad_raw=unidad | seccion=SECCION PINTURA Y PREPARADA DE 2 NOCHEROS | precio_unitario_raw=45000.0 | total_raw=0.0
2361,30,368,1.0,FORMULA,,,,,,False,unidad_raw=unidad | seccion=SECCION PINTURA Y PREPARADA DE 2 NOCHEROS | precio_unitario_raw=2500.0 | total_raw=0.0
2362,30,401,1.0,FORMULA,,,,,,False,unidad_raw=GALON | seccion=SECCION PINTURA Y PREPARADA DE 2 NOCHEROS | precio_unitario_raw=34000.0 | total_raw=0.0
2363,30,408,1.0,FORMULA,,,,,,False,unidad_raw=JALADORES | seccion=SECCION PINTURA Y PREPARADA DE 2 NOCHEROS | precio_unitario_raw=3000.0 | total_raw=0.0
2364,30,50,1.0,FORMULA,,,,,,False,unidad_raw=PISTOLADA | seccion=SECCION PINTURA Y PREPARADA DE 2 NOCHEROS | precio_unitario_raw=22000.0 | total_raw=0.0
2365,30,98,1.0,FORMULA,,,,,,False,unidad_raw=galon | seccion=SECCION PINTURA Y PREPARADA DE 2 NOCHEROS | precio_unitario_raw=160000.0 | total_raw=0.0
2366,30,169,1.0,FORMULA,,,,,,False,unidad_raw=ML | seccion=SECCION PINTURA Y PREPARADA DE 2 NOCHEROS | precio_unitario_raw=4500.0 | total_raw=0.0
2367,30,341,1.0,FORMULA,,,,,,False,unidad_raw=LITRO | seccion=SECCION PINTURA Y PREPARADA DE 2 NOCHEROS | precio_unitario_raw=20000.0 | total_raw=0.0
2368,30,200,1.0,FORMULA,,,,,,False,unidad_raw=PISTOLADA | seccion=SECCION PINTURA Y PREPARADA DE 2 NOCHEROS | precio_unitario_raw=23000.0 | total_raw=0.0
2369,30,174,1.0,FORMULA,,,,,,False,seccion=SECCION PINTURA Y PREPARADA DE 2 NOCHEROS | total_raw=0.0
2370,30,349,1.0,FORMULA,,,,,CAMAS,False,seccion=SECCION PINTURA Y PREPARADA CAMAS
2371,30,331,1.0,FORMULA,,,,,,False,unidad_raw=CON EL 5% | seccion=SECCION PINTURA Y PREPARADA CAMAS | precio_unitario_raw=63000.0 | total_raw=0.0
2372,30,310,1.0,FORMULA,,,,,,False,unidad_raw=CON EL 5% | seccion=SECCION PINTURA Y PREPARADA CAMAS | precio_unitario_raw=26250.0 | total_raw=0.0
2373,30,314,1.0,FIJO,,,,,,False,unidad_raw=16.0 | seccion=SECCION PINTURA Y PREPARADA CAMAS | precio_unitario_raw=2100.0 | total_raw=0.0
2374,30,356,1.0,FORMULA,,,,,,False,unidad_raw=PISTOLADAS | seccion=SECCION PINTURA Y PREPARADA CAMAS | precio_unitario_raw=18000.0 | total_raw=0.0
2375,30,251,1.0,FORMULA,,,,,,False,unidad_raw=unidades | seccion=SECCION PINTURA Y PREPARADA CAMAS | precio_unitario_raw=2000.0 | total_raw=0.0
2376,30,285,1.0,FORMULA,,,,,,False,unidad_raw=galon | seccion=SECCION PINTURA Y PREPARADA CAMAS | total_raw=0.0
2377,30,249,1.0,FORMULA,,,,,,False,unidad_raw=unidad | seccion=SECCION PINTURA Y PREPARADA CAMAS | precio_unitario_raw=2000.0 | total_raw=0.0
2378,30,245,1.0,FORMULA,,,,,,False,unidad_raw=unidad | seccion=SECCION PINTURA Y PREPARADA CAMAS | precio_unitario_raw=2000.0 | total_raw=0.0
2379,30,205,1.0,FORMULA,,,,,,False,unidad_raw=GALON | seccion=SECCION PINTURA Y PREPARADA CAMAS | precio_unitario_raw=23000.0 | total_raw=0.0
2380,30,199,1.0,FORMULA,,,,,,False,unidad_raw=litro | seccion=SECCION PINTURA Y PREPARADA CAMAS | precio_unitario_raw=18000.0 | total_raw=0.0
2381,30,50,1.0,FORMULA,,,,,,False,unidad_raw=PISTOLADA | seccion=SECCION PINTURA Y PREPARADA CAMAS | precio_unitario_raw=20000.0 | total_raw=0.0
2382,30,402,1.0,FORMULA,,,,,,False,unidad_raw=galon | seccion=SECCION PINTURA Y PREPARADA CAMAS | total_raw=0.0
2383,30,169,1.0,FORMULA,,,,,,False,unidad_raw=LITRO | seccion=SECCION PINTURA Y PREPARADA CAMAS | precio_unitario_raw=4.5 | total_raw=0.0
2384,30,341,1.0,FORMULA,,,,,,False,unidad_raw=LITRO | seccion=SECCION PINTURA Y PREPARADA CAMAS | precio_unitario_raw=23000.0 | total_raw=0.0
2385,30,201,1.0,FORMULA,,,,,,False,unidad_raw=PISTOLADA | seccion=SECCION PINTURA Y PREPARADA CAMAS | precio_unitario_raw=23000.0 | total_raw=0.0
2386,30,174,1.0,FORMULA,,,,,,False,seccion=SECCION PINTURA Y PREPARADA CAMAS | total_raw=32095.1
2387,30,406,1.0,FORMULA,,,,,,False,unidad_raw=UNIDAD | seccion=SECCION TERMINACION | precio_unitario_raw=10500.0 | total_raw=0.0
2388,30,338,1.0,FORMULA,,,,,,False,unidad_raw=UNIDAD | seccion=SECCION TERMINACION | precio_unitario_raw=20000.0 | total_raw=0.0
2389,30,339,1.0,FORMULA,,,,,,False,unidad_raw=UNIDAD | seccion=SECCION TERMINACION | precio_unitario_raw=20000.0 | total_raw=0.0
2390,30,237,1.0,FORMULA,,,,,,False,unidad_raw=UNIDADES | seccion=SECCION TERMINACION | precio_unitario_raw=100000.0 | total_raw=0.0
2391,30,16,1.0,FORMULA,,,,,,False,unidad_raw=METROS | seccion=SECCION TERMINACION | precio_unitario_raw=3000.0 | total_raw=0.0
2392,30,6,1.0,FORMULA,,,,,,False,unidad_raw=PAR | seccion=SECCION TERMINACION | precio_unitario_raw=1500.0 | total_raw=0.0
2393,30,97,1.0,FORMULA,,,,,,False,unidad_raw=UNIDADES | seccion=SECCION TERMINACION | precio_unitario_raw=2000.0 | total_raw=0.0
2394,30,194,1.0,FORMULA,,,,,,False,unidad_raw=PAR | seccion=SECCION TERMINACION | precio_unitario_raw=160000.0 | total_raw=0.0
2395,30,198,1.0,FIJO,,,,,,False,unidad_raw=UNIDAD | seccion=SECCION TERMINACION | precio_unitario_raw=26800.0 | total_raw=0.0
2396,30,283,1.0,FORMULA,,,,,,False,unidad_raw=UNIDADES | seccion=SECCION TERMINACION | precio_unitario_raw=3000.0 | total_raw=0.0
2397,30,70,1.0,FIJO,,,,,,False,unidad_raw=unidades | seccion=SECCION TERMINACION | precio_unitario_raw=8000.0 | total_raw=0.0
2398,30,95,1.0,FORMULA,,,,,,False,unidad_raw=unidades | seccion=SECCION TERMINACION | precio_unitario_raw=150000.0 | total_raw=0.0
2399,30,352,1.0,FORMULA,,,,,,False,seccion=SECCION TERMINACION | total_raw=0.0
2400,30,257,900.0,FORMULA,,,,,,False,unidad_raw=APAMATE | seccion=SECCION TERMINACION | precio_unitario_raw=140000.0 | total_raw=0.0
2401,30,163,0.0,FORMULA,,,,,,False,seccion=PATA DE TENDIDO
2402,30,274,0.142,AREA,,,,,,False,unidad_raw=1 PEDAZO 190X75=14250 | seccion=PATA DE TENDIDO | precio_unitario_raw=140000.0 | total_raw=19880.0
2403,30,274,0.142,AREA,,,,,,False,unidad_raw=1 PEDAZO 190X75=14250 | seccion=PATA DE TENDIDO | precio_unitario_raw=140000.0 | total_raw=19880.0
2404,30,184,1.0,FIJO,,,,,,False,unidad_raw=UNIDAD | seccion=PATA DE TENDIDO | precio_unitario_raw=60000.0 | total_raw=0.0
2405,30,350,1.0,FORMULA,,,,,,False,unidad_raw=MANO DE OBRA= | seccion=SECCION TAPICERIA MANO DE OBRA=
2406,30,395,2.0,AREA,,,,,,False,unidad_raw=METROS | seccion=SECCION TAPICERIA MANO DE OBRA= | precio_unitario_raw=34899.0 | total_raw=69798.0
2407,30,43,0.0,LINEAL,,,,,,False,unidad_raw=METROS | seccion=SECCION TAPICERIA MANO DE OBRA= | precio_unitario_raw=1570.0 | total_raw=7222.0
2408,30,112,0.0,AREA,,,,,,False,unidad_raw=METROS | seccion=SECCION TAPICERIA MANO DE OBRA= | precio_unitario_raw=7300.0 | total_raw=0.0
2409,30,180,0.15,ESPACIADO,,,,,,False,unidad_raw=CAJA DE GRAPAS | seccion=SECCION TAPICERIA MANO DE OBRA= | precio_unitario_raw=12000.0 | total_raw=1800.0
2410,30,123,0.0,AREA,,,,,,False,unidad_raw=LAMINA | seccion=SECCION TAPICERIA MANO DE OBRA= | precio_unitario_raw=41000.0 | total_raw=0.0
2411,30,418,26.0,ESPACIADO,,,,,,False,unidad_raw=UNIDADES | seccion=SECCION TAPICERIA MANO DE OBRA= | precio_unitario_raw=100.0 | total_raw=2600.0
2412,30,129,0.75,AREA,,,,,,False,unidad_raw=UNIDADES | seccion=SECCION TAPICERIA MANO DE OBRA= | precio_unitario_raw=26000.0 | total_raw=19500.0
2413,30,125,0.0,AREA,,,,,,False,unidad_raw=UNIDAD | seccion=SECCION TAPICERIA MANO DE OBRA= | precio_unitario_raw=14500.0 | total_raw=0.0
2414,30,107,0.0,AREA,,,,,,False,unidad_raw=MTS | seccion=SECCION TAPICERIA MANO DE OBRA= | precio_unitario_raw=1000.0 | total_raw=0.0
2415,30,87,2.0,AREA,,,,,,False,unidad_raw=METROS | seccion=SECCION TAPICERIA MANO DE OBRA= | precio_unitario_raw=2240.0 | total_raw=4480.0
2416,30,195,0.0,FORMULA,,,,,,False,unidad_raw=UNIDAD | seccion=SECCION TAPICERIA MANO DE OBRA= | precio_unitario_raw=25000.0 | total_raw=0.0
2417,30,301,0.0,VOLUMEN,,,,,,False,unidad_raw=LITRO | seccion=SECCION TAPICERIA MANO DE OBRA= | precio_unitario_raw=43000.0 | total_raw=0.0
2418,30,359,0.0,VOLUMEN,,,,,,False,unidad_raw=LITRO | seccion=SECCION TAPICERIA MANO DE OBRA= | precio_unitario_raw=19.0 | total_raw=0.0
2419,30,110,0.0,AREA,,,,,,False,unidad_raw=CM | seccion=SECCION TAPICERIA MANO DE OBRA= | precio_unitario_raw=16000.0 | total_raw=0.0
2420,30,184,1.0,FIJO,,,,,,False,seccion=SECCION TAPICERIA MANO DE OBRA= | precio_unitario_raw=80000.0 | total_raw=80000.0
2421,30,239,5.5,LINEAL,,,,,,False,unidad_raw=METROS | seccion=SECCION TAPICERIA MANO DE OBRA= | precio_unitario_raw=2650.0 | total_raw=14575.0
2422,31,255,1447.0,FORMULA,,,,,,False,unidad_raw=APAMATE | seccion=EBANISTA WILMER MANO DE OBRA= | precio_unitario_raw=140.0 | total_raw=202580.0
2423,31,269,0.266,AREA,,,,,,False,unidad_raw=1 PEDAZO 140X190=26600 | seccion=EBANISTA WILMER MANO DE OBRA= | precio_unitario_raw=65000.0 | total_raw=17290.0
2424,31,232,0.84,AREA,,,,,,False,unidad_raw=1 PEDAZO 140X60=8400 | seccion=EBANISTA WILMER MANO DE OBRA= | precio_unitario_raw=140000.0 | total_raw=117600.0
2425,31,229,0.66,AREA,,,,,,False,unidad_raw=1 PEDAZO 166X40=66.4 | seccion=EBANISTA WILMER MANO DE OBRA= | precio_unitario_raw=130000.0 | total_raw=85800.0
2426,31,49,0.5,VOLUMEN,,,,,,False,unidad_raw=LITRO | seccion=EBANISTA WILMER MANO DE OBRA= | precio_unitario_raw=14000.0 | total_raw=7000.0
2427,31,180,0.15,ESPACIADO,,,,,,False,unidad_raw=CAJA | seccion=EBANISTA WILMER MANO DE OBRA= | precio_unitario_raw=12000.0 | total_raw=1800.0
2428,31,166,1.0,FIJO,,,,,,False,unidad_raw=PAR | seccion=EBANISTA WILMER MANO DE OBRA= | precio_unitario_raw=20000.0 | total_raw=20000.0
2429,31,155,0.08,FORMULA,,,,,,False,unidad_raw=TIRAS | seccion=EBANISTA WILMER MANO DE OBRA= | precio_unitario_raw=28000.0 | total_raw=2240.0
2430,31,423,100.0,ESPACIADO,,,,,,False,unidad_raw=Unidad | seccion=EBANISTA WILMER MANO DE OBRA= | precio_unitario_raw=100.0 | total_raw=10000.0
2431,31,92,1.0,FORMULA,,,,,,False,seccion=EBANISTA WILMER MANO DE OBRA= | total_raw=315000.0
2432,31,171,1.0,FORMULA,,,,,,False,seccion=EBANISTA WILMER MANO DE OBRA= | total_raw=106666.0
2433,31,72,1.0,FIJO,,,,,,False,unidad_raw=PAR | seccion=EBANISTA WILMER MANO DE OBRA= | precio_unitario_raw=12000.0 | total_raw=12000.0
2434,31,269,0.46,AREA,,,,,,False,unidad_raw=1 PEDAZO DE 1.00X46=46 | seccion=EBANISTA WILMER MANO DE OBRA= | precio_unitario_raw=65000.0 | total_raw=29900.0
2435,31,214,0.97,AREA,,,,,,False,unidad_raw=1 PEDASO DE 2.44X40=97.6 | seccion=EBANISTA WILMER MANO DE OBRA= | precio_unitario_raw=130000.0 | total_raw=126100.0
2436,31,217,1.0,FORMULA,,,,,,False,"unidad_raw=1 PEDASO DE 1,50X40=60 | seccion=EBANISTA WILMER MANO DE OBRA= | precio_unitario_raw=140.0 | total_raw=21875.0"
2437,31,49,1.0,FORMULA,,,,,,False,unidad_raw=litros | seccion=EBANISTA WILMER MANO DE OBRA= | precio_unitario_raw=14000.0 | total_raw=0.0
2438,31,180,5.0,ESPACIADO,,,,,,False,unidad_raw=Unidad | seccion=EBANISTA WILMER MANO DE OBRA= | precio_unitario_raw=600.0 | total_raw=3000.0
2439,31,42,3.0,ESPACIADO,,,,,,False,unidad_raw=TIRA | seccion=EBANISTA WILMER MANO DE OBRA= | precio_unitario_raw=1000.0 | total_raw=3000.0
2440,31,184,1.0,FIJO,,,,,,False,unidad_raw=PAR | seccion=EBANISTA WILMER MANO DE OBRA= | precio_unitario_raw=157500.0 | total_raw=0.0
2441,31,423,12.0,ESPACIADO,,,,,,False,unidad_raw=Unidad | seccion=EBANISTA WILMER MANO DE OBRA= | precio_unitario_raw=100.0 | total_raw=1200.0
2442,31,172,1.0,FORMULA,,,,,,False,seccion=EBANISTA WILMER MANO DE OBRA= | total_raw=26294.75
2443,31,349,1.0,FORMULA,,,,,DE NOCHERO,False,seccion=SECCION PINTURA Y PREPARADA DE NOCHERO
2444,31,331,1.0,FIJO,,,,,,False,unidad_raw=CON EL 5% | seccion=SECCION PINTURA Y PREPARADA DE NOCHERO | precio_unitario_raw=36750.0 | total_raw=36750.0
2445,31,310,1.0,FIJO,,,,,,False,unidad_raw=CON EL 5% | seccion=SECCION PINTURA Y PREPARADA DE NOCHERO | precio_unitario_raw=36750.0 | total_raw=36750.0
2446,31,356,2.0,VOLUMEN,,,,,,False,unidad_raw=PISTOLADAS | seccion=SECCION PINTURA Y PREPARADA DE NOCHERO | precio_unitario_raw=18000.0 | total_raw=36000.0
2447,31,251,0.5,FORMULA,,,,,,False,unidad_raw=unidades | seccion=SECCION PINTURA Y PREPARADA DE NOCHERO | precio_unitario_raw=2000.0 | total_raw=1000.0
2448,31,285,1.0,FORMULA,,,,,,False,unidad_raw=galon | seccion=SECCION PINTURA Y PREPARADA DE NOCHERO | precio_unitario_raw=70000.0 | total_raw=0.0
2449,31,432,1.0,FORMULA,,,,,,False,unidad_raw=unidad | seccion=SECCION PINTURA Y PREPARADA DE NOCHERO | precio_unitario_raw=45000.0 | total_raw=0.0
2450,31,368,1.0,FORMULA,,,,,,False,unidad_raw=unidad | seccion=SECCION PINTURA Y PREPARADA DE NOCHERO | precio_unitario_raw=2500.0 | total_raw=0.0
2451,31,401,1.0,FORMULA,,,,,,False,unidad_raw=GALON | seccion=SECCION PINTURA Y PREPARADA DE NOCHERO | precio_unitario_raw=34000.0 | total_raw=0.0
2452,31,408,1.0,FORMULA,,,,,,False,unidad_raw=JALADORES | seccion=SECCION PINTURA Y PREPARADA DE NOCHERO | precio_unitario_raw=3000.0 | total_raw=0.0
2453,31,55,1.0,VOLUMEN,,,,,,False,unidad_raw=PISTOLADA | seccion=SECCION PINTURA Y PREPARADA DE NOCHERO | precio_unitario_raw=22000.0 | total_raw=22000.0
2454,31,51,0.5,VOLUMEN,,,,,,False,unidad_raw=PISTOLADA | seccion=SECCION PINTURA Y PREPARADA DE NOCHERO | precio_unitario_raw=22000.0 | total_raw=11000.0
2455,31,98,1.0,FORMULA,,,,,,False,unidad_raw=galon | seccion=SECCION PINTURA Y PREPARADA DE NOCHERO | precio_unitario_raw=160000.0 | total_raw=0.0
2456,31,169,1.0,FORMULA,,,,,,False,unidad_raw=ML | seccion=SECCION PINTURA Y PREPARADA DE NOCHERO | precio_unitario_raw=4500.0 | total_raw=0.0
2457,31,341,1.0,FORMULA,,,,,,False,unidad_raw=LITRO | seccion=SECCION PINTURA Y PREPARADA DE NOCHERO | precio_unitario_raw=20000.0 | total_raw=0.0
2458,31,203,0.5,VOLUMEN,,,,,,False,unidad_raw=PISTOLADA | seccion=SECCION PINTURA Y PREPARADA DE NOCHERO | precio_unitario_raw=23000.0 | total_raw=11500.0
2459,31,174,1.0,FORMULA,,,,,,False,seccion=SECCION PINTURA Y PREPARADA DE NOCHERO | total_raw=15500.0
2460,31,349,1.0,FORMULA,,,,,PATAS,False,seccion=SECCION PINTURA Y PREPARADA PATAS
2461,31,331,0.0,FORMULA,,,,,,False,unidad_raw=CON EL 5% | seccion=SECCION PINTURA Y PREPARADA PATAS | precio_unitario_raw=63000.0 | total_raw=0.0
2462,31,310,0.0,FORMULA,,,,,,False,unidad_raw=CON EL 5% | seccion=SECCION PINTURA Y PREPARADA PATAS | precio_unitario_raw=26250.0 | total_raw=0.0
2463,31,314,8.0,FORMULA,,,,,,False,seccion=SECCION PINTURA Y PREPARADA PATAS | precio_unitario_raw=2100.0 | total_raw=16800.0
2464,31,356,0.5,VOLUMEN,,,,,,False,unidad_raw=PISTOLADAS | seccion=SECCION PINTURA Y PREPARADA PATAS | precio_unitario_raw=18000.0 | total_raw=9000.0
2465,31,251,0.4,FORMULA,,,,,,False,unidad_raw=unidades | seccion=SECCION PINTURA Y PREPARADA PATAS | precio_unitario_raw=2000.0 | total_raw=800.0
2466,31,285,1.0,FORMULA,,,,,,False,unidad_raw=galon | seccion=SECCION PINTURA Y PREPARADA PATAS | total_raw=0.0
2467,31,249,1.0,FORMULA,,,,,,False,unidad_raw=unidad | seccion=SECCION PINTURA Y PREPARADA PATAS | precio_unitario_raw=2000.0 | total_raw=0.0
2468,31,245,1.0,FORMULA,,,,,,False,unidad_raw=unidad | seccion=SECCION PINTURA Y PREPARADA PATAS | precio_unitario_raw=2000.0 | total_raw=0.0
2469,31,205,0.2,VOLUMEN,,,,,,False,unidad_raw=GALON | seccion=SECCION PINTURA Y PREPARADA PATAS | precio_unitario_raw=23000.0 | total_raw=4600.0
2470,31,199,1.0,FORMULA,,,,,,False,unidad_raw=litro | seccion=SECCION PINTURA Y PREPARADA PATAS | precio_unitario_raw=18000.0 | total_raw=0.0
2471,31,50,0.2,VOLUMEN,,,,,,False,unidad_raw=PISTOLADA | seccion=SECCION PINTURA Y PREPARADA PATAS | precio_unitario_raw=20000.0 | total_raw=4000.0
2472,31,402,1.0,FORMULA,,,,,,False,unidad_raw=galon | seccion=SECCION PINTURA Y PREPARADA PATAS | total_raw=0.0
2473,31,169,1.0,FORMULA,,,,,,False,unidad_raw=LITRO | seccion=SECCION PINTURA Y PREPARADA PATAS | precio_unitario_raw=4.5 | total_raw=0.0
2474,31,341,1.0,FORMULA,,,,,,False,unidad_raw=LITRO | seccion=SECCION PINTURA Y PREPARADA PATAS | precio_unitario_raw=23000.0 | total_raw=0.0
2475,31,201,1.0,FORMULA,,,,,,False,unidad_raw=PISTOLADA | seccion=SECCION PINTURA Y PREPARADA PATAS | precio_unitario_raw=23000.0 | total_raw=0.0
2476,31,174,1.0,FORMULA,,,,,,False,seccion=SECCION PINTURA Y PREPARADA PATAS | total_raw=32095.1
2477,31,406,1.0,FORMULA,,,,,,False,unidad_raw=UNIDAD | seccion=SECCION TERMINACION | precio_unitario_raw=10500.0 | total_raw=0.0
2478,31,338,1.0,FORMULA,,,,,,False,unidad_raw=UNIDAD | seccion=SECCION TERMINACION | precio_unitario_raw=20000.0 | total_raw=0.0
2479,31,339,1.0,FORMULA,,,,,,False,unidad_raw=UNIDAD | seccion=SECCION TERMINACION | precio_unitario_raw=20000.0 | total_raw=0.0
2480,31,237,1.0,FORMULA,,,,,,False,unidad_raw=UNIDADES | seccion=SECCION TERMINACION | precio_unitario_raw=100000.0 | total_raw=0.0
2481,31,16,1.0,FORMULA,,,,,,False,unidad_raw=METROS | seccion=SECCION TERMINACION | precio_unitario_raw=3000.0 | total_raw=0.0
2482,31,6,1.0,FORMULA,,,,,,False,unidad_raw=PAR | seccion=SECCION TERMINACION | precio_unitario_raw=1500.0 | total_raw=0.0
2483,31,97,1.0,FORMULA,,,,,,False,unidad_raw=UNIDADES | seccion=SECCION TERMINACION | precio_unitario_raw=2000.0 | total_raw=0.0
2484,31,194,1.0,FORMULA,,,,,,False,unidad_raw=PAR | seccion=SECCION TERMINACION | precio_unitario_raw=160000.0 | total_raw=0.0
2485,31,198,1.0,FIJO,,,,,,False,unidad_raw=UNIDAD | seccion=SECCION TERMINACION | precio_unitario_raw=26800.0 | total_raw=0.0
2486,31,283,1.0,FORMULA,,,,,,False,unidad_raw=UNIDADES | seccion=SECCION TERMINACION | precio_unitario_raw=3000.0 | total_raw=0.0
2487,31,70,1.0,FIJO,,,,,,False,unidad_raw=unidades | seccion=SECCION TERMINACION | precio_unitario_raw=8000.0 | total_raw=0.0
2488,31,95,1.0,FORMULA,,,,,,False,unidad_raw=unidades | seccion=SECCION TERMINACION | precio_unitario_raw=150000.0 | total_raw=0.0
2489,31,352,1.0,FORMULA,,,,,,False,seccion=SECCION TERMINACION | total_raw=0.0
2490,31,257,0.0,FORMULA,,,,,,False,unidad_raw=APAMATE | seccion=SECCION TERMINACION | precio_unitario_raw=140000.0 | total_raw=0.0
2491,31,184,0.0,FORMULA,,,,,,False,unidad_raw=UNIDAD | seccion=FABRICACION TENDIDO | precio_unitario_raw=60000.0 | total_raw=0.0
2492,31,350,1.0,FORMULA,,,,,,False,unidad_raw=MANO DE OBRA= | seccion=SECCION TAPICERIA MANO DE OBRA=
2493,31,382,13.0,AREA,,,,,,False,unidad_raw=METROS | seccion=SECCION TAPICERIA MANO DE OBRA= | precio_unitario_raw=25650.0 | total_raw=333450.0
2494,31,43,0.0,LINEAL,,,,,,False,unidad_raw=METROS | seccion=SECCION TAPICERIA MANO DE OBRA= | precio_unitario_raw=1570.0 | total_raw=7222.0
2495,31,113,1.0,AREA,,,,,,False,unidad_raw=LAMINA | seccion=SECCION TAPICERIA MANO DE OBRA= | precio_unitario_raw=6630.0 | total_raw=6630.0
2496,31,180,1.0,ESPACIADO,,,,,,False,unidad_raw=CAJA DE GRAPAS | seccion=SECCION TAPICERIA MANO DE OBRA= | precio_unitario_raw=12000.0 | total_raw=12000.0
2497,31,123,1.3,AREA,,,,,,False,unidad_raw=LAMINA | seccion=SECCION TAPICERIA MANO DE OBRA= | precio_unitario_raw=41340.0 | total_raw=53742.0
2498,31,418,0.0,ESPACIADO,,,,,,False,unidad_raw=UNIDADES | seccion=SECCION TAPICERIA MANO DE OBRA= | precio_unitario_raw=100.0 | total_raw=0.0
2499,31,129,3.0,AREA,,,,,,False,unidad_raw=UNIDADES | seccion=SECCION TAPICERIA MANO DE OBRA= | precio_unitario_raw=26000.0 | total_raw=78000.0
2500,31,108,1.0,AREA,,,,,,False,unidad_raw=LAMINA | seccion=SECCION TAPICERIA MANO DE OBRA= | precio_unitario_raw=9804.0 | total_raw=9804.0
2501,31,107,0.0,AREA,,,,,,False,unidad_raw=MTS | seccion=SECCION TAPICERIA MANO DE OBRA= | precio_unitario_raw=1000.0 | total_raw=0.0
2502,31,87,0.0,AREA,,,,,,False,unidad_raw=METROS | seccion=SECCION TAPICERIA MANO DE OBRA= | precio_unitario_raw=2240.0 | total_raw=0.0
2503,31,195,0.5,FORMULA,,,,,,False,unidad_raw=UNIDAD | seccion=SECCION TAPICERIA MANO DE OBRA= | precio_unitario_raw=25000.0 | total_raw=12500.0
2504,31,301,1.0,VOLUMEN,,,,,,False,unidad_raw=PISTOLADA | seccion=SECCION TAPICERIA MANO DE OBRA= | precio_unitario_raw=43000.0 | total_raw=43000.0
2505,31,359,0.2,VOLUMEN,,,,,,False,unidad_raw=LITRO | seccion=SECCION TAPICERIA MANO DE OBRA= | precio_unitario_raw=19000.0 | total_raw=3800.0
2506,31,26,1.0,FIJO,,,,,,False,unidad_raw=UNIDADES | seccion=SECCION TAPICERIA MANO DE OBRA= | precio_unitario_raw=5000.0 | total_raw=5000.0
2507,31,184,1.0,FIJO,,,,,,False,seccion=SECCION TAPICERIA MANO DE OBRA= | precio_unitario_raw=200000.0 | total_raw=200000.0
2508,31,12,95.0,FORMULA,,,,,,False,unidad_raw=UNIDADES | seccion=SECCION TAPICERIA MANO DE OBRA= | precio_unitario_raw=0.0 | total_raw=0.0
2509,32,255,902.0,FORMULA,,,,,,False,unidad_raw=APAMATE | seccion=EBANISTA WILMER MANO DE OBRA= | precio_unitario_raw=140.0 | total_raw=126280.0
2510,32,272,0.19,AREA,,,,,,False,unidad_raw=1 PEDAZO 1.90X1=19 | seccion=EBANISTA WILMER MANO DE OBRA= | precio_unitario_raw=65000.0 | total_raw=12350.0
2511,32,232,0.12,AREA,,,,,,False,unidad_raw=1 PEDAZO 1.50X80=120 | seccion=EBANISTA WILMER MANO DE OBRA= | precio_unitario_raw=140000.0 | total_raw=16800.0
2512,32,229,0.0,AREA,,,,,,False,unidad_raw=1 PEDAZO 166X40=66.4 | seccion=EBANISTA WILMER MANO DE OBRA= | precio_unitario_raw=130000.0 | total_raw=0.0
2513,32,49,0.5,VOLUMEN,,,,,,False,unidad_raw=LITRO | seccion=EBANISTA WILMER MANO DE OBRA= | precio_unitario_raw=14000.0 | total_raw=7000.0
2514,32,180,0.1,ESPACIADO,,,,,,False,unidad_raw=CAJA | seccion=EBANISTA WILMER MANO DE OBRA= | precio_unitario_raw=12000.0 | total_raw=1200.0
2515,32,166,1.0,FIJO,,,,,,False,unidad_raw=PAR | seccion=EBANISTA WILMER MANO DE OBRA= | precio_unitario_raw=20000.0 | total_raw=20000.0
2516,32,155,3.0,FORMULA,,,,,,False,unidad_raw=TIRAS | seccion=EBANISTA WILMER MANO DE OBRA= | precio_unitario_raw=1000.0 | total_raw=3000.0
2517,32,423,200.0,ESPACIADO,,,,,,False,unidad_raw=Unidad | seccion=EBANISTA WILMER MANO DE OBRA= | precio_unitario_raw=100.0 | total_raw=20000.0
2518,32,92,1.0,FORMULA,,,,,,False,seccion=EBANISTA WILMER MANO DE OBRA= | total_raw=315000.0
2519,32,171,1.0,FORMULA,,,,,,False,seccion=EBANISTA WILMER MANO DE OBRA= | total_raw=106666.0
2520,32,72,1.0,FIJO,,,,,,False,unidad_raw=PAR | seccion=EBANISTA WILMER MANO DE OBRA= | precio_unitario_raw=12000.0 | total_raw=12000.0
2521,32,269,0.46,AREA,,,,,,False,unidad_raw=1 PEDAZO DE 1.00X46=46 | seccion=EBANISTA WILMER MANO DE OBRA= | precio_unitario_raw=65000.0 | total_raw=29900.0
2522,32,214,0.6,AREA,,,,,,False,unidad_raw=1 PEDASO DE 1.50X40=60 | seccion=EBANISTA WILMER MANO DE OBRA= | precio_unitario_raw=130000.0 | total_raw=78000.0
2523,32,217,1.0,FORMULA,,,,,,False,"unidad_raw=1 PEDASO DE 1,50X40=60 | seccion=EBANISTA WILMER MANO DE OBRA= | precio_unitario_raw=140.0 | total_raw=21875.0"
2524,32,49,1.0,FORMULA,,,,,,False,unidad_raw=litros | seccion=EBANISTA WILMER MANO DE OBRA= | precio_unitario_raw=14000.0 | total_raw=0.0
2525,32,180,5.0,ESPACIADO,,,,,,False,unidad_raw=Unidad | seccion=EBANISTA WILMER MANO DE OBRA= | precio_unitario_raw=600.0 | total_raw=3000.0
2526,32,42,3.0,ESPACIADO,,,,,,False,unidad_raw=TIRA | seccion=EBANISTA WILMER MANO DE OBRA= | precio_unitario_raw=1000.0 | total_raw=3000.0
2527,32,184,1.0,FIJO,,,,,,False,unidad_raw=PAR | seccion=EBANISTA WILMER MANO DE OBRA= | precio_unitario_raw=157500.0 | total_raw=0.0
2528,32,423,12.0,ESPACIADO,,,,,,False,unidad_raw=Unidad | seccion=EBANISTA WILMER MANO DE OBRA= | precio_unitario_raw=100.0 | total_raw=1200.0
2529,32,172,1.0,FORMULA,,,,,,False,seccion=EBANISTA WILMER MANO DE OBRA= | total_raw=26294.75
2530,32,349,1.0,FORMULA,,,,,DE NOCHERO,False,seccion=SECCION PINTURA Y PREPARADA DE NOCHERO
2531,32,331,1.0,FIJO,,,,,,False,unidad_raw=CON EL 5% | seccion=SECCION PINTURA Y PREPARADA DE NOCHERO | precio_unitario_raw=36750.0 | total_raw=36750.0
2532,32,310,1.0,FIJO,,,,,,False,unidad_raw=CON EL 5% | seccion=SECCION PINTURA Y PREPARADA DE NOCHERO | precio_unitario_raw=36750.0 | total_raw=36750.0
2533,32,356,2.0,VOLUMEN,,,,,,False,unidad_raw=PISTOLADAS | seccion=SECCION PINTURA Y PREPARADA DE NOCHERO | precio_unitario_raw=18000.0 | total_raw=36000.0
2534,32,251,0.5,FORMULA,,,,,,False,unidad_raw=unidades | seccion=SECCION PINTURA Y PREPARADA DE NOCHERO | precio_unitario_raw=2000.0 | total_raw=1000.0
2535,32,285,1.0,FORMULA,,,,,,False,unidad_raw=galon | seccion=SECCION PINTURA Y PREPARADA DE NOCHERO | precio_unitario_raw=70000.0 | total_raw=0.0
2536,32,432,1.0,FORMULA,,,,,,False,unidad_raw=unidad | seccion=SECCION PINTURA Y PREPARADA DE NOCHERO | precio_unitario_raw=45000.0 | total_raw=0.0
2537,32,368,1.0,FORMULA,,,,,,False,unidad_raw=unidad | seccion=SECCION PINTURA Y PREPARADA DE NOCHERO | precio_unitario_raw=2500.0 | total_raw=0.0
2538,32,401,1.0,FORMULA,,,,,,False,unidad_raw=GALON | seccion=SECCION PINTURA Y PREPARADA DE NOCHERO | precio_unitario_raw=34000.0 | total_raw=0.0
2539,32,408,1.0,FORMULA,,,,,,False,unidad_raw=JALADORES | seccion=SECCION PINTURA Y PREPARADA DE NOCHERO | precio_unitario_raw=3000.0 | total_raw=0.0
2540,32,57,0.5,VOLUMEN,,,,,,False,unidad_raw=PISTOLADA | seccion=SECCION PINTURA Y PREPARADA DE NOCHERO | precio_unitario_raw=22000.0 | total_raw=11000.0
2541,32,58,0.5,VOLUMEN,,,,,,False,unidad_raw=PISTOLADA | seccion=SECCION PINTURA Y PREPARADA DE NOCHERO | precio_unitario_raw=22000.0 | total_raw=11000.0
2542,32,98,1.0,FORMULA,,,,,,False,unidad_raw=galon | seccion=SECCION PINTURA Y PREPARADA DE NOCHERO | precio_unitario_raw=160000.0 | total_raw=0.0
2543,32,169,1.0,FORMULA,,,,,,False,unidad_raw=ML | seccion=SECCION PINTURA Y PREPARADA DE NOCHERO | precio_unitario_raw=4500.0 | total_raw=0.0
2544,32,341,1.0,FORMULA,,,,,,False,unidad_raw=LITRO | seccion=SECCION PINTURA Y PREPARADA DE NOCHERO | precio_unitario_raw=20000.0 | total_raw=0.0
2545,32,203,0.5,VOLUMEN,,,,,,False,unidad_raw=PISTOLADA | seccion=SECCION PINTURA Y PREPARADA DE NOCHERO | precio_unitario_raw=23000.0 | total_raw=11500.0
2546,32,174,1.0,FORMULA,,,,,,False,seccion=SECCION PINTURA Y PREPARADA DE NOCHERO | total_raw=14400.0
2547,32,349,1.0,FORMULA,,,,,PATAS,False,seccion=SECCION PINTURA Y PREPARADA PATAS
2548,32,331,0.0,FORMULA,,,,,,False,unidad_raw=CON EL 5% | seccion=SECCION PINTURA Y PREPARADA PATAS | precio_unitario_raw=63000.0 | total_raw=0.0
2549,32,310,0.0,FORMULA,,,,,,False,unidad_raw=CON EL 5% | seccion=SECCION PINTURA Y PREPARADA PATAS | precio_unitario_raw=26250.0 | total_raw=0.0
2550,32,314,2.0,FORMULA,,,,,,False,seccion=SECCION PINTURA Y PREPARADA PATAS | precio_unitario_raw=2100.0 | total_raw=4200.0
2551,32,356,0.05,VOLUMEN,,,,,,False,unidad_raw=PISTOLADAS | seccion=SECCION PINTURA Y PREPARADA PATAS | precio_unitario_raw=18000.0 | total_raw=900.0
2552,32,251,1.0,FORMULA,,,,,,False,unidad_raw=unidades | seccion=SECCION PINTURA Y PREPARADA PATAS | precio_unitario_raw=2000.0 | total_raw=0.0
2553,32,285,1.0,FORMULA,,,,,,False,unidad_raw=galon | seccion=SECCION PINTURA Y PREPARADA PATAS | total_raw=0.0
2554,32,249,1.0,FORMULA,,,,,,False,unidad_raw=unidad | seccion=SECCION PINTURA Y PREPARADA PATAS | precio_unitario_raw=2000.0 | total_raw=0.0
2555,32,245,1.0,FORMULA,,,,,,False,unidad_raw=unidad | seccion=SECCION PINTURA Y PREPARADA PATAS | precio_unitario_raw=2000.0 | total_raw=0.0
2556,32,205,0.05,VOLUMEN,,,,,,False,unidad_raw=GALON | seccion=SECCION PINTURA Y PREPARADA PATAS | precio_unitario_raw=23000.0 | total_raw=1150.0
2557,32,199,1.0,FORMULA,,,,,,False,unidad_raw=litro | seccion=SECCION PINTURA Y PREPARADA PATAS | precio_unitario_raw=18000.0 | total_raw=0.0
2558,32,50,0.05,VOLUMEN,,,,,,False,unidad_raw=PISTOLADA | seccion=SECCION PINTURA Y PREPARADA PATAS | precio_unitario_raw=20000.0 | total_raw=1000.0
2559,32,402,1.0,FORMULA,,,,,,False,unidad_raw=galon | seccion=SECCION PINTURA Y PREPARADA PATAS | total_raw=0.0
2560,32,169,1.0,FORMULA,,,,,,False,unidad_raw=LITRO | seccion=SECCION PINTURA Y PREPARADA PATAS | precio_unitario_raw=4.5 | total_raw=0.0
2561,32,341,1.0,FORMULA,,,,,,False,unidad_raw=LITRO | seccion=SECCION PINTURA Y PREPARADA PATAS | precio_unitario_raw=23000.0 | total_raw=0.0
2562,32,201,1.0,FORMULA,,,,,,False,unidad_raw=PISTOLADA | seccion=SECCION PINTURA Y PREPARADA PATAS | precio_unitario_raw=23000.0 | total_raw=0.0
2563,32,174,1.0,FORMULA,,,,,,False,seccion=SECCION PINTURA Y PREPARADA PATAS | total_raw=32095.1
2564,32,406,1.0,FORMULA,,,,,,False,unidad_raw=UNIDAD | seccion=SECCION TERMINACION | precio_unitario_raw=10500.0 | total_raw=0.0
2565,32,338,1.0,FORMULA,,,,,,False,unidad_raw=UNIDAD | seccion=SECCION TERMINACION | precio_unitario_raw=20000.0 | total_raw=0.0
2566,32,339,1.0,FORMULA,,,,,,False,unidad_raw=UNIDAD | seccion=SECCION TERMINACION | precio_unitario_raw=20000.0 | total_raw=0.0
2567,32,237,1.0,FORMULA,,,,,,False,unidad_raw=UNIDADES | seccion=SECCION TERMINACION | precio_unitario_raw=100000.0 | total_raw=0.0
2568,32,16,1.0,FORMULA,,,,,,False,unidad_raw=METROS | seccion=SECCION TERMINACION | precio_unitario_raw=3000.0 | total_raw=0.0
2569,32,6,1.0,FORMULA,,,,,,False,unidad_raw=PAR | seccion=SECCION TERMINACION | precio_unitario_raw=1500.0 | total_raw=0.0
2570,32,97,1.0,FORMULA,,,,,,False,unidad_raw=UNIDADES | seccion=SECCION TERMINACION | precio_unitario_raw=2000.0 | total_raw=0.0
2571,32,194,1.0,FORMULA,,,,,,False,unidad_raw=PAR | seccion=SECCION TERMINACION | precio_unitario_raw=160000.0 | total_raw=0.0
2572,32,198,1.0,FIJO,,,,,,False,unidad_raw=UNIDAD | seccion=SECCION TERMINACION | precio_unitario_raw=26800.0 | total_raw=0.0
2573,32,283,1.0,FORMULA,,,,,,False,unidad_raw=UNIDADES | seccion=SECCION TERMINACION | precio_unitario_raw=3000.0 | total_raw=0.0
2574,32,70,1.0,FIJO,,,,,,False,unidad_raw=unidades | seccion=SECCION TERMINACION | precio_unitario_raw=8000.0 | total_raw=0.0
2575,32,95,1.0,FORMULA,,,,,,False,unidad_raw=unidades | seccion=SECCION TERMINACION | precio_unitario_raw=150000.0 | total_raw=0.0
2576,32,352,1.0,FORMULA,,,,,,False,seccion=SECCION TERMINACION | total_raw=0.0
2577,32,257,0.0,FORMULA,,,,,,False,unidad_raw=APAMATE | seccion=SECCION TERMINACION | precio_unitario_raw=140000.0 | total_raw=0.0
2578,32,184,0.0,FORMULA,,,,,,False,unidad_raw=UNIDAD | seccion=FABRICACION TENDIDO | precio_unitario_raw=60000.0 | total_raw=0.0
2579,32,350,1.0,FORMULA,,,,,,False,unidad_raw=MANO DE OBRA= | seccion=SECCION TAPICERIA MANO DE OBRA=
2580,32,387,7.5,AREA,,,,,,False,unidad_raw=METROS | seccion=SECCION TAPICERIA MANO DE OBRA= | precio_unitario_raw=25000.0 | total_raw=187500.0
2581,32,386,2.0,AREA,,,,,,False,unidad_raw=METROS | seccion=SECCION TAPICERIA MANO DE OBRA= | precio_unitario_raw=25000.0 | total_raw=7222.0
2582,32,113,0.5,AREA,,,,,,False,unidad_raw=LAMINA | seccion=SECCION TAPICERIA MANO DE OBRA= | precio_unitario_raw=6630.0 | total_raw=3315.0
2583,32,180,0.5,ESPACIADO,,,,,,False,unidad_raw=CAJA DE GRAPAS | seccion=SECCION TAPICERIA MANO DE OBRA= | precio_unitario_raw=12000.0 | total_raw=6000.0
2584,32,298,5.0,FORMULA,,,,,,False,unidad_raw=UNIDADES | seccion=SECCION TAPICERIA MANO DE OBRA= | precio_unitario_raw=8000.0 | total_raw=40000.0
2585,32,411,2.0,ESPACIADO,,,,,,False,unidad_raw=UNIDADES | seccion=SECCION TAPICERIA MANO DE OBRA= | precio_unitario_raw=100.0 | total_raw=200.0
2586,32,129,2.0,AREA,,,,,,False,unidad_raw=UNIDADES | seccion=SECCION TAPICERIA MANO DE OBRA= | precio_unitario_raw=26000.0 | total_raw=52000.0
2587,32,108,0.0,AREA,,,,,,False,unidad_raw=LAMINA | seccion=SECCION TAPICERIA MANO DE OBRA= | precio_unitario_raw=9804.0 | total_raw=0.0
2588,32,107,0.0,AREA,,,,,,False,unidad_raw=MTS | seccion=SECCION TAPICERIA MANO DE OBRA= | precio_unitario_raw=1000.0 | total_raw=0.0
2589,32,87,2.0,AREA,,,,,,False,unidad_raw=METROS | seccion=SECCION TAPICERIA MANO DE OBRA= | precio_unitario_raw=2240.0 | total_raw=4480.0
2590,32,195,0.5,FORMULA,,,,,,False,unidad_raw=UNIDAD | seccion=SECCION TAPICERIA MANO DE OBRA= | precio_unitario_raw=25000.0 | total_raw=12500.0
2591,32,301,0.0,VOLUMEN,,,,,,False,unidad_raw=PISTOLADA | seccion=SECCION TAPICERIA MANO DE OBRA= | precio_unitario_raw=43000.0 | total_raw=0.0
2592,32,359,0.2,VOLUMEN,,,,,,False,unidad_raw=LITRO | seccion=SECCION TAPICERIA MANO DE OBRA= | precio_unitario_raw=19000.0 | total_raw=3800.0
2593,32,26,3.0,FORMULA,,,,,,False,unidad_raw=UNIDADES | seccion=SECCION TAPICERIA MANO DE OBRA= | precio_unitario_raw=5000.0 | total_raw=15000.0
2594,32,184,1.0,FIJO,,,,,,False,seccion=SECCION TAPICERIA MANO DE OBRA= | precio_unitario_raw=200000.0 | total_raw=200000.0
2595,32,239,0.0,LINEAL,,,,,,False,unidad_raw=METROS | seccion=SECCION TAPICERIA MANO DE OBRA= | precio_unitario_raw=2650.0 | total_raw=0.0
2596,33,255,656.0,FORMULA,,,,,,False,unidad_raw=APAMATE | seccion=EBANISTA WILMER MANO DE OBRA= | precio_unitario_raw=140.0 | total_raw=91840.0
2597,33,266,0.3,AREA,,,,,,False,unidad_raw=LAMINA | seccion=EBANISTA WILMER MANO DE OBRA= | precio_unitario_raw=210000.0 | total_raw=63000.0
2598,33,232,0.5,AREA,,,,,,False,unidad_raw=LAMINA | seccion=EBANISTA WILMER MANO DE OBRA= | precio_unitario_raw=140000.0 | total_raw=70000.0
2599,33,229,1.0,AREA,,,,,,False,unidad_raw=LAMINA | seccion=EBANISTA WILMER MANO DE OBRA= | precio_unitario_raw=130000.0 | total_raw=130000.0
2600,33,49,0.5,VOLUMEN,,,,,,False,unidad_raw=LITRO | seccion=EBANISTA WILMER MANO DE OBRA= | precio_unitario_raw=14000.0 | total_raw=7000.0
2601,33,180,0.12,ESPACIADO,,,,,,False,unidad_raw=CAJA | seccion=EBANISTA WILMER MANO DE OBRA= | precio_unitario_raw=12000.0 | total_raw=1440.0
2602,33,166,1.0,FIJO,,,,,,False,unidad_raw=PAR | seccion=EBANISTA WILMER MANO DE OBRA= | precio_unitario_raw=20000.0 | total_raw=20000.0
2603,33,155,3.7,FORMULA,,,,,,False,unidad_raw=TIRAS | seccion=EBANISTA WILMER MANO DE OBRA= | precio_unitario_raw=1000.0 | total_raw=3700.0
2604,33,423,100.0,ESPACIADO,,,,,,False,unidad_raw=Unidad | seccion=EBANISTA WILMER MANO DE OBRA= | precio_unitario_raw=100.0 | total_raw=10000.0
2605,33,92,1.0,FORMULA,,,,,,False,seccion=EBANISTA WILMER MANO DE OBRA= | total_raw=315000.0
2606,33,171,1.0,FORMULA,,,,,,False,seccion=EBANISTA WILMER MANO DE OBRA= | total_raw=106666.0
2607,33,72,2.0,FORMULA,,,,,,False,unidad_raw=PAR | seccion=EBANISTA WILMER MANO DE OBRA= | precio_unitario_raw=11000.0 | total_raw=22000.0
2608,33,269,1.0,FORMULA,,,,,,False,unidad_raw=1 PEDAZO DE 1.00X46=46 | seccion=EBANISTA WILMER MANO DE OBRA= | precio_unitario_raw=65000.0 | total_raw=0.0
2609,33,214,1.0,FORMULA,,,,,,False,unidad_raw=1 PEDASO DE 1.50X40=60 | seccion=EBANISTA WILMER MANO DE OBRA= | precio_unitario_raw=130000.0 | total_raw=0.0
2610,33,217,1.0,FORMULA,,,,,,False,"unidad_raw=1 PEDASO DE 1,50X40=60 | seccion=EBANISTA WILMER MANO DE OBRA= | precio_unitario_raw=140.0 | total_raw=0.0"
2611,33,49,1.0,FORMULA,,,,,,False,unidad_raw=litros | seccion=EBANISTA WILMER MANO DE OBRA= | precio_unitario_raw=14000.0 | total_raw=0.0
2612,33,180,1.0,FIJO,,,,,,False,unidad_raw=Unidad | seccion=EBANISTA WILMER MANO DE OBRA= | precio_unitario_raw=600.0 | total_raw=0.0
2613,33,42,1.0,FIJO,,,,,,False,unidad_raw=TIRA | seccion=EBANISTA WILMER MANO DE OBRA= | precio_unitario_raw=1000.0 | total_raw=0.0
2614,33,184,1.0,FIJO,,,,,,False,unidad_raw=PAR | seccion=EBANISTA WILMER MANO DE OBRA= | precio_unitario_raw=0.0 | total_raw=0.0
2615,33,423,1.0,FIJO,,,,,,False,unidad_raw=Unidad | seccion=EBANISTA WILMER MANO DE OBRA= | precio_unitario_raw=100.0 | total_raw=0.0
2616,33,172,1.0,FORMULA,,,,,,False,seccion=EBANISTA WILMER MANO DE OBRA= | total_raw=26294.75
2617,33,349,1.0,FORMULA,,,,,DE NOCHERO,False,seccion=SECCION PINTURA Y PREPARADA DE NOCHERO
2618,33,331,2.0,FORMULA,,,,,,False,unidad_raw=CON EL 5% | seccion=SECCION PINTURA Y PREPARADA DE NOCHERO | precio_unitario_raw=36750.0 | total_raw=73500.0
2619,33,310,2.0,FORMULA,,,,,,False,unidad_raw=CON EL 5% | seccion=SECCION PINTURA Y PREPARADA DE NOCHERO | precio_unitario_raw=36750.0 | total_raw=73500.0
2620,33,356,4.0,VOLUMEN,,,,,,False,unidad_raw=PISTOLADAS | seccion=SECCION PINTURA Y PREPARADA DE NOCHERO | precio_unitario_raw=18000.0 | total_raw=72000.0
2621,33,251,1.5,FORMULA,,,,,,False,unidad_raw=unidades | seccion=SECCION PINTURA Y PREPARADA DE NOCHERO | precio_unitario_raw=2000.0 | total_raw=3000.0
2622,33,285,1.0,FORMULA,,,,,,False,unidad_raw=galon | seccion=SECCION PINTURA Y PREPARADA DE NOCHERO | precio_unitario_raw=70000.0 | total_raw=0.0
2623,33,432,1.0,FORMULA,,,,,,False,unidad_raw=unidad | seccion=SECCION PINTURA Y PREPARADA DE NOCHERO | precio_unitario_raw=45000.0 | total_raw=0.0
2624,33,368,1.0,FORMULA,,,,,,False,unidad_raw=unidad | seccion=SECCION PINTURA Y PREPARADA DE NOCHERO | precio_unitario_raw=2500.0 | total_raw=0.0
2625,33,401,1.0,FORMULA,,,,,,False,unidad_raw=GALON | seccion=SECCION PINTURA Y PREPARADA DE NOCHERO | precio_unitario_raw=34000.0 | total_raw=0.0
2626,33,408,2.0,FORMULA,,,,,,False,unidad_raw=JALADORES | seccion=SECCION PINTURA Y PREPARADA DE NOCHERO | precio_unitario_raw=3000.0 | total_raw=6000.0
2627,33,50,1.0,FORMULA,,,,,,False,unidad_raw=PISTOLADA | seccion=SECCION PINTURA Y PREPARADA DE NOCHERO | precio_unitario_raw=22000.0 | total_raw=0.0
2628,33,50,2.0,VOLUMEN,,,,,,False,unidad_raw=PISTOLADA | seccion=SECCION PINTURA Y PREPARADA DE NOCHERO | precio_unitario_raw=22000.0 | total_raw=44000.0
2629,33,98,1.0,FORMULA,,,,,,False,unidad_raw=galon | seccion=SECCION PINTURA Y PREPARADA DE NOCHERO | precio_unitario_raw=160000.0 | total_raw=0.0
2630,33,169,0.1,LINEAL,,,,,,False,unidad_raw=ML | seccion=SECCION PINTURA Y PREPARADA DE NOCHERO | precio_unitario_raw=4500.0 | total_raw=450.0
2631,33,341,1.0,FORMULA,,,,,,False,unidad_raw=LITRO | seccion=SECCION PINTURA Y PREPARADA DE NOCHERO | precio_unitario_raw=20000.0 | total_raw=0.0
2632,33,203,1.5,VOLUMEN,,,,,,False,unidad_raw=PISTOLADA | seccion=SECCION PINTURA Y PREPARADA DE NOCHERO | precio_unitario_raw=23000.0 | total_raw=34500.0
2633,33,174,1.0,FORMULA,,,,,,False,seccion=SECCION PINTURA Y PREPARADA DE NOCHERO | total_raw=30695.0
2634,33,349,1.0,FORMULA,,,,,CAMA,False,seccion=SECCION PINTURA Y PREPARADA CAMA
2635,33,331,1.0,FIJO,,,,,,False,unidad_raw=CON EL 5% | seccion=SECCION PINTURA Y PREPARADA CAMA | precio_unitario_raw=84000.0 | total_raw=84000.0
2636,33,310,1.0,FIJO,,,,,,False,unidad_raw=CON EL 5% | seccion=SECCION PINTURA Y PREPARADA CAMA | precio_unitario_raw=73500.0 | total_raw=73500.0
2637,33,314,4.0,FORMULA,,,,,,False,seccion=SECCION PINTURA Y PREPARADA CAMA | precio_unitario_raw=2100.0 | total_raw=8400.0
2638,33,356,3.5,VOLUMEN,,,,,,False,unidad_raw=PISTOLADAS | seccion=SECCION PINTURA Y PREPARADA CAMA | precio_unitario_raw=18000.0 | total_raw=63000.0
2639,33,251,0.5,FORMULA,,,,,,False,unidad_raw=unidades | seccion=SECCION PINTURA Y PREPARADA CAMA | precio_unitario_raw=2000.0 | total_raw=1000.0
2640,33,285,1.0,FORMULA,,,,,,False,unidad_raw=galon | seccion=SECCION PINTURA Y PREPARADA CAMA | total_raw=0.0
2641,33,249,1.0,FIJO,,,,,,False,unidad_raw=unidad | seccion=SECCION PINTURA Y PREPARADA CAMA | precio_unitario_raw=2000.0 | total_raw=2000.0
2642,33,245,1.0,FIJO,,,,,,False,unidad_raw=unidad | seccion=SECCION PINTURA Y PREPARADA CAMA | precio_unitario_raw=2000.0 | total_raw=2000.0
2643,33,205,3.0,VOLUMEN,,,,,,False,unidad_raw=GALON | seccion=SECCION PINTURA Y PREPARADA CAMA | precio_unitario_raw=23000.0 | total_raw=69000.0
2644,33,199,1.0,FORMULA,,,,,,False,unidad_raw=litro | seccion=SECCION PINTURA Y PREPARADA CAMA | precio_unitario_raw=18000.0 | total_raw=0.0
2645,33,50,6.0,VOLUMEN,,,,,,False,unidad_raw=PISTOLADA | seccion=SECCION PINTURA Y PREPARADA CAMA | precio_unitario_raw=20000.0 | total_raw=120000.0
2646,33,402,1.0,FORMULA,,,,,,False,unidad_raw=galon | seccion=SECCION PINTURA Y PREPARADA CAMA | total_raw=0.0
2647,33,169,1.0,FORMULA,,,,,,False,unidad_raw=LITRO | seccion=SECCION PINTURA Y PREPARADA CAMA | precio_unitario_raw=4.5 | total_raw=0.0
2648,33,341,1.0,FORMULA,,,,,,False,unidad_raw=LITRO | seccion=SECCION PINTURA Y PREPARADA CAMA | precio_unitario_raw=23000.0 | total_raw=0.0
2649,33,201,1.0,FORMULA,,,,,,False,unidad_raw=PISTOLADA | seccion=SECCION PINTURA Y PREPARADA CAMA | precio_unitario_raw=23000.0 | total_raw=0.0
2650,33,174,1.0,FORMULA,,,,,,False,seccion=SECCION PINTURA Y PREPARADA CAMA | total_raw=32095.1
2651,33,78,2.0,FORMULA,,,,,,False,unidad_raw=PARES | seccion=SECCION TERMINACION | precio_unitario_raw=25000.0 | total_raw=50000.0
2652,33,297,24.0,FORMULA,,,,,,False,unidad_raw=UNIDAD | seccion=SECCION TERMINACION | precio_unitario_raw=8300.0 | total_raw=199200.0
2653,33,412,96.0,ESPACIADO,,,,,,False,unidad_raw=UNIDAD | seccion=SECCION TERMINACION | precio_unitario_raw=100.0 | total_raw=9600.0
2654,33,237,1.0,FORMULA,,,,,,False,unidad_raw=UNIDADES | seccion=SECCION TERMINACION | precio_unitario_raw=100000.0 | total_raw=0.0
2655,33,16,1.0,FORMULA,,,,,,False,unidad_raw=METROS | seccion=SECCION TERMINACION | precio_unitario_raw=3000.0 | total_raw=0.0
2656,33,6,1.0,FORMULA,,,,,,False,unidad_raw=PAR | seccion=SECCION TERMINACION | precio_unitario_raw=1500.0 | total_raw=0.0
2657,33,97,1.0,FORMULA,,,,,,False,unidad_raw=UNIDADES | seccion=SECCION TERMINACION | precio_unitario_raw=2000.0 | total_raw=0.0
2658,33,194,1.0,FIJO,,,,,,False,unidad_raw=PAR | seccion=SECCION TERMINACION | precio_unitario_raw=160000.0 | total_raw=160000.0
2659,33,198,2.0,FORMULA,,,,,,False,unidad_raw=UNIDAD | seccion=SECCION TERMINACION | precio_unitario_raw=8000.0 | total_raw=16000.0
2660,33,283,1.0,FORMULA,,,,,,False,unidad_raw=UNIDADES | seccion=SECCION TERMINACION | precio_unitario_raw=3000.0 | total_raw=0.0
2661,33,70,1.0,FIJO,,,,,,False,unidad_raw=unidades | seccion=SECCION TERMINACION | precio_unitario_raw=8000.0 | total_raw=0.0
2662,33,95,1.0,FORMULA,,,,,,False,unidad_raw=unidades | seccion=SECCION TERMINACION | precio_unitario_raw=150000.0 | total_raw=0.0
2663,33,352,1.0,FORMULA,,,,,,False,seccion=SECCION TERMINACION | total_raw=0.0
2664,33,257,0.0,FORMULA,,,,,,False,unidad_raw=APAMATE | seccion=SECCION TERMINACION | precio_unitario_raw=140000.0 | total_raw=0.0
2665,33,184,0.0,FORMULA,,,,,,False,unidad_raw=UNIDAD | seccion=FABRICACION TENDIDO | precio_unitario_raw=60000.0 | total_raw=0.0
2666,33,350,1.0,FORMULA,,,,,,False,unidad_raw=MANO DE OBRA= | seccion=FABRICACION TENDIDO | precio_unitario_raw=840000.0 | total_raw=84000.0
2667,33,371,5.5,AREA,,,,,,False,unidad_raw=METROS | seccion=FABRICACION TENDIDO | precio_unitario_raw=17550.0 | total_raw=96525.0
2668,33,113,0.0,AREA,,,,,,False,unidad_raw=LAMINA | seccion=FABRICACION TENDIDO | precio_unitario_raw=6630.0 | total_raw=0.0
2669,33,180,0.3,ESPACIADO,,,,,,False,unidad_raw=CAJA DE GRAPAS | seccion=FABRICACION TENDIDO | precio_unitario_raw=12000.0 | total_raw=3600.0
2670,33,298,0.0,FORMULA,,,,,,False,unidad_raw=UNIDADES | seccion=FABRICACION TENDIDO | precio_unitario_raw=8000.0 | total_raw=0.0
2671,33,411,0.0,ESPACIADO,,,,,,False,unidad_raw=UNIDADES | seccion=FABRICACION TENDIDO | precio_unitario_raw=100.0 | total_raw=0.0
2672,33,141,1.0,AREA,,,,,,False,unidad_raw=UNIDADES | seccion=FABRICACION TENDIDO | precio_unitario_raw=41340.0 | total_raw=41340.0
2673,33,108,0.5,AREA,,,,,,False,unidad_raw=LAMINA | seccion=FABRICACION TENDIDO | precio_unitario_raw=9804.0 | total_raw=4902.0
2674,33,107,0.0,AREA,,,,,,False,unidad_raw=MTS | seccion=FABRICACION TENDIDO | precio_unitario_raw=1000.0 | total_raw=0.0
2675,33,87,2.0,AREA,,,,,,False,unidad_raw=METROS | seccion=FABRICACION TENDIDO | precio_unitario_raw=2240.0 | total_raw=4480.0
2676,33,195,0.5,FORMULA,,,,,,False,unidad_raw=UNIDAD | seccion=FABRICACION TENDIDO | precio_unitario_raw=25000.0 | total_raw=12500.0
2677,33,301,0.0,VOLUMEN,,,,,,False,unidad_raw=PISTOLADA | seccion=FABRICACION TENDIDO | precio_unitario_raw=43000.0 | total_raw=0.0
2678,33,359,0.1,VOLUMEN,,,,,,False,unidad_raw=LITRO | seccion=FABRICACION TENDIDO | precio_unitario_raw=19000.0 | total_raw=1900.0
2679,33,26,0.0,FORMULA,,,,,,False,unidad_raw=UNIDADES | seccion=FABRICACION TENDIDO | precio_unitario_raw=5000.0 | total_raw=0.0
2680,33,184,0.0,FORMULA,,,,,,False,seccion=FABRICACION TENDIDO | precio_unitario_raw=0.0 | total_raw=0.0
2681,33,239,0.0,LINEAL,,,,,,False,unidad_raw=METROS | seccion=FABRICACION TENDIDO | precio_unitario_raw=2650.0 | total_raw=0.0
2682,34,255,1271.0,FORMULA,,,,,,False,unidad_raw=APAMATE | seccion=EBANISTA WILMER MANO DE OBRA= | precio_unitario_raw=140.0 | total_raw=177940.0
2683,34,271,1.0,AREA,,,,,,False,unidad_raw=LAMINA | seccion=EBANISTA WILMER MANO DE OBRA= | precio_unitario_raw=65000.0 | total_raw=65000.0
2684,34,232,1.0,AREA,,,,,,False,unidad_raw=LAMINA | seccion=EBANISTA WILMER MANO DE OBRA= | precio_unitario_raw=140000.0 | total_raw=140000.0
2685,34,229,1.0,FORMULA,,,,,,False,unidad_raw=LAMINA | seccion=EBANISTA WILMER MANO DE OBRA= | precio_unitario_raw=130000.0 | total_raw=0.0
2686,34,49,0.875,VOLUMEN,,,,,,False,unidad_raw=LITRO | seccion=EBANISTA WILMER MANO DE OBRA= | precio_unitario_raw=14000.0 | total_raw=12250.0
2687,34,180,0.12,ESPACIADO,,,,,,False,unidad_raw=CAJA | seccion=EBANISTA WILMER MANO DE OBRA= | precio_unitario_raw=12000.0 | total_raw=1440.0
2688,34,166,1.0,FIJO,,,,,,False,unidad_raw=PAR | seccion=EBANISTA WILMER MANO DE OBRA= | precio_unitario_raw=20000.0 | total_raw=20000.0
2689,34,155,7.0,FORMULA,,,,,,False,unidad_raw=TIRAS | seccion=EBANISTA WILMER MANO DE OBRA= | precio_unitario_raw=1000.0 | total_raw=7000.0
2690,34,423,100.0,ESPACIADO,,,,,,False,unidad_raw=Unidad | seccion=EBANISTA WILMER MANO DE OBRA= | precio_unitario_raw=100.0 | total_raw=10000.0
2691,34,92,1.0,FORMULA,,,,,,False,seccion=EBANISTA WILMER MANO DE OBRA= | total_raw=315000.0
2692,34,171,1.0,FORMULA,,,,,,False,seccion=EBANISTA WILMER MANO DE OBRA= | total_raw=106666.0
2693,34,72,2.0,FORMULA,,,,,,False,unidad_raw=PAR | seccion=EBANISTA WILMER MANO DE OBRA= | precio_unitario_raw=11000.0 | total_raw=22000.0
2694,34,269,1.0,FORMULA,,,,,,False,unidad_raw=1 PEDAZO DE 1.00X46=46 | seccion=EBANISTA WILMER MANO DE OBRA= | precio_unitario_raw=65000.0 | total_raw=0.0
2695,34,214,1.0,FORMULA,,,,,,False,unidad_raw=1 PEDASO DE 1.50X40=60 | seccion=EBANISTA WILMER MANO DE OBRA= | precio_unitario_raw=130000.0 | total_raw=0.0
2696,34,217,1.0,FORMULA,,,,,,False,"unidad_raw=1 PEDASO DE 1,50X40=60 | seccion=EBANISTA WILMER MANO DE OBRA= | precio_unitario_raw=140.0 | total_raw=21875.0"
2697,34,49,1.0,FORMULA,,,,,,False,unidad_raw=litros | seccion=EBANISTA WILMER MANO DE OBRA= | precio_unitario_raw=14000.0 | total_raw=0.0
2698,34,180,1.0,FIJO,,,,,,False,unidad_raw=Unidad | seccion=EBANISTA WILMER MANO DE OBRA= | precio_unitario_raw=600.0 | total_raw=0.0
2699,34,42,1.0,FIJO,,,,,,False,unidad_raw=TIRA | seccion=EBANISTA WILMER MANO DE OBRA= | precio_unitario_raw=1000.0 | total_raw=0.0
2700,34,184,1.0,FIJO,,,,,,False,unidad_raw=PAR | seccion=EBANISTA WILMER MANO DE OBRA= | precio_unitario_raw=157500.0 | total_raw=0.0
2701,34,423,1.0,FIJO,,,,,,False,unidad_raw=Unidad | seccion=EBANISTA WILMER MANO DE OBRA= | precio_unitario_raw=100.0 | total_raw=0.0
2702,34,172,1.0,FORMULA,,,,,,False,seccion=EBANISTA WILMER MANO DE OBRA= | total_raw=26294.75
2703,34,349,1.0,FORMULA,,,,,DE NOCHERO,False,seccion=SECCION PINTURA Y PREPARADA DE NOCHERO
2704,34,331,2.0,FORMULA,,,,,,False,unidad_raw=CON EL 5% | seccion=SECCION PINTURA Y PREPARADA DE NOCHERO | precio_unitario_raw=36750.0 | total_raw=73500.0
2705,34,310,2.0,FORMULA,,,,,,False,unidad_raw=CON EL 5% | seccion=SECCION PINTURA Y PREPARADA DE NOCHERO | precio_unitario_raw=36750.0 | total_raw=73500.0
2706,34,356,2.0,VOLUMEN,,,,,,False,unidad_raw=PISTOLADAS | seccion=SECCION PINTURA Y PREPARADA DE NOCHERO | precio_unitario_raw=18000.0 | total_raw=36000.0
2707,34,251,1.5,FORMULA,,,,,,False,unidad_raw=unidades | seccion=SECCION PINTURA Y PREPARADA DE NOCHERO | precio_unitario_raw=2000.0 | total_raw=3000.0
2708,34,285,1.0,FORMULA,,,,,,False,unidad_raw=galon | seccion=SECCION PINTURA Y PREPARADA DE NOCHERO | precio_unitario_raw=70000.0 | total_raw=0.0
2709,34,432,1.0,FORMULA,,,,,,False,unidad_raw=unidad | seccion=SECCION PINTURA Y PREPARADA DE NOCHERO | precio_unitario_raw=45000.0 | total_raw=0.0
2710,34,368,1.0,FORMULA,,,,,,False,unidad_raw=unidad | seccion=SECCION PINTURA Y PREPARADA DE NOCHERO | precio_unitario_raw=2500.0 | total_raw=0.0
2711,34,401,1.0,FORMULA,,,,,,False,unidad_raw=GALON | seccion=SECCION PINTURA Y PREPARADA DE NOCHERO | precio_unitario_raw=34000.0 | total_raw=0.0
2712,34,408,1.0,FORMULA,,,,,,False,unidad_raw=JALADORES | seccion=SECCION PINTURA Y PREPARADA DE NOCHERO | precio_unitario_raw=3000.0 | total_raw=0.0
2713,34,50,2.0,VOLUMEN,,,,,,False,unidad_raw=PISTOLADA | seccion=SECCION PINTURA Y PREPARADA DE NOCHERO | precio_unitario_raw=22000.0 | total_raw=44000.0
2714,34,50,0.0,VOLUMEN,,,,,,False,unidad_raw=PISTOLADA | seccion=SECCION PINTURA Y PREPARADA DE NOCHERO | precio_unitario_raw=22000.0 | total_raw=0.0
2715,34,98,1.0,FORMULA,,,,,,False,unidad_raw=galon | seccion=SECCION PINTURA Y PREPARADA DE NOCHERO | precio_unitario_raw=160000.0 | total_raw=0.0
2716,34,169,0.1,LINEAL,,,,,,False,unidad_raw=ML | seccion=SECCION PINTURA Y PREPARADA DE NOCHERO | precio_unitario_raw=4500.0 | total_raw=450.0
2717,34,341,1.0,FORMULA,,,,,,False,unidad_raw=LITRO | seccion=SECCION PINTURA Y PREPARADA DE NOCHERO | precio_unitario_raw=20000.0 | total_raw=0.0
2718,34,203,1.5,VOLUMEN,,,,,,False,unidad_raw=PISTOLADA | seccion=SECCION PINTURA Y PREPARADA DE NOCHERO | precio_unitario_raw=23000.0 | total_raw=34500.0
2719,34,174,1.0,FORMULA,,,,,,False,seccion=SECCION PINTURA Y PREPARADA DE NOCHERO | total_raw=26495.0
2720,34,349,1.0,FORMULA,,,,,PATAS,False,seccion=SECCION PINTURA Y PREPARADA PATAS
2721,34,331,1.0,FORMULA,,,,,,False,unidad_raw=CON EL 5% | seccion=SECCION PINTURA Y PREPARADA PATAS | precio_unitario_raw=63000.0 | total_raw=0.0
2722,34,310,1.0,FORMULA,,,,,,False,unidad_raw=CON EL 5% | seccion=SECCION PINTURA Y PREPARADA PATAS | precio_unitario_raw=26250.0 | total_raw=0.0
2723,34,314,1.0,FIJO,,,,,,False,seccion=SECCION PINTURA Y PREPARADA PATAS | precio_unitario_raw=2100.0 | total_raw=0.0
2724,34,356,1.0,FORMULA,,,,,,False,unidad_raw=PISTOLADAS | seccion=SECCION PINTURA Y PREPARADA PATAS | precio_unitario_raw=18000.0 | total_raw=0.0
2725,34,251,1.0,FORMULA,,,,,,False,unidad_raw=unidades | seccion=SECCION PINTURA Y PREPARADA PATAS | precio_unitario_raw=2000.0 | total_raw=0.0
2726,34,285,1.0,FORMULA,,,,,,False,unidad_raw=galon | seccion=SECCION PINTURA Y PREPARADA PATAS | total_raw=0.0
2727,34,249,1.0,FORMULA,,,,,,False,unidad_raw=unidad | seccion=SECCION PINTURA Y PREPARADA PATAS | precio_unitario_raw=2000.0 | total_raw=0.0
2728,34,245,1.0,FORMULA,,,,,,False,unidad_raw=unidad | seccion=SECCION PINTURA Y PREPARADA PATAS | precio_unitario_raw=2000.0 | total_raw=0.0
2729,34,205,1.0,FORMULA,,,,,,False,unidad_raw=GALON | seccion=SECCION PINTURA Y PREPARADA PATAS | precio_unitario_raw=23000.0 | total_raw=0.0
2730,34,199,1.0,FORMULA,,,,,,False,unidad_raw=litro | seccion=SECCION PINTURA Y PREPARADA PATAS | precio_unitario_raw=18000.0 | total_raw=0.0
2731,34,50,1.0,FORMULA,,,,,,False,unidad_raw=PISTOLADA | seccion=SECCION PINTURA Y PREPARADA PATAS | precio_unitario_raw=20000.0 | total_raw=0.0
2732,34,402,1.0,FORMULA,,,,,,False,unidad_raw=galon | seccion=SECCION PINTURA Y PREPARADA PATAS | total_raw=0.0
2733,34,169,1.0,FORMULA,,,,,,False,unidad_raw=LITRO | seccion=SECCION PINTURA Y PREPARADA PATAS | precio_unitario_raw=4.5 | total_raw=0.0
2734,34,341,1.0,FORMULA,,,,,,False,unidad_raw=LITRO | seccion=SECCION PINTURA Y PREPARADA PATAS | precio_unitario_raw=23000.0 | total_raw=0.0
2735,34,201,1.0,FORMULA,,,,,,False,unidad_raw=PISTOLADA | seccion=SECCION PINTURA Y PREPARADA PATAS | precio_unitario_raw=23000.0 | total_raw=0.0
2736,34,174,1.0,FORMULA,,,,,,False,seccion=SECCION PINTURA Y PREPARADA PATAS | total_raw=32095.1
2737,34,406,1.0,FORMULA,,,,,,False,unidad_raw=UNIDAD | seccion=SECCION TERMINACION | precio_unitario_raw=10500.0 | total_raw=0.0
2738,34,338,1.0,FORMULA,,,,,,False,unidad_raw=UNIDAD | seccion=SECCION TERMINACION | precio_unitario_raw=20000.0 | total_raw=0.0
2739,34,339,1.0,FORMULA,,,,,,False,unidad_raw=UNIDAD | seccion=SECCION TERMINACION | precio_unitario_raw=20000.0 | total_raw=0.0
2740,34,237,1.0,FORMULA,,,,,,False,unidad_raw=UNIDADES | seccion=SECCION TERMINACION | precio_unitario_raw=100000.0 | total_raw=0.0
2741,34,16,1.0,FORMULA,,,,,,False,unidad_raw=METROS | seccion=SECCION TERMINACION | precio_unitario_raw=3000.0 | total_raw=0.0
2742,34,6,1.0,FORMULA,,,,,,False,unidad_raw=PAR | seccion=SECCION TERMINACION | precio_unitario_raw=1500.0 | total_raw=0.0
2743,34,97,1.0,FORMULA,,,,,,False,unidad_raw=UNIDADES | seccion=SECCION TERMINACION | precio_unitario_raw=2000.0 | total_raw=0.0
2744,34,194,1.0,FORMULA,,,,,,False,unidad_raw=PAR | seccion=SECCION TERMINACION | precio_unitario_raw=160000.0 | total_raw=0.0
2745,34,198,1.0,FIJO,,,,,,False,unidad_raw=UNIDAD | seccion=SECCION TERMINACION | precio_unitario_raw=26800.0 | total_raw=0.0
2746,34,283,1.0,FORMULA,,,,,,False,unidad_raw=UNIDADES | seccion=SECCION TERMINACION | precio_unitario_raw=3000.0 | total_raw=0.0
2747,34,70,1.0,FIJO,,,,,,False,unidad_raw=unidades | seccion=SECCION TERMINACION | precio_unitario_raw=8000.0 | total_raw=0.0
2748,34,95,1.0,FORMULA,,,,,,False,unidad_raw=unidades | seccion=SECCION TERMINACION | precio_unitario_raw=150000.0 | total_raw=0.0
2749,34,352,1.0,FORMULA,,,,,,False,seccion=SECCION TERMINACION | total_raw=0.0
2750,34,257,565.0,FORMULA,,,,,,False,unidad_raw=APAMATE | seccion=SECCION TERMINACION | precio_unitario_raw=140.0 | total_raw=79100.0
2751,34,241,2.2,LINEAL,,,,,,False,unidad_raw=METROS | seccion=SECCION TERMINACION | precio_unitario_raw=4000.0 | total_raw=8800.0
2752,34,180,0.6,ESPACIADO,,,,,,False,unidad_raw=CAJA | seccion=SECCION TERMINACION | precio_unitario_raw=12000.0 | total_raw=7200.0
2753,34,274,1.0,AREA,,,,,,False,unidad_raw=LAMINA | seccion=SECCION TERMINACION | precio_unitario_raw=140000.0 | total_raw=140000.0
2754,34,49,0.3,VOLUMEN,,,,,,False,unidad_raw=LITRO | seccion=SECCION TERMINACION | precio_unitario_raw=14000.0 | total_raw=4200.0
2755,34,423,30.0,ESPACIADO,,,,,,False,unidad_raw=UNIDAD | seccion=SECCION TERMINACION | precio_unitario_raw=100.0 | total_raw=3000.0
2756,34,33,0.2,ESPACIADO,,,,,,False,unidad_raw=TIRA | seccion=SECCION TERMINACION | precio_unitario_raw=1000.0 | total_raw=200.0
2757,34,184,1.0,FIJO,,,,,,False,unidad_raw=UNIDAD | seccion=SECCION TERMINACION | precio_unitario_raw=60000.0 | total_raw=60000.0
2758,34,350,1.0,FORMULA,,,,,,False,unidad_raw=MANO DE OBRA= | seccion=SECCION TAPICERIA MANO DE OBRA=
2759,34,387,1.0,FORMULA,,,,,,False,unidad_raw=METROS | seccion=SECCION TAPICERIA MANO DE OBRA= | precio_unitario_raw=25000.0 | total_raw=0.0
2760,34,386,1.0,FORMULA,,,,,,False,unidad_raw=METROS | seccion=SECCION TAPICERIA MANO DE OBRA= | precio_unitario_raw=25000.0 | total_raw=7222.0
2761,34,113,1.0,FORMULA,,,,,,False,unidad_raw=LAMINA | seccion=SECCION TAPICERIA MANO DE OBRA= | precio_unitario_raw=6630.0 | total_raw=0.0
2762,34,180,1.0,FIJO,,,,,,False,unidad_raw=CAJA DE GRAPAS | seccion=SECCION TAPICERIA MANO DE OBRA= | precio_unitario_raw=12000.0 | total_raw=0.0
2763,34,298,1.0,FIJO,,,,,,False,unidad_raw=UNIDADES | seccion=SECCION TAPICERIA MANO DE OBRA= | precio_unitario_raw=8000.0 | total_raw=0.0
2764,34,411,1.0,FIJO,,,,,,False,unidad_raw=UNIDADES | seccion=SECCION TAPICERIA MANO DE OBRA= | precio_unitario_raw=100.0 | total_raw=0.0
2765,34,129,1.0,FORMULA,,,,,,False,unidad_raw=UNIDADES | seccion=SECCION TAPICERIA MANO DE OBRA= | precio_unitario_raw=26000.0 | total_raw=0.0
2766,34,108,1.0,FORMULA,,,,,,False,unidad_raw=LAMINA | seccion=SECCION TAPICERIA MANO DE OBRA= | precio_unitario_raw=9804.0 | total_raw=0.0
2767,34,107,1.0,FORMULA,,,,,,False,unidad_raw=MTS | seccion=SECCION TAPICERIA MANO DE OBRA= | precio_unitario_raw=1000.0 | total_raw=0.0
2768,34,87,1.0,FORMULA,,,,,,False,unidad_raw=METROS | seccion=SECCION TAPICERIA MANO DE OBRA= | precio_unitario_raw=2240.0 | total_raw=0.0
2769,34,195,1.0,FORMULA,,,,,,False,unidad_raw=UNIDAD | seccion=SECCION TAPICERIA MANO DE OBRA= | precio_unitario_raw=25000.0 | total_raw=0.0
2770,34,301,1.0,FORMULA,,,,,,False,unidad_raw=PISTOLADA | seccion=SECCION TAPICERIA MANO DE OBRA= | precio_unitario_raw=43000.0 | total_raw=0.0
2771,34,359,1.0,FORMULA,,,,,,False,unidad_raw=LITRO | seccion=SECCION TAPICERIA MANO DE OBRA= | precio_unitario_raw=19000.0 | total_raw=0.0
2772,34,26,1.0,FORMULA,,,,,,False,unidad_raw=UNIDADES | seccion=SECCION TAPICERIA MANO DE OBRA= | precio_unitario_raw=5000.0 | total_raw=0.0
2773,34,184,1.0,FIJO,,,,,,False,seccion=SECCION TAPICERIA MANO DE OBRA= | precio_unitario_raw=0.0 | total_raw=0.0
2774,34,239,1.0,FORMULA,,,,,,False,unidad_raw=METROS | seccion=SECCION TAPICERIA MANO DE OBRA= | precio_unitario_raw=2650.0 | total_raw=0.0
2775,35,255,1275.0,FORMULA,,,,,,False,unidad_raw=APAMATE | seccion=EBANISTA WILMER MANO DE OBRA= | precio_unitario_raw=140.0 | total_raw=178500.0
2776,35,271,1.84,AREA,,,,,,False,unidad_raw=LAMINA | seccion=EBANISTA WILMER MANO DE OBRA= | precio_unitario_raw=65000.0 | total_raw=119600.0
2777,35,232,1.33,AREA,,,,,,False,unidad_raw=LAMINA | seccion=EBANISTA WILMER MANO DE OBRA= | precio_unitario_raw=140000.0 | total_raw=186200.0
2778,35,229,1.0,FORMULA,,,,,,False,unidad_raw=LAMINA | seccion=EBANISTA WILMER MANO DE OBRA= | precio_unitario_raw=130000.0 | total_raw=0.0
2779,35,49,0.933,VOLUMEN,,,,,,False,unidad_raw=LITRO | seccion=EBANISTA WILMER MANO DE OBRA= | precio_unitario_raw=14000.0 | total_raw=13062.0
2780,35,180,3.0,ESPACIADO,,,,,,False,unidad_raw=CAJA | seccion=EBANISTA WILMER MANO DE OBRA= | precio_unitario_raw=5000.0 | total_raw=15000.0
2781,35,166,1.0,FIJO,,,,,,False,unidad_raw=PAR | seccion=EBANISTA WILMER MANO DE OBRA= | precio_unitario_raw=20000.0 | total_raw=20000.0
2782,35,155,17.0,FORMULA,,,,,,False,unidad_raw=TIRAS | seccion=EBANISTA WILMER MANO DE OBRA= | precio_unitario_raw=1000.0 | total_raw=17000.0
2783,35,423,100.0,ESPACIADO,,,,,,False,unidad_raw=Unidad | seccion=EBANISTA WILMER MANO DE OBRA= | precio_unitario_raw=100.0 | total_raw=10000.0
2784,35,92,1.0,FORMULA,,,,,,False,seccion=EBANISTA WILMER MANO DE OBRA= | total_raw=315000.0
2785,35,171,1.0,FORMULA,,,,,,False,seccion=EBANISTA WILMER MANO DE OBRA= | total_raw=43718.1
2786,35,72,4.0,FORMULA,,,,,,False,unidad_raw=PAR | seccion=EBANISTA WILMER MANO DE OBRA= | precio_unitario_raw=19000.0 | total_raw=76000.0
2787,35,73,1.0,FIJO,,,,,,False,unidad_raw=PAR | seccion=EBANISTA WILMER MANO DE OBRA= | precio_unitario_raw=38999.0 | total_raw=0.0
2788,35,258,4.0,FORMULA,,,,,,False,unidad_raw=UNIDAD | seccion=EBANISTA WILMER MANO DE OBRA= | precio_unitario_raw=8000.0 | total_raw=32000.0
2789,35,269,1.0,FORMULA,,,,,,False,unidad_raw=1 PEDAZO DE 1.00X46=46 | seccion=EBANISTA WILMER MANO DE OBRA= | precio_unitario_raw=65000.0 | total_raw=0.0
2790,35,214,1.0,FORMULA,,,,,,False,unidad_raw=1 PEDASO DE 1.50X40=60 | seccion=EBANISTA WILMER MANO DE OBRA= | precio_unitario_raw=130000.0 | total_raw=0.0
2791,35,217,1.0,FORMULA,,,,,,False,"unidad_raw=1 PEDASO DE 1,50X40=60 | seccion=EBANISTA WILMER MANO DE OBRA= | precio_unitario_raw=140.0 | total_raw=0.0"
2792,35,49,1.0,FORMULA,,,,,,False,unidad_raw=litros | seccion=EBANISTA WILMER MANO DE OBRA= | precio_unitario_raw=14000.0 | total_raw=0.0
2793,35,180,1.0,FIJO,,,,,,False,unidad_raw=Unidad | seccion=EBANISTA WILMER MANO DE OBRA= | precio_unitario_raw=600.0 | total_raw=0.0
2794,35,42,1.0,FIJO,,,,,,False,unidad_raw=TIRA | seccion=EBANISTA WILMER MANO DE OBRA= | precio_unitario_raw=1000.0 | total_raw=0.0
2795,35,184,2.0,FORMULA,,,,,,False,unidad_raw=PAR | seccion=EBANISTA WILMER MANO DE OBRA= | precio_unitario_raw=250000.0 | total_raw=500000.0
2796,35,423,8.0,ESPACIADO,,,,,,False,unidad_raw=Unidad | seccion=EBANISTA WILMER MANO DE OBRA= | precio_unitario_raw=100.0 | total_raw=800.0
2797,35,172,1.0,FORMULA,,,,,,False,seccion=EBANISTA WILMER MANO DE OBRA= | total_raw=28820.0
2798,35,349,1.0,FORMULA,,,,,DE NOCHERO,False,seccion=SECCION PINTURA Y PREPARADA DE NOCHERO
2799,35,331,2.0,FORMULA,,,,,,False,unidad_raw=CON EL 5% | seccion=SECCION PINTURA Y PREPARADA DE NOCHERO | precio_unitario_raw=36750.0 | total_raw=73500.0
2800,35,310,2.0,FORMULA,,,,,,False,unidad_raw=CON EL 5% | seccion=SECCION PINTURA Y PREPARADA DE NOCHERO | precio_unitario_raw=36750.0 | total_raw=73500.0
2801,35,356,2.0,VOLUMEN,,,,,,False,unidad_raw=PISTOLADAS | seccion=SECCION PINTURA Y PREPARADA DE NOCHERO | precio_unitario_raw=18000.0 | total_raw=36000.0
2802,35,251,1.5,FORMULA,,,,,,False,unidad_raw=unidades | seccion=SECCION PINTURA Y PREPARADA DE NOCHERO | precio_unitario_raw=2000.0 | total_raw=3000.0
2803,35,285,1.0,FORMULA,,,,,,False,unidad_raw=galon | seccion=SECCION PINTURA Y PREPARADA DE NOCHERO | precio_unitario_raw=70000.0 | total_raw=0.0
2804,35,432,1.0,FORMULA,,,,,,False,unidad_raw=unidad | seccion=SECCION PINTURA Y PREPARADA DE NOCHERO | precio_unitario_raw=45000.0 | total_raw=0.0
2805,35,368,1.0,FIJO,,,,,,False,unidad_raw=unidad | seccion=SECCION PINTURA Y PREPARADA DE NOCHERO | precio_unitario_raw=3000.0 | total_raw=3000.0
2806,35,401,1.0,FORMULA,,,,,,False,unidad_raw=GALON | seccion=SECCION PINTURA Y PREPARADA DE NOCHERO | precio_unitario_raw=34000.0 | total_raw=0.0
2807,35,408,1.0,FORMULA,,,,,,False,unidad_raw=JALADORES | seccion=SECCION PINTURA Y PREPARADA DE NOCHERO | precio_unitario_raw=3000.0 | total_raw=0.0
2808,35,50,2.0,VOLUMEN,,,,,,False,unidad_raw=PISTOLADA | seccion=SECCION PINTURA Y PREPARADA DE NOCHERO | precio_unitario_raw=22000.0 | total_raw=44000.0
2809,35,50,0.0,VOLUMEN,,,,,,False,unidad_raw=PISTOLADA | seccion=SECCION PINTURA Y PREPARADA DE NOCHERO | precio_unitario_raw=22000.0 | total_raw=0.0
2810,35,98,1.0,FORMULA,,,,,,False,unidad_raw=galon | seccion=SECCION PINTURA Y PREPARADA DE NOCHERO | precio_unitario_raw=160000.0 | total_raw=0.0
2811,35,169,0.1,LINEAL,,,,,,False,unidad_raw=ML | seccion=SECCION PINTURA Y PREPARADA DE NOCHERO | precio_unitario_raw=4500.0 | total_raw=450.0
2812,35,341,1.0,FORMULA,,,,,,False,unidad_raw=LITRO | seccion=SECCION PINTURA Y PREPARADA DE NOCHERO | precio_unitario_raw=20000.0 | total_raw=0.0
2813,35,203,1.5,VOLUMEN,,,,,,False,unidad_raw=PISTOLADA | seccion=SECCION PINTURA Y PREPARADA DE NOCHERO | precio_unitario_raw=23000.0 | total_raw=34500.0
2814,35,174,1.0,FORMULA,,,,,,False,seccion=SECCION PINTURA Y PREPARADA DE NOCHERO | total_raw=26795.0
2815,35,349,1.0,FORMULA,,,,,PATAS,False,seccion=SECCION PINTURA Y PREPARADA PATAS
2816,35,331,1.0,FIJO,,,,,,False,unidad_raw=CON EL 5% | seccion=SECCION PINTURA Y PREPARADA PATAS | precio_unitario_raw=73500.0 | total_raw=73500.0
2817,35,310,1.0,FIJO,,,,,,False,unidad_raw=CON EL 5% | seccion=SECCION PINTURA Y PREPARADA PATAS | precio_unitario_raw=63000.0 | total_raw=63000.0
2818,35,314,1.0,FIJO,,,,,,False,seccion=SECCION PINTURA Y PREPARADA PATAS | precio_unitario_raw=2100.0 | total_raw=0.0
2819,35,356,1.5,VOLUMEN,,,,,,False,unidad_raw=PISTOLADAS | seccion=SECCION PINTURA Y PREPARADA PATAS | precio_unitario_raw=18000.0 | total_raw=27000.0
2820,35,251,1.0,FORMULA,,,,,,False,unidad_raw=unidades | seccion=SECCION PINTURA Y PREPARADA PATAS | precio_unitario_raw=2000.0 | total_raw=0.0
2821,35,285,1.0,FORMULA,,,,,,False,unidad_raw=galon | seccion=SECCION PINTURA Y PREPARADA PATAS | total_raw=0.0
2822,35,249,2.0,FORMULA,,,,,,False,unidad_raw=unidad | seccion=SECCION PINTURA Y PREPARADA PATAS | precio_unitario_raw=2000.0 | total_raw=4000.0
2823,35,245,1.0,FORMULA,,,,,,False,unidad_raw=unidad | seccion=SECCION PINTURA Y PREPARADA PATAS | precio_unitario_raw=2000.0 | total_raw=0.0
2824,35,205,1.5,VOLUMEN,,,,,,False,unidad_raw=GALON | seccion=SECCION PINTURA Y PREPARADA PATAS | precio_unitario_raw=23000.0 | total_raw=34500.0
2825,35,199,1.0,FORMULA,,,,,,False,unidad_raw=litro | seccion=SECCION PINTURA Y PREPARADA PATAS | precio_unitario_raw=18000.0 | total_raw=0.0
2826,35,50,2.0,VOLUMEN,,,,,,False,unidad_raw=PISTOLADA | seccion=SECCION PINTURA Y PREPARADA PATAS | precio_unitario_raw=21000.0 | total_raw=42000.0
2827,35,402,1.0,FORMULA,,,,,,False,unidad_raw=galon | seccion=SECCION PINTURA Y PREPARADA PATAS | total_raw=0.0
2828,35,169,1.0,FORMULA,,,,,,False,unidad_raw=LITRO | seccion=SECCION PINTURA Y PREPARADA PATAS | precio_unitario_raw=4.5 | total_raw=0.0
2829,35,341,1.0,FORMULA,,,,,,False,unidad_raw=LITRO | seccion=SECCION PINTURA Y PREPARADA PATAS | precio_unitario_raw=23000.0 | total_raw=0.0
2830,35,409,16.0,FORMULA,,,,,,False,unidad_raw=UNIDAD | seccion=SECCION PINTURA Y PREPARADA PATAS | precio_unitario_raw=100.0 | total_raw=1600.0
2831,35,174,1.0,FORMULA,,,,,,False,seccion=SECCION PINTURA Y PREPARADA PATAS | total_raw=2400.0
2832,35,406,1.0,FORMULA,,,,,,False,unidad_raw=UNIDAD | seccion=SECCION TERMINACION | precio_unitario_raw=10500.0 | total_raw=0.0
2833,35,338,1.0,FORMULA,,,,,,False,unidad_raw=UNIDAD | seccion=SECCION TERMINACION | precio_unitario_raw=20000.0 | total_raw=0.0
2834,35,339,1.0,FORMULA,,,,,,False,unidad_raw=UNIDAD | seccion=SECCION TERMINACION | precio_unitario_raw=20000.0 | total_raw=0.0
2835,35,237,1.0,FORMULA,,,,,,False,unidad_raw=UNIDADES | seccion=SECCION TERMINACION | precio_unitario_raw=100000.0 | total_raw=0.0
2836,35,16,1.0,FORMULA,,,,,,False,unidad_raw=METROS | seccion=SECCION TERMINACION | precio_unitario_raw=3000.0 | total_raw=0.0
2837,35,6,1.0,FORMULA,,,,,,False,unidad_raw=PAR | seccion=SECCION TERMINACION | precio_unitario_raw=1500.0 | total_raw=0.0
2838,35,97,1.0,FORMULA,,,,,,False,unidad_raw=UNIDADES | seccion=SECCION TERMINACION | precio_unitario_raw=2000.0 | total_raw=0.0
2839,35,194,1.0,FORMULA,,,,,,False,unidad_raw=PAR | seccion=SECCION TERMINACION | precio_unitario_raw=160000.0 | total_raw=0.0
2840,35,198,1.0,FIJO,,,,,,False,unidad_raw=UNIDAD | seccion=SECCION TERMINACION | precio_unitario_raw=26800.0 | total_raw=0.0
2841,35,283,1.0,FORMULA,,,,,,False,unidad_raw=UNIDADES | seccion=SECCION TERMINACION | precio_unitario_raw=3000.0 | total_raw=0.0
2842,35,70,1.0,FIJO,,,,,,False,unidad_raw=unidades | seccion=SECCION TERMINACION | precio_unitario_raw=8000.0 | total_raw=0.0
2843,35,95,1.0,FIJO,,,,,,False,unidad_raw=unidades | seccion=SECCION TERMINACION | precio_unitario_raw=150000.0 | total_raw=150000.0
2844,35,352,1.0,FORMULA,,,,,,False,seccion=SECCION TERMINACION | total_raw=0.0
2845,35,257,600.0,FORMULA,,,,,,False,unidad_raw=APAMATE | seccion=SECCION TERMINACION | precio_unitario_raw=140.0 | total_raw=84000.0
2846,35,241,4.0,LINEAL,,,,,,False,unidad_raw=METROS | seccion=SECCION TERMINACION | precio_unitario_raw=4000.0 | total_raw=16000.0
2847,35,180,6.0,ESPACIADO,,,,,,False,unidad_raw=CAJA | seccion=SECCION TERMINACION | precio_unitario_raw=1000.0 | total_raw=6000.0
2848,35,274,1.0,AREA,,,,,,False,unidad_raw=LAMINA | seccion=SECCION TERMINACION | precio_unitario_raw=140000.0 | total_raw=140000.0
2849,35,49,0.4,VOLUMEN,,,,,,False,unidad_raw=LITRO | seccion=SECCION TERMINACION | precio_unitario_raw=14000.0 | total_raw=5600.0
2850,35,423,40.0,ESPACIADO,,,,,,False,unidad_raw=UNIDAD | seccion=SECCION TERMINACION | precio_unitario_raw=100.0 | total_raw=4000.0
2851,35,296,6.0,FORMULA,,,,,,False,unidad_raw=TIRA | seccion=SECCION TERMINACION | precio_unitario_raw=2100.0 | total_raw=12600.0
2852,35,184,1.0,FIJO,,,,,,False,unidad_raw=UNIDAD | seccion=SECCION TERMINACION | precio_unitario_raw=63000.0 | total_raw=63000.0
2853,35,350,1.0,FORMULA,,,,,,False,unidad_raw=MANO DE OBRA= | seccion=SECCION TAPICERIA MANO DE OBRA=
2854,35,393,8.0,AREA,,,,,,False,unidad_raw=METROS | seccion=SECCION TAPICERIA MANO DE OBRA= | precio_unitario_raw=34000.0 | total_raw=272000.0
2855,35,115,1.0,FORMULA,,,,,,False,unidad_raw=LAMINA | seccion=SECCION TAPICERIA MANO DE OBRA= | precio_unitario_raw=41340.0 | total_raw=0.0
2856,35,180,0.5,ESPACIADO,,,,,,False,unidad_raw=CAJA DE GRAPAS | seccion=SECCION TAPICERIA MANO DE OBRA= | precio_unitario_raw=12000.0 | total_raw=6000.0
2857,35,416,33.0,ESPACIADO,,,,,,False,unidad_raw=UNIDADES | seccion=SECCION TAPICERIA MANO DE OBRA= | precio_unitario_raw=100.0 | total_raw=3300.0
2858,35,129,3.0,AREA,,,,,,False,unidad_raw=UNIDADES | seccion=SECCION TAPICERIA MANO DE OBRA= | precio_unitario_raw=30000.0 | total_raw=90000.0
2859,35,108,1.0,FORMULA,,,,,,False,unidad_raw=LAMINA | seccion=SECCION TAPICERIA MANO DE OBRA= | precio_unitario_raw=9804.0 | total_raw=0.0
2860,35,107,1.0,FORMULA,,,,,,False,unidad_raw=MTS | seccion=SECCION TAPICERIA MANO DE OBRA= | precio_unitario_raw=1000.0 | total_raw=0.0
2861,35,87,1.0,FORMULA,,,,,,False,unidad_raw=METROS | seccion=SECCION TAPICERIA MANO DE OBRA= | precio_unitario_raw=3500.0 | total_raw=0.0
2862,35,195,1.0,FORMULA,,,,,,False,unidad_raw=UNIDAD | seccion=SECCION TAPICERIA MANO DE OBRA= | precio_unitario_raw=25000.0 | total_raw=0.0
2863,35,301,1.0,FORMULA,,,,,,False,unidad_raw=PISTOLADA | seccion=SECCION TAPICERIA MANO DE OBRA= | precio_unitario_raw=43000.0 | total_raw=0.0
2864,35,359,0.166,VOLUMEN,,,,,,False,unidad_raw=LITRO | seccion=SECCION TAPICERIA MANO DE OBRA= | precio_unitario_raw=19000.0 | total_raw=3154.0
2865,35,26,1.0,FORMULA,,,,,,False,unidad_raw=UNIDADES | seccion=SECCION TAPICERIA MANO DE OBRA= | precio_unitario_raw=5500.0 | total_raw=0.0
2866,35,184,1.0,FIJO,,,,,,False,seccion=SECCION TAPICERIA MANO DE OBRA= | precio_unitario_raw=210000.0 | total_raw=210000.0
2867,35,239,1.0,FORMULA,,,,,,False,unidad_raw=METROS | seccion=SECCION TAPICERIA MANO DE OBRA= | precio_unitario_raw=2650.0 | total_raw=0.0
2868,36,255,1756.0,FORMULA,,,,,,False,unidad_raw=APAMATE | seccion=EBANISTA WILMER MANO DE OBRA= | precio_unitario_raw=140.0 | total_raw=245840.0
2869,36,271,1.125,AREA,,,,,,False,unidad_raw=LAMINA | seccion=EBANISTA WILMER MANO DE OBRA= | precio_unitario_raw=65000.0 | total_raw=73125.0
2870,36,232,1.0,AREA,,,,,,False,unidad_raw=LAMINA | seccion=EBANISTA WILMER MANO DE OBRA= | precio_unitario_raw=140000.0 | total_raw=140000.0
2871,36,229,1.0,FORMULA,,,,,,False,unidad_raw=LAMINA | seccion=EBANISTA WILMER MANO DE OBRA= | precio_unitario_raw=130000.0 | total_raw=0.0
2872,36,49,1.6,VOLUMEN,,,,,,False,unidad_raw=LITRO | seccion=EBANISTA WILMER MANO DE OBRA= | precio_unitario_raw=14000.0 | total_raw=22400.0
2873,36,180,10.0,ESPACIADO,,,,,,False,unidad_raw=CAJA | seccion=EBANISTA WILMER MANO DE OBRA= | precio_unitario_raw=5000.0 | total_raw=50000.0
2874,36,166,1.0,FIJO,,,,,,False,unidad_raw=PAR | seccion=EBANISTA WILMER MANO DE OBRA= | precio_unitario_raw=20000.0 | total_raw=20000.0
2875,36,156,45.0,FORMULA,,,,,,False,unidad_raw=TIRAS | seccion=EBANISTA WILMER MANO DE OBRA= | precio_unitario_raw=1000.0 | total_raw=45000.0
2876,36,423,500.0,ESPACIADO,,,,,,False,unidad_raw=Unidad | seccion=EBANISTA WILMER MANO DE OBRA= | precio_unitario_raw=100.0 | total_raw=50000.0
2877,36,92,1.0,FORMULA,,,,,,False,seccion=EBANISTA WILMER MANO DE OBRA= | total_raw=315000.0
2878,36,171,1.0,FORMULA,,,,,,False,seccion=EBANISTA WILMER MANO DE OBRA= | total_raw=48068.0
2879,36,72,6.0,FORMULA,,,,,,False,unidad_raw=PAR | seccion=EBANISTA WILMER MANO DE OBRA= | precio_unitario_raw=28000.0 | total_raw=168000.0
2880,36,73,1.0,FIJO,,,,,,False,unidad_raw=PAR | seccion=EBANISTA WILMER MANO DE OBRA= | precio_unitario_raw=38999.0 | total_raw=0.0
2881,36,258,1.0,FORMULA,,,,,,False,unidad_raw=UNIDAD | seccion=EBANISTA WILMER MANO DE OBRA= | precio_unitario_raw=10000.0 | total_raw=0.0
2882,36,269,1.0,FORMULA,,,,,,False,unidad_raw=1 PEDAZO DE 1.00X46=46 | seccion=EBANISTA WILMER MANO DE OBRA= | precio_unitario_raw=65000.0 | total_raw=0.0
2883,36,214,1.0,FORMULA,,,,,,False,unidad_raw=1 PEDASO DE 1.50X40=60 | seccion=EBANISTA WILMER MANO DE OBRA= | precio_unitario_raw=130000.0 | total_raw=0.0
2884,36,217,1.0,FORMULA,,,,,,False,"unidad_raw=1 PEDASO DE 1,50X40=60 | seccion=EBANISTA WILMER MANO DE OBRA= | precio_unitario_raw=140.0 | total_raw=0.0"
2885,36,49,1.0,FORMULA,,,,,,False,unidad_raw=litros | seccion=EBANISTA WILMER MANO DE OBRA= | precio_unitario_raw=14000.0 | total_raw=0.0
2886,36,180,1.0,FIJO,,,,,,False,unidad_raw=Unidad | seccion=EBANISTA WILMER MANO DE OBRA= | precio_unitario_raw=600.0 | total_raw=0.0
2887,36,42,1.0,FIJO,,,,,,False,unidad_raw=TIRA | seccion=EBANISTA WILMER MANO DE OBRA= | precio_unitario_raw=1000.0 | total_raw=0.0
2888,36,184,2.0,FORMULA,,,,,,False,unidad_raw=PAR | seccion=EBANISTA WILMER MANO DE OBRA= | precio_unitario_raw=250000.0 | total_raw=500000.0
2889,36,423,1.0,FIJO,,,,,,False,unidad_raw=Unidad | seccion=EBANISTA WILMER MANO DE OBRA= | precio_unitario_raw=100.0 | total_raw=0.0
2890,36,172,1.0,FORMULA,,,,,,False,seccion=EBANISTA WILMER MANO DE OBRA= | total_raw=28820.0
2891,36,349,1.0,FORMULA,,,,,DE NOCHERO,False,seccion=SECCION PINTURA Y PREPARADA DE NOCHERO
2892,36,331,2.0,FORMULA,,,,,,False,unidad_raw=CON EL 5% | seccion=SECCION PINTURA Y PREPARADA DE NOCHERO | precio_unitario_raw=36750.0 | total_raw=73500.0
2893,36,310,2.0,FORMULA,,,,,,False,unidad_raw=CON EL 5% | seccion=SECCION PINTURA Y PREPARADA DE NOCHERO | precio_unitario_raw=36750.0 | total_raw=73500.0
2894,36,356,2.0,VOLUMEN,,,,,,False,unidad_raw=PISTOLADAS | seccion=SECCION PINTURA Y PREPARADA DE NOCHERO | precio_unitario_raw=18000.0 | total_raw=36000.0
2895,36,251,1.5,FORMULA,,,,,,False,unidad_raw=unidades | seccion=SECCION PINTURA Y PREPARADA DE NOCHERO | precio_unitario_raw=2000.0 | total_raw=3000.0
2896,36,285,1.0,FORMULA,,,,,,False,unidad_raw=galon | seccion=SECCION PINTURA Y PREPARADA DE NOCHERO | precio_unitario_raw=70000.0 | total_raw=0.0
2897,36,432,1.0,FORMULA,,,,,,False,unidad_raw=unidad | seccion=SECCION PINTURA Y PREPARADA DE NOCHERO | precio_unitario_raw=45000.0 | total_raw=0.0
2898,36,368,1.0,FIJO,,,,,,False,unidad_raw=unidad | seccion=SECCION PINTURA Y PREPARADA DE NOCHERO | precio_unitario_raw=3000.0 | total_raw=3000.0
2899,36,401,1.0,FORMULA,,,,,,False,unidad_raw=GALON | seccion=SECCION PINTURA Y PREPARADA DE NOCHERO | precio_unitario_raw=34000.0 | total_raw=0.0
2900,36,408,1.0,FORMULA,,,,,,False,unidad_raw=JALADORES | seccion=SECCION PINTURA Y PREPARADA DE NOCHERO | precio_unitario_raw=3000.0 | total_raw=0.0
2901,36,50,2.0,VOLUMEN,,,,,,False,unidad_raw=PISTOLADA | seccion=SECCION PINTURA Y PREPARADA DE NOCHERO | precio_unitario_raw=22000.0 | total_raw=44000.0
2902,36,50,0.0,VOLUMEN,,,,,,False,unidad_raw=PISTOLADA | seccion=SECCION PINTURA Y PREPARADA DE NOCHERO | precio_unitario_raw=22000.0 | total_raw=0.0
2903,36,98,1.0,FORMULA,,,,,,False,unidad_raw=galon | seccion=SECCION PINTURA Y PREPARADA DE NOCHERO | precio_unitario_raw=160000.0 | total_raw=0.0
2904,36,169,0.1,LINEAL,,,,,,False,unidad_raw=ML | seccion=SECCION PINTURA Y PREPARADA DE NOCHERO | precio_unitario_raw=4500.0 | total_raw=450.0
2905,36,341,1.0,FORMULA,,,,,,False,unidad_raw=LITRO | seccion=SECCION PINTURA Y PREPARADA DE NOCHERO | precio_unitario_raw=20000.0 | total_raw=0.0
2906,36,203,1.5,VOLUMEN,,,,,,False,unidad_raw=PISTOLADA | seccion=SECCION PINTURA Y PREPARADA DE NOCHERO | precio_unitario_raw=23000.0 | total_raw=34500.0
2907,36,174,1.0,FORMULA,,,,,,False,seccion=SECCION PINTURA Y PREPARADA DE NOCHERO | total_raw=26795.0
2908,36,349,1.0,FORMULA,,,,,PATAS,False,seccion=SECCION PINTURA Y PREPARADA PATAS
2909,36,331,1.0,FORMULA,,,,,,False,unidad_raw=CON EL 5% | seccion=SECCION PINTURA Y PREPARADA PATAS | precio_unitario_raw=63000.0 | total_raw=0.0
2910,36,310,1.0,FORMULA,,,,,,False,unidad_raw=CON EL 5% | seccion=SECCION PINTURA Y PREPARADA PATAS | precio_unitario_raw=26250.0 | total_raw=0.0
2911,36,314,1.0,FIJO,,,,,,False,seccion=SECCION PINTURA Y PREPARADA PATAS | precio_unitario_raw=2100.0 | total_raw=0.0
2912,36,356,1.0,FORMULA,,,,,,False,unidad_raw=PISTOLADAS | seccion=SECCION PINTURA Y PREPARADA PATAS | precio_unitario_raw=18000.0 | total_raw=0.0
2913,36,251,1.0,FORMULA,,,,,,False,unidad_raw=unidades | seccion=SECCION PINTURA Y PREPARADA PATAS | precio_unitario_raw=2000.0 | total_raw=0.0
2914,36,285,1.0,FORMULA,,,,,,False,unidad_raw=galon | seccion=SECCION PINTURA Y PREPARADA PATAS | total_raw=0.0
2915,36,249,1.0,FORMULA,,,,,,False,unidad_raw=unidad | seccion=SECCION PINTURA Y PREPARADA PATAS | precio_unitario_raw=2000.0 | total_raw=0.0
2916,36,245,1.0,FORMULA,,,,,,False,unidad_raw=unidad | seccion=SECCION PINTURA Y PREPARADA PATAS | precio_unitario_raw=2000.0 | total_raw=0.0
2917,36,205,1.0,FORMULA,,,,,,False,unidad_raw=GALON | seccion=SECCION PINTURA Y PREPARADA PATAS | precio_unitario_raw=23000.0 | total_raw=0.0
2918,36,199,1.0,FORMULA,,,,,,False,unidad_raw=litro | seccion=SECCION PINTURA Y PREPARADA PATAS | precio_unitario_raw=18000.0 | total_raw=0.0
2919,36,50,1.0,FORMULA,,,,,,False,unidad_raw=PISTOLADA | seccion=SECCION PINTURA Y PREPARADA PATAS | precio_unitario_raw=20000.0 | total_raw=0.0
2920,36,402,1.0,FORMULA,,,,,,False,unidad_raw=galon | seccion=SECCION PINTURA Y PREPARADA PATAS | total_raw=0.0
2921,36,169,1.0,FORMULA,,,,,,False,unidad_raw=LITRO | seccion=SECCION PINTURA Y PREPARADA PATAS | precio_unitario_raw=4.5 | total_raw=0.0
2922,36,341,1.0,FORMULA,,,,,,False,unidad_raw=LITRO | seccion=SECCION PINTURA Y PREPARADA PATAS | precio_unitario_raw=23000.0 | total_raw=0.0
2923,36,409,16.0,FORMULA,,,,,,False,unidad_raw=UNIDAD | seccion=SECCION PINTURA Y PREPARADA PATAS | precio_unitario_raw=100.0 | total_raw=1600.0
2924,36,174,1.0,FORMULA,,,,,,False,seccion=SECCION PINTURA Y PREPARADA PATAS | total_raw=2400.0
2925,36,30,1.0,FIJO,,,,,,False,unidad_raw=JUEGO DE 4 | seccion=SECCION TERMINACION | precio_unitario_raw=90000.0 | total_raw=90000.0
2926,36,338,1.0,FORMULA,,,,,,False,unidad_raw=UNIDAD | seccion=SECCION TERMINACION | precio_unitario_raw=20000.0 | total_raw=0.0
2927,36,339,1.0,FORMULA,,,,,,False,unidad_raw=UNIDAD | seccion=SECCION TERMINACION | precio_unitario_raw=20000.0 | total_raw=0.0
2928,36,237,1.0,FORMULA,,,,,,False,unidad_raw=UNIDADES | seccion=SECCION TERMINACION | precio_unitario_raw=100000.0 | total_raw=0.0
2929,36,16,1.0,FORMULA,,,,,,False,unidad_raw=METROS | seccion=SECCION TERMINACION | precio_unitario_raw=3000.0 | total_raw=0.0
2930,36,6,1.0,FORMULA,,,,,,False,unidad_raw=PAR | seccion=SECCION TERMINACION | precio_unitario_raw=1500.0 | total_raw=0.0
2931,36,97,1.0,FORMULA,,,,,,False,unidad_raw=UNIDADES | seccion=SECCION TERMINACION | precio_unitario_raw=2000.0 | total_raw=0.0
2932,36,194,1.0,FORMULA,,,,,,False,unidad_raw=PAR | seccion=SECCION TERMINACION | precio_unitario_raw=160000.0 | total_raw=0.0
2933,36,198,1.0,FIJO,,,,,,False,unidad_raw=UNIDAD | seccion=SECCION TERMINACION | precio_unitario_raw=26800.0 | total_raw=0.0
2934,36,283,1.0,FORMULA,,,,,,False,unidad_raw=UNIDADES | seccion=SECCION TERMINACION | precio_unitario_raw=3000.0 | total_raw=0.0
2935,36,70,1.0,FIJO,,,,,,False,unidad_raw=unidades | seccion=SECCION TERMINACION | precio_unitario_raw=8000.0 | total_raw=0.0
2936,36,95,1.0,FIJO,,,,,,False,unidad_raw=unidades | seccion=SECCION TERMINACION | precio_unitario_raw=150000.0 | total_raw=150000.0
2937,36,352,1.0,FORMULA,,,,,,False,seccion=SECCION TERMINACION | total_raw=0.0
2938,36,257,600.0,FORMULA,,,,,,False,unidad_raw=APAMATE | seccion=SECCION TERMINACION | precio_unitario_raw=140.0 | total_raw=84000.0
2939,36,241,4.0,LINEAL,,,,,,False,unidad_raw=METROS | seccion=SECCION TERMINACION | precio_unitario_raw=4000.0 | total_raw=16000.0
2940,36,180,6.0,ESPACIADO,,,,,,False,unidad_raw=CAJA | seccion=SECCION TERMINACION | precio_unitario_raw=1000.0 | total_raw=6000.0
2941,36,274,1.0,AREA,,,,,,False,unidad_raw=LAMINA | seccion=SECCION TERMINACION | precio_unitario_raw=140000.0 | total_raw=140000.0
2942,36,49,0.4,VOLUMEN,,,,,,False,unidad_raw=LITRO | seccion=SECCION TERMINACION | precio_unitario_raw=14000.0 | total_raw=5600.0
2943,36,423,40.0,ESPACIADO,,,,,,False,unidad_raw=UNIDAD | seccion=SECCION TERMINACION | precio_unitario_raw=100.0 | total_raw=4000.0
2944,36,296,6.0,FORMULA,,,,,,False,unidad_raw=TIRA | seccion=SECCION TERMINACION | precio_unitario_raw=2100.0 | total_raw=12600.0
2945,36,184,1.0,FIJO,,,,,,False,unidad_raw=UNIDAD | seccion=SECCION TERMINACION | precio_unitario_raw=63000.0 | total_raw=63000.0
2946,36,350,1.0,FORMULA,,,,,,False,unidad_raw=MANO DE OBRA= | seccion=SECCION TAPICERIA MANO DE OBRA=
2947,36,385,10.0,AREA,,,,,,False,unidad_raw=METROS | seccion=SECCION TAPICERIA MANO DE OBRA= | precio_unitario_raw=31000.0 | total_raw=310000.0
2948,36,429,2.0,FORMULA,,,,,,False,unidad_raw=UNIDAD | seccion=SECCION TAPICERIA MANO DE OBRA= | precio_unitario_raw=15000.0 | total_raw=30000.0
2949,36,115,0.75,AREA,,,,,,False,unidad_raw=LAMINA | seccion=SECCION TAPICERIA MANO DE OBRA= | precio_unitario_raw=41340.0 | total_raw=31005.0
2950,36,180,0.5,ESPACIADO,,,,,,False,unidad_raw=CAJA DE GRAPAS | seccion=SECCION TAPICERIA MANO DE OBRA= | precio_unitario_raw=12000.0 | total_raw=6000.0
2951,36,416,24.0,ESPACIADO,,,,,,False,unidad_raw=UNIDADES | seccion=SECCION TAPICERIA MANO DE OBRA= | precio_unitario_raw=100.0 | total_raw=2400.0
2952,36,342,0.12,FORMULA,,,,,,False,unidad_raw=UNIDADES | seccion=SECCION TAPICERIA MANO DE OBRA= | precio_unitario_raw=43000.0 | total_raw=5160.0
2953,36,140,0.75,AREA,,,,,,False,unidad_raw=UNIDADES | seccion=SECCION TAPICERIA MANO DE OBRA= | precio_unitario_raw=20000.0 | total_raw=15000.0
2954,36,108,1.0,FORMULA,,,,,,False,unidad_raw=LAMINA | seccion=SECCION TAPICERIA MANO DE OBRA= | precio_unitario_raw=9804.0 | total_raw=0.0
2955,36,107,1.0,FORMULA,,,,,,False,unidad_raw=MTS | seccion=SECCION TAPICERIA MANO DE OBRA= | precio_unitario_raw=1000.0 | total_raw=0.0
2956,36,4,2.0,FORMULA,,,,,,False,unidad_raw=UNIDADES | seccion=SECCION TAPICERIA MANO DE OBRA= | precio_unitario_raw=14000.0 | total_raw=28000.0
2957,36,87,2.0,AREA,,,,,,False,unidad_raw=METROS | seccion=SECCION TAPICERIA MANO DE OBRA= | precio_unitario_raw=3500.0 | total_raw=7000.0
2958,36,195,1.0,FORMULA,,,,,,False,unidad_raw=UNIDAD | seccion=SECCION TAPICERIA MANO DE OBRA= | precio_unitario_raw=25000.0 | total_raw=0.0
2959,36,181,2.5,FORMULA,,,,,,False,unidad_raw=UNIDAD | seccion=SECCION TAPICERIA MANO DE OBRA= | precio_unitario_raw=18500.0 | total_raw=46250.0
2960,36,301,1.0,FORMULA,,,,,,False,unidad_raw=PISTOLADA | seccion=SECCION TAPICERIA MANO DE OBRA= | precio_unitario_raw=43000.0 | total_raw=0.0
2961,36,359,0.3,VOLUMEN,,,,,,False,unidad_raw=LITRO | seccion=SECCION TAPICERIA MANO DE OBRA= | precio_unitario_raw=19000.0 | total_raw=5700.0
2962,36,26,1.0,FORMULA,,,,,,False,unidad_raw=UNIDADES | seccion=SECCION TAPICERIA MANO DE OBRA= | precio_unitario_raw=5500.0 | total_raw=0.0
2963,36,17,0.5,FORMULA,,,,,,False,unidad_raw=UNIDADES | seccion=SECCION TAPICERIA MANO DE OBRA= | precio_unitario_raw=13000.0 | total_raw=6500.0
2964,36,184,1.0,FIJO,,,,,,False,seccion=SECCION TAPICERIA MANO DE OBRA= | precio_unitario_raw=210000.0 | total_raw=210000.0
2965,36,239,1.0,FORMULA,,,,,,False,unidad_raw=METROS | seccion=SECCION TAPICERIA MANO DE OBRA= | precio_unitario_raw=2650.0 | total_raw=0.0
2966,37,255,2778.0,FORMULA,,,,,,False,unidad_raw=APAMATE | seccion=EBANISTA WILMER MANO DE OBRA= | precio_unitario_raw=140.0 | total_raw=388920.0
2967,37,273,1.0,AREA,,,,,,False,unidad_raw=MDF | seccion=EBANISTA WILMER MANO DE OBRA= | precio_unitario_raw=65000.0 | total_raw=65000.0
2968,37,9,2.0,FORMULA,,,,,,False,unidad_raw=PARES | seccion=EBANISTA WILMER MANO DE OBRA= | precio_unitario_raw=14000.0 | total_raw=28000.0
2969,37,221,0.16,AREA,,,,,,False,unidad_raw=LAMINA | seccion=EBANISTA WILMER MANO DE OBRA= | precio_unitario_raw=210000.0 | total_raw=33600.0
2970,37,220,0.33,AREA,,,,,,False,unidad_raw=LAMINA | seccion=EBANISTA WILMER MANO DE OBRA= | precio_unitario_raw=175000.0 | total_raw=57750.0
2971,37,49,0.5,VOLUMEN,,,,,,False,unidad_raw=LITRO | seccion=EBANISTA WILMER MANO DE OBRA= | precio_unitario_raw=14000.0 | total_raw=7000.0
2972,37,180,30.0,ESPACIADO,,,,,,False,unidad_raw=CAJA | seccion=EBANISTA WILMER MANO DE OBRA= | precio_unitario_raw=500.0 | total_raw=15000.0
2973,37,166,1.0,FIJO,,,,,,False,unidad_raw=PAR | seccion=EBANISTA WILMER MANO DE OBRA= | precio_unitario_raw=20000.0 | total_raw=20000.0
2974,37,155,20.0,FORMULA,,,,,,False,unidad_raw=TIRAS | seccion=EBANISTA WILMER MANO DE OBRA= | precio_unitario_raw=1000.0 | total_raw=20000.0
2975,37,423,300.0,ESPACIADO,,,,,,False,unidad_raw=Unidad | seccion=EBANISTA WILMER MANO DE OBRA= | precio_unitario_raw=100.0 | total_raw=30000.0
2976,37,157,1.0,FORMULA,,,,,,False,seccion=EBANISTA WILMER MANO DE OBRA= | total_raw=315000.0
2977,37,171,1.0,FORMULA,,,,,,False,seccion=EBANISTA WILMER MANO DE OBRA= | total_raw=49013.5
2978,37,72,2.0,FORMULA,,,,,,False,unidad_raw=PAR | seccion=EBANISTA WILMER MANO DE OBRA= | precio_unitario_raw=28000.0 | total_raw=56000.0
2979,37,73,1.0,FIJO,,,,,,False,unidad_raw=PAR | seccion=EBANISTA WILMER MANO DE OBRA= | precio_unitario_raw=38999.0 | total_raw=0.0
2980,37,258,2.0,FORMULA,,,,,,False,unidad_raw=UNIDAD | seccion=EBANISTA WILMER MANO DE OBRA= | precio_unitario_raw=10000.0 | total_raw=20000.0
2981,37,269,1.0,FORMULA,,,,,,False,unidad_raw=1 PEDAZO DE 1.00X46=46 | seccion=EBANISTA WILMER MANO DE OBRA= | precio_unitario_raw=65000.0 | total_raw=0.0
2982,37,214,1.0,FORMULA,,,,,,False,unidad_raw=1 PEDASO DE 1.50X40=60 | seccion=EBANISTA WILMER MANO DE OBRA= | precio_unitario_raw=130000.0 | total_raw=0.0
2983,37,217,1.0,FORMULA,,,,,,False,"unidad_raw=1 PEDASO DE 1,50X40=60 | seccion=EBANISTA WILMER MANO DE OBRA= | precio_unitario_raw=140.0 | total_raw=0.0"
2984,37,49,1.0,FORMULA,,,,,,False,unidad_raw=litros | seccion=EBANISTA WILMER MANO DE OBRA= | precio_unitario_raw=14000.0 | total_raw=0.0
2985,37,180,1.0,FIJO,,,,,,False,unidad_raw=Unidad | seccion=EBANISTA WILMER MANO DE OBRA= | precio_unitario_raw=600.0 | total_raw=0.0
2986,37,42,1.0,FIJO,,,,,,False,unidad_raw=TIRA | seccion=EBANISTA WILMER MANO DE OBRA= | precio_unitario_raw=1000.0 | total_raw=0.0
2987,37,184,2.0,FORMULA,,,,,,False,unidad_raw=PAR | seccion=EBANISTA WILMER MANO DE OBRA= | precio_unitario_raw=250000.0 | total_raw=500000.0
2988,37,423,4.0,ESPACIADO,,,,,,False,unidad_raw=Unidad | seccion=EBANISTA WILMER MANO DE OBRA= | precio_unitario_raw=100.0 | total_raw=400.0
2989,37,172,1.0,FORMULA,,,,,,False,seccion=EBANISTA WILMER MANO DE OBRA= | total_raw=28820.0
2990,37,349,1.0,FORMULA,,,,,DE NOCHERO,False,seccion=SECCION PINTURA Y PREPARADA DE NOCHERO
2991,37,331,2.0,FORMULA,,,,,,False,unidad_raw=CON EL 5% | seccion=SECCION PINTURA Y PREPARADA DE NOCHERO | precio_unitario_raw=36750.0 | total_raw=73500.0
2992,37,310,2.0,FORMULA,,,,,,False,unidad_raw=CON EL 5% | seccion=SECCION PINTURA Y PREPARADA DE NOCHERO | precio_unitario_raw=36750.0 | total_raw=73500.0
2993,37,356,2.0,VOLUMEN,,,,,,False,unidad_raw=PISTOLADAS | seccion=SECCION PINTURA Y PREPARADA DE NOCHERO | precio_unitario_raw=18000.0 | total_raw=36000.0
2994,37,251,1.5,FORMULA,,,,,,False,unidad_raw=unidades | seccion=SECCION PINTURA Y PREPARADA DE NOCHERO | precio_unitario_raw=2000.0 | total_raw=3000.0
2995,37,285,1.0,FORMULA,,,,,,False,unidad_raw=galon | seccion=SECCION PINTURA Y PREPARADA DE NOCHERO | precio_unitario_raw=70000.0 | total_raw=0.0
2996,37,432,1.0,FORMULA,,,,,,False,unidad_raw=unidad | seccion=SECCION PINTURA Y PREPARADA DE NOCHERO | precio_unitario_raw=45000.0 | total_raw=0.0
2997,37,368,1.0,FIJO,,,,,,False,unidad_raw=unidad | seccion=SECCION PINTURA Y PREPARADA DE NOCHERO | precio_unitario_raw=3000.0 | total_raw=3000.0
2998,37,401,1.0,FORMULA,,,,,,False,unidad_raw=GALON | seccion=SECCION PINTURA Y PREPARADA DE NOCHERO | precio_unitario_raw=34000.0 | total_raw=0.0
2999,37,408,1.0,FORMULA,,,,,,False,unidad_raw=JALADORES | seccion=SECCION PINTURA Y PREPARADA DE NOCHERO | precio_unitario_raw=3000.0 | total_raw=0.0
3000,37,50,2.0,VOLUMEN,,,,,,False,unidad_raw=PISTOLADA | seccion=SECCION PINTURA Y PREPARADA DE NOCHERO | precio_unitario_raw=22000.0 | total_raw=44000.0
3001,37,50,0.0,VOLUMEN,,,,,,False,unidad_raw=PISTOLADA | seccion=SECCION PINTURA Y PREPARADA DE NOCHERO | precio_unitario_raw=22000.0 | total_raw=0.0
3002,37,98,1.0,FORMULA,,,,,,False,unidad_raw=galon | seccion=SECCION PINTURA Y PREPARADA DE NOCHERO | precio_unitario_raw=160000.0 | total_raw=0.0
3003,37,169,0.1,LINEAL,,,,,,False,unidad_raw=ML | seccion=SECCION PINTURA Y PREPARADA DE NOCHERO | precio_unitario_raw=4500.0 | total_raw=450.0
3004,37,341,1.0,FORMULA,,,,,,False,unidad_raw=LITRO | seccion=SECCION PINTURA Y PREPARADA DE NOCHERO | precio_unitario_raw=20000.0 | total_raw=0.0
3005,37,203,1.5,VOLUMEN,,,,,,False,unidad_raw=PISTOLADA | seccion=SECCION PINTURA Y PREPARADA DE NOCHERO | precio_unitario_raw=23000.0 | total_raw=34500.0
3006,37,174,1.0,FORMULA,,,,,,False,seccion=SECCION PINTURA Y PREPARADA DE NOCHERO | total_raw=26795.0
3007,37,349,1.0,FORMULA,,,,,PATAS,False,seccion=SECCION PINTURA Y PREPARADA PATAS
3008,37,331,1.0,FIJO,,,,,,False,unidad_raw=CON EL 5% | seccion=SECCION PINTURA Y PREPARADA PATAS | precio_unitario_raw=47250.0 | total_raw=47250.0
3009,37,310,1.0,FIJO,,,,,,False,unidad_raw=CON EL 5% | seccion=SECCION PINTURA Y PREPARADA PATAS | precio_unitario_raw=78750.0 | total_raw=78750.0
3010,37,314,1.0,FIJO,,,,,,False,seccion=SECCION PINTURA Y PREPARADA PATAS | precio_unitario_raw=2100.0 | total_raw=0.0
3011,37,356,2.0,VOLUMEN,,,,,,False,unidad_raw=PISTOLADAS | seccion=SECCION PINTURA Y PREPARADA PATAS | precio_unitario_raw=18000.0 | total_raw=36000.0
3012,37,251,1.0,FORMULA,,,,,,False,unidad_raw=unidades | seccion=SECCION PINTURA Y PREPARADA PATAS | precio_unitario_raw=2000.0 | total_raw=0.0
3013,37,285,1.0,FORMULA,,,,,,False,unidad_raw=galon | seccion=SECCION PINTURA Y PREPARADA PATAS | total_raw=0.0
3014,37,249,1.0,FORMULA,,,,,,False,unidad_raw=unidad | seccion=SECCION PINTURA Y PREPARADA PATAS | precio_unitario_raw=2000.0 | total_raw=0.0
3015,37,245,1.0,FORMULA,,,,,,False,unidad_raw=unidad | seccion=SECCION PINTURA Y PREPARADA PATAS | precio_unitario_raw=2000.0 | total_raw=0.0
3016,37,205,2.0,VOLUMEN,,,,,,False,unidad_raw=GALON | seccion=SECCION PINTURA Y PREPARADA PATAS | precio_unitario_raw=23000.0 | total_raw=46000.0
3017,37,199,1.0,FORMULA,,,,,,False,unidad_raw=litro | seccion=SECCION PINTURA Y PREPARADA PATAS | precio_unitario_raw=18000.0 | total_raw=0.0
3018,37,50,2.5,VOLUMEN,,,,,,False,unidad_raw=PISTOLADA | seccion=SECCION PINTURA Y PREPARADA PATAS | precio_unitario_raw=20000.0 | total_raw=50000.0
3019,37,402,1.0,FORMULA,,,,,,False,unidad_raw=galon | seccion=SECCION PINTURA Y PREPARADA PATAS | total_raw=0.0
3020,37,169,2.5,VOLUMEN,,,,,,False,unidad_raw=LITRO | seccion=SECCION PINTURA Y PREPARADA PATAS | precio_unitario_raw=3000.0 | total_raw=7500.0
3021,37,341,1.0,FORMULA,,,,,,False,unidad_raw=LITRO | seccion=SECCION PINTURA Y PREPARADA PATAS | precio_unitario_raw=23000.0 | total_raw=0.0
3022,37,409,16.0,FORMULA,,,,,,False,unidad_raw=UNIDAD | seccion=SECCION PINTURA Y PREPARADA PATAS | precio_unitario_raw=100.0 | total_raw=1600.0
3023,37,174,1.0,FORMULA,,,,,,False,seccion=SECCION PINTURA Y PREPARADA PATAS | total_raw=2400.0
3024,37,406,1.0,FORMULA,,,,,,False,unidad_raw=UNIDAD | seccion=SECCION TERMINACION | precio_unitario_raw=10500.0 | total_raw=0.0
3025,37,338,1.0,FORMULA,,,,,,False,unidad_raw=UNIDAD | seccion=SECCION TERMINACION | precio_unitario_raw=20000.0 | total_raw=0.0
3026,37,339,1.0,FORMULA,,,,,,False,unidad_raw=UNIDAD | seccion=SECCION TERMINACION | precio_unitario_raw=20000.0 | total_raw=0.0
3027,37,237,1.0,FORMULA,,,,,,False,unidad_raw=UNIDADES | seccion=SECCION TERMINACION | precio_unitario_raw=100000.0 | total_raw=0.0
3028,37,16,1.0,FORMULA,,,,,,False,unidad_raw=METROS | seccion=SECCION TERMINACION | precio_unitario_raw=3000.0 | total_raw=0.0
3029,37,6,1.0,FORMULA,,,,,,False,unidad_raw=PAR | seccion=SECCION TERMINACION | precio_unitario_raw=1500.0 | total_raw=0.0
3030,37,97,1.0,FORMULA,,,,,,False,unidad_raw=UNIDADES | seccion=SECCION TERMINACION | precio_unitario_raw=2000.0 | total_raw=0.0
3031,37,194,1.0,FORMULA,,,,,,False,unidad_raw=PAR | seccion=SECCION TERMINACION | precio_unitario_raw=160000.0 | total_raw=0.0
3032,37,198,1.0,FIJO,,,,,,False,unidad_raw=UNIDAD | seccion=SECCION TERMINACION | precio_unitario_raw=26800.0 | total_raw=0.0
3033,37,283,1.0,FORMULA,,,,,,False,unidad_raw=UNIDADES | seccion=SECCION TERMINACION | precio_unitario_raw=3000.0 | total_raw=0.0
3034,37,70,1.0,FIJO,,,,,,False,unidad_raw=unidades | seccion=SECCION TERMINACION | precio_unitario_raw=8000.0 | total_raw=0.0
3035,37,95,1.0,FIJO,,,,,,False,unidad_raw=unidades | seccion=SECCION TERMINACION | precio_unitario_raw=150000.0 | total_raw=150000.0
3036,37,352,1.0,FORMULA,,,,,,False,seccion=SECCION TERMINACION | total_raw=0.0
3037,37,257,600.0,FORMULA,,,,,,False,unidad_raw=APAMATE | seccion=SECCION TERMINACION | precio_unitario_raw=140.0 | total_raw=84000.0
3038,37,241,4.0,LINEAL,,,,,,False,unidad_raw=METROS | seccion=SECCION TERMINACION | precio_unitario_raw=4000.0 | total_raw=16000.0
3039,37,180,6.0,ESPACIADO,,,,,,False,unidad_raw=CAJA | seccion=SECCION TERMINACION | precio_unitario_raw=1000.0 | total_raw=6000.0
3040,37,274,1.0,AREA,,,,,,False,unidad_raw=LAMINA | seccion=SECCION TERMINACION | precio_unitario_raw=140000.0 | total_raw=140000.0
3041,37,49,0.4,VOLUMEN,,,,,,False,unidad_raw=LITRO | seccion=SECCION TERMINACION | precio_unitario_raw=14000.0 | total_raw=5600.0
3042,37,423,40.0,ESPACIADO,,,,,,False,unidad_raw=UNIDAD | seccion=SECCION TERMINACION | precio_unitario_raw=100.0 | total_raw=4000.0
3043,37,296,6.0,FORMULA,,,,,,False,unidad_raw=TIRA | seccion=SECCION TERMINACION | precio_unitario_raw=2100.0 | total_raw=12600.0
3044,37,184,1.0,FIJO,,,,,,False,unidad_raw=UNIDAD | seccion=SECCION TERMINACION | precio_unitario_raw=63000.0 | total_raw=63000.0
3045,37,350,1.0,FORMULA,,,,,,False,unidad_raw=MANO DE OBRA= | seccion=SECCION TAPICERIA MANO DE OBRA=
3046,37,388,1.0,FORMULA,,,,,,False,unidad_raw=METROS | seccion=SECCION TAPICERIA MANO DE OBRA= | precio_unitario_raw=33500.0 | total_raw=0.0
3047,37,115,0.83,AREA,,,,,,False,unidad_raw=LAMINA | seccion=SECCION TAPICERIA MANO DE OBRA= | precio_unitario_raw=41340.0 | total_raw=34312.2
3048,37,180,0.5,ESPACIADO,,,,,,False,unidad_raw=CAJA DE GRAPAS | seccion=SECCION TAPICERIA MANO DE OBRA= | precio_unitario_raw=12000.0 | total_raw=6000.0
3049,37,416,46.0,ESPACIADO,,,,,,False,unidad_raw=UNIDADES | seccion=SECCION TAPICERIA MANO DE OBRA= | precio_unitario_raw=100.0 | total_raw=4600.0
3050,37,129,1.5,AREA,,,,,,False,unidad_raw=UNIDADES | seccion=SECCION TAPICERIA MANO DE OBRA= | precio_unitario_raw=30000.0 | total_raw=45000.0
3051,37,140,0.16,AREA,,,,,,False,unidad_raw=UNIDADES | seccion=SECCION TAPICERIA MANO DE OBRA= | precio_unitario_raw=20000.0 | total_raw=3200.0
3052,37,111,1.5,AREA,,,,,,False,unidad_raw=LAMINA | seccion=SECCION TAPICERIA MANO DE OBRA= | precio_unitario_raw=12500.0 | total_raw=18750.0
3053,37,107,1.0,FORMULA,,,,,,False,unidad_raw=MTS | seccion=SECCION TAPICERIA MANO DE OBRA= | precio_unitario_raw=1000.0 | total_raw=0.0
3054,37,87,2.2,AREA,,,,,,False,unidad_raw=METROS | seccion=SECCION TAPICERIA MANO DE OBRA= | precio_unitario_raw=3500.0 | total_raw=7700.0
3055,37,195,0.3,FORMULA,,,,,,False,unidad_raw=UNIDAD | seccion=SECCION TAPICERIA MANO DE OBRA= | precio_unitario_raw=25000.0 | total_raw=7500.0
3056,37,301,0.5,VOLUMEN,,,,,,False,unidad_raw=PISTOLADA | seccion=SECCION TAPICERIA MANO DE OBRA= | precio_unitario_raw=13000.0 | total_raw=6500.0
3057,37,359,0.5,VOLUMEN,,,,,,False,unidad_raw=LITRO | seccion=SECCION TAPICERIA MANO DE OBRA= | precio_unitario_raw=19000.0 | total_raw=9500.0
3058,37,26,1.0,FORMULA,,,,,,False,unidad_raw=UNIDADES | seccion=SECCION TAPICERIA MANO DE OBRA= | precio_unitario_raw=5500.0 | total_raw=0.0
3059,37,184,1.0,FIJO,,,,,,False,seccion=SECCION TAPICERIA MANO DE OBRA= | precio_unitario_raw=210000.0 | total_raw=210000.0
3060,37,239,1.93,LINEAL,,,,,,False,unidad_raw=METROS | seccion=SECCION TAPICERIA MANO DE OBRA= | precio_unitario_raw=4000.0 | total_raw=7720.0
3061,38,255,1400.0,FORMULA,,,,,,False,unidad_raw=APAMATE | seccion=EBANISTA WILMER MANO DE OBRA= | precio_unitario_raw=140.0 | total_raw=196000.0
3062,38,271,0.6,AREA,,,,,,False,unidad_raw=LAMINA | seccion=EBANISTA WILMER MANO DE OBRA= | precio_unitario_raw=65000.0 | total_raw=39000.0
3063,38,221,0.4,AREA,,,,,,False,unidad_raw=LAMINA | seccion=EBANISTA WILMER MANO DE OBRA= | precio_unitario_raw=210000.0 | total_raw=84000.0
3064,38,229,1.0,FORMULA,,,,,,False,unidad_raw=LAMINA | seccion=EBANISTA WILMER MANO DE OBRA= | precio_unitario_raw=130000.0 | total_raw=0.0
3065,38,49,0.7,VOLUMEN,,,,,,False,unidad_raw=LITRO | seccion=EBANISTA WILMER MANO DE OBRA= | precio_unitario_raw=14000.0 | total_raw=9800.0
3066,38,180,3.0,ESPACIADO,,,,,,False,unidad_raw=CAJA | seccion=EBANISTA WILMER MANO DE OBRA= | precio_unitario_raw=5000.0 | total_raw=15000.0
3067,38,166,1.0,FIJO,,,,,,False,unidad_raw=PAR | seccion=EBANISTA WILMER MANO DE OBRA= | precio_unitario_raw=20000.0 | total_raw=20000.0
3068,38,155,8.0,FORMULA,,,,,,False,unidad_raw=TIRAS | seccion=EBANISTA WILMER MANO DE OBRA= | precio_unitario_raw=1000.0 | total_raw=8000.0
3069,38,423,120.0,ESPACIADO,,,,,,False,unidad_raw=Unidad | seccion=EBANISTA WILMER MANO DE OBRA= | precio_unitario_raw=100.0 | total_raw=12000.0
3070,38,92,1.0,FORMULA,,,,,,False,seccion=EBANISTA WILMER MANO DE OBRA= | total_raw=315000.0
3071,38,171,1.0,FORMULA,,,,,,False,seccion=EBANISTA WILMER MANO DE OBRA= | total_raw=69800.0
3072,38,72,2.0,FORMULA,,,,,,False,unidad_raw=PAR | seccion=EBANISTA WILMER MANO DE OBRA= | precio_unitario_raw=28000.0 | total_raw=56000.0
3073,38,73,1.0,FIJO,,,,,,False,unidad_raw=PAR | seccion=EBANISTA WILMER MANO DE OBRA= | precio_unitario_raw=38999.0 | total_raw=0.0
3074,38,258,2.0,FORMULA,,,,,,False,unidad_raw=UNIDAD | seccion=EBANISTA WILMER MANO DE OBRA= | precio_unitario_raw=10000.0 | total_raw=20000.0
3075,38,269,1.0,FORMULA,,,,,,False,unidad_raw=1 PEDAZO DE 1.00X46=46 | seccion=EBANISTA WILMER MANO DE OBRA= | precio_unitario_raw=65000.0 | total_raw=0.0
3076,38,214,1.0,FORMULA,,,,,,False,unidad_raw=1 PEDASO DE 1.50X40=60 | seccion=EBANISTA WILMER MANO DE OBRA= | precio_unitario_raw=130000.0 | total_raw=0.0
3077,38,217,1.0,FORMULA,,,,,,False,"unidad_raw=1 PEDASO DE 1,50X40=60 | seccion=EBANISTA WILMER MANO DE OBRA= | precio_unitario_raw=140.0 | total_raw=0.0"
3078,38,49,1.0,FORMULA,,,,,,False,unidad_raw=litros | seccion=EBANISTA WILMER MANO DE OBRA= | precio_unitario_raw=14000.0 | total_raw=0.0
3079,38,180,1.0,FIJO,,,,,,False,unidad_raw=Unidad | seccion=EBANISTA WILMER MANO DE OBRA= | precio_unitario_raw=600.0 | total_raw=0.0
3080,38,42,1.0,FIJO,,,,,,False,unidad_raw=TIRA | seccion=EBANISTA WILMER MANO DE OBRA= | precio_unitario_raw=1000.0 | total_raw=0.0
3081,38,184,2.0,FORMULA,,,,,,False,unidad_raw=PAR | seccion=EBANISTA WILMER MANO DE OBRA= | precio_unitario_raw=250000.0 | total_raw=500000.0
3082,38,423,4.0,ESPACIADO,,,,,,False,unidad_raw=Unidad | seccion=EBANISTA WILMER MANO DE OBRA= | precio_unitario_raw=100.0 | total_raw=400.0
3083,38,172,1.0,FORMULA,,,,,,False,seccion=EBANISTA WILMER MANO DE OBRA= | total_raw=28820.0
3084,38,349,1.0,FORMULA,,,,,DE NOCHERO,False,seccion=SECCION PINTURA Y PREPARADA DE NOCHERO
3085,38,331,2.0,FORMULA,,,,,,False,unidad_raw=CON EL 5% | seccion=SECCION PINTURA Y PREPARADA DE NOCHERO | precio_unitario_raw=36750.0 | total_raw=73500.0
3086,38,310,2.0,FORMULA,,,,,,False,unidad_raw=CON EL 5% | seccion=SECCION PINTURA Y PREPARADA DE NOCHERO | precio_unitario_raw=36750.0 | total_raw=73500.0
3087,38,356,2.0,VOLUMEN,,,,,,False,unidad_raw=PISTOLADAS | seccion=SECCION PINTURA Y PREPARADA DE NOCHERO | precio_unitario_raw=18000.0 | total_raw=36000.0
3088,38,251,1.5,FORMULA,,,,,,False,unidad_raw=unidades | seccion=SECCION PINTURA Y PREPARADA DE NOCHERO | precio_unitario_raw=2000.0 | total_raw=3000.0
3089,38,285,1.0,FORMULA,,,,,,False,unidad_raw=galon | seccion=SECCION PINTURA Y PREPARADA DE NOCHERO | precio_unitario_raw=70000.0 | total_raw=0.0
3090,38,432,1.0,FORMULA,,,,,,False,unidad_raw=unidad | seccion=SECCION PINTURA Y PREPARADA DE NOCHERO | precio_unitario_raw=45000.0 | total_raw=0.0
3091,38,368,1.0,FIJO,,,,,,False,unidad_raw=unidad | seccion=SECCION PINTURA Y PREPARADA DE NOCHERO | precio_unitario_raw=3000.0 | total_raw=3000.0
3092,38,401,1.0,FORMULA,,,,,,False,unidad_raw=GALON | seccion=SECCION PINTURA Y PREPARADA DE NOCHERO | precio_unitario_raw=34000.0 | total_raw=0.0
3093,38,408,1.0,FORMULA,,,,,,False,unidad_raw=JALADORES | seccion=SECCION PINTURA Y PREPARADA DE NOCHERO | precio_unitario_raw=3000.0 | total_raw=0.0
3094,38,50,2.0,VOLUMEN,,,,,,False,unidad_raw=PISTOLADA | seccion=SECCION PINTURA Y PREPARADA DE NOCHERO | precio_unitario_raw=22000.0 | total_raw=44000.0
3095,38,50,0.0,VOLUMEN,,,,,,False,unidad_raw=PISTOLADA | seccion=SECCION PINTURA Y PREPARADA DE NOCHERO | precio_unitario_raw=22000.0 | total_raw=0.0
3096,38,98,1.0,FORMULA,,,,,,False,unidad_raw=galon | seccion=SECCION PINTURA Y PREPARADA DE NOCHERO | precio_unitario_raw=160000.0 | total_raw=0.0
3097,38,169,0.1,LINEAL,,,,,,False,unidad_raw=ML | seccion=SECCION PINTURA Y PREPARADA DE NOCHERO | precio_unitario_raw=4500.0 | total_raw=450.0
3098,38,341,1.0,FORMULA,,,,,,False,unidad_raw=LITRO | seccion=SECCION PINTURA Y PREPARADA DE NOCHERO | precio_unitario_raw=20000.0 | total_raw=0.0
3099,38,203,1.5,VOLUMEN,,,,,,False,unidad_raw=PISTOLADA | seccion=SECCION PINTURA Y PREPARADA DE NOCHERO | precio_unitario_raw=23000.0 | total_raw=34500.0
3100,38,174,1.0,FORMULA,,,,,,False,seccion=SECCION PINTURA Y PREPARADA DE NOCHERO | total_raw=26795.0
3101,38,349,1.0,FORMULA,,,,,PATAS,False,seccion=SECCION PINTURA Y PREPARADA PATAS
3102,38,331,1.0,FORMULA,,,,,,False,unidad_raw=CON EL 5% | seccion=SECCION PINTURA Y PREPARADA PATAS | precio_unitario_raw=63000.0 | total_raw=0.0
3103,38,310,1.0,FORMULA,,,,,,False,unidad_raw=CON EL 5% | seccion=SECCION PINTURA Y PREPARADA PATAS | precio_unitario_raw=26250.0 | total_raw=0.0
3104,38,314,1.0,FIJO,,,,,,False,seccion=SECCION PINTURA Y PREPARADA PATAS | precio_unitario_raw=2100.0 | total_raw=0.0
3105,38,356,1.0,FORMULA,,,,,,False,unidad_raw=PISTOLADAS | seccion=SECCION PINTURA Y PREPARADA PATAS | precio_unitario_raw=18000.0 | total_raw=0.0
3106,38,251,1.0,FORMULA,,,,,,False,unidad_raw=unidades | seccion=SECCION PINTURA Y PREPARADA PATAS | precio_unitario_raw=2000.0 | total_raw=0.0
3107,38,285,1.0,FORMULA,,,,,,False,unidad_raw=galon | seccion=SECCION PINTURA Y PREPARADA PATAS | total_raw=0.0
3108,38,249,1.0,FORMULA,,,,,,False,unidad_raw=unidad | seccion=SECCION PINTURA Y PREPARADA PATAS | precio_unitario_raw=2000.0 | total_raw=0.0
3109,38,245,1.0,FORMULA,,,,,,False,unidad_raw=unidad | seccion=SECCION PINTURA Y PREPARADA PATAS | precio_unitario_raw=2000.0 | total_raw=0.0
3110,38,205,1.0,FORMULA,,,,,,False,unidad_raw=GALON | seccion=SECCION PINTURA Y PREPARADA PATAS | precio_unitario_raw=23000.0 | total_raw=0.0
3111,38,199,1.0,FORMULA,,,,,,False,unidad_raw=litro | seccion=SECCION PINTURA Y PREPARADA PATAS | precio_unitario_raw=18000.0 | total_raw=0.0
3112,38,50,1.0,FORMULA,,,,,,False,unidad_raw=PISTOLADA | seccion=SECCION PINTURA Y PREPARADA PATAS | precio_unitario_raw=20000.0 | total_raw=0.0
3113,38,402,1.0,FORMULA,,,,,,False,unidad_raw=galon | seccion=SECCION PINTURA Y PREPARADA PATAS | total_raw=0.0
3114,38,169,1.0,FORMULA,,,,,,False,unidad_raw=LITRO | seccion=SECCION PINTURA Y PREPARADA PATAS | precio_unitario_raw=4.5 | total_raw=0.0
3115,38,341,1.0,FORMULA,,,,,,False,unidad_raw=LITRO | seccion=SECCION PINTURA Y PREPARADA PATAS | precio_unitario_raw=23000.0 | total_raw=0.0
3116,38,409,16.0,FORMULA,,,,,,False,unidad_raw=UNIDAD | seccion=SECCION PINTURA Y PREPARADA PATAS | precio_unitario_raw=100.0 | total_raw=1600.0
3117,38,174,1.0,FORMULA,,,,,,False,seccion=SECCION PINTURA Y PREPARADA PATAS | total_raw=2400.0
3118,38,406,1.0,FORMULA,,,,,,False,unidad_raw=UNIDAD | seccion=SECCION TERMINACION | precio_unitario_raw=10500.0 | total_raw=0.0
3119,38,338,1.0,FORMULA,,,,,,False,unidad_raw=UNIDAD | seccion=SECCION TERMINACION | precio_unitario_raw=20000.0 | total_raw=0.0
3120,38,339,1.0,FORMULA,,,,,,False,unidad_raw=UNIDAD | seccion=SECCION TERMINACION | precio_unitario_raw=20000.0 | total_raw=0.0
3121,38,237,1.0,FORMULA,,,,,,False,unidad_raw=UNIDADES | seccion=SECCION TERMINACION | precio_unitario_raw=100000.0 | total_raw=0.0
3122,38,16,1.0,FORMULA,,,,,,False,unidad_raw=METROS | seccion=SECCION TERMINACION | precio_unitario_raw=3000.0 | total_raw=0.0
3123,38,6,1.0,FORMULA,,,,,,False,unidad_raw=PAR | seccion=SECCION TERMINACION | precio_unitario_raw=1500.0 | total_raw=0.0
3124,38,97,1.0,FORMULA,,,,,,False,unidad_raw=UNIDADES | seccion=SECCION TERMINACION | precio_unitario_raw=2000.0 | total_raw=0.0
3125,38,194,1.0,FORMULA,,,,,,False,unidad_raw=PAR | seccion=SECCION TERMINACION | precio_unitario_raw=160000.0 | total_raw=0.0
3126,38,198,1.0,FIJO,,,,,,False,unidad_raw=UNIDAD | seccion=SECCION TERMINACION | precio_unitario_raw=26800.0 | total_raw=0.0
3127,38,283,1.0,FORMULA,,,,,,False,unidad_raw=UNIDADES | seccion=SECCION TERMINACION | precio_unitario_raw=3000.0 | total_raw=0.0
3128,38,70,1.0,FIJO,,,,,,False,unidad_raw=unidades | seccion=SECCION TERMINACION | precio_unitario_raw=8000.0 | total_raw=0.0
3129,38,95,1.0,FIJO,,,,,,False,unidad_raw=unidades | seccion=SECCION TERMINACION | precio_unitario_raw=150000.0 | total_raw=150000.0
3130,38,352,1.0,FORMULA,,,,,,False,seccion=SECCION TERMINACION | total_raw=0.0
3131,38,257,600.0,FORMULA,,,,,,False,unidad_raw=APAMATE | seccion=SECCION TERMINACION | precio_unitario_raw=140.0 | total_raw=84000.0
3132,38,241,4.0,LINEAL,,,,,,False,unidad_raw=METROS | seccion=SECCION TERMINACION | precio_unitario_raw=4000.0 | total_raw=16000.0
3133,38,180,6.0,ESPACIADO,,,,,,False,unidad_raw=CAJA | seccion=SECCION TERMINACION | precio_unitario_raw=1000.0 | total_raw=6000.0
3134,38,274,1.0,AREA,,,,,,False,unidad_raw=LAMINA | seccion=SECCION TERMINACION | precio_unitario_raw=140000.0 | total_raw=140000.0
3135,38,49,0.4,VOLUMEN,,,,,,False,unidad_raw=LITRO | seccion=SECCION TERMINACION | precio_unitario_raw=14000.0 | total_raw=5600.0
3136,38,423,40.0,ESPACIADO,,,,,,False,unidad_raw=UNIDAD | seccion=SECCION TERMINACION | precio_unitario_raw=100.0 | total_raw=4000.0
3137,38,296,6.0,FORMULA,,,,,,False,unidad_raw=TIRA | seccion=SECCION TERMINACION | precio_unitario_raw=2100.0 | total_raw=12600.0
3138,38,184,1.0,FIJO,,,,,,False,unidad_raw=UNIDAD | seccion=SECCION TERMINACION | precio_unitario_raw=63000.0 | total_raw=63000.0
3139,38,350,1.0,FORMULA,,,,,,False,unidad_raw=MANO DE OBRA= | seccion=SECCION TAPICERIA MANO DE OBRA=
3140,38,388,13.0,AREA,,,,,,False,unidad_raw=METROS | seccion=SECCION TAPICERIA MANO DE OBRA= | precio_unitario_raw=33500.0 | total_raw=435500.0
3141,38,115,2.5,AREA,,,,,,False,unidad_raw=LAMINA | seccion=SECCION TAPICERIA MANO DE OBRA= | precio_unitario_raw=41340.0 | total_raw=103350.0
3142,38,180,0.5,ESPACIADO,,,,,,False,unidad_raw=CAJA DE GRAPAS | seccion=SECCION TAPICERIA MANO DE OBRA= | precio_unitario_raw=12000.0 | total_raw=6000.0
3143,38,416,20.0,ESPACIADO,,,,,,False,unidad_raw=UNIDADES | seccion=SECCION TAPICERIA MANO DE OBRA= | precio_unitario_raw=100.0 | total_raw=2000.0
3144,38,129,5.0,AREA,,,,,,False,unidad_raw=UNIDADES | seccion=SECCION TAPICERIA MANO DE OBRA= | precio_unitario_raw=30000.0 | total_raw=150000.0
3145,38,108,1.0,FORMULA,,,,,,False,unidad_raw=LAMINA | seccion=SECCION TAPICERIA MANO DE OBRA= | precio_unitario_raw=9804.0 | total_raw=0.0
3146,38,107,1.0,FORMULA,,,,,,False,unidad_raw=MTS | seccion=SECCION TAPICERIA MANO DE OBRA= | precio_unitario_raw=1000.0 | total_raw=0.0
3147,38,87,5.0,AREA,,,,,,False,unidad_raw=METROS | seccion=SECCION TAPICERIA MANO DE OBRA= | precio_unitario_raw=3500.0 | total_raw=17500.0
3148,38,195,0.5,FORMULA,,,,,,False,unidad_raw=UNIDAD | seccion=SECCION TAPICERIA MANO DE OBRA= | precio_unitario_raw=25000.0 | total_raw=12500.0
3149,38,301,1.0,FORMULA,,,,,,False,unidad_raw=PISTOLADA | seccion=SECCION TAPICERIA MANO DE OBRA= | precio_unitario_raw=43000.0 | total_raw=0.0
3150,38,359,0.3,VOLUMEN,,,,,,False,unidad_raw=LITRO | seccion=SECCION TAPICERIA MANO DE OBRA= | precio_unitario_raw=19000.0 | total_raw=5700.0
3151,38,26,4.0,FORMULA,,,,,,False,unidad_raw=UNIDADES | seccion=SECCION TAPICERIA MANO DE OBRA= | precio_unitario_raw=5500.0 | total_raw=22000.0
3152,38,184,1.0,FIJO,,,,,,False,seccion=SECCION TAPICERIA MANO DE OBRA= | precio_unitario_raw=210000.0 | total_raw=210000.0
3153,38,239,1.0,FORMULA,,,,,,False,unidad_raw=METROS | seccion=SECCION TAPICERIA MANO DE OBRA= | precio_unitario_raw=2650.0 | total_raw=0.0
3154,39,255,1300.0,FORMULA,,,,,,False,unidad_raw=APAMATE | seccion=EBANISTA WILMER MANO DE OBRA= | precio_unitario_raw=140.0 | total_raw=182000.0
3155,39,272,0.5,AREA,,,,,,False,unidad_raw=LAMINA | seccion=EBANISTA WILMER MANO DE OBRA= | precio_unitario_raw=67000.0 | total_raw=33500.0
3156,39,221,0.3,AREA,,,,,,False,unidad_raw=LAMINA | seccion=EBANISTA WILMER MANO DE OBRA= | precio_unitario_raw=220000.0 | total_raw=66000.0
3157,39,229,0.75,AREA,,,,,,False,unidad_raw=LAMINA | seccion=EBANISTA WILMER MANO DE OBRA= | precio_unitario_raw=140000.0 | total_raw=105000.0
3158,39,49,2.0,VOLUMEN,,,,,,False,unidad_raw=LITRO | seccion=EBANISTA WILMER MANO DE OBRA= | precio_unitario_raw=14000.0 | total_raw=28000.0
3159,39,180,0.5,ESPACIADO,,,,,,False,unidad_raw=CAJA | seccion=EBANISTA WILMER MANO DE OBRA= | precio_unitario_raw=12000.0 | total_raw=6000.0
3160,39,166,1.0,FIJO,,,,,,False,unidad_raw=PAR | seccion=EBANISTA WILMER MANO DE OBRA= | precio_unitario_raw=20000.0 | total_raw=20000.0
3161,39,155,7.0,FORMULA,,,,,,False,unidad_raw=TIRAS | seccion=EBANISTA WILMER MANO DE OBRA= | precio_unitario_raw=1000.0 | total_raw=7000.0
3162,39,423,250.0,ESPACIADO,,,,,,False,unidad_raw=Unidad | seccion=EBANISTA WILMER MANO DE OBRA= | precio_unitario_raw=100.0 | total_raw=25000.0
3163,39,92,1.0,FORMULA,,,,,,False,seccion=EBANISTA WILMER MANO DE OBRA= | total_raw=315000.0
3164,39,171,1.0,FORMULA,,,,,,False,seccion=EBANISTA WILMER MANO DE OBRA= | total_raw=78750.0
3165,39,72,2.0,FORMULA,,,,,,False,unidad_raw=PAR | seccion=EBANISTA WILMER MANO DE OBRA= | precio_unitario_raw=250000.0 | total_raw=500000.0
3166,39,70,4.0,FORMULA,,,,,,False,unidad_raw=1 PEDAZO DE 1.00X46=46 | seccion=EBANISTA WILMER MANO DE OBRA= | precio_unitario_raw=15000.0 | total_raw=60000.0
3167,39,214,1.0,FORMULA,,,,,,False,unidad_raw=1 PEDASO DE 1.50X40=60 | seccion=EBANISTA WILMER MANO DE OBRA= | precio_unitario_raw=130000.0 | total_raw=0.0
3168,39,217,1.0,FORMULA,,,,,,False,"unidad_raw=1 PEDASO DE 1,50X40=60 | seccion=EBANISTA WILMER MANO DE OBRA= | precio_unitario_raw=140.0"
3169,39,49,1.0,FORMULA,,,,,,False,unidad_raw=litros | seccion=EBANISTA WILMER MANO DE OBRA= | precio_unitario_raw=14000.0 | total_raw=0.0
3170,39,180,1.0,FIJO,,,,,,False,unidad_raw=Unidad | seccion=EBANISTA WILMER MANO DE OBRA= | precio_unitario_raw=600.0 | total_raw=0.0
3171,39,42,1.0,FIJO,,,,,,False,unidad_raw=TIRA | seccion=EBANISTA WILMER MANO DE OBRA= | precio_unitario_raw=1000.0 | total_raw=0.0
3172,39,184,1.0,FIJO,,,,,,False,unidad_raw=PAR | seccion=EBANISTA WILMER MANO DE OBRA= | precio_unitario_raw=157500.0 | total_raw=0.0
3173,39,423,1.0,FIJO,,,,,,False,unidad_raw=Unidad | seccion=EBANISTA WILMER MANO DE OBRA= | precio_unitario_raw=100.0 | total_raw=0.0
3174,39,172,1.0,FORMULA,,,,,,False,seccion=EBANISTA WILMER MANO DE OBRA= | total_raw=28000.0
3175,39,349,1.0,FORMULA,,,,,DE NOCHERO,False,seccion=SECCION PINTURA Y PREPARADA DE NOCHERO
3176,39,331,2.0,FORMULA,,,,,,False,unidad_raw=CON EL 5% | seccion=SECCION PINTURA Y PREPARADA DE NOCHERO | precio_unitario_raw=36750.0 | total_raw=73500.0
3177,39,310,2.0,FORMULA,,,,,,False,unidad_raw=CON EL 5% | seccion=SECCION PINTURA Y PREPARADA DE NOCHERO | precio_unitario_raw=36750.0 | total_raw=73500.0
3178,39,356,2.5,VOLUMEN,,,,,,False,unidad_raw=PISTOLADAS | seccion=SECCION PINTURA Y PREPARADA DE NOCHERO | precio_unitario_raw=18000.0 | total_raw=45000.0
3179,39,251,2.0,FORMULA,,,,,,False,unidad_raw=unidades | seccion=SECCION PINTURA Y PREPARADA DE NOCHERO | precio_unitario_raw=2000.0 | total_raw=4000.0
3180,39,285,1.0,FORMULA,,,,,,False,unidad_raw=galon | seccion=SECCION PINTURA Y PREPARADA DE NOCHERO | precio_unitario_raw=70000.0 | total_raw=0.0
3181,39,432,1.0,FORMULA,,,,,,False,unidad_raw=unidad | seccion=SECCION PINTURA Y PREPARADA DE NOCHERO | precio_unitario_raw=45000.0 | total_raw=0.0
3182,39,368,1.0,FORMULA,,,,,,False,unidad_raw=unidad | seccion=SECCION PINTURA Y PREPARADA DE NOCHERO | precio_unitario_raw=2500.0 | total_raw=0.0
3183,39,401,1.0,FORMULA,,,,,,False,unidad_raw=GALON | seccion=SECCION PINTURA Y PREPARADA DE NOCHERO | precio_unitario_raw=34000.0 | total_raw=0.0
3184,39,408,1.0,FORMULA,,,,,,False,unidad_raw=JALADORES | seccion=SECCION PINTURA Y PREPARADA DE NOCHERO | precio_unitario_raw=3000.0 | total_raw=0.0
3185,39,11,1.5,VOLUMEN,,,,,,False,unidad_raw=PISTOLADA | seccion=SECCION PINTURA Y PREPARADA DE NOCHERO | precio_unitario_raw=57500.0 | total_raw=86250.0
3186,39,50,2.0,VOLUMEN,,,,,,False,unidad_raw=PISTOLADA | seccion=SECCION PINTURA Y PREPARADA DE NOCHERO | precio_unitario_raw=22000.0 | total_raw=44000.0
3187,39,98,1.0,FORMULA,,,,,,False,unidad_raw=galon | seccion=SECCION PINTURA Y PREPARADA DE NOCHERO | precio_unitario_raw=160000.0 | total_raw=0.0
3188,39,169,0.5,LINEAL,,,,,,False,unidad_raw=ML | seccion=SECCION PINTURA Y PREPARADA DE NOCHERO | precio_unitario_raw=4500.0 | total_raw=2250.0
3189,39,341,0.5,VOLUMEN,,,,,,False,unidad_raw=LITRO | seccion=SECCION PINTURA Y PREPARADA DE NOCHERO | precio_unitario_raw=20000.0 | total_raw=10000.0
3190,39,203,2.0,VOLUMEN,,,,,,False,unidad_raw=PISTOLADA | seccion=SECCION PINTURA Y PREPARADA DE NOCHERO | precio_unitario_raw=23000.0 | total_raw=46000.0
3191,39,174,1.0,FORMULA,,,,,,False,seccion=SECCION PINTURA Y PREPARADA DE NOCHERO | total_raw=38450.0
3192,39,349,1.0,FORMULA,,,,,PATAS,False,seccion=SECCION PINTURA Y PREPARADA PATAS
3193,39,331,8.0,FORMULA,,,,,,False,unidad_raw=CON EL 5% | seccion=SECCION PINTURA Y PREPARADA PATAS | precio_unitario_raw=1050.0 | total_raw=8400.0
3194,39,310,8.0,FORMULA,,,,,,False,unidad_raw=CON EL 5% | seccion=SECCION PINTURA Y PREPARADA PATAS | precio_unitario_raw=2100.0 | total_raw=16800.0
3195,39,314,1.0,FIJO,,,,,,False,seccion=SECCION PINTURA Y PREPARADA PATAS | precio_unitario_raw=2100.0 | total_raw=0.0
3196,39,356,0.23,VOLUMEN,,,,,,False,unidad_raw=PISTOLADAS | seccion=SECCION PINTURA Y PREPARADA PATAS | precio_unitario_raw=18000.0 | total_raw=4140.0
3197,39,251,0.5,FORMULA,,,,,,False,unidad_raw=unidades | seccion=SECCION PINTURA Y PREPARADA PATAS | precio_unitario_raw=2000.0 | total_raw=1000.0
3198,39,285,1.0,FORMULA,,,,,,False,unidad_raw=galon | seccion=SECCION PINTURA Y PREPARADA PATAS | total_raw=0.0
3199,39,249,1.0,FORMULA,,,,,,False,unidad_raw=unidad | seccion=SECCION PINTURA Y PREPARADA PATAS | precio_unitario_raw=2000.0 | total_raw=0.0
3200,39,245,1.0,FORMULA,,,,,,False,unidad_raw=unidad | seccion=SECCION PINTURA Y PREPARADA PATAS | precio_unitario_raw=2000.0 | total_raw=0.0
3201,39,205,0.2,VOLUMEN,,,,,,False,unidad_raw=GALON | seccion=SECCION PINTURA Y PREPARADA PATAS | precio_unitario_raw=23000.0 | total_raw=4600.0
3202,39,199,1.0,FORMULA,,,,,,False,unidad_raw=litro | seccion=SECCION PINTURA Y PREPARADA PATAS | precio_unitario_raw=18000.0 | total_raw=0.0
3203,39,50,0.25,VOLUMEN,,,,,,False,unidad_raw=PISTOLADA | seccion=SECCION PINTURA Y PREPARADA PATAS | precio_unitario_raw=22000.0 | total_raw=5500.0
3204,39,402,1.0,FORMULA,,,,,,False,unidad_raw=galon | seccion=SECCION PINTURA Y PREPARADA PATAS | total_raw=0.0
3205,39,169,1.0,FORMULA,,,,,,False,unidad_raw=LITRO | seccion=SECCION PINTURA Y PREPARADA PATAS | precio_unitario_raw=4.5 | total_raw=0.0
3206,39,341,1.0,FORMULA,,,,,,False,unidad_raw=LITRO | seccion=SECCION PINTURA Y PREPARADA PATAS | precio_unitario_raw=23000.0 | total_raw=0.0
3207,39,201,1.0,FORMULA,,,,,,False,unidad_raw=PISTOLADA | seccion=SECCION PINTURA Y PREPARADA PATAS | precio_unitario_raw=23000.0 | total_raw=0.0
3208,39,174,1.0,FORMULA,,,,,,False,seccion=SECCION PINTURA Y PREPARADA PATAS | total_raw=32095.1
3209,39,406,1.0,FORMULA,,,,,,False,unidad_raw=UNIDAD | seccion=SECCION TERMINACION | precio_unitario_raw=10500.0 | total_raw=0.0
3210,39,338,1.0,FORMULA,,,,,,False,unidad_raw=UNIDAD | seccion=SECCION TERMINACION | precio_unitario_raw=20000.0 | total_raw=0.0
3211,39,339,1.0,FORMULA,,,,,,False,unidad_raw=UNIDAD | seccion=SECCION TERMINACION | precio_unitario_raw=20000.0 | total_raw=0.0
3212,39,237,1.0,FORMULA,,,,,,False,unidad_raw=UNIDADES | seccion=SECCION TERMINACION | precio_unitario_raw=100000.0 | total_raw=0.0
3213,39,16,1.0,FORMULA,,,,,,False,unidad_raw=METROS | seccion=SECCION TERMINACION | precio_unitario_raw=3000.0 | total_raw=0.0
3214,39,6,1.0,FORMULA,,,,,,False,unidad_raw=PAR | seccion=SECCION TERMINACION | precio_unitario_raw=1500.0 | total_raw=0.0
3215,39,97,1.0,FORMULA,,,,,,False,unidad_raw=UNIDADES | seccion=SECCION TERMINACION | precio_unitario_raw=2000.0 | total_raw=0.0
3216,39,194,1.0,FORMULA,,,,,,False,unidad_raw=PAR | seccion=SECCION TERMINACION | precio_unitario_raw=160000.0 | total_raw=0.0
3217,39,198,1.0,FIJO,,,,,,False,unidad_raw=UNIDAD | seccion=SECCION TERMINACION | precio_unitario_raw=26800.0 | total_raw=0.0
3218,39,283,1.0,FORMULA,,,,,,False,unidad_raw=UNIDADES | seccion=SECCION TERMINACION | precio_unitario_raw=3000.0 | total_raw=0.0
3219,39,70,1.0,FIJO,,,,,,False,unidad_raw=unidades | seccion=SECCION TERMINACION | precio_unitario_raw=8000.0 | total_raw=0.0
3220,39,95,1.0,FIJO,,,,,,False,unidad_raw=unidades | seccion=SECCION TERMINACION | precio_unitario_raw=150000.0 | total_raw=150000.0
3221,39,352,1.0,FORMULA,,,,,,False,seccion=SECCION TERMINACION | total_raw=0.0
3222,39,257,614.0,FORMULA,,,,,,False,unidad_raw=APAMATE | seccion=SECCION TERMINACION | precio_unitario_raw=140.0 | total_raw=85960.0
3223,39,304,2.0,FORMULA,,,,,,False,seccion=SECCION TERMINACION | precio_unitario_raw=3500.0 | total_raw=7000.0
3224,39,180,0.1,ESPACIADO,,,,,,False,unidad_raw=CAJA | seccion=SECCION TERMINACION | precio_unitario_raw=12000.0 | total_raw=1200.0
3225,39,274,1.0,AREA,,,,,,False,unidad_raw=LAMINA | seccion=SECCION TERMINACION | precio_unitario_raw=140000.0 | total_raw=140000.0
3226,39,49,0.2,VOLUMEN,,,,,,False,unidad_raw=LITRO | seccion=SECCION TERMINACION | precio_unitario_raw=14000.0 | total_raw=2800.0
3227,39,423,40.0,ESPACIADO,,,,,,False,unidad_raw=UNIDAD | seccion=SECCION TERMINACION | precio_unitario_raw=100.0 | total_raw=4000.0
3228,39,33,2.0,ESPACIADO,,,,,,False,unidad_raw=TIRA | seccion=SECCION TERMINACION | precio_unitario_raw=1000.0 | total_raw=2000.0
3229,39,184,1.0,FIJO,,,,,,False,unidad_raw=UNIDAD | seccion=SECCION TERMINACION | precio_unitario_raw=63000.0 | total_raw=63000.0
3230,39,350,1.0,FORMULA,,,,,,False,unidad_raw=MANO DE OBRA= | seccion=SECCION TAPICERIA MANO DE OBRA=
3231,39,381,13.0,AREA,,,,,,False,unidad_raw=METROS | seccion=SECCION TAPICERIA MANO DE OBRA= | precio_unitario_raw=35000.0 | total_raw=455000.0
3232,39,113,0.5,AREA,,,,,,False,unidad_raw=LAMINA | seccion=SECCION TAPICERIA MANO DE OBRA= | precio_unitario_raw=25125.0 | total_raw=12562.5
3233,39,180,1.0,ESPACIADO,,,,,,False,unidad_raw=CAJA DE GRAPAS | seccion=SECCION TAPICERIA MANO DE OBRA= | precio_unitario_raw=12000.0 | total_raw=12000.0
3234,39,298,1.0,FIJO,,,,,,False,unidad_raw=UNIDADES | seccion=SECCION TAPICERIA MANO DE OBRA= | precio_unitario_raw=8000.0 | total_raw=0.0
3235,39,410,1.0,FIJO,,,,,,False,unidad_raw=UNIDADES | seccion=SECCION TAPICERIA MANO DE OBRA= | precio_unitario_raw=100.0 | total_raw=0.0
3236,39,129,1.0,AREA,,,,,,False,unidad_raw=UNIDADES | seccion=SECCION TAPICERIA MANO DE OBRA= | precio_unitario_raw=30000.0 | total_raw=30000.0
3237,39,115,2.0,AREA,,,,,,False,unidad_raw=LAMINA | seccion=SECCION TAPICERIA MANO DE OBRA= | precio_unitario_raw=40000.0 | total_raw=80000.0
3238,39,107,1.0,FORMULA,,,,,,False,unidad_raw=MTS | seccion=SECCION TAPICERIA MANO DE OBRA= | precio_unitario_raw=30000.0 | total_raw=0.0
3239,39,87,1.0,FORMULA,,,,,,False,unidad_raw=METROS | seccion=SECCION TAPICERIA MANO DE OBRA= | precio_unitario_raw=4000.0 | total_raw=0.0
3240,39,195,0.5,FORMULA,,,,,,False,unidad_raw=UNIDAD | seccion=SECCION TAPICERIA MANO DE OBRA= | precio_unitario_raw=28000.0 | total_raw=14000.0
3241,39,17,0.5,FORMULA,,,,,,False,seccion=SECCION TAPICERIA MANO DE OBRA= | precio_unitario_raw=18000.0 | total_raw=9000.0
3242,39,22,1.0,FORMULA,,,,,,False,unidad_raw=ROLLO | seccion=SECCION TAPICERIA MANO DE OBRA= | precio_unitario_raw=12000.0 | total_raw=0.0
3243,39,359,2.0,VOLUMEN,,,,,,False,unidad_raw=LITRO | seccion=SECCION TAPICERIA MANO DE OBRA= | precio_unitario_raw=19000.0 | total_raw=38000.0
3244,39,26,4.0,FORMULA,,,,,,False,unidad_raw=UNIDADES | seccion=SECCION TAPICERIA MANO DE OBRA= | precio_unitario_raw=5000.0 | total_raw=20000.0
3245,39,184,1.0,FIJO,,,,,,False,unidad_raw=CAMA | seccion=SECCION TAPICERIA MANO DE OBRA= | precio_unitario_raw=210000.0 | total_raw=210000.0
3246,39,239,4.0,LINEAL,,,,,,False,unidad_raw=METROS | seccion=SECCION TAPICERIA MANO DE OBRA= | precio_unitario_raw=3500.0 | total_raw=14000.0
3247,40,255,800.0,FORMULA,,,,,,False,unidad_raw=APAMATE | seccion=EBANISTA WILMER MANO DE OBRA= | precio_unitario_raw=140.0 | total_raw=112000.0
3248,40,272,1.0,AREA,,,,,,False,unidad_raw=LAMINA | seccion=EBANISTA WILMER MANO DE OBRA= | precio_unitario_raw=67000.0 | total_raw=67000.0
3249,40,221,0.25,AREA,,,,,,False,unidad_raw=LAMINA | seccion=EBANISTA WILMER MANO DE OBRA= | precio_unitario_raw=220000.0 | total_raw=55000.0
3250,40,229,1.0,FORMULA,,,,,,False,unidad_raw=LAMINA | seccion=EBANISTA WILMER MANO DE OBRA= | precio_unitario_raw=140000.0 | total_raw=0.0
3251,40,232,1.0,FORMULA,,,,,,False,unidad_raw=LAMINA | seccion=EBANISTA WILMER MANO DE OBRA= | precio_unitario_raw=140000.0 | total_raw=0.0
3252,40,49,1.0,VOLUMEN,,,,,,False,unidad_raw=LITRO | seccion=EBANISTA WILMER MANO DE OBRA= | precio_unitario_raw=14000.0 | total_raw=14000.0
3253,40,180,0.5,ESPACIADO,,,,,,False,unidad_raw=CAJA | seccion=EBANISTA WILMER MANO DE OBRA= | precio_unitario_raw=12000.0 | total_raw=6000.0
3254,40,166,1.0,FIJO,,,,,,False,unidad_raw=PAR | seccion=EBANISTA WILMER MANO DE OBRA= | precio_unitario_raw=20000.0 | total_raw=20000.0
3255,40,155,14.0,FORMULA,,,,,,False,unidad_raw=TIRAS | seccion=EBANISTA WILMER MANO DE OBRA= | precio_unitario_raw=1000.0 | total_raw=14000.0
3256,40,423,250.0,ESPACIADO,,,,,,False,unidad_raw=Unidad | seccion=EBANISTA WILMER MANO DE OBRA= | precio_unitario_raw=100.0 | total_raw=25000.0
3257,40,92,1.0,FORMULA,,,,,,False,seccion=EBANISTA WILMER MANO DE OBRA= | total_raw=315000.0
3258,40,171,1.0,FORMULA,,,,,,False,seccion=EBANISTA WILMER MANO DE OBRA= | total_raw=62800.0
3259,40,72,2.0,FORMULA,,,,,,False,unidad_raw=PAR | seccion=EBANISTA WILMER MANO DE OBRA= | precio_unitario_raw=250000.0 | total_raw=500000.0
3260,40,269,1.0,FORMULA,,,,,,False,unidad_raw=1 PEDAZO DE 1.00X46=46 | seccion=EBANISTA WILMER MANO DE OBRA= | precio_unitario_raw=65000.0 | total_raw=0.0
3261,40,214,1.0,FORMULA,,,,,,False,unidad_raw=1 PEDASO DE 1.50X40=60 | seccion=EBANISTA WILMER MANO DE OBRA= | precio_unitario_raw=130000.0 | total_raw=0.0
3262,40,217,1.0,FORMULA,,,,,,False,"unidad_raw=1 PEDASO DE 1,50X40=60 | seccion=EBANISTA WILMER MANO DE OBRA= | precio_unitario_raw=140.0"
3263,40,70,4.0,FORMULA,,,,,,False,unidad_raw=UNIDADES | seccion=EBANISTA WILMER MANO DE OBRA= | precio_unitario_raw=15000.0 | total_raw=60000.0
3264,40,180,1.0,FIJO,,,,,,False,unidad_raw=Unidad | seccion=EBANISTA WILMER MANO DE OBRA= | precio_unitario_raw=600.0 | total_raw=0.0
3265,40,42,1.0,FIJO,,,,,,False,unidad_raw=TIRA | seccion=EBANISTA WILMER MANO DE OBRA= | precio_unitario_raw=1000.0 | total_raw=0.0
3266,40,184,1.0,FIJO,,,,,,False,unidad_raw=PAR | seccion=EBANISTA WILMER MANO DE OBRA= | precio_unitario_raw=157500.0 | total_raw=0.0
3267,40,423,1.0,FIJO,,,,,,False,unidad_raw=Unidad | seccion=EBANISTA WILMER MANO DE OBRA= | precio_unitario_raw=100.0 | total_raw=0.0
3268,40,172,1.0,FORMULA,,,,,,False,seccion=EBANISTA WILMER MANO DE OBRA= | total_raw=28000.0
3269,40,349,1.0,FORMULA,,,,,DE NOCHERO,False,seccion=SECCION PINTURA Y PREPARADA DE NOCHERO
3270,40,331,2.0,FORMULA,,,,,,False,unidad_raw=CON EL 5% | seccion=SECCION PINTURA Y PREPARADA DE NOCHERO | precio_unitario_raw=36750.0 | total_raw=73500.0
3271,40,310,2.0,FORMULA,,,,,,False,unidad_raw=CON EL 5% | seccion=SECCION PINTURA Y PREPARADA DE NOCHERO | precio_unitario_raw=36750.0 | total_raw=73500.0
3272,40,356,2.5,VOLUMEN,,,,,,False,unidad_raw=PISTOLADAS | seccion=SECCION PINTURA Y PREPARADA DE NOCHERO | precio_unitario_raw=18000.0 | total_raw=45000.0
3273,40,251,2.0,FORMULA,,,,,,False,unidad_raw=unidades | seccion=SECCION PINTURA Y PREPARADA DE NOCHERO | precio_unitario_raw=2000.0 | total_raw=4000.0
3274,40,285,1.0,FORMULA,,,,,,False,unidad_raw=galon | seccion=SECCION PINTURA Y PREPARADA DE NOCHERO | precio_unitario_raw=70000.0 | total_raw=0.0
3275,40,432,1.0,FORMULA,,,,,,False,unidad_raw=unidad | seccion=SECCION PINTURA Y PREPARADA DE NOCHERO | precio_unitario_raw=45000.0 | total_raw=0.0
3276,40,368,1.0,FORMULA,,,,,,False,unidad_raw=unidad | seccion=SECCION PINTURA Y PREPARADA DE NOCHERO | precio_unitario_raw=2500.0 | total_raw=0.0
3277,40,401,1.0,FORMULA,,,,,,False,unidad_raw=GALON | seccion=SECCION PINTURA Y PREPARADA DE NOCHERO | precio_unitario_raw=34000.0 | total_raw=0.0
3278,40,408,1.0,FORMULA,,,,,,False,unidad_raw=JALADORES | seccion=SECCION PINTURA Y PREPARADA DE NOCHERO | precio_unitario_raw=3000.0 | total_raw=0.0
3279,40,11,1.5,VOLUMEN,,,,,,False,unidad_raw=PISTOLADA | seccion=SECCION PINTURA Y PREPARADA DE NOCHERO | precio_unitario_raw=57500.0 | total_raw=86250.0
3280,40,50,2.0,VOLUMEN,,,,,,False,unidad_raw=PISTOLADA | seccion=SECCION PINTURA Y PREPARADA DE NOCHERO | precio_unitario_raw=22000.0 | total_raw=44000.0
3281,40,98,1.0,FORMULA,,,,,,False,unidad_raw=galon | seccion=SECCION PINTURA Y PREPARADA DE NOCHERO | precio_unitario_raw=160000.0 | total_raw=0.0
3282,40,169,0.5,LINEAL,,,,,,False,unidad_raw=ML | seccion=SECCION PINTURA Y PREPARADA DE NOCHERO | precio_unitario_raw=4500.0 | total_raw=2250.0
3283,40,341,0.5,VOLUMEN,,,,,,False,unidad_raw=LITRO | seccion=SECCION PINTURA Y PREPARADA DE NOCHERO | precio_unitario_raw=20000.0 | total_raw=10000.0
3284,40,203,2.0,VOLUMEN,,,,,,False,unidad_raw=PISTOLADA | seccion=SECCION PINTURA Y PREPARADA DE NOCHERO | precio_unitario_raw=23000.0 | total_raw=46000.0
3285,40,174,1.0,FORMULA,,,,,,False,seccion=SECCION PINTURA Y PREPARADA DE NOCHERO | total_raw=38450.0
3286,40,349,1.0,FORMULA,,,,,PATAS,False,seccion=SECCION PINTURA Y PREPARADA PATAS
3287,40,331,4.0,FORMULA,,,,,,False,unidad_raw=CON EL 5% | seccion=SECCION PINTURA Y PREPARADA PATAS | precio_unitario_raw=2625.0 | total_raw=10500.0
3288,40,310,4.0,FORMULA,,,,,,False,unidad_raw=CON EL 5% | seccion=SECCION PINTURA Y PREPARADA PATAS | precio_unitario_raw=3150.0 | total_raw=12600.0
3289,40,314,1.0,FIJO,,,,,,False,seccion=SECCION PINTURA Y PREPARADA PATAS | precio_unitario_raw=2100.0 | total_raw=0.0
3290,40,356,1.0,VOLUMEN,,,,,,False,unidad_raw=PISTOLADAS | seccion=SECCION PINTURA Y PREPARADA PATAS | precio_unitario_raw=18000.0 | total_raw=18000.0
3291,40,251,1.0,FORMULA,,,,,,False,unidad_raw=unidades | seccion=SECCION PINTURA Y PREPARADA PATAS | precio_unitario_raw=2000.0 | total_raw=0.0
3292,40,285,1.0,FORMULA,,,,,,False,unidad_raw=galon | seccion=SECCION PINTURA Y PREPARADA PATAS | total_raw=0.0
3293,40,249,1.5,FORMULA,,,,,,False,unidad_raw=unidad | seccion=SECCION PINTURA Y PREPARADA PATAS | precio_unitario_raw=2000.0 | total_raw=3000.0
3294,40,245,1.0,FORMULA,,,,,,False,unidad_raw=unidad | seccion=SECCION PINTURA Y PREPARADA PATAS | precio_unitario_raw=2000.0 | total_raw=0.0
3295,40,205,0.5,VOLUMEN,,,,,,False,unidad_raw=GALON | seccion=SECCION PINTURA Y PREPARADA PATAS | precio_unitario_raw=23000.0 | total_raw=11500.0
3296,40,199,1.0,FORMULA,,,,,,False,unidad_raw=litro | seccion=SECCION PINTURA Y PREPARADA PATAS | precio_unitario_raw=18000.0 | total_raw=0.0
3297,40,50,0.5,VOLUMEN,,,,,,False,unidad_raw=PISTOLADA | seccion=SECCION PINTURA Y PREPARADA PATAS | precio_unitario_raw=22000.0 | total_raw=11000.0
3298,40,402,1.0,FORMULA,,,,,,False,unidad_raw=galon | seccion=SECCION PINTURA Y PREPARADA PATAS | total_raw=0.0
3299,40,169,1.0,FORMULA,,,,,,False,unidad_raw=LITRO | seccion=SECCION PINTURA Y PREPARADA PATAS | precio_unitario_raw=4.5 | total_raw=0.0
3300,40,341,1.0,FORMULA,,,,,,False,unidad_raw=LITRO | seccion=SECCION PINTURA Y PREPARADA PATAS | precio_unitario_raw=23000.0 | total_raw=0.0
3301,40,201,1.0,FORMULA,,,,,,False,unidad_raw=PISTOLADA | seccion=SECCION PINTURA Y PREPARADA PATAS | precio_unitario_raw=23000.0 | total_raw=0.0
3302,40,174,1.0,FORMULA,,,,,,False,seccion=SECCION PINTURA Y PREPARADA PATAS | total_raw=6600.0
3303,40,47,1.0,FIJO,,,,,,False,unidad_raw=PARES | seccion=SECCION TERMINACION | precio_unitario_raw=40000.0 | total_raw=40000.0
3304,40,283,2.0,FORMULA,,,,,,False,unidad_raw=PARES | seccion=SECCION TERMINACION | precio_unitario_raw=6000.0 | total_raw=12000.0
3305,40,339,1.0,FORMULA,,,,,,False,unidad_raw=UNIDAD | seccion=SECCION TERMINACION | precio_unitario_raw=20000.0 | total_raw=0.0
3306,40,237,1.0,FORMULA,,,,,,False,unidad_raw=UNIDADES | seccion=SECCION TERMINACION | precio_unitario_raw=100000.0 | total_raw=0.0
3307,40,16,1.0,FORMULA,,,,,,False,unidad_raw=METROS | seccion=SECCION TERMINACION | precio_unitario_raw=3000.0 | total_raw=0.0
3308,40,6,1.0,FORMULA,,,,,,False,unidad_raw=PAR | seccion=SECCION TERMINACION | precio_unitario_raw=1500.0 | total_raw=0.0
3309,40,97,1.0,FORMULA,,,,,,False,unidad_raw=UNIDADES | seccion=SECCION TERMINACION | precio_unitario_raw=2000.0 | total_raw=0.0
3310,40,194,1.0,FORMULA,,,,,,False,unidad_raw=PAR | seccion=SECCION TERMINACION | precio_unitario_raw=160000.0 | total_raw=0.0
3311,40,198,1.0,FIJO,,,,,,False,unidad_raw=UNIDAD | seccion=SECCION TERMINACION | precio_unitario_raw=26800.0 | total_raw=0.0
3312,40,283,1.0,FORMULA,,,,,,False,unidad_raw=UNIDADES | seccion=SECCION TERMINACION | precio_unitario_raw=3000.0 | total_raw=0.0
3313,40,70,1.0,FIJO,,,,,,False,unidad_raw=unidades | seccion=SECCION TERMINACION | precio_unitario_raw=8000.0 | total_raw=0.0
3314,40,95,1.0,FIJO,,,,,,False,unidad_raw=unidades | seccion=SECCION TERMINACION | precio_unitario_raw=150000.0 | total_raw=150000.0
3315,40,352,1.0,FORMULA,,,,,,False,seccion=SECCION TERMINACION | total_raw=0.0
3316,40,257,614.0,FORMULA,,,,,,False,unidad_raw=APAMATE | seccion=SECCION TERMINACION | precio_unitario_raw=140.0 | total_raw=85960.0
3317,40,304,2.0,FORMULA,,,,,,False,seccion=SECCION TERMINACION | precio_unitario_raw=3500.0 | total_raw=7000.0
3318,40,180,0.1,ESPACIADO,,,,,,False,unidad_raw=CAJA | seccion=SECCION TERMINACION | precio_unitario_raw=12000.0 | total_raw=1200.0
3319,40,274,1.0,AREA,,,,,,False,unidad_raw=LAMINA | seccion=SECCION TERMINACION | precio_unitario_raw=140000.0 | total_raw=140000.0
3320,40,49,0.2,VOLUMEN,,,,,,False,unidad_raw=LITRO | seccion=SECCION TERMINACION | precio_unitario_raw=14000.0 | total_raw=2800.0
3321,40,423,40.0,ESPACIADO,,,,,,False,unidad_raw=UNIDAD | seccion=SECCION TERMINACION | precio_unitario_raw=100.0 | total_raw=4000.0
3322,40,33,2.0,ESPACIADO,,,,,,False,unidad_raw=TIRA | seccion=SECCION TERMINACION | precio_unitario_raw=1000.0 | total_raw=2000.0
3323,40,184,1.0,FIJO,,,,,,False,unidad_raw=UNIDAD | seccion=SECCION TERMINACION | precio_unitario_raw=63000.0 | total_raw=63000.0
3324,40,350,1.0,FORMULA,,,,,,False,unidad_raw=MANO DE OBRA= | seccion=SECCION TAPICERIA MANO DE OBRA=
3325,40,381,12.0,AREA,,,,,,False,unidad_raw=METROS | seccion=SECCION TAPICERIA MANO DE OBRA= | precio_unitario_raw=35000.0 | total_raw=420000.0
3326,40,113,1.0,FORMULA,,,,,,False,unidad_raw=LAMINA | seccion=SECCION TAPICERIA MANO DE OBRA= | precio_unitario_raw=25000.0 | total_raw=0.0
3327,40,180,0.5,ESPACIADO,,,,,,False,unidad_raw=CAJA DE GRAPAS | seccion=SECCION TAPICERIA MANO DE OBRA= | precio_unitario_raw=12000.0 | total_raw=6000.0
3328,40,27,1.0,FORMULA,,,,,,False,unidad_raw=UNIDADES | seccion=SECCION TAPICERIA MANO DE OBRA= | precio_unitario_raw=300.0 | total_raw=0.0
3329,40,410,1.0,FIJO,,,,,,False,unidad_raw=UNIDADES | seccion=SECCION TAPICERIA MANO DE OBRA= | precio_unitario_raw=100.0 | total_raw=0.0
3330,40,129,2.25,AREA,,,,,,False,unidad_raw=UNIDADES | seccion=SECCION TAPICERIA MANO DE OBRA= | precio_unitario_raw=30000.0 | total_raw=67500.0
3331,40,115,1.5,AREA,,,,,,False,unidad_raw=LAMINA | seccion=SECCION TAPICERIA MANO DE OBRA= | precio_unitario_raw=50250.0 | total_raw=75375.0
3332,40,107,1.0,FORMULA,,,,,,False,unidad_raw=MTS | seccion=SECCION TAPICERIA MANO DE OBRA= | precio_unitario_raw=30000.0 | total_raw=0.0
3333,40,342,0.5,LINEAL,,,,,,False,unidad_raw=METROS | seccion=SECCION TAPICERIA MANO DE OBRA= | precio_unitario_raw=37000.0 | total_raw=18500.0
3334,40,195,0.25,FORMULA,,,,,,False,unidad_raw=UNIDAD | seccion=SECCION TAPICERIA MANO DE OBRA= | precio_unitario_raw=25000.0 | total_raw=6250.0
3335,40,302,0.5,FORMULA,,,,,,False,unidad_raw=ROLLO | seccion=SECCION TAPICERIA MANO DE OBRA= | precio_unitario_raw=19000.0 | total_raw=9500.0
3336,40,87,2.0,AREA,,,,,,False,unidad_raw=METROS | seccion=SECCION TAPICERIA MANO DE OBRA= | precio_unitario_raw=3500.0 | total_raw=7000.0
3337,40,359,1.0,VOLUMEN,,,,,,False,unidad_raw=LITRO | seccion=SECCION TAPICERIA MANO DE OBRA= | precio_unitario_raw=19000.0 | total_raw=19000.0
3338,40,26,2.0,FORMULA,,,,,,False,unidad_raw=UNIDADES | seccion=SECCION TAPICERIA MANO DE OBRA= | precio_unitario_raw=5000.0 | total_raw=10000.0
3339,40,184,1.0,FIJO,,,,,,False,unidad_raw=CAMA | seccion=SECCION TAPICERIA MANO DE OBRA= | precio_unitario_raw=210000.0 | total_raw=210000.0
3340,40,239,1.0,FORMULA,,,,,,False,unidad_raw=METROS | seccion=SECCION TAPICERIA MANO DE OBRA= | precio_unitario_raw=2650.0 | total_raw=0.0
3341,41,255,1250.0,FORMULA,,,,,,False,unidad_raw=APAMATE | seccion=EBANISTA WILMER MANO DE OBRA= | precio_unitario_raw=140.0 | total_raw=175000.0
3342,41,272,1.0,AREA,,,,,,False,unidad_raw=LAMINA | seccion=EBANISTA WILMER MANO DE OBRA= | precio_unitario_raw=67000.0 | total_raw=67000.0
3343,41,221,1.0,FORMULA,,,,,,False,unidad_raw=LAMINA | seccion=EBANISTA WILMER MANO DE OBRA= | precio_unitario_raw=220000.0 | total_raw=0.0
3344,41,229,2.0,AREA,,,,,,False,unidad_raw=LAMINA | seccion=EBANISTA WILMER MANO DE OBRA= | precio_unitario_raw=140000.0 | total_raw=280000.0
3345,41,232,1.0,AREA,,,,,,False,unidad_raw=LAMINA | seccion=EBANISTA WILMER MANO DE OBRA= | precio_unitario_raw=140000.0 | total_raw=140000.0
3346,41,49,2.0,VOLUMEN,,,,,,False,unidad_raw=LITRO | seccion=EBANISTA WILMER MANO DE OBRA= | precio_unitario_raw=14000.0 | total_raw=28000.0
3347,41,180,0.5,ESPACIADO,,,,,,False,unidad_raw=CAJA | seccion=EBANISTA WILMER MANO DE OBRA= | precio_unitario_raw=12000.0 | total_raw=6000.0
3348,41,166,1.0,FIJO,,,,,,False,unidad_raw=PAR | seccion=EBANISTA WILMER MANO DE OBRA= | precio_unitario_raw=20000.0 | total_raw=20000.0
3349,41,155,14.0,FORMULA,,,,,,False,unidad_raw=TIRAS | seccion=EBANISTA WILMER MANO DE OBRA= | precio_unitario_raw=1000.0 | total_raw=14000.0
3350,41,423,250.0,ESPACIADO,,,,,,False,unidad_raw=Unidad | seccion=EBANISTA WILMER MANO DE OBRA= | precio_unitario_raw=100.0 | total_raw=25000.0
3351,41,92,1.0,FORMULA,,,,,,False,seccion=EBANISTA WILMER MANO DE OBRA= | total_raw=315000.0
3352,41,171,1.0,FORMULA,,,,,,False,seccion=EBANISTA WILMER MANO DE OBRA= | total_raw=107000.0
3353,41,72,2.0,FORMULA,,,,,,False,unidad_raw=PAR | seccion=EBANISTA WILMER MANO DE OBRA= | precio_unitario_raw=250000.0 | total_raw=500000.0
3354,41,269,1.0,FORMULA,,,,,,False,unidad_raw=1 PEDAZO DE 1.00X46=46 | seccion=EBANISTA WILMER MANO DE OBRA= | precio_unitario_raw=65000.0 | total_raw=0.0
3355,41,214,1.0,FORMULA,,,,,,False,unidad_raw=1 PEDASO DE 1.50X40=60 | seccion=EBANISTA WILMER MANO DE OBRA= | precio_unitario_raw=130000.0 | total_raw=0.0
3356,41,217,1.0,FORMULA,,,,,,False,"unidad_raw=1 PEDASO DE 1,50X40=60 | seccion=EBANISTA WILMER MANO DE OBRA= | precio_unitario_raw=140.0"
3357,41,70,4.0,FORMULA,,,,,,False,unidad_raw=UNIDADES | seccion=EBANISTA WILMER MANO DE OBRA= | precio_unitario_raw=15000.0 | total_raw=60000.0
3358,41,180,1.0,FIJO,,,,,,False,unidad_raw=Unidad | seccion=EBANISTA WILMER MANO DE OBRA= | precio_unitario_raw=600.0 | total_raw=0.0
3359,41,42,1.0,FIJO,,,,,,False,unidad_raw=TIRA | seccion=EBANISTA WILMER MANO DE OBRA= | precio_unitario_raw=1000.0 | total_raw=0.0
3360,41,184,1.0,FIJO,,,,,,False,unidad_raw=PAR | seccion=EBANISTA WILMER MANO DE OBRA= | precio_unitario_raw=157500.0 | total_raw=0.0
3361,41,423,1.0,FIJO,,,,,,False,unidad_raw=Unidad | seccion=EBANISTA WILMER MANO DE OBRA= | precio_unitario_raw=100.0 | total_raw=0.0
3362,41,172,1.0,FORMULA,,,,,,False,seccion=EBANISTA WILMER MANO DE OBRA= | total_raw=28000.0
3363,41,349,1.0,FORMULA,,,,,DE NOCHERO,False,seccion=SECCION PINTURA Y PREPARADA DE NOCHERO
3364,41,331,2.0,FORMULA,,,,,,False,unidad_raw=CON EL 5% | seccion=SECCION PINTURA Y PREPARADA DE NOCHERO | precio_unitario_raw=36750.0 | total_raw=73500.0
3365,41,310,2.0,FORMULA,,,,,,False,unidad_raw=CON EL 5% | seccion=SECCION PINTURA Y PREPARADA DE NOCHERO | precio_unitario_raw=36750.0 | total_raw=73500.0
3366,41,356,2.5,VOLUMEN,,,,,,False,unidad_raw=PISTOLADAS | seccion=SECCION PINTURA Y PREPARADA DE NOCHERO | precio_unitario_raw=18000.0 | total_raw=45000.0
3367,41,251,2.0,FORMULA,,,,,,False,unidad_raw=unidades | seccion=SECCION PINTURA Y PREPARADA DE NOCHERO | precio_unitario_raw=2000.0 | total_raw=4000.0
3368,41,285,1.0,FORMULA,,,,,,False,unidad_raw=galon | seccion=SECCION PINTURA Y PREPARADA DE NOCHERO | precio_unitario_raw=70000.0 | total_raw=0.0
3369,41,432,1.0,FORMULA,,,,,,False,unidad_raw=unidad | seccion=SECCION PINTURA Y PREPARADA DE NOCHERO | precio_unitario_raw=45000.0 | total_raw=0.0
3370,41,368,1.0,FORMULA,,,,,,False,unidad_raw=unidad | seccion=SECCION PINTURA Y PREPARADA DE NOCHERO | precio_unitario_raw=2500.0 | total_raw=0.0
3371,41,401,1.0,FORMULA,,,,,,False,unidad_raw=GALON | seccion=SECCION PINTURA Y PREPARADA DE NOCHERO | precio_unitario_raw=34000.0 | total_raw=0.0
3372,41,408,1.0,FORMULA,,,,,,False,unidad_raw=JALADORES | seccion=SECCION PINTURA Y PREPARADA DE NOCHERO | precio_unitario_raw=3000.0 | total_raw=0.0
3373,41,11,1.5,VOLUMEN,,,,,,False,unidad_raw=PISTOLADA | seccion=SECCION PINTURA Y PREPARADA DE NOCHERO | precio_unitario_raw=57500.0 | total_raw=86250.0
3374,41,50,2.0,VOLUMEN,,,,,,False,unidad_raw=PISTOLADA | seccion=SECCION PINTURA Y PREPARADA DE NOCHERO | precio_unitario_raw=22000.0 | total_raw=44000.0
3375,41,98,1.0,FORMULA,,,,,,False,unidad_raw=galon | seccion=SECCION PINTURA Y PREPARADA DE NOCHERO | precio_unitario_raw=160000.0 | total_raw=0.0
3376,41,169,0.5,LINEAL,,,,,,False,unidad_raw=ML | seccion=SECCION PINTURA Y PREPARADA DE NOCHERO | precio_unitario_raw=4500.0 | total_raw=2250.0
3377,41,341,0.5,VOLUMEN,,,,,,False,unidad_raw=LITRO | seccion=SECCION PINTURA Y PREPARADA DE NOCHERO | precio_unitario_raw=20000.0 | total_raw=10000.0
3378,41,203,2.0,VOLUMEN,,,,,,False,unidad_raw=PISTOLADA | seccion=SECCION PINTURA Y PREPARADA DE NOCHERO | precio_unitario_raw=23000.0 | total_raw=46000.0
3379,41,174,1.0,FORMULA,,,,,,False,seccion=SECCION PINTURA Y PREPARADA DE NOCHERO | total_raw=38450.0
3380,41,349,1.0,FORMULA,,,,,PATAS,False,seccion=SECCION PINTURA Y PREPARADA PATAS
3381,41,331,8.0,FORMULA,,,,,,False,unidad_raw=CON EL 5% | seccion=SECCION PINTURA Y PREPARADA PATAS | precio_unitario_raw=1050.0 | total_raw=8400.0
3382,41,310,8.0,FORMULA,,,,,,False,unidad_raw=CON EL 5% | seccion=SECCION PINTURA Y PREPARADA PATAS | precio_unitario_raw=2100.0 | total_raw=16800.0
3383,41,314,1.0,FIJO,,,,,,False,seccion=SECCION PINTURA Y PREPARADA PATAS | precio_unitario_raw=2100.0 | total_raw=0.0
3384,41,356,0.23,VOLUMEN,,,,,,False,unidad_raw=PISTOLADAS | seccion=SECCION PINTURA Y PREPARADA PATAS | precio_unitario_raw=18000.0 | total_raw=4140.0
3385,41,251,0.5,FORMULA,,,,,,False,unidad_raw=unidades | seccion=SECCION PINTURA Y PREPARADA PATAS | precio_unitario_raw=2000.0 | total_raw=1000.0
3386,41,285,1.0,FORMULA,,,,,,False,unidad_raw=galon | seccion=SECCION PINTURA Y PREPARADA PATAS | total_raw=0.0
3387,41,249,1.0,FORMULA,,,,,,False,unidad_raw=unidad | seccion=SECCION PINTURA Y PREPARADA PATAS | precio_unitario_raw=2000.0 | total_raw=0.0
3388,41,245,1.0,FORMULA,,,,,,False,unidad_raw=unidad | seccion=SECCION PINTURA Y PREPARADA PATAS | precio_unitario_raw=2000.0 | total_raw=0.0
3389,41,205,0.2,VOLUMEN,,,,,,False,unidad_raw=GALON | seccion=SECCION PINTURA Y PREPARADA PATAS | precio_unitario_raw=23000.0 | total_raw=4600.0
3390,41,199,1.0,FORMULA,,,,,,False,unidad_raw=litro | seccion=SECCION PINTURA Y PREPARADA PATAS | precio_unitario_raw=18000.0 | total_raw=0.0
3391,41,50,0.25,VOLUMEN,,,,,,False,unidad_raw=PISTOLADA | seccion=SECCION PINTURA Y PREPARADA PATAS | precio_unitario_raw=22000.0 | total_raw=5500.0
3392,41,402,1.0,FORMULA,,,,,,False,unidad_raw=galon | seccion=SECCION PINTURA Y PREPARADA PATAS | total_raw=0.0
3393,41,169,1.0,FORMULA,,,,,,False,unidad_raw=LITRO | seccion=SECCION PINTURA Y PREPARADA PATAS | precio_unitario_raw=4.5 | total_raw=0.0
3394,41,341,1.0,FORMULA,,,,,,False,unidad_raw=LITRO | seccion=SECCION PINTURA Y PREPARADA PATAS | precio_unitario_raw=23000.0 | total_raw=0.0
3395,41,201,1.0,FORMULA,,,,,,False,unidad_raw=PISTOLADA | seccion=SECCION PINTURA Y PREPARADA PATAS | precio_unitario_raw=23000.0 | total_raw=0.0
3396,41,174,1.0,FORMULA,,,,,,False,seccion=SECCION PINTURA Y PREPARADA PATAS | total_raw=32095.1
3397,41,47,1.0,FIJO,,,,,,False,unidad_raw=PARES | seccion=SECCION TERMINACION | precio_unitario_raw=40000.0 | total_raw=40000.0
3398,41,283,2.0,FORMULA,,,,,,False,unidad_raw=PARES | seccion=SECCION TERMINACION | precio_unitario_raw=6000.0 | total_raw=12000.0
3399,41,339,1.0,FORMULA,,,,,,False,unidad_raw=UNIDAD | seccion=SECCION TERMINACION | precio_unitario_raw=20000.0 | total_raw=0.0
3400,41,237,1.0,FORMULA,,,,,,False,unidad_raw=UNIDADES | seccion=SECCION TERMINACION | precio_unitario_raw=100000.0 | total_raw=0.0
3401,41,16,1.0,FORMULA,,,,,,False,unidad_raw=METROS | seccion=SECCION TERMINACION | precio_unitario_raw=3000.0 | total_raw=0.0
3402,41,6,1.0,FORMULA,,,,,,False,unidad_raw=PAR | seccion=SECCION TERMINACION | precio_unitario_raw=1500.0 | total_raw=0.0
3403,41,97,1.0,FORMULA,,,,,,False,unidad_raw=UNIDADES | seccion=SECCION TERMINACION | precio_unitario_raw=2000.0 | total_raw=0.0
3404,41,194,1.0,FORMULA,,,,,,False,unidad_raw=PAR | seccion=SECCION TERMINACION | precio_unitario_raw=160000.0 | total_raw=0.0
3405,41,198,1.0,FIJO,,,,,,False,unidad_raw=UNIDAD | seccion=SECCION TERMINACION | precio_unitario_raw=26800.0 | total_raw=0.0
3406,41,283,1.0,FORMULA,,,,,,False,unidad_raw=UNIDADES | seccion=SECCION TERMINACION | precio_unitario_raw=3000.0 | total_raw=0.0
3407,41,70,1.0,FIJO,,,,,,False,unidad_raw=unidades | seccion=SECCION TERMINACION | precio_unitario_raw=8000.0 | total_raw=0.0
3408,41,95,1.0,FIJO,,,,,,False,unidad_raw=unidades | seccion=SECCION TERMINACION | precio_unitario_raw=150000.0 | total_raw=150000.0
3409,41,352,1.0,FORMULA,,,,,,False,seccion=SECCION TERMINACION | total_raw=0.0
3410,41,257,614.0,FORMULA,,,,,,False,unidad_raw=APAMATE | seccion=SECCION TERMINACION | precio_unitario_raw=140.0 | total_raw=85960.0
3411,41,304,2.0,FORMULA,,,,,,False,seccion=SECCION TERMINACION | precio_unitario_raw=3500.0 | total_raw=7000.0
3412,41,180,0.1,ESPACIADO,,,,,,False,unidad_raw=CAJA | seccion=SECCION TERMINACION | precio_unitario_raw=12000.0 | total_raw=1200.0
3413,41,274,1.0,AREA,,,,,,False,unidad_raw=LAMINA | seccion=SECCION TERMINACION | precio_unitario_raw=140000.0 | total_raw=140000.0
3414,41,49,0.2,VOLUMEN,,,,,,False,unidad_raw=LITRO | seccion=SECCION TERMINACION | precio_unitario_raw=14000.0 | total_raw=2800.0
3415,41,423,40.0,ESPACIADO,,,,,,False,unidad_raw=UNIDAD | seccion=SECCION TERMINACION | precio_unitario_raw=100.0 | total_raw=4000.0
3416,41,33,2.0,ESPACIADO,,,,,,False,unidad_raw=TIRA | seccion=SECCION TERMINACION | precio_unitario_raw=1000.0 | total_raw=2000.0
3417,41,184,1.0,FIJO,,,,,,False,unidad_raw=UNIDAD | seccion=SECCION TERMINACION | precio_unitario_raw=63000.0 | total_raw=63000.0
3418,41,350,1.0,FORMULA,,,,,,False,unidad_raw=MANO DE OBRA= | seccion=SECCION TAPICERIA MANO DE OBRA=
3419,41,381,13.0,AREA,,,,,,False,unidad_raw=METROS | seccion=SECCION TAPICERIA MANO DE OBRA= | precio_unitario_raw=35000.0 | total_raw=455000.0
3420,41,113,1.0,AREA,,,,,,False,unidad_raw=LAMINA | seccion=SECCION TAPICERIA MANO DE OBRA= | precio_unitario_raw=25000.0 | total_raw=25000.0
3421,41,180,0.5,ESPACIADO,,,,,,False,unidad_raw=CAJA DE GRAPAS | seccion=SECCION TAPICERIA MANO DE OBRA= | precio_unitario_raw=12000.0 | total_raw=6000.0
3422,41,27,1.0,FORMULA,,,,,,False,unidad_raw=UNIDADES | seccion=SECCION TAPICERIA MANO DE OBRA= | precio_unitario_raw=300.0 | total_raw=0.0
3423,41,410,20.0,ESPACIADO,,,,,,False,unidad_raw=UNIDADES | seccion=SECCION TAPICERIA MANO DE OBRA= | precio_unitario_raw=100.0 | total_raw=2000.0
3424,41,129,1.0,FORMULA,,,,,,False,unidad_raw=UNIDADES | seccion=SECCION TAPICERIA MANO DE OBRA= | precio_unitario_raw=30000.0 | total_raw=0.0
3425,41,115,2.0,AREA,,,,,,False,unidad_raw=LAMINA | seccion=SECCION TAPICERIA MANO DE OBRA= | precio_unitario_raw=50250.0 | total_raw=100500.0
3426,41,107,2.5,AREA,,,,,,False,unidad_raw=MTS | seccion=SECCION TAPICERIA MANO DE OBRA= | precio_unitario_raw=30000.0 | total_raw=75000.0
3427,41,342,1.0,FORMULA,,,,,,False,unidad_raw=METROS | seccion=SECCION TAPICERIA MANO DE OBRA= | precio_unitario_raw=3000.0 | total_raw=0.0
3428,41,195,1.0,FORMULA,,,,,,False,unidad_raw=UNIDAD | seccion=SECCION TAPICERIA MANO DE OBRA= | precio_unitario_raw=25000.0 | total_raw=0.0
3429,41,22,1.0,FORMULA,,,,,,False,unidad_raw=ROLLO | seccion=SECCION TAPICERIA MANO DE OBRA= | precio_unitario_raw=12000.0 | total_raw=0.0
3430,41,87,2.7,AREA,,,,,,False,unidad_raw=METROS | seccion=SECCION TAPICERIA MANO DE OBRA= | precio_unitario_raw=3500.0 | total_raw=9450.0
3431,41,359,2.0,VOLUMEN,,,,,,False,unidad_raw=LITRO | seccion=SECCION TAPICERIA MANO DE OBRA= | precio_unitario_raw=19000.0 | total_raw=38000.0
3432,41,26,6.0,FORMULA,,,,,,False,unidad_raw=UNIDADES | seccion=SECCION TAPICERIA MANO DE OBRA= | precio_unitario_raw=5000.0 | total_raw=30000.0
3433,41,184,1.0,FIJO,,,,,,False,unidad_raw=CAMA | seccion=SECCION TAPICERIA MANO DE OBRA= | precio_unitario_raw=210000.0 | total_raw=210000.0
3434,41,239,1.0,FORMULA,,,,,,False,unidad_raw=METROS | seccion=SECCION TAPICERIA MANO DE OBRA= | precio_unitario_raw=2650.0 | total_raw=0.0
3435,42,255,1350.0,FORMULA,,,,,,False,unidad_raw=APAMATE | seccion=EBANISTA WILMER MANO DE OBRA= | precio_unitario_raw=140.0 | total_raw=189000.0
3436,42,272,0.7,AREA,,,,,,False,unidad_raw=LAMINA | seccion=EBANISTA WILMER MANO DE OBRA= | precio_unitario_raw=67000.0 | total_raw=46900.0
3437,42,221,0.5,AREA,,,,,,False,unidad_raw=LAMINA | seccion=EBANISTA WILMER MANO DE OBRA= | precio_unitario_raw=220000.0 | total_raw=110000.0
3438,42,232,0.5,AREA,,,,,,False,unidad_raw=LAMINA | seccion=EBANISTA WILMER MANO DE OBRA= | precio_unitario_raw=140000.0 | total_raw=70000.0
3439,42,49,1.5,VOLUMEN,,,,,,False,unidad_raw=LITRO | seccion=EBANISTA WILMER MANO DE OBRA= | precio_unitario_raw=14000.0 | total_raw=21000.0
3440,42,180,15.0,ESPACIADO,,,,,,False,unidad_raw=CAJA | seccion=EBANISTA WILMER MANO DE OBRA= | precio_unitario_raw=12000.0 | total_raw=180000.0
3441,42,166,1.0,FIJO,,,,,,False,unidad_raw=PAR | seccion=EBANISTA WILMER MANO DE OBRA= | precio_unitario_raw=20000.0 | total_raw=20000.0
3442,42,155,11.0,FORMULA,,,,,,False,unidad_raw=TIRAS | seccion=EBANISTA WILMER MANO DE OBRA= | precio_unitario_raw=1000.0 | total_raw=11000.0
3443,42,423,250.0,ESPACIADO,,,,,,False,unidad_raw=Unidad | seccion=EBANISTA WILMER MANO DE OBRA= | precio_unitario_raw=100.0 | total_raw=25000.0
3444,42,92,1.0,FORMULA,,,,,,False,seccion=EBANISTA WILMER MANO DE OBRA= | total_raw=315000.0
3445,42,171,1.0,FORMULA,,,,,,False,seccion=EBANISTA WILMER MANO DE OBRA= | total_raw=98790.0
3446,42,72,2.0,FORMULA,,,,,,False,unidad_raw=PAR | seccion=EBANISTA WILMER MANO DE OBRA= | precio_unitario_raw=250000.0 | total_raw=500000.0
3447,42,269,1.0,FORMULA,,,,,,False,unidad_raw=1 PEDAZO DE 1.00X46=46 | seccion=EBANISTA WILMER MANO DE OBRA= | precio_unitario_raw=65000.0 | total_raw=0.0
3448,42,214,1.0,FORMULA,,,,,,False,unidad_raw=1 PEDASO DE 1.50X40=60 | seccion=EBANISTA WILMER MANO DE OBRA= | precio_unitario_raw=130000.0 | total_raw=0.0
3449,42,217,1.0,FORMULA,,,,,,False,"unidad_raw=1 PEDASO DE 1,50X40=60 | seccion=EBANISTA WILMER MANO DE OBRA= | precio_unitario_raw=140.0"
3450,42,70,4.0,FORMULA,,,,,,False,unidad_raw=UNIDADES | seccion=EBANISTA WILMER MANO DE OBRA= | precio_unitario_raw=15000.0 | total_raw=60000.0
3451,42,180,1.0,FIJO,,,,,,False,unidad_raw=Unidad | seccion=EBANISTA WILMER MANO DE OBRA= | precio_unitario_raw=600.0 | total_raw=0.0
3452,42,42,1.0,FIJO,,,,,,False,unidad_raw=TIRA | seccion=EBANISTA WILMER MANO DE OBRA= | precio_unitario_raw=1000.0 | total_raw=0.0
3453,42,184,1.0,FIJO,,,,,,False,unidad_raw=PAR | seccion=EBANISTA WILMER MANO DE OBRA= | precio_unitario_raw=157500.0 | total_raw=0.0
3454,42,423,1.0,FIJO,,,,,,False,unidad_raw=Unidad | seccion=EBANISTA WILMER MANO DE OBRA= | precio_unitario_raw=100.0 | total_raw=0.0
3455,42,172,1.0,FORMULA,,,,,,False,seccion=EBANISTA WILMER MANO DE OBRA= | total_raw=28000.0
3456,42,349,1.0,FORMULA,,,,,DE NOCHERO,False,seccion=SECCION PINTURA Y PREPARADA DE NOCHERO
3457,42,331,2.0,FORMULA,,,,,,False,unidad_raw=CON EL 5% | seccion=SECCION PINTURA Y PREPARADA DE NOCHERO | precio_unitario_raw=36750.0 | total_raw=73500.0
3458,42,310,2.0,FORMULA,,,,,,False,unidad_raw=CON EL 5% | seccion=SECCION PINTURA Y PREPARADA DE NOCHERO | precio_unitario_raw=36750.0 | total_raw=73500.0
3459,42,356,2.5,VOLUMEN,,,,,,False,unidad_raw=PISTOLADAS | seccion=SECCION PINTURA Y PREPARADA DE NOCHERO | precio_unitario_raw=18000.0 | total_raw=45000.0
3460,42,251,2.0,FORMULA,,,,,,False,unidad_raw=unidades | seccion=SECCION PINTURA Y PREPARADA DE NOCHERO | precio_unitario_raw=2000.0 | total_raw=4000.0
3461,42,285,1.0,FORMULA,,,,,,False,unidad_raw=galon | seccion=SECCION PINTURA Y PREPARADA DE NOCHERO | precio_unitario_raw=70000.0 | total_raw=0.0
3462,42,432,1.0,FORMULA,,,,,,False,unidad_raw=unidad | seccion=SECCION PINTURA Y PREPARADA DE NOCHERO | precio_unitario_raw=45000.0 | total_raw=0.0
3463,42,368,1.0,FORMULA,,,,,,False,unidad_raw=unidad | seccion=SECCION PINTURA Y PREPARADA DE NOCHERO | precio_unitario_raw=2500.0 | total_raw=0.0
3464,42,401,1.0,FORMULA,,,,,,False,unidad_raw=GALON | seccion=SECCION PINTURA Y PREPARADA DE NOCHERO | precio_unitario_raw=34000.0 | total_raw=0.0
3465,42,408,1.0,FORMULA,,,,,,False,unidad_raw=JALADORES | seccion=SECCION PINTURA Y PREPARADA DE NOCHERO | precio_unitario_raw=3000.0 | total_raw=0.0
3466,42,11,1.5,VOLUMEN,,,,,,False,unidad_raw=PISTOLADA | seccion=SECCION PINTURA Y PREPARADA DE NOCHERO | precio_unitario_raw=57500.0 | total_raw=86250.0
3467,42,50,2.0,VOLUMEN,,,,,,False,unidad_raw=PISTOLADA | seccion=SECCION PINTURA Y PREPARADA DE NOCHERO | precio_unitario_raw=22000.0 | total_raw=44000.0
3468,42,98,1.0,FORMULA,,,,,,False,unidad_raw=galon | seccion=SECCION PINTURA Y PREPARADA DE NOCHERO | precio_unitario_raw=160000.0 | total_raw=0.0
3469,42,169,0.5,LINEAL,,,,,,False,unidad_raw=ML | seccion=SECCION PINTURA Y PREPARADA DE NOCHERO | precio_unitario_raw=4500.0 | total_raw=2250.0
3470,42,341,0.5,VOLUMEN,,,,,,False,unidad_raw=LITRO | seccion=SECCION PINTURA Y PREPARADA DE NOCHERO | precio_unitario_raw=20000.0 | total_raw=10000.0
3471,42,203,2.0,VOLUMEN,,,,,,False,unidad_raw=PISTOLADA | seccion=SECCION PINTURA Y PREPARADA DE NOCHERO | precio_unitario_raw=23000.0 | total_raw=46000.0
3472,42,174,1.0,FORMULA,,,,,,False,seccion=SECCION PINTURA Y PREPARADA DE NOCHERO | total_raw=38450.0
3473,42,349,1.0,FORMULA,,,,,PATAS,False,seccion=SECCION PINTURA Y PREPARADA PATAS
3474,42,331,8.0,FORMULA,,,,,,False,unidad_raw=CON EL 5% | seccion=SECCION PINTURA Y PREPARADA PATAS | precio_unitario_raw=1050.0 | total_raw=8400.0
3475,42,310,8.0,FORMULA,,,,,,False,unidad_raw=CON EL 5% | seccion=SECCION PINTURA Y PREPARADA PATAS | precio_unitario_raw=2100.0 | total_raw=16800.0
3476,42,314,1.0,FIJO,,,,,,False,seccion=SECCION PINTURA Y PREPARADA PATAS | precio_unitario_raw=2100.0 | total_raw=0.0
3477,42,356,0.23,VOLUMEN,,,,,,False,unidad_raw=PISTOLADAS | seccion=SECCION PINTURA Y PREPARADA PATAS | precio_unitario_raw=18000.0 | total_raw=4140.0
3478,42,251,0.5,FORMULA,,,,,,False,unidad_raw=unidades | seccion=SECCION PINTURA Y PREPARADA PATAS | precio_unitario_raw=2000.0 | total_raw=1000.0
3479,42,285,1.0,FORMULA,,,,,,False,unidad_raw=galon | seccion=SECCION PINTURA Y PREPARADA PATAS | total_raw=0.0
3480,42,249,1.0,FORMULA,,,,,,False,unidad_raw=unidad | seccion=SECCION PINTURA Y PREPARADA PATAS | precio_unitario_raw=2000.0 | total_raw=0.0
3481,42,245,1.0,FORMULA,,,,,,False,unidad_raw=unidad | seccion=SECCION PINTURA Y PREPARADA PATAS | precio_unitario_raw=2000.0 | total_raw=0.0
3482,42,205,0.2,VOLUMEN,,,,,,False,unidad_raw=GALON | seccion=SECCION PINTURA Y PREPARADA PATAS | precio_unitario_raw=23000.0 | total_raw=4600.0
3483,42,199,1.0,FORMULA,,,,,,False,unidad_raw=litro | seccion=SECCION PINTURA Y PREPARADA PATAS | precio_unitario_raw=18000.0 | total_raw=0.0
3484,42,50,0.25,VOLUMEN,,,,,,False,unidad_raw=PISTOLADA | seccion=SECCION PINTURA Y PREPARADA PATAS | precio_unitario_raw=22000.0 | total_raw=5500.0
3485,42,402,1.0,FORMULA,,,,,,False,unidad_raw=galon | seccion=SECCION PINTURA Y PREPARADA PATAS | total_raw=0.0
3486,42,169,1.0,FORMULA,,,,,,False,unidad_raw=LITRO | seccion=SECCION PINTURA Y PREPARADA PATAS | precio_unitario_raw=4.5 | total_raw=0.0
3487,42,341,1.0,FORMULA,,,,,,False,unidad_raw=LITRO | seccion=SECCION PINTURA Y PREPARADA PATAS | precio_unitario_raw=23000.0 | total_raw=0.0
3488,42,201,1.0,FORMULA,,,,,,False,unidad_raw=PISTOLADA | seccion=SECCION PINTURA Y PREPARADA PATAS | precio_unitario_raw=23000.0 | total_raw=0.0
3489,42,174,1.0,FORMULA,,,,,,False,seccion=SECCION PINTURA Y PREPARADA PATAS | total_raw=32095.1
3490,42,47,1.0,FIJO,,,,,,False,unidad_raw=PARES | seccion=SECCION TERMINACION | precio_unitario_raw=40000.0 | total_raw=40000.0
3491,42,283,2.0,FORMULA,,,,,,False,unidad_raw=PARES | seccion=SECCION TERMINACION | precio_unitario_raw=6000.0 | total_raw=12000.0
3492,42,339,1.0,FORMULA,,,,,,False,unidad_raw=UNIDAD | seccion=SECCION TERMINACION | precio_unitario_raw=20000.0 | total_raw=0.0
3493,42,237,1.0,FORMULA,,,,,,False,unidad_raw=UNIDADES | seccion=SECCION TERMINACION | precio_unitario_raw=100000.0 | total_raw=0.0
3494,42,16,1.0,FORMULA,,,,,,False,unidad_raw=METROS | seccion=SECCION TERMINACION | precio_unitario_raw=3000.0 | total_raw=0.0
3495,42,6,1.0,FORMULA,,,,,,False,unidad_raw=PAR | seccion=SECCION TERMINACION | precio_unitario_raw=1500.0 | total_raw=0.0
3496,42,97,1.0,FORMULA,,,,,,False,unidad_raw=UNIDADES | seccion=SECCION TERMINACION | precio_unitario_raw=2000.0 | total_raw=0.0
3497,42,194,1.0,FORMULA,,,,,,False,unidad_raw=PAR | seccion=SECCION TERMINACION | precio_unitario_raw=160000.0 | total_raw=0.0
3498,42,198,1.0,FIJO,,,,,,False,unidad_raw=UNIDAD | seccion=SECCION TERMINACION | precio_unitario_raw=26800.0 | total_raw=0.0
3499,42,283,1.0,FORMULA,,,,,,False,unidad_raw=UNIDADES | seccion=SECCION TERMINACION | precio_unitario_raw=3000.0 | total_raw=0.0
3500,42,70,1.0,FIJO,,,,,,False,unidad_raw=unidades | seccion=SECCION TERMINACION | precio_unitario_raw=8000.0 | total_raw=0.0
3501,42,95,1.0,FIJO,,,,,,False,unidad_raw=unidades | seccion=SECCION TERMINACION | precio_unitario_raw=150000.0 | total_raw=150000.0
3502,42,352,1.0,FORMULA,,,,,,False,seccion=SECCION TERMINACION | total_raw=0.0
3503,42,257,614.0,FORMULA,,,,,,False,unidad_raw=APAMATE | seccion=SECCION TERMINACION | precio_unitario_raw=140.0 | total_raw=85960.0
3504,42,304,2.0,FORMULA,,,,,,False,seccion=SECCION TERMINACION | precio_unitario_raw=3500.0 | total_raw=7000.0
3505,42,180,0.1,ESPACIADO,,,,,,False,unidad_raw=CAJA | seccion=SECCION TERMINACION | precio_unitario_raw=12000.0 | total_raw=1200.0
3506,42,274,1.0,AREA,,,,,,False,unidad_raw=LAMINA | seccion=SECCION TERMINACION | precio_unitario_raw=140000.0 | total_raw=140000.0
3507,42,49,0.2,VOLUMEN,,,,,,False,unidad_raw=LITRO | seccion=SECCION TERMINACION | precio_unitario_raw=14000.0 | total_raw=2800.0
3508,42,423,40.0,ESPACIADO,,,,,,False,unidad_raw=UNIDAD | seccion=SECCION TERMINACION | precio_unitario_raw=100.0 | total_raw=4000.0
3509,42,33,2.0,ESPACIADO,,,,,,False,unidad_raw=TIRA | seccion=SECCION TERMINACION | precio_unitario_raw=1000.0 | total_raw=2000.0
3510,42,184,1.0,FIJO,,,,,,False,unidad_raw=UNIDAD | seccion=SECCION TERMINACION | precio_unitario_raw=63000.0 | total_raw=63000.0
3511,42,350,1.0,FORMULA,,,,,,False,unidad_raw=MANO DE OBRA= | seccion=SECCION TAPICERIA MANO DE OBRA=
3512,42,381,11.0,AREA,,,,,,False,unidad_raw=METROS | seccion=SECCION TAPICERIA MANO DE OBRA= | precio_unitario_raw=35000.0 | total_raw=385000.0
3513,42,113,0.5,AREA,,,,,,False,unidad_raw=LAMINA | seccion=SECCION TAPICERIA MANO DE OBRA= | precio_unitario_raw=25000.0 | total_raw=12500.0
3514,42,180,0.5,ESPACIADO,,,,,,False,unidad_raw=CAJA DE GRAPAS | seccion=SECCION TAPICERIA MANO DE OBRA= | precio_unitario_raw=12000.0 | total_raw=6000.0
3515,42,27,1.0,FORMULA,,,,,,False,unidad_raw=UNIDADES | seccion=SECCION TAPICERIA MANO DE OBRA= | precio_unitario_raw=300.0 | total_raw=0.0
3516,42,410,1.0,FIJO,,,,,,False,unidad_raw=UNIDADES | seccion=SECCION TAPICERIA MANO DE OBRA= | precio_unitario_raw=100.0 | total_raw=0.0
3517,42,129,1.0,AREA,,,,,,False,unidad_raw=UNIDADES | seccion=SECCION TAPICERIA MANO DE OBRA= | precio_unitario_raw=30000.0 | total_raw=30000.0
3518,42,115,1.0,AREA,,,,,,False,unidad_raw=LAMINA | seccion=SECCION TAPICERIA MANO DE OBRA= | precio_unitario_raw=50250.0 | total_raw=50250.0
3519,42,107,1.0,FORMULA,,,,,,False,unidad_raw=MTS | seccion=SECCION TAPICERIA MANO DE OBRA= | precio_unitario_raw=1000.0 | total_raw=0.0
3520,42,342,1.0,FORMULA,,,,,,False,unidad_raw=METROS | seccion=SECCION TAPICERIA MANO DE OBRA= | precio_unitario_raw=3000.0 | total_raw=0.0
3521,42,195,0.5,FORMULA,,,,,,False,unidad_raw=UNIDAD | seccion=SECCION TAPICERIA MANO DE OBRA= | precio_unitario_raw=25000.0 | total_raw=12500.0
3522,42,22,1.0,FORMULA,,,,,,False,unidad_raw=ROLLO | seccion=SECCION TAPICERIA MANO DE OBRA= | precio_unitario_raw=12000.0 | total_raw=0.0
3523,42,87,5.0,AREA,,,,,,False,unidad_raw=METROS | seccion=SECCION TAPICERIA MANO DE OBRA= | precio_unitario_raw=3500.0 | total_raw=17500.0
3524,42,359,1.0,VOLUMEN,,,,,,False,unidad_raw=LITRO | seccion=SECCION TAPICERIA MANO DE OBRA= | precio_unitario_raw=19000.0 | total_raw=19000.0
3525,42,26,1.0,FORMULA,,,,,,False,unidad_raw=UNIDADES | seccion=SECCION TAPICERIA MANO DE OBRA= | precio_unitario_raw=5000.0 | total_raw=0.0
3526,42,184,1.0,FIJO,,,,,,False,unidad_raw=CAMA | seccion=SECCION TAPICERIA MANO DE OBRA= | precio_unitario_raw=210000.0 | total_raw=210000.0
3527,42,239,1.0,FORMULA,,,,,,False,unidad_raw=METROS | seccion=SECCION TAPICERIA MANO DE OBRA= | precio_unitario_raw=2650.0 | total_raw=0.0
3528,43,255,450.0,FORMULA,,,,,,False,unidad_raw=APAMATE | seccion=EBANISTA WILMER MANO DE OBRA= | precio_unitario_raw=140.0 | total_raw=63000.0
3529,43,272,1.34,AREA,,,,,,False,unidad_raw=LAMINA | seccion=EBANISTA WILMER MANO DE OBRA= | precio_unitario_raw=67000.0 | total_raw=89780.0
3530,43,221,1.0,AREA,,,,,,False,unidad_raw=LAMINA | seccion=EBANISTA WILMER MANO DE OBRA= | precio_unitario_raw=220000.0 | total_raw=220000.0
3531,43,219,1.0,FORMULA,,,,,,False,unidad_raw=LAMINA | seccion=EBANISTA WILMER MANO DE OBRA= | precio_unitario_raw=130000.0 | total_raw=0.0
3532,43,49,1.5,VOLUMEN,,,,,,False,unidad_raw=LITRO | seccion=EBANISTA WILMER MANO DE OBRA= | precio_unitario_raw=14000.0 | total_raw=21000.0
3533,43,180,0.5,ESPACIADO,,,,,,False,unidad_raw=CAJA | seccion=EBANISTA WILMER MANO DE OBRA= | precio_unitario_raw=12000.0 | total_raw=6000.0
3534,43,166,1.0,FIJO,,,,,,False,unidad_raw=PAR | seccion=EBANISTA WILMER MANO DE OBRA= | precio_unitario_raw=20000.0 | total_raw=20000.0
3535,43,155,15.0,FORMULA,,,,,,False,unidad_raw=TIRAS | seccion=EBANISTA WILMER MANO DE OBRA= | precio_unitario_raw=1000.0 | total_raw=15000.0
3536,43,423,150.0,ESPACIADO,,,,,,False,unidad_raw=Unidad | seccion=EBANISTA WILMER MANO DE OBRA= | precio_unitario_raw=100.0 | total_raw=15000.0
3537,43,92,1.0,FORMULA,,,,,,False,seccion=EBANISTA WILMER MANO DE OBRA= | total_raw=315000.0
3538,43,171,1.0,FORMULA,,,,,,False,seccion=EBANISTA WILMER MANO DE OBRA= | total_raw=76478.0
3539,43,72,2.0,FORMULA,,,,,,False,unidad_raw=PAR | seccion=EBANISTA WILMER MANO DE OBRA= | precio_unitario_raw=250000.0 | total_raw=500000.0
3540,43,269,1.0,FORMULA,,,,,,False,unidad_raw=1 PEDAZO DE 1.00X46=46 | seccion=EBANISTA WILMER MANO DE OBRA= | precio_unitario_raw=65000.0 | total_raw=0.0
3541,43,214,1.0,FORMULA,,,,,,False,unidad_raw=1 PEDASO DE 1.50X40=60 | seccion=EBANISTA WILMER MANO DE OBRA= | precio_unitario_raw=130000.0 | total_raw=0.0
3542,43,217,1.0,FORMULA,,,,,,False,"unidad_raw=1 PEDASO DE 1,50X40=60 | seccion=EBANISTA WILMER MANO DE OBRA= | precio_unitario_raw=140.0"
3543,43,70,4.0,FORMULA,,,,,,False,unidad_raw=UNIDADES | seccion=EBANISTA WILMER MANO DE OBRA= | precio_unitario_raw=15000.0 | total_raw=60000.0
3544,43,180,1.0,FIJO,,,,,,False,unidad_raw=Unidad | seccion=EBANISTA WILMER MANO DE OBRA= | precio_unitario_raw=600.0 | total_raw=0.0
3545,43,42,1.0,FIJO,,,,,,False,unidad_raw=TIRA | seccion=EBANISTA WILMER MANO DE OBRA= | precio_unitario_raw=1000.0 | total_raw=0.0
3546,43,184,1.0,FIJO,,,,,,False,unidad_raw=PAR | seccion=EBANISTA WILMER MANO DE OBRA= | precio_unitario_raw=157500.0 | total_raw=0.0
3547,43,423,1.0,FIJO,,,,,,False,unidad_raw=Unidad | seccion=EBANISTA WILMER MANO DE OBRA= | precio_unitario_raw=100.0 | total_raw=0.0
3548,43,172,1.0,FORMULA,,,,,,False,seccion=EBANISTA WILMER MANO DE OBRA= | total_raw=28000.0
3549,43,349,1.0,FORMULA,,,,,DE NOCHERO,False,seccion=SECCION PINTURA Y PREPARADA DE NOCHERO
3550,43,331,2.0,FORMULA,,,,,,False,unidad_raw=CON EL 5% | seccion=SECCION PINTURA Y PREPARADA DE NOCHERO | precio_unitario_raw=36750.0 | total_raw=73500.0
3551,43,310,2.0,FORMULA,,,,,,False,unidad_raw=CON EL 5% | seccion=SECCION PINTURA Y PREPARADA DE NOCHERO | precio_unitario_raw=36750.0 | total_raw=73500.0
3552,43,356,2.5,VOLUMEN,,,,,,False,unidad_raw=PISTOLADAS | seccion=SECCION PINTURA Y PREPARADA DE NOCHERO | precio_unitario_raw=18000.0 | total_raw=45000.0
3553,43,251,2.0,FORMULA,,,,,,False,unidad_raw=unidades | seccion=SECCION PINTURA Y PREPARADA DE NOCHERO | precio_unitario_raw=2000.0 | total_raw=4000.0
3554,43,285,1.0,FORMULA,,,,,,False,unidad_raw=galon | seccion=SECCION PINTURA Y PREPARADA DE NOCHERO | precio_unitario_raw=70000.0 | total_raw=0.0
3555,43,432,1.0,FORMULA,,,,,,False,unidad_raw=unidad | seccion=SECCION PINTURA Y PREPARADA DE NOCHERO | precio_unitario_raw=45000.0 | total_raw=0.0
3556,43,368,1.0,FORMULA,,,,,,False,unidad_raw=unidad | seccion=SECCION PINTURA Y PREPARADA DE NOCHERO | precio_unitario_raw=2500.0 | total_raw=0.0
3557,43,401,1.0,FORMULA,,,,,,False,unidad_raw=GALON | seccion=SECCION PINTURA Y PREPARADA DE NOCHERO | precio_unitario_raw=34000.0 | total_raw=0.0
3558,43,408,1.0,FORMULA,,,,,,False,unidad_raw=JALADORES | seccion=SECCION PINTURA Y PREPARADA DE NOCHERO | precio_unitario_raw=3000.0 | total_raw=0.0
3559,43,11,1.5,VOLUMEN,,,,,,False,unidad_raw=PISTOLADA | seccion=SECCION PINTURA Y PREPARADA DE NOCHERO | precio_unitario_raw=57500.0 | total_raw=86250.0
3560,43,50,2.0,VOLUMEN,,,,,,False,unidad_raw=PISTOLADA | seccion=SECCION PINTURA Y PREPARADA DE NOCHERO | precio_unitario_raw=22000.0 | total_raw=44000.0
3561,43,98,1.0,FORMULA,,,,,,False,unidad_raw=galon | seccion=SECCION PINTURA Y PREPARADA DE NOCHERO | precio_unitario_raw=160000.0 | total_raw=0.0
3562,43,169,0.5,LINEAL,,,,,,False,unidad_raw=ML | seccion=SECCION PINTURA Y PREPARADA DE NOCHERO | precio_unitario_raw=4500.0 | total_raw=2250.0
3563,43,341,0.5,VOLUMEN,,,,,,False,unidad_raw=LITRO | seccion=SECCION PINTURA Y PREPARADA DE NOCHERO | precio_unitario_raw=20000.0 | total_raw=10000.0
3564,43,203,2.0,VOLUMEN,,,,,,False,unidad_raw=PISTOLADA | seccion=SECCION PINTURA Y PREPARADA DE NOCHERO | precio_unitario_raw=23000.0 | total_raw=46000.0
3565,43,174,1.0,FORMULA,,,,,,False,seccion=SECCION PINTURA Y PREPARADA DE NOCHERO | total_raw=38450.0
3566,43,349,1.0,FORMULA,,,,,PATAS,False,seccion=SECCION PINTURA Y PREPARADA PATAS
3567,43,331,8.0,FORMULA,,,,,,False,unidad_raw=CON EL 5% | seccion=SECCION PINTURA Y PREPARADA PATAS | precio_unitario_raw=1050.0 | total_raw=8400.0
3568,43,310,8.0,FORMULA,,,,,,False,unidad_raw=CON EL 5% | seccion=SECCION PINTURA Y PREPARADA PATAS | precio_unitario_raw=2100.0 | total_raw=16800.0
3569,43,314,1.0,FIJO,,,,,,False,seccion=SECCION PINTURA Y PREPARADA PATAS | precio_unitario_raw=2100.0 | total_raw=0.0
3570,43,356,0.23,VOLUMEN,,,,,,False,unidad_raw=PISTOLADAS | seccion=SECCION PINTURA Y PREPARADA PATAS | precio_unitario_raw=18000.0 | total_raw=4140.0
3571,43,251,0.5,FORMULA,,,,,,False,unidad_raw=unidades | seccion=SECCION PINTURA Y PREPARADA PATAS | precio_unitario_raw=2000.0 | total_raw=1000.0
3572,43,285,1.0,FORMULA,,,,,,False,unidad_raw=galon | seccion=SECCION PINTURA Y PREPARADA PATAS | total_raw=0.0
3573,43,249,1.0,FORMULA,,,,,,False,unidad_raw=unidad | seccion=SECCION PINTURA Y PREPARADA PATAS | precio_unitario_raw=2000.0 | total_raw=0.0
3574,43,245,1.0,FORMULA,,,,,,False,unidad_raw=unidad | seccion=SECCION PINTURA Y PREPARADA PATAS | precio_unitario_raw=2000.0 | total_raw=0.0
3575,43,205,0.2,VOLUMEN,,,,,,False,unidad_raw=GALON | seccion=SECCION PINTURA Y PREPARADA PATAS | precio_unitario_raw=23000.0 | total_raw=4600.0
3576,43,199,1.0,FORMULA,,,,,,False,unidad_raw=litro | seccion=SECCION PINTURA Y PREPARADA PATAS | precio_unitario_raw=18000.0 | total_raw=0.0
3577,43,50,0.25,VOLUMEN,,,,,,False,unidad_raw=PISTOLADA | seccion=SECCION PINTURA Y PREPARADA PATAS | precio_unitario_raw=22000.0 | total_raw=5500.0
3578,43,402,1.0,FORMULA,,,,,,False,unidad_raw=galon | seccion=SECCION PINTURA Y PREPARADA PATAS | total_raw=0.0
3579,43,169,1.0,FORMULA,,,,,,False,unidad_raw=LITRO | seccion=SECCION PINTURA Y PREPARADA PATAS | precio_unitario_raw=4.5 | total_raw=0.0
3580,43,341,1.0,FORMULA,,,,,,False,unidad_raw=LITRO | seccion=SECCION PINTURA Y PREPARADA PATAS | precio_unitario_raw=23000.0 | total_raw=0.0
3581,43,201,1.0,FORMULA,,,,,,False,unidad_raw=PISTOLADA | seccion=SECCION PINTURA Y PREPARADA PATAS | precio_unitario_raw=23000.0 | total_raw=0.0
3582,43,174,1.0,FORMULA,,,,,,False,seccion=SECCION PINTURA Y PREPARADA PATAS | total_raw=32095.1
3583,43,406,1.0,FORMULA,,,,,,False,unidad_raw=UNIDAD | seccion=SECCION TERMINACION | precio_unitario_raw=10500.0 | total_raw=0.0
3584,43,338,1.0,FORMULA,,,,,,False,unidad_raw=UNIDAD | seccion=SECCION TERMINACION | precio_unitario_raw=20000.0 | total_raw=0.0
3585,43,339,1.0,FORMULA,,,,,,False,unidad_raw=UNIDAD | seccion=SECCION TERMINACION | precio_unitario_raw=20000.0 | total_raw=0.0
3586,43,237,1.0,FORMULA,,,,,,False,unidad_raw=UNIDADES | seccion=SECCION TERMINACION | precio_unitario_raw=100000.0 | total_raw=0.0
3587,43,16,1.0,FORMULA,,,,,,False,unidad_raw=METROS | seccion=SECCION TERMINACION | precio_unitario_raw=3000.0 | total_raw=0.0
3588,43,6,1.0,FORMULA,,,,,,False,unidad_raw=PAR | seccion=SECCION TERMINACION | precio_unitario_raw=1500.0 | total_raw=0.0
3589,43,97,1.0,FORMULA,,,,,,False,unidad_raw=UNIDADES | seccion=SECCION TERMINACION | precio_unitario_raw=2000.0 | total_raw=0.0
3590,43,194,1.0,FORMULA,,,,,,False,unidad_raw=PAR | seccion=SECCION TERMINACION | precio_unitario_raw=160000.0 | total_raw=0.0
3591,43,198,1.0,FIJO,,,,,,False,unidad_raw=UNIDAD | seccion=SECCION TERMINACION | precio_unitario_raw=26800.0 | total_raw=0.0
3592,43,283,1.0,FORMULA,,,,,,False,unidad_raw=UNIDADES | seccion=SECCION TERMINACION | precio_unitario_raw=3000.0 | total_raw=0.0
3593,43,70,1.0,FIJO,,,,,,False,unidad_raw=unidades | seccion=SECCION TERMINACION | precio_unitario_raw=8000.0 | total_raw=0.0
3594,43,95,1.0,FIJO,,,,,,False,unidad_raw=unidades | seccion=SECCION TERMINACION | precio_unitario_raw=150000.0 | total_raw=150000.0
3595,43,352,1.0,FORMULA,,,,,,False,seccion=SECCION TERMINACION | total_raw=0.0
3596,43,257,614.0,FORMULA,,,,,,False,unidad_raw=APAMATE | seccion=SECCION TERMINACION | precio_unitario_raw=140.0 | total_raw=85960.0
3597,43,304,2.0,FORMULA,,,,,,False,seccion=SECCION TERMINACION | precio_unitario_raw=3500.0 | total_raw=7000.0
3598,43,180,0.1,ESPACIADO,,,,,,False,unidad_raw=CAJA | seccion=SECCION TERMINACION | precio_unitario_raw=12000.0 | total_raw=1200.0
3599,43,274,1.0,AREA,,,,,,False,unidad_raw=LAMINA | seccion=SECCION TERMINACION | precio_unitario_raw=140000.0 | total_raw=140000.0
3600,43,49,0.2,VOLUMEN,,,,,,False,unidad_raw=LITRO | seccion=SECCION TERMINACION | precio_unitario_raw=14000.0 | total_raw=2800.0
3601,43,423,40.0,ESPACIADO,,,,,,False,unidad_raw=UNIDAD | seccion=SECCION TERMINACION | precio_unitario_raw=100.0 | total_raw=4000.0
3602,43,33,2.0,ESPACIADO,,,,,,False,unidad_raw=TIRA | seccion=SECCION TERMINACION | precio_unitario_raw=1000.0 | total_raw=2000.0
3603,43,184,1.0,FIJO,,,,,,False,unidad_raw=UNIDAD | seccion=SECCION TERMINACION | precio_unitario_raw=63000.0 | total_raw=63000.0
3604,43,350,1.0,FORMULA,,,,,,False,unidad_raw=MANO DE OBRA= | seccion=SECCION TAPICERIA MANO DE OBRA=
3605,43,381,13.0,AREA,,,,,,False,unidad_raw=METROS | seccion=SECCION TAPICERIA MANO DE OBRA= | precio_unitario_raw=35000.0 | total_raw=455000.0
3606,43,113,1.0,FORMULA,,,,,,False,unidad_raw=LAMINA | seccion=SECCION TAPICERIA MANO DE OBRA= | precio_unitario_raw=25000.0 | total_raw=0.0
3607,43,180,0.5,ESPACIADO,,,,,,False,unidad_raw=CAJA DE GRAPAS | seccion=SECCION TAPICERIA MANO DE OBRA= | precio_unitario_raw=12000.0 | total_raw=6000.0
3608,43,27,260.0,FORMULA,,,,,,False,unidad_raw=UNIDADES | seccion=SECCION TAPICERIA MANO DE OBRA= | precio_unitario_raw=300.0 | total_raw=78000.0
3609,43,410,1.0,FIJO,,,,,,False,unidad_raw=UNIDADES | seccion=SECCION TAPICERIA MANO DE OBRA= | precio_unitario_raw=100.0 | total_raw=0.0
3610,43,129,1.0,FORMULA,,,,,,False,unidad_raw=UNIDADES | seccion=SECCION TAPICERIA MANO DE OBRA= | precio_unitario_raw=30000.0 | total_raw=0.0
3611,43,115,3.0,AREA,,,,,,False,unidad_raw=LAMINA | seccion=SECCION TAPICERIA MANO DE OBRA= | precio_unitario_raw=50250.0 | total_raw=150750.0
3612,43,107,1.0,FORMULA,,,,,,False,unidad_raw=MTS | seccion=SECCION TAPICERIA MANO DE OBRA= | precio_unitario_raw=1000.0 | total_raw=0.0
3613,43,342,10.0,LINEAL,,,,,,False,unidad_raw=METROS | seccion=SECCION TAPICERIA MANO DE OBRA= | precio_unitario_raw=3000.0 | total_raw=30000.0
3614,43,195,1.0,FORMULA,,,,,,False,unidad_raw=UNIDAD | seccion=SECCION TAPICERIA MANO DE OBRA= | precio_unitario_raw=25000.0 | total_raw=0.0
3615,43,22,1.0,FIJO,,,,,,False,unidad_raw=ROLLO | seccion=SECCION TAPICERIA MANO DE OBRA= | precio_unitario_raw=12000.0 | total_raw=12000.0
3616,43,87,6.0,AREA,,,,,,False,unidad_raw=METROS | seccion=SECCION TAPICERIA MANO DE OBRA= | precio_unitario_raw=3500.0 | total_raw=21000.0
3617,43,359,2.0,VOLUMEN,,,,,,False,unidad_raw=LITRO | seccion=SECCION TAPICERIA MANO DE OBRA= | precio_unitario_raw=19000.0 | total_raw=38000.0
3618,43,26,4.0,FORMULA,,,,,,False,unidad_raw=UNIDADES | seccion=SECCION TAPICERIA MANO DE OBRA= | precio_unitario_raw=5000.0 | total_raw=20000.0
3619,43,184,1.0,FIJO,,,,,,False,unidad_raw=CAMA | seccion=SECCION TAPICERIA MANO DE OBRA= | precio_unitario_raw=210000.0 | total_raw=210000.0
3620,43,239,1.0,FORMULA,,,,,,False,unidad_raw=METROS | seccion=SECCION TAPICERIA MANO DE OBRA= | precio_unitario_raw=2650.0 | total_raw=0.0
3621,44,255,1751.0,FORMULA,,,,,,False,unidad_raw=APAMATE | seccion=EBANISTA JORGE OLAYA MANO DE OBRA= 300000 | precio_unitario_raw=140.0 | total_raw=245140.0
3622,44,272,0.0,AREA,,,,,,False,unidad_raw=LAMINA | seccion=EBANISTA JORGE OLAYA MANO DE OBRA= 300000 | precio_unitario_raw=67000.0 | total_raw=0.0
3623,44,221,1.0,AREA,,,,,,False,unidad_raw=LAMINA | seccion=EBANISTA JORGE OLAYA MANO DE OBRA= 300000 | precio_unitario_raw=220000.0 | total_raw=220000.0
3624,44,223,3.0,AREA,,,,,,False,unidad_raw=LAMINA | seccion=EBANISTA JORGE OLAYA MANO DE OBRA= 300000 | precio_unitario_raw=68000.0 | total_raw=204000.0
3625,44,49,1.0,VOLUMEN,,,,,,False,unidad_raw=LITRO | seccion=EBANISTA JORGE OLAYA MANO DE OBRA= 300000 | precio_unitario_raw=14000.0 | total_raw=14000.0
3626,44,180,0.3,ESPACIADO,,,,,,False,unidad_raw=CAJA | seccion=EBANISTA JORGE OLAYA MANO DE OBRA= 300000 | precio_unitario_raw=12000.0 | total_raw=3600.0
3627,44,166,2.0,FORMULA,,,,,,False,unidad_raw=PAR | seccion=EBANISTA JORGE OLAYA MANO DE OBRA= 300000 | precio_unitario_raw=20000.0 | total_raw=40000.0
3628,44,155,20.0,FORMULA,,,,,,False,unidad_raw=TIRAS | seccion=EBANISTA JORGE OLAYA MANO DE OBRA= 300000 | precio_unitario_raw=1000.0 | total_raw=20000.0
3629,44,423,400.0,ESPACIADO,,,,,,False,unidad_raw=Unidad | seccion=EBANISTA JORGE OLAYA MANO DE OBRA= 300000 | precio_unitario_raw=100.0 | total_raw=40000.0
3630,44,92,1.0,FORMULA,,,,,,False,seccion=EBANISTA JORGE OLAYA MANO DE OBRA= 300000 | total_raw=315000.0
3631,44,171,1.0,FORMULA,,,,,,False,seccion=EBANISTA JORGE OLAYA MANO DE OBRA= 300000 | total_raw=60375.0
3632,44,72,0.0,FORMULA,,,,,,False,unidad_raw=PAR | seccion=EBANISTA JORGE OLAYA MANO DE OBRA= 300000 | precio_unitario_raw=250000.0 | total_raw=0.0
3633,44,269,0.0,AREA,,,,,,False,unidad_raw=1 PEDAZO DE 1.00X46=46 | seccion=EBANISTA JORGE OLAYA MANO DE OBRA= 300000 | precio_unitario_raw=65000.0 | total_raw=0.0
3634,44,214,1.0,FORMULA,,,,,,False,unidad_raw=1 PEDASO DE 1.50X40=60 | seccion=EBANISTA JORGE OLAYA MANO DE OBRA= 300000 | precio_unitario_raw=130000.0 | total_raw=0.0
3635,44,217,1.0,FORMULA,,,,,,False,"unidad_raw=1 PEDASO DE 1,50X40=60 | seccion=EBANISTA JORGE OLAYA MANO DE OBRA= 300000 | precio_unitario_raw=140.0"
3636,44,49,1.0,FORMULA,,,,,,False,unidad_raw=litros | seccion=EBANISTA JORGE OLAYA MANO DE OBRA= 300000 | precio_unitario_raw=14000.0 | total_raw=0.0
3637,44,180,1.0,FIJO,,,,,,False,unidad_raw=Unidad | seccion=EBANISTA JORGE OLAYA MANO DE OBRA= 300000 | precio_unitario_raw=600.0 | total_raw=0.0
3638,44,42,1.0,FIJO,,,,,,False,unidad_raw=TIRA | seccion=EBANISTA JORGE OLAYA MANO DE OBRA= 300000 | precio_unitario_raw=1000.0 | total_raw=0.0
3639,44,184,1.0,FIJO,,,,,,False,unidad_raw=PAR | seccion=EBANISTA JORGE OLAYA MANO DE OBRA= 300000 | precio_unitario_raw=157500.0 | total_raw=0.0
3640,44,423,1.0,FIJO,,,,,,False,unidad_raw=Unidad | seccion=EBANISTA JORGE OLAYA MANO DE OBRA= 300000 | precio_unitario_raw=100.0 | total_raw=0.0
3641,44,172,1.0,FORMULA,,,,,,False,seccion=EBANISTA JORGE OLAYA MANO DE OBRA= 300000 | total_raw=26294.75
3642,44,349,1.0,FORMULA,,,,,DE NOCHERO,False,seccion=SECCION PINTURA Y PREPARADA DE NOCHERO
3643,44,331,2.0,FORMULA,,,,,,False,unidad_raw=CON EL 5% | seccion=SECCION PINTURA Y PREPARADA DE NOCHERO | precio_unitario_raw=36750.0 | total_raw=73500.0
3644,44,310,2.0,FORMULA,,,,,,False,unidad_raw=CON EL 5% | seccion=SECCION PINTURA Y PREPARADA DE NOCHERO | precio_unitario_raw=36750.0 | total_raw=73500.0
3645,44,356,2.5,VOLUMEN,,,,,,False,unidad_raw=PISTOLADAS | seccion=SECCION PINTURA Y PREPARADA DE NOCHERO | precio_unitario_raw=18000.0 | total_raw=45000.0
3646,44,251,2.0,FORMULA,,,,,,False,unidad_raw=unidades | seccion=SECCION PINTURA Y PREPARADA DE NOCHERO | precio_unitario_raw=2000.0 | total_raw=4000.0
3647,44,285,1.0,FORMULA,,,,,,False,unidad_raw=galon | seccion=SECCION PINTURA Y PREPARADA DE NOCHERO | precio_unitario_raw=70000.0 | total_raw=0.0
3648,44,432,1.0,FORMULA,,,,,,False,unidad_raw=unidad | seccion=SECCION PINTURA Y PREPARADA DE NOCHERO | precio_unitario_raw=45000.0 | total_raw=0.0
3649,44,368,1.0,FORMULA,,,,,,False,unidad_raw=unidad | seccion=SECCION PINTURA Y PREPARADA DE NOCHERO | precio_unitario_raw=2500.0 | total_raw=0.0
3650,44,401,1.0,FORMULA,,,,,,False,unidad_raw=GALON | seccion=SECCION PINTURA Y PREPARADA DE NOCHERO | precio_unitario_raw=34000.0 | total_raw=0.0
3651,44,408,1.0,FORMULA,,,,,,False,unidad_raw=JALADORES | seccion=SECCION PINTURA Y PREPARADA DE NOCHERO | precio_unitario_raw=3000.0 | total_raw=0.0
3652,44,11,1.5,VOLUMEN,,,,,,False,unidad_raw=PISTOLADA | seccion=SECCION PINTURA Y PREPARADA DE NOCHERO | precio_unitario_raw=57500.0 | total_raw=86250.0
3653,44,50,2.0,VOLUMEN,,,,,,False,unidad_raw=PISTOLADA | seccion=SECCION PINTURA Y PREPARADA DE NOCHERO | precio_unitario_raw=22000.0 | total_raw=44000.0
3654,44,98,1.0,FORMULA,,,,,,False,unidad_raw=galon | seccion=SECCION PINTURA Y PREPARADA DE NOCHERO | precio_unitario_raw=160000.0 | total_raw=0.0
3655,44,169,0.5,LINEAL,,,,,,False,unidad_raw=ML | seccion=SECCION PINTURA Y PREPARADA DE NOCHERO | precio_unitario_raw=4500.0 | total_raw=2250.0
3656,44,341,0.5,VOLUMEN,,,,,,False,unidad_raw=LITRO | seccion=SECCION PINTURA Y PREPARADA DE NOCHERO | precio_unitario_raw=20000.0 | total_raw=10000.0
3657,44,203,2.0,VOLUMEN,,,,,,False,unidad_raw=PISTOLADA | seccion=SECCION PINTURA Y PREPARADA DE NOCHERO | precio_unitario_raw=23000.0 | total_raw=46000.0
3658,44,174,1.0,FORMULA,,,,,,False,seccion=SECCION PINTURA Y PREPARADA DE NOCHERO | total_raw=38450.0
3659,44,349,1.0,FORMULA,,,,,PATAS,False,seccion=SECCION PINTURA Y PREPARADA PATAS
3660,44,331,8.0,FORMULA,,,,,,False,unidad_raw=CON EL 5% | seccion=SECCION PINTURA Y PREPARADA PATAS | precio_unitario_raw=1050.0 | total_raw=8400.0
3661,44,310,8.0,FORMULA,,,,,,False,unidad_raw=CON EL 5% | seccion=SECCION PINTURA Y PREPARADA PATAS | precio_unitario_raw=2100.0 | total_raw=16800.0
3662,44,314,1.0,FIJO,,,,,,False,seccion=SECCION PINTURA Y PREPARADA PATAS | precio_unitario_raw=2100.0 | total_raw=0.0
3663,44,356,0.23,VOLUMEN,,,,,,False,unidad_raw=PISTOLADAS | seccion=SECCION PINTURA Y PREPARADA PATAS | precio_unitario_raw=18000.0 | total_raw=4140.0
3664,44,251,0.5,FORMULA,,,,,,False,unidad_raw=unidades | seccion=SECCION PINTURA Y PREPARADA PATAS | precio_unitario_raw=2000.0 | total_raw=1000.0
3665,44,285,1.0,FORMULA,,,,,,False,unidad_raw=galon | seccion=SECCION PINTURA Y PREPARADA PATAS | total_raw=0.0
3666,44,249,1.0,FORMULA,,,,,,False,unidad_raw=unidad | seccion=SECCION PINTURA Y PREPARADA PATAS | precio_unitario_raw=2000.0 | total_raw=0.0
3667,44,245,1.0,FORMULA,,,,,,False,unidad_raw=unidad | seccion=SECCION PINTURA Y PREPARADA PATAS | precio_unitario_raw=2000.0 | total_raw=0.0
3668,44,205,0.2,VOLUMEN,,,,,,False,unidad_raw=GALON | seccion=SECCION PINTURA Y PREPARADA PATAS | precio_unitario_raw=23000.0 | total_raw=4600.0
3669,44,199,1.0,FORMULA,,,,,,False,unidad_raw=litro | seccion=SECCION PINTURA Y PREPARADA PATAS | precio_unitario_raw=18000.0 | total_raw=0.0
3670,44,50,0.25,VOLUMEN,,,,,,False,unidad_raw=PISTOLADA | seccion=SECCION PINTURA Y PREPARADA PATAS | precio_unitario_raw=22000.0 | total_raw=5500.0
3671,44,402,1.0,FORMULA,,,,,,False,unidad_raw=galon | seccion=SECCION PINTURA Y PREPARADA PATAS | total_raw=0.0
3672,44,169,1.0,FORMULA,,,,,,False,unidad_raw=LITRO | seccion=SECCION PINTURA Y PREPARADA PATAS | precio_unitario_raw=4.5 | total_raw=0.0
3673,44,341,1.0,FORMULA,,,,,,False,unidad_raw=LITRO | seccion=SECCION PINTURA Y PREPARADA PATAS | precio_unitario_raw=23000.0 | total_raw=0.0
3674,44,201,1.0,FORMULA,,,,,,False,unidad_raw=PISTOLADA | seccion=SECCION PINTURA Y PREPARADA PATAS | precio_unitario_raw=23000.0 | total_raw=0.0
3675,44,174,1.0,FORMULA,,,,,,False,seccion=SECCION PINTURA Y PREPARADA PATAS | total_raw=32095.1
3676,44,406,1.0,FORMULA,,,,,,False,unidad_raw=UNIDAD | seccion=SECCION TERMINACION | precio_unitario_raw=10500.0 | total_raw=0.0
3677,44,338,1.0,FORMULA,,,,,,False,unidad_raw=UNIDAD | seccion=SECCION TERMINACION | precio_unitario_raw=20000.0 | total_raw=0.0
3678,44,339,1.0,FORMULA,,,,,,False,unidad_raw=UNIDAD | seccion=SECCION TERMINACION | precio_unitario_raw=20000.0 | total_raw=0.0
3679,44,237,1.0,FORMULA,,,,,,False,unidad_raw=UNIDADES | seccion=SECCION TERMINACION | precio_unitario_raw=100000.0 | total_raw=0.0
3680,44,16,1.0,FORMULA,,,,,,False,unidad_raw=METROS | seccion=SECCION TERMINACION | precio_unitario_raw=3000.0 | total_raw=0.0
3681,44,6,1.0,FORMULA,,,,,,False,unidad_raw=PAR | seccion=SECCION TERMINACION | precio_unitario_raw=1500.0 | total_raw=0.0
3682,44,97,1.0,FORMULA,,,,,,False,unidad_raw=UNIDADES | seccion=SECCION TERMINACION | precio_unitario_raw=2000.0 | total_raw=0.0
3683,44,194,1.0,FORMULA,,,,,,False,unidad_raw=PAR | seccion=SECCION TERMINACION | precio_unitario_raw=160000.0 | total_raw=0.0
3684,44,198,1.0,FIJO,,,,,,False,unidad_raw=UNIDAD | seccion=SECCION TERMINACION | precio_unitario_raw=26800.0 | total_raw=0.0
3685,44,283,1.0,FORMULA,,,,,,False,unidad_raw=UNIDADES | seccion=SECCION TERMINACION | precio_unitario_raw=3000.0 | total_raw=0.0
3686,44,70,1.0,FIJO,,,,,,False,unidad_raw=unidades | seccion=SECCION TERMINACION | precio_unitario_raw=8000.0 | total_raw=0.0
3687,44,95,1.0,FIJO,,,,,,False,unidad_raw=unidades | seccion=SECCION TERMINACION | precio_unitario_raw=150000.0 | total_raw=150000.0
3688,44,352,1.0,FORMULA,,,,,,False,seccion=SECCION TERMINACION | total_raw=0.0
3689,44,257,614.0,FORMULA,,,,,,False,unidad_raw=APAMATE | seccion=SECCION TERMINACION | precio_unitario_raw=140.0 | total_raw=85960.0
3690,44,304,2.0,FORMULA,,,,,,False,seccion=SECCION TERMINACION | precio_unitario_raw=3500.0 | total_raw=7000.0
3691,44,180,0.1,ESPACIADO,,,,,,False,unidad_raw=CAJA | seccion=SECCION TERMINACION | precio_unitario_raw=12000.0 | total_raw=1200.0
3692,44,274,1.0,AREA,,,,,,False,unidad_raw=LAMINA | seccion=SECCION TERMINACION | precio_unitario_raw=140000.0 | total_raw=140000.0
3693,44,49,0.2,VOLUMEN,,,,,,False,unidad_raw=LITRO | seccion=SECCION TERMINACION | precio_unitario_raw=14000.0 | total_raw=2800.0
3694,44,423,40.0,ESPACIADO,,,,,,False,unidad_raw=UNIDAD | seccion=SECCION TERMINACION | precio_unitario_raw=100.0 | total_raw=4000.0
3695,44,33,2.0,ESPACIADO,,,,,,False,unidad_raw=TIRA | seccion=SECCION TERMINACION | precio_unitario_raw=1000.0 | total_raw=2000.0
3696,44,184,1.0,FIJO,,,,,,False,unidad_raw=UNIDAD | seccion=SECCION TERMINACION | precio_unitario_raw=63000.0 | total_raw=63000.0
3697,44,350,1.0,FORMULA,,,,,,False,unidad_raw=MANO DE OBRA= | seccion=SECCION TAPICERIA MANO DE OBRA=
3698,44,381,13.0,AREA,,,,,,False,unidad_raw=METROS | seccion=SECCION TAPICERIA MANO DE OBRA= | precio_unitario_raw=35000.0 | total_raw=455000.0
3699,44,113,0.5,AREA,,,,,,False,unidad_raw=LAMINA | seccion=SECCION TAPICERIA MANO DE OBRA= | precio_unitario_raw=25000.0 | total_raw=12500.0
3700,44,180,0.8,ESPACIADO,,,,,,False,unidad_raw=CAJA DE GRAPAS | seccion=SECCION TAPICERIA MANO DE OBRA= | precio_unitario_raw=12000.0 | total_raw=9600.0
3701,44,298,1.0,FIJO,,,,,,False,unidad_raw=UNIDADES | seccion=SECCION TAPICERIA MANO DE OBRA= | precio_unitario_raw=8000.0 | total_raw=0.0
3702,44,410,1.0,FIJO,,,,,,False,unidad_raw=UNIDADES | seccion=SECCION TAPICERIA MANO DE OBRA= | precio_unitario_raw=100.0 | total_raw=0.0
3703,44,129,2.0,AREA,,,,,,False,unidad_raw=UNIDADES | seccion=SECCION TAPICERIA MANO DE OBRA= | precio_unitario_raw=30000.0 | total_raw=60000.0
3704,44,115,3.5,AREA,,,,,,False,unidad_raw=LAMINA | seccion=SECCION TAPICERIA MANO DE OBRA= | precio_unitario_raw=50000.0 | total_raw=175000.0
3705,44,107,1.0,FORMULA,,,,,,False,unidad_raw=MTS | seccion=SECCION TAPICERIA MANO DE OBRA= | precio_unitario_raw=1000.0 | total_raw=0.0
3706,44,87,2.0,AREA,,,,,,False,unidad_raw=METROS | seccion=SECCION TAPICERIA MANO DE OBRA= | precio_unitario_raw=4000.0 | total_raw=8000.0
3707,44,195,0.5,FORMULA,,,,,,False,unidad_raw=UNIDAD | seccion=SECCION TAPICERIA MANO DE OBRA= | precio_unitario_raw=25000.0 | total_raw=12500.0
3708,44,22,1.0,FIJO,,,,,,False,unidad_raw=ROLLO | seccion=SECCION TAPICERIA MANO DE OBRA= | precio_unitario_raw=12000.0 | total_raw=12000.0
3709,44,359,1.0,VOLUMEN,,,,,,False,unidad_raw=LITRO | seccion=SECCION TAPICERIA MANO DE OBRA= | precio_unitario_raw=19000.0 | total_raw=19000.0
3710,44,26,4.0,FORMULA,,,,,,False,unidad_raw=UNIDADES | seccion=SECCION TAPICERIA MANO DE OBRA= | precio_unitario_raw=5000.0 | total_raw=20000.0
3711,44,184,1.0,FIJO,,,,,,False,unidad_raw=CAMA | seccion=SECCION TAPICERIA MANO DE OBRA= | precio_unitario_raw=210000.0 | total_raw=210000.0
3712,44,239,3.1,LINEAL,,,,,,False,unidad_raw=METROS | seccion=SECCION TAPICERIA MANO DE OBRA= | precio_unitario_raw=2650.0 | total_raw=8215.0
3713,45,255,1775.0,FORMULA,,,,,,False,unidad_raw=APAMATE | seccion=EBANISTA EDUAR MANO DE OBRA= EN CRUDO | precio_unitario_raw=140.0 | total_raw=248500.0
3714,45,272,0.57,AREA,,,,,,False,"unidad_raw=0,30X 1,90 DE MDF DE 3 | seccion=EBANISTA EDUAR MANO DE OBRA= EN CRUDO | precio_unitario_raw=16800.0 | total_raw=9576.0"
3715,45,221,1.5,AREA,,,,,,False,unidad_raw=LAMINA | seccion=EBANISTA EDUAR MANO DE OBRA= EN CRUDO | precio_unitario_raw=220000.0 | total_raw=330000.0
3716,45,234,1.8,AREA,,,,,,False,unidad_raw=LAMINA | seccion=EBANISTA EDUAR MANO DE OBRA= EN CRUDO | precio_unitario_raw=32000.0 | total_raw=57600.0
3717,45,49,1.0,VOLUMEN,,,,,,False,unidad_raw=LITRO | seccion=EBANISTA EDUAR MANO DE OBRA= EN CRUDO | precio_unitario_raw=14000.0 | total_raw=14000.0
3718,45,180,0.5,ESPACIADO,,,,,,False,unidad_raw=CAJA | seccion=EBANISTA EDUAR MANO DE OBRA= EN CRUDO | precio_unitario_raw=12000.0 | total_raw=6000.0
3719,45,166,1.0,FIJO,,,,,,False,unidad_raw=PAR | seccion=EBANISTA EDUAR MANO DE OBRA= EN CRUDO | precio_unitario_raw=20000.0 | total_raw=20000.0
3720,45,359,0.5,VOLUMEN,,,,,,False,unidad_raw=LITRO | seccion=EBANISTA EDUAR MANO DE OBRA= EN CRUDO | precio_unitario_raw=13300.0 | total_raw=6650.0
3721,45,155,5.0,FORMULA,,,,,,False,unidad_raw=TIRAS | seccion=EBANISTA EDUAR MANO DE OBRA= EN CRUDO | precio_unitario_raw=1000.0 | total_raw=5000.0
3722,45,423,120.0,ESPACIADO,,,,,,False,unidad_raw=Unidad | seccion=EBANISTA EDUAR MANO DE OBRA= EN CRUDO | precio_unitario_raw=100.0 | total_raw=12000.0
3723,45,92,1.0,FORMULA,,,,,,False,seccion=EBANISTA EDUAR MANO DE OBRA= EN CRUDO | total_raw=315000.0
3724,45,171,1.0,FORMULA,,,,,,False,seccion=EBANISTA EDUAR MANO DE OBRA= EN CRUDO | total_raw=102432.6
3725,45,72,4.0,FORMULA,,,,,,False,unidad_raw=PAR | seccion=EBANISTA EDUAR MANO DE OBRA= EN CRUDO | precio_unitario_raw=10000.0 | total_raw=40000.0
3726,45,269,1.0,FORMULA,,,,,,False,unidad_raw=1 PEDAZO DE 1.00X46=46 | seccion=EBANISTA EDUAR MANO DE OBRA= EN CRUDO | precio_unitario_raw=65000.0 | total_raw=0.0
3727,45,214,1.0,FORMULA,,,,,,False,unidad_raw=1 PEDASO DE 1.50X40=60 | seccion=EBANISTA EDUAR MANO DE OBRA= EN CRUDO | precio_unitario_raw=130000.0 | total_raw=0.0
3728,45,217,1.0,FORMULA,,,,,,False,"unidad_raw=1 PEDASO DE 1,50X40=60 | seccion=EBANISTA EDUAR MANO DE OBRA= EN CRUDO | precio_unitario_raw=140.0"
3729,45,49,1.0,FORMULA,,,,,,False,unidad_raw=litros | seccion=EBANISTA EDUAR MANO DE OBRA= EN CRUDO | precio_unitario_raw=14000.0 | total_raw=0.0
3730,45,180,1.0,FIJO,,,,,,False,unidad_raw=Unidad | seccion=EBANISTA EDUAR MANO DE OBRA= EN CRUDO | precio_unitario_raw=600.0 | total_raw=0.0
3731,45,42,1.0,FIJO,,,,,,False,unidad_raw=TIRA | seccion=EBANISTA EDUAR MANO DE OBRA= EN CRUDO | precio_unitario_raw=1000.0 | total_raw=0.0
3732,45,184,2.0,FORMULA,,,,,,False,unidad_raw=PAR | seccion=EBANISTA EDUAR MANO DE OBRA= EN CRUDO | precio_unitario_raw=250000.0 | total_raw=500000.0
3733,45,423,1.0,FIJO,,,,,,False,unidad_raw=Unidad | seccion=EBANISTA EDUAR MANO DE OBRA= EN CRUDO | precio_unitario_raw=100.0 | total_raw=0.0
3734,45,172,1.0,FORMULA,,,,,,False,seccion=EBANISTA EDUAR MANO DE OBRA= EN CRUDO | total_raw=27000.0
3735,45,349,1.0,FORMULA,,,,,DE NOCHERO,False,seccion=SECCION PINTURA Y PREPARADA DE NOCHERO
3736,45,331,2.0,FORMULA,,,,,,False,unidad_raw=CON EL 5% | seccion=SECCION PINTURA Y PREPARADA DE NOCHERO | precio_unitario_raw=36750.0 | total_raw=73500.0
3737,45,310,2.0,FORMULA,,,,,,False,unidad_raw=CON EL 5% | seccion=SECCION PINTURA Y PREPARADA DE NOCHERO | precio_unitario_raw=36750.0 | total_raw=73500.0
3738,45,356,4.0,VOLUMEN,,,,,,False,unidad_raw=PISTOLADAS | seccion=SECCION PINTURA Y PREPARADA DE NOCHERO | precio_unitario_raw=18000.0 | total_raw=72000.0
3739,45,251,2.0,FORMULA,,,,,,False,unidad_raw=unidades | seccion=SECCION PINTURA Y PREPARADA DE NOCHERO | precio_unitario_raw=2000.0 | total_raw=4000.0
3740,45,285,1.0,FORMULA,,,,,,False,unidad_raw=galon | seccion=SECCION PINTURA Y PREPARADA DE NOCHERO | precio_unitario_raw=70000.0 | total_raw=0.0
3741,45,432,1.0,FORMULA,,,,,,False,unidad_raw=unidad | seccion=SECCION PINTURA Y PREPARADA DE NOCHERO | precio_unitario_raw=45000.0 | total_raw=0.0
3742,45,368,1.0,FORMULA,,,,,,False,unidad_raw=unidad | seccion=SECCION PINTURA Y PREPARADA DE NOCHERO | precio_unitario_raw=2500.0 | total_raw=0.0
3743,45,401,1.0,FORMULA,,,,,,False,unidad_raw=GALON | seccion=SECCION PINTURA Y PREPARADA DE NOCHERO | precio_unitario_raw=34000.0 | total_raw=0.0
3744,45,408,1.0,FORMULA,,,,,,False,unidad_raw=JALADORES | seccion=SECCION PINTURA Y PREPARADA DE NOCHERO | precio_unitario_raw=3000.0 | total_raw=0.0
3745,45,69,2.5,VOLUMEN,,,,,,False,unidad_raw=PISTOLADA | seccion=SECCION PINTURA Y PREPARADA DE NOCHERO | precio_unitario_raw=22000.0 | total_raw=55000.0
3746,45,50,2.0,VOLUMEN,,,,,,False,unidad_raw=PISTOLADA | seccion=SECCION PINTURA Y PREPARADA DE NOCHERO | precio_unitario_raw=22000.0 | total_raw=44000.0
3747,45,98,1.0,FORMULA,,,,,,False,unidad_raw=galon | seccion=SECCION PINTURA Y PREPARADA DE NOCHERO | precio_unitario_raw=160000.0 | total_raw=0.0
3748,45,169,0.5,LINEAL,,,,,,False,unidad_raw=ML | seccion=SECCION PINTURA Y PREPARADA DE NOCHERO | precio_unitario_raw=4500.0 | total_raw=2250.0
3749,45,341,0.5,VOLUMEN,,,,,,False,unidad_raw=LITRO | seccion=SECCION PINTURA Y PREPARADA DE NOCHERO | precio_unitario_raw=20000.0 | total_raw=10000.0
3750,45,203,1.5,VOLUMEN,,,,,,False,unidad_raw=PISTOLADA | seccion=SECCION PINTURA Y PREPARADA DE NOCHERO | precio_unitario_raw=22000.0 | total_raw=33000.0
3751,45,174,1.0,FORMULA,,,,,,False,seccion=SECCION PINTURA Y PREPARADA DE NOCHERO | total_raw=36725.0
3752,45,349,1.0,FORMULA,,,,,DE CAMA,False,seccion=SECCION PINTURA Y PREPARADA DE CAMA
3753,45,331,1.0,FIJO,,,,,,False,unidad_raw=CON EL 5% | seccion=SECCION PINTURA Y PREPARADA DE CAMA | precio_unitario_raw=73500.0 | total_raw=73500.0
3754,45,310,1.0,FIJO,,,,,,False,unidad_raw=CON EL 5% | seccion=SECCION PINTURA Y PREPARADA DE CAMA | precio_unitario_raw=63000.0 | total_raw=63000.0
3755,45,314,1.0,FIJO,,,,,,False,seccion=SECCION PINTURA Y PREPARADA DE CAMA | precio_unitario_raw=2100.0 | total_raw=0.0
3756,45,356,2.0,VOLUMEN,,,,,,False,unidad_raw=PISTOLADAS | seccion=SECCION PINTURA Y PREPARADA DE CAMA | precio_unitario_raw=18000.0 | total_raw=36000.0
3757,45,251,1.5,FORMULA,,,,,,False,unidad_raw=unidades | seccion=SECCION PINTURA Y PREPARADA DE CAMA | precio_unitario_raw=2000.0 | total_raw=3000.0
3758,45,285,1.0,FORMULA,,,,,,False,unidad_raw=galon | seccion=SECCION PINTURA Y PREPARADA DE CAMA | total_raw=0.0
3759,45,249,1.0,FORMULA,,,,,,False,unidad_raw=unidad | seccion=SECCION PINTURA Y PREPARADA DE CAMA | precio_unitario_raw=2000.0 | total_raw=0.0
3760,45,245,1.0,FORMULA,,,,,,False,unidad_raw=unidad | seccion=SECCION PINTURA Y PREPARADA DE CAMA | precio_unitario_raw=2000.0 | total_raw=0.0
3761,45,205,2.5,VOLUMEN,,,,,,False,unidad_raw=GALON | seccion=SECCION PINTURA Y PREPARADA DE CAMA | precio_unitario_raw=22000.0 | total_raw=55000.0
3762,45,199,1.0,FORMULA,,,,,,False,unidad_raw=litro | seccion=SECCION PINTURA Y PREPARADA DE CAMA | precio_unitario_raw=18000.0 | total_raw=0.0
3763,45,69,1.0,FORMULA,,,,,,False,unidad_raw=PISTOLADA | seccion=SECCION PINTURA Y PREPARADA DE CAMA | precio_unitario_raw=22000.0 | total_raw=77000.0
3764,45,402,3.5,VOLUMEN,,,,,,False,unidad_raw=galon | seccion=SECCION PINTURA Y PREPARADA DE CAMA
3765,45,169,0.5,VOLUMEN,,,,,,False,unidad_raw=LITRO | seccion=SECCION PINTURA Y PREPARADA DE CAMA | precio_unitario_raw=4500.0 | total_raw=2250.0
3766,45,341,0.2,VOLUMEN,,,,,,False,unidad_raw=LITRO | seccion=SECCION PINTURA Y PREPARADA DE CAMA | precio_unitario_raw=23000.0 | total_raw=4600.0
3767,45,201,1.0,FORMULA,,,,,,False,unidad_raw=PISTOLADA | seccion=SECCION PINTURA Y PREPARADA DE CAMA | precio_unitario_raw=23000.0 | total_raw=0.0
3768,45,174,1.0,FORMULA,,,,,,False,seccion=SECCION PINTURA Y PREPARADA DE CAMA | total_raw=31435.0
3769,45,103,1.0,LINEAL,,,,,,False,unidad_raw=METRO | seccion=SECCION TERMINACION | precio_unitario_raw=137800.0 | total_raw=137800.0
3770,45,10,10.3,FORMULA,,,,,,False,unidad_raw=UNIDAD | seccion=SECCION TERMINACION | precio_unitario_raw=7000.0 | total_raw=72100.0
3771,45,85,1.0,FIJO,,,,,,False,unidad_raw=UNIDAD | seccion=SECCION TERMINACION | precio_unitario_raw=50000.0 | total_raw=50000.0
3772,45,237,1.0,FORMULA,,,,,,False,unidad_raw=UNIDADES | seccion=SECCION TERMINACION | precio_unitario_raw=100000.0
3773,45,16,1.0,FORMULA,,,,,,False,unidad_raw=METROS | seccion=SECCION TERMINACION | precio_unitario_raw=3000.0 | total_raw=0.0
3774,45,6,1.0,FORMULA,,,,,,False,unidad_raw=PAR | seccion=SECCION TERMINACION | precio_unitario_raw=1500.0 | total_raw=0.0
3775,45,97,1.0,FORMULA,,,,,,False,unidad_raw=UNIDADES | seccion=SECCION TERMINACION | precio_unitario_raw=2000.0 | total_raw=0.0
3776,45,194,1.0,FORMULA,,,,,,False,unidad_raw=PAR | seccion=SECCION TERMINACION | precio_unitario_raw=160000.0 | total_raw=0.0
3777,45,198,1.0,FIJO,,,,,,False,unidad_raw=UNIDAD | seccion=SECCION TERMINACION | precio_unitario_raw=26800.0 | total_raw=0.0
3778,45,283,1.0,FORMULA,,,,,,False,unidad_raw=UNIDADES | seccion=SECCION TERMINACION | precio_unitario_raw=3000.0 | total_raw=0.0
3779,45,70,1.0,FIJO,,,,,,False,unidad_raw=unidades | seccion=SECCION TERMINACION | precio_unitario_raw=10000.0 | total_raw=0.0
3780,45,95,1.0,FIJO,,,,,,False,unidad_raw=unidades | seccion=SECCION TERMINACION | precio_unitario_raw=150000.0 | total_raw=150000.0
3781,45,354,1.0,FORMULA,,,,,,False,seccion=SECCION TERMINACION | total_raw=0.0
3782,45,257,730.0,FORMULA,,,,,,False,unidad_raw=APAMATE | seccion=SECCION TERMINACION | precio_unitario_raw=140.0 | total_raw=0.0
3783,45,305,2.0,FORMULA,,,,,,False,seccion=SECCION TERMINACION | precio_unitario_raw=3500.0 | total_raw=102200.0
3784,45,180,0.3,ESPACIADO,,,,,,False,unidad_raw=CAJA | seccion=SECCION TERMINACION | precio_unitario_raw=12000.0 | total_raw=0.0
3785,45,274,1.0,AREA,,,,,,False,unidad_raw=LAMINA | seccion=SECCION TERMINACION | precio_unitario_raw=140000.0 | total_raw=3600.0
3786,45,49,0.2,VOLUMEN,,,,,,False,unidad_raw=LITRO | seccion=SECCION TERMINACION | precio_unitario_raw=14000.0 | total_raw=140000.0
3787,45,423,40.0,ESPACIADO,,,,,,False,unidad_raw=UNIDAD | seccion=SECCION TERMINACION | precio_unitario_raw=100.0 | total_raw=2800.0
3788,45,33,2.0,ESPACIADO,,,,,,False,unidad_raw=TIRA | seccion=SECCION TERMINACION | precio_unitario_raw=1000.0 | total_raw=4000.0
3789,45,184,1.0,FIJO,,,,,,False,unidad_raw=UNIDAD | seccion=SECCION TERMINACION | precio_unitario_raw=63000.0 | total_raw=63000.0
3790,45,350,1.0,FORMULA,,,,,,False,unidad_raw=MANO DE OBRA= | seccion=SECCION TAPICERIA MANO DE OBRA=
3791,45,383,4.0,AREA,,,,,,False,unidad_raw=METROS | seccion=SECCION TAPICERIA MANO DE OBRA= | precio_unitario_raw=31000.0 | total_raw=124000.0
3792,45,129,1.25,AREA,,,,,,False,unidad_raw=LAMINA | seccion=SECCION TAPICERIA MANO DE OBRA= | precio_unitario_raw=30000.0 | total_raw=37500.0
3793,45,180,0.5,ESPACIADO,,,,,,False,unidad_raw=CAJA DE GRAPAS | seccion=SECCION TAPICERIA MANO DE OBRA= | precio_unitario_raw=12000.0 | total_raw=6000.0
3794,45,298,1.0,FIJO,,,,,,False,unidad_raw=UNIDADES | seccion=SECCION TAPICERIA MANO DE OBRA= | total_raw=6000.0
3795,45,410,50.0,ESPACIADO,,,,,,False,unidad_raw=UNIDADES | seccion=SECCION TAPICERIA MANO DE OBRA= | precio_unitario_raw=100.0 | total_raw=5000.0
3796,45,145,0.0,AREA,,,,,,False,unidad_raw=UNIDADES | seccion=SECCION TAPICERIA MANO DE OBRA= | precio_unitario_raw=30000.0 | total_raw=5000.0
3797,45,115,0.0,AREA,,,,,,False,unidad_raw=LAMINA | seccion=SECCION TAPICERIA MANO DE OBRA= | precio_unitario_raw=50000.0 | total_raw=0.0
3798,45,287,1.0,FORMULA,,,,,,False,unidad_raw=MTS | seccion=SECCION TAPICERIA MANO DE OBRA= | precio_unitario_raw=1000.0 | total_raw=0.0
3799,45,87,0.0,AREA,,,,,,False,unidad_raw=METROS | seccion=SECCION TAPICERIA MANO DE OBRA= | precio_unitario_raw=4000.0 | total_raw=0.0
3800,45,195,0.5,FORMULA,,,,,,False,unidad_raw=UNIDAD | seccion=SECCION TAPICERIA MANO DE OBRA= | precio_unitario_raw=25000.0 | total_raw=0.0
3801,45,22,0.0,FORMULA,,,,,,False,unidad_raw=ROLLO | seccion=SECCION TAPICERIA MANO DE OBRA= | precio_unitario_raw=12000.0 | total_raw=12500.0
3802,45,359,0.2,VOLUMEN,,,,,,False,unidad_raw=LITRO | seccion=SECCION TAPICERIA MANO DE OBRA= | precio_unitario_raw=19000.0 | total_raw=0.0
3803,45,26,0.0,FORMULA,,,,,,False,unidad_raw=UNIDADES | seccion=SECCION TAPICERIA MANO DE OBRA= | precio_unitario_raw=5000.0 | total_raw=3800.0
3804,45,184,1.0,FIJO,,,,,,False,unidad_raw=CAMA | seccion=SECCION TAPICERIA MANO DE OBRA= | precio_unitario_raw=210000.0 | total_raw=210000.0
3805,45,239,0.0,LINEAL,,,,,,False,unidad_raw=METROS | seccion=SECCION TAPICERIA MANO DE OBRA= | precio_unitario_raw=2650.0 | total_raw=210000.0
3806,46,255,1000.0,FORMULA,,,,,,False,unidad_raw=APAMATE | seccion=EBANISTA WILMER MANO DE OBRA= | precio_unitario_raw=140.0 | total_raw=140000.0
3807,46,272,1.25,AREA,,,,,,False,unidad_raw=LAMINA | seccion=EBANISTA WILMER MANO DE OBRA= | precio_unitario_raw=67000.0 | total_raw=83750.0
3808,46,221,0.0,AREA,,,,,,False,unidad_raw=LAMINA | seccion=EBANISTA WILMER MANO DE OBRA= | precio_unitario_raw=210000.0 | total_raw=0.0
3809,46,219,1.0,FORMULA,,,,,,False,unidad_raw=LAMINA | seccion=EBANISTA WILMER MANO DE OBRA= | precio_unitario_raw=130000.0 | total_raw=0.0
3810,46,49,1.0,VOLUMEN,,,,,,False,unidad_raw=LITRO | seccion=EBANISTA WILMER MANO DE OBRA= | precio_unitario_raw=14000.0 | total_raw=14000.0
3811,46,180,0.5,ESPACIADO,,,,,,False,unidad_raw=CAJA | seccion=EBANISTA WILMER MANO DE OBRA= | precio_unitario_raw=12000.0 | total_raw=6000.0
3812,46,166,1.0,FIJO,,,,,,False,unidad_raw=PAR | seccion=EBANISTA WILMER MANO DE OBRA= | precio_unitario_raw=20000.0 | total_raw=20000.0
3813,46,155,15.0,FORMULA,,,,,,False,unidad_raw=TIRAS | seccion=EBANISTA WILMER MANO DE OBRA= | precio_unitario_raw=1000.0 | total_raw=15000.0
3814,46,423,100.0,ESPACIADO,,,,,,False,unidad_raw=Unidad | seccion=EBANISTA WILMER MANO DE OBRA= | precio_unitario_raw=100.0 | total_raw=10000.0
3815,46,92,1.0,FORMULA,,,,,,False,seccion=EBANISTA WILMER MANO DE OBRA= | total_raw=315000.0
3816,46,171,1.0,FORMULA,,,,,,False,seccion=EBANISTA WILMER MANO DE OBRA= | total_raw=60375.0
3817,46,72,2.0,FORMULA,,,,,,False,unidad_raw=PAR | seccion=EBANISTA WILMER MANO DE OBRA= | precio_unitario_raw=250000.0 | total_raw=500000.0
3818,46,269,1.0,FORMULA,,,,,,False,unidad_raw=1 PEDAZO DE 1.00X46=46 | seccion=EBANISTA WILMER MANO DE OBRA= | precio_unitario_raw=65000.0 | total_raw=0.0
3819,46,214,1.0,FORMULA,,,,,,False,unidad_raw=1 PEDASO DE 1.50X40=60 | seccion=EBANISTA WILMER MANO DE OBRA= | precio_unitario_raw=130000.0 | total_raw=0.0
3820,46,217,1.0,FORMULA,,,,,,False,"unidad_raw=1 PEDASO DE 1,50X40=60 | seccion=EBANISTA WILMER MANO DE OBRA= | precio_unitario_raw=140.0"
3821,46,49,1.0,FORMULA,,,,,,False,unidad_raw=litros | seccion=EBANISTA WILMER MANO DE OBRA= | precio_unitario_raw=14000.0 | total_raw=0.0
3822,46,180,1.0,FIJO,,,,,,False,unidad_raw=Unidad | seccion=EBANISTA WILMER MANO DE OBRA= | precio_unitario_raw=600.0 | total_raw=0.0
3823,46,42,1.0,FIJO,,,,,,False,unidad_raw=TIRA | seccion=EBANISTA WILMER MANO DE OBRA= | precio_unitario_raw=1000.0 | total_raw=0.0
3824,46,184,1.0,FIJO,,,,,,False,unidad_raw=PAR | seccion=EBANISTA WILMER MANO DE OBRA= | precio_unitario_raw=157500.0 | total_raw=0.0
3825,46,423,1.0,FIJO,,,,,,False,unidad_raw=Unidad | seccion=EBANISTA WILMER MANO DE OBRA= | precio_unitario_raw=100.0 | total_raw=0.0
3826,46,172,1.0,FORMULA,,,,,,False,seccion=EBANISTA WILMER MANO DE OBRA= | total_raw=26294.75
3827,46,349,1.0,FORMULA,,,,,DE NOCHERO,False,seccion=SECCION PINTURA Y PREPARADA DE NOCHERO
3828,46,331,2.0,FORMULA,,,,,,False,unidad_raw=CON EL 5% | seccion=SECCION PINTURA Y PREPARADA DE NOCHERO | precio_unitario_raw=36750.0 | total_raw=73500.0
3829,46,310,2.0,FORMULA,,,,,,False,unidad_raw=CON EL 5% | seccion=SECCION PINTURA Y PREPARADA DE NOCHERO | precio_unitario_raw=36750.0 | total_raw=73500.0
3830,46,356,2.5,VOLUMEN,,,,,,False,unidad_raw=PISTOLADAS | seccion=SECCION PINTURA Y PREPARADA DE NOCHERO | precio_unitario_raw=18000.0 | total_raw=45000.0
3831,46,251,2.0,FORMULA,,,,,,False,unidad_raw=unidades | seccion=SECCION PINTURA Y PREPARADA DE NOCHERO | precio_unitario_raw=2000.0 | total_raw=4000.0
3832,46,285,1.0,FORMULA,,,,,,False,unidad_raw=galon | seccion=SECCION PINTURA Y PREPARADA DE NOCHERO | precio_unitario_raw=70000.0 | total_raw=0.0
3833,46,432,1.0,FORMULA,,,,,,False,unidad_raw=unidad | seccion=SECCION PINTURA Y PREPARADA DE NOCHERO | precio_unitario_raw=45000.0 | total_raw=0.0
3834,46,368,1.0,FORMULA,,,,,,False,unidad_raw=unidad | seccion=SECCION PINTURA Y PREPARADA DE NOCHERO | precio_unitario_raw=2500.0 | total_raw=0.0
3835,46,401,1.0,FORMULA,,,,,,False,unidad_raw=GALON | seccion=SECCION PINTURA Y PREPARADA DE NOCHERO | precio_unitario_raw=34000.0 | total_raw=0.0
3836,46,408,1.0,FORMULA,,,,,,False,unidad_raw=JALADORES | seccion=SECCION PINTURA Y PREPARADA DE NOCHERO | precio_unitario_raw=3000.0 | total_raw=0.0
3837,46,11,1.5,VOLUMEN,,,,,,False,unidad_raw=PISTOLADA | seccion=SECCION PINTURA Y PREPARADA DE NOCHERO | precio_unitario_raw=57500.0 | total_raw=86250.0
3838,46,50,2.0,VOLUMEN,,,,,,False,unidad_raw=PISTOLADA | seccion=SECCION PINTURA Y PREPARADA DE NOCHERO | precio_unitario_raw=22000.0 | total_raw=44000.0
3839,46,98,1.0,FORMULA,,,,,,False,unidad_raw=galon | seccion=SECCION PINTURA Y PREPARADA DE NOCHERO | precio_unitario_raw=160000.0 | total_raw=0.0
3840,46,169,0.5,LINEAL,,,,,,False,unidad_raw=ML | seccion=SECCION PINTURA Y PREPARADA DE NOCHERO | precio_unitario_raw=4500.0 | total_raw=2250.0
3841,46,341,0.5,VOLUMEN,,,,,,False,unidad_raw=LITRO | seccion=SECCION PINTURA Y PREPARADA DE NOCHERO | precio_unitario_raw=20000.0 | total_raw=10000.0
3842,46,203,2.0,VOLUMEN,,,,,,False,unidad_raw=PISTOLADA | seccion=SECCION PINTURA Y PREPARADA DE NOCHERO | precio_unitario_raw=23000.0 | total_raw=46000.0
3843,46,174,1.0,FORMULA,,,,,,False,seccion=SECCION PINTURA Y PREPARADA DE NOCHERO | total_raw=38450.0
3844,46,349,1.0,FORMULA,,,,,PATAS,False,seccion=SECCION PINTURA Y PREPARADA PATAS
3845,46,331,8.0,FORMULA,,,,,,False,unidad_raw=CON EL 5% | seccion=SECCION PINTURA Y PREPARADA PATAS | precio_unitario_raw=1050.0 | total_raw=8400.0
3846,46,310,8.0,FORMULA,,,,,,False,unidad_raw=CON EL 5% | seccion=SECCION PINTURA Y PREPARADA PATAS | precio_unitario_raw=2100.0 | total_raw=16800.0
3847,46,314,1.0,FIJO,,,,,,False,seccion=SECCION PINTURA Y PREPARADA PATAS | precio_unitario_raw=2100.0 | total_raw=0.0
3848,46,356,0.23,VOLUMEN,,,,,,False,unidad_raw=PISTOLADAS | seccion=SECCION PINTURA Y PREPARADA PATAS | precio_unitario_raw=18000.0 | total_raw=4140.0
3849,46,251,0.5,FORMULA,,,,,,False,unidad_raw=unidades | seccion=SECCION PINTURA Y PREPARADA PATAS | precio_unitario_raw=2000.0 | total_raw=1000.0
3850,46,285,1.0,FORMULA,,,,,,False,unidad_raw=galon | seccion=SECCION PINTURA Y PREPARADA PATAS | total_raw=0.0
3851,46,249,1.0,FORMULA,,,,,,False,unidad_raw=unidad | seccion=SECCION PINTURA Y PREPARADA PATAS | precio_unitario_raw=2000.0 | total_raw=0.0
3852,46,245,1.0,FORMULA,,,,,,False,unidad_raw=unidad | seccion=SECCION PINTURA Y PREPARADA PATAS | precio_unitario_raw=2000.0 | total_raw=0.0
3853,46,205,0.2,VOLUMEN,,,,,,False,unidad_raw=GALON | seccion=SECCION PINTURA Y PREPARADA PATAS | precio_unitario_raw=23000.0 | total_raw=4600.0
3854,46,199,1.0,FORMULA,,,,,,False,unidad_raw=litro | seccion=SECCION PINTURA Y PREPARADA PATAS | precio_unitario_raw=18000.0 | total_raw=0.0
3855,46,50,0.25,VOLUMEN,,,,,,False,unidad_raw=PISTOLADA | seccion=SECCION PINTURA Y PREPARADA PATAS | precio_unitario_raw=22000.0 | total_raw=5500.0
3856,46,402,1.0,FORMULA,,,,,,False,unidad_raw=galon | seccion=SECCION PINTURA Y PREPARADA PATAS | total_raw=0.0
3857,46,169,1.0,FORMULA,,,,,,False,unidad_raw=LITRO | seccion=SECCION PINTURA Y PREPARADA PATAS | precio_unitario_raw=4.5 | total_raw=0.0
3858,46,341,1.0,FORMULA,,,,,,False,unidad_raw=LITRO | seccion=SECCION PINTURA Y PREPARADA PATAS | precio_unitario_raw=23000.0 | total_raw=0.0
3859,46,201,1.0,FORMULA,,,,,,False,unidad_raw=PISTOLADA | seccion=SECCION PINTURA Y PREPARADA PATAS | precio_unitario_raw=23000.0 | total_raw=0.0
3860,46,174,1.0,FORMULA,,,,,,False,seccion=SECCION PINTURA Y PREPARADA PATAS | total_raw=32095.1
3861,46,406,1.0,FORMULA,,,,,,False,unidad_raw=UNIDAD | seccion=SECCION TERMINACION | precio_unitario_raw=10500.0 | total_raw=0.0
3862,46,338,1.0,FORMULA,,,,,,False,unidad_raw=UNIDAD | seccion=SECCION TERMINACION | precio_unitario_raw=20000.0 | total_raw=0.0
3863,46,339,1.0,FORMULA,,,,,,False,unidad_raw=UNIDAD | seccion=SECCION TERMINACION | precio_unitario_raw=20000.0 | total_raw=0.0
3864,46,237,1.0,FORMULA,,,,,,False,unidad_raw=UNIDADES | seccion=SECCION TERMINACION | precio_unitario_raw=100000.0 | total_raw=0.0
3865,46,16,1.0,FORMULA,,,,,,False,unidad_raw=METROS | seccion=SECCION TERMINACION | precio_unitario_raw=3000.0 | total_raw=0.0
3866,46,6,1.0,FORMULA,,,,,,False,unidad_raw=PAR | seccion=SECCION TERMINACION | precio_unitario_raw=1500.0 | total_raw=0.0
3867,46,97,1.0,FORMULA,,,,,,False,unidad_raw=UNIDADES | seccion=SECCION TERMINACION | precio_unitario_raw=2000.0 | total_raw=0.0
3868,46,194,1.0,FORMULA,,,,,,False,unidad_raw=PAR | seccion=SECCION TERMINACION | precio_unitario_raw=160000.0 | total_raw=0.0
3869,46,198,1.0,FIJO,,,,,,False,unidad_raw=UNIDAD | seccion=SECCION TERMINACION | precio_unitario_raw=26800.0 | total_raw=0.0
3870,46,283,1.0,FORMULA,,,,,,False,unidad_raw=UNIDADES | seccion=SECCION TERMINACION | precio_unitario_raw=3000.0 | total_raw=0.0
3871,46,70,1.0,FIJO,,,,,,False,unidad_raw=unidades | seccion=SECCION TERMINACION | precio_unitario_raw=8000.0 | total_raw=0.0
3872,46,95,1.0,FIJO,,,,,,False,unidad_raw=unidades | seccion=SECCION TERMINACION | precio_unitario_raw=150000.0 | total_raw=150000.0
3873,46,352,1.0,FORMULA,,,,,,False,seccion=SECCION TERMINACION | total_raw=0.0
3874,46,257,614.0,FORMULA,,,,,,False,unidad_raw=APAMATE | seccion=SECCION TERMINACION | precio_unitario_raw=140.0 | total_raw=85960.0
3875,46,304,2.0,FORMULA,,,,,,False,seccion=SECCION TERMINACION | precio_unitario_raw=3500.0 | total_raw=7000.0
3876,46,180,0.1,ESPACIADO,,,,,,False,unidad_raw=CAJA | seccion=SECCION TERMINACION | precio_unitario_raw=12000.0 | total_raw=1200.0
3877,46,274,1.0,AREA,,,,,,False,unidad_raw=LAMINA | seccion=SECCION TERMINACION | precio_unitario_raw=140000.0 | total_raw=140000.0
3878,46,49,0.2,VOLUMEN,,,,,,False,unidad_raw=LITRO | seccion=SECCION TERMINACION | precio_unitario_raw=14000.0 | total_raw=2800.0
3879,46,423,40.0,ESPACIADO,,,,,,False,unidad_raw=UNIDAD | seccion=SECCION TERMINACION | precio_unitario_raw=100.0 | total_raw=4000.0
3880,46,33,2.0,ESPACIADO,,,,,,False,unidad_raw=TIRA | seccion=SECCION TERMINACION | precio_unitario_raw=1000.0 | total_raw=2000.0
3881,46,184,1.0,FIJO,,,,,,False,unidad_raw=UNIDAD | seccion=SECCION TERMINACION | precio_unitario_raw=63000.0 | total_raw=63000.0
3882,46,350,1.0,FORMULA,,,,,,False,unidad_raw=MANO DE OBRA= | seccion=SECCION TAPICERIA MANO DE OBRA=
3883,46,381,13.0,AREA,,,,,,False,unidad_raw=METROS | seccion=SECCION TAPICERIA MANO DE OBRA= | precio_unitario_raw=35000.0 | total_raw=455000.0
3884,46,113,0.5,AREA,,,,,,False,unidad_raw=LAMINA | seccion=SECCION TAPICERIA MANO DE OBRA= | precio_unitario_raw=25000.0 | total_raw=12500.0
3885,46,180,0.8,ESPACIADO,,,,,,False,unidad_raw=CAJA DE GRAPAS | seccion=SECCION TAPICERIA MANO DE OBRA= | precio_unitario_raw=12000.0 | total_raw=9600.0
3886,46,298,1.0,FIJO,,,,,,False,unidad_raw=UNIDADES | seccion=SECCION TAPICERIA MANO DE OBRA= | precio_unitario_raw=8000.0 | total_raw=0.0
3887,46,410,1.0,FIJO,,,,,,False,unidad_raw=UNIDADES | seccion=SECCION TAPICERIA MANO DE OBRA= | precio_unitario_raw=100.0 | total_raw=0.0
3888,46,129,2.0,AREA,,,,,,False,unidad_raw=UNIDADES | seccion=SECCION TAPICERIA MANO DE OBRA= | precio_unitario_raw=30000.0 | total_raw=60000.0
3889,46,115,3.5,AREA,,,,,,False,unidad_raw=LAMINA | seccion=SECCION TAPICERIA MANO DE OBRA= | precio_unitario_raw=50000.0 | total_raw=175000.0
3890,46,107,1.0,FORMULA,,,,,,False,unidad_raw=MTS | seccion=SECCION TAPICERIA MANO DE OBRA= | precio_unitario_raw=1000.0 | total_raw=0.0
3891,46,87,2.0,AREA,,,,,,False,unidad_raw=METROS | seccion=SECCION TAPICERIA MANO DE OBRA= | precio_unitario_raw=4000.0 | total_raw=8000.0
3892,46,195,0.5,FORMULA,,,,,,False,unidad_raw=UNIDAD | seccion=SECCION TAPICERIA MANO DE OBRA= | precio_unitario_raw=25000.0 | total_raw=12500.0
3893,46,22,1.0,FIJO,,,,,,False,unidad_raw=ROLLO | seccion=SECCION TAPICERIA MANO DE OBRA= | precio_unitario_raw=12000.0 | total_raw=12000.0
3894,46,359,1.0,VOLUMEN,,,,,,False,unidad_raw=LITRO | seccion=SECCION TAPICERIA MANO DE OBRA= | precio_unitario_raw=19000.0 | total_raw=19000.0
3895,46,26,4.0,FORMULA,,,,,,False,unidad_raw=UNIDADES | seccion=SECCION TAPICERIA MANO DE OBRA= | precio_unitario_raw=5000.0 | total_raw=20000.0
3896,46,184,1.0,FIJO,,,,,,False,unidad_raw=CAMA | seccion=SECCION TAPICERIA MANO DE OBRA= | precio_unitario_raw=210000.0 | total_raw=210000.0
3897,46,239,3.1,LINEAL,,,,,,False,unidad_raw=METROS | seccion=SECCION TAPICERIA MANO DE OBRA= | precio_unitario_raw=2650.0 | total_raw=8215.0
3898,47,255,220.0,FORMULA,,,,,,False,unidad_raw=APAMATE | seccion=EBANISTA EDUAR MANO DE OBRA= EN CRUDO | precio_unitario_raw=140.0 | total_raw=30800.0
3899,47,272,1.0,FORMULA,,,,,,False,unidad_raw=LAMINA | seccion=EBANISTA EDUAR MANO DE OBRA= EN CRUDO | precio_unitario_raw=140000.0 | total_raw=0.0
3900,47,366,4.0,FORMULA,,,,,,False,"unidad_raw=2,10x21x25 | seccion=EBANISTA EDUAR MANO DE OBRA= EN CRUDO | precio_unitario_raw=21000.0 | total_raw=84000.0"
3901,47,234,1.5,AREA,,,,,,False,unidad_raw=LAMINA | seccion=EBANISTA EDUAR MANO DE OBRA= EN CRUDO | precio_unitario_raw=140000.0 | total_raw=210000.0
3902,47,49,1.0,VOLUMEN,,,,,,False,unidad_raw=LITRO | seccion=EBANISTA EDUAR MANO DE OBRA= EN CRUDO | precio_unitario_raw=14000.0 | total_raw=14000.0
3903,47,180,0.5,ESPACIADO,,,,,,False,unidad_raw=CAJA | seccion=EBANISTA EDUAR MANO DE OBRA= EN CRUDO | precio_unitario_raw=12000.0 | total_raw=6000.0
3904,47,166,0.0,FORMULA,,,,,,False,unidad_raw=PAR | seccion=EBANISTA EDUAR MANO DE OBRA= EN CRUDO | precio_unitario_raw=20000.0 | total_raw=0.0
3905,47,359,0.0,VOLUMEN,,,,,,False,unidad_raw=LITRO | seccion=EBANISTA EDUAR MANO DE OBRA= EN CRUDO | precio_unitario_raw=13300.0 | total_raw=0.0
3906,47,156,3.0,FORMULA,,,,,,False,unidad_raw=TIRAS | seccion=EBANISTA EDUAR MANO DE OBRA= EN CRUDO | precio_unitario_raw=1000.0 | total_raw=3000.0
3907,47,423,150.0,ESPACIADO,,,,,,False,unidad_raw=Unidad | seccion=EBANISTA EDUAR MANO DE OBRA= EN CRUDO | precio_unitario_raw=100.0 | total_raw=15000.0
3908,47,92,1.0,FORMULA,,,,,,False,seccion=EBANISTA EDUAR MANO DE OBRA= EN CRUDO | total_raw=242000.0
3909,47,171,1.0,FORMULA,,,,,,False,seccion=EBANISTA EDUAR MANO DE OBRA= EN CRUDO | total_raw=60480.0
3910,47,72,1.0,FIJO,,,,,,False,unidad_raw=PAR | seccion=EBANISTA EDUAR MANO DE OBRA= EN CRUDO | precio_unitario_raw=10000.0 | total_raw=0.0
3911,47,269,1.0,FORMULA,,,,,,False,unidad_raw=1 PEDAZO DE 1.00X46=46 | seccion=EBANISTA EDUAR MANO DE OBRA= EN CRUDO | precio_unitario_raw=65000.0 | total_raw=0.0
3912,47,214,1.0,FORMULA,,,,,,False,unidad_raw=1 PEDASO DE 1.50X40=60 | seccion=EBANISTA EDUAR MANO DE OBRA= EN CRUDO | precio_unitario_raw=130000.0 | total_raw=0.0
3913,47,217,1.0,FORMULA,,,,,,False,"unidad_raw=1 PEDASO DE 1,50X40=60 | seccion=EBANISTA EDUAR MANO DE OBRA= EN CRUDO | precio_unitario_raw=140.0"
3914,47,49,1.0,FORMULA,,,,,,False,unidad_raw=litros | seccion=EBANISTA EDUAR MANO DE OBRA= EN CRUDO | precio_unitario_raw=14000.0 | total_raw=0.0
3915,47,180,1.0,FIJO,,,,,,False,unidad_raw=Unidad | seccion=EBANISTA EDUAR MANO DE OBRA= EN CRUDO | precio_unitario_raw=600.0 | total_raw=0.0
3916,47,42,1.0,FIJO,,,,,,False,unidad_raw=TIRA | seccion=EBANISTA EDUAR MANO DE OBRA= EN CRUDO | precio_unitario_raw=1000.0 | total_raw=0.0
3917,47,184,1.0,FIJO,,,,,,False,unidad_raw=PAR | seccion=EBANISTA EDUAR MANO DE OBRA= EN CRUDO | precio_unitario_raw=250000.0 | total_raw=0.0
3918,47,423,1.0,FIJO,,,,,,False,unidad_raw=Unidad | seccion=EBANISTA EDUAR MANO DE OBRA= EN CRUDO | precio_unitario_raw=100.0 | total_raw=0.0
3919,47,172,1.0,FORMULA,,,,,,False,seccion=EBANISTA EDUAR MANO DE OBRA= EN CRUDO | total_raw=0.0
3920,47,349,1.0,FORMULA,,,,,DE NOCHERO,False,seccion=SECCION PINTURA Y PREPARADA DE NOCHERO
3921,47,331,1.0,FORMULA,,,,,,False,unidad_raw=CON EL 5% | seccion=SECCION PINTURA Y PREPARADA DE NOCHERO | precio_unitario_raw=36750.0 | total_raw=0.0
3922,47,310,1.0,FORMULA,,,,,,False,unidad_raw=CON EL 5% | seccion=SECCION PINTURA Y PREPARADA DE NOCHERO | precio_unitario_raw=36750.0 | total_raw=0.0
3923,47,356,1.0,FORMULA,,,,,,False,unidad_raw=PISTOLADAS | seccion=SECCION PINTURA Y PREPARADA DE NOCHERO | precio_unitario_raw=18000.0 | total_raw=0.0
3924,47,251,1.0,FORMULA,,,,,,False,unidad_raw=unidades | seccion=SECCION PINTURA Y PREPARADA DE NOCHERO | precio_unitario_raw=2000.0 | total_raw=0.0
3925,47,285,1.0,FORMULA,,,,,,False,unidad_raw=galon | seccion=SECCION PINTURA Y PREPARADA DE NOCHERO | precio_unitario_raw=70000.0 | total_raw=0.0
3926,47,432,1.0,FORMULA,,,,,,False,unidad_raw=unidad | seccion=SECCION PINTURA Y PREPARADA DE NOCHERO | precio_unitario_raw=45000.0 | total_raw=0.0
3927,47,368,1.0,FORMULA,,,,,,False,unidad_raw=unidad | seccion=SECCION PINTURA Y PREPARADA DE NOCHERO | precio_unitario_raw=2500.0 | total_raw=0.0
3928,47,401,1.0,FORMULA,,,,,,False,unidad_raw=GALON | seccion=SECCION PINTURA Y PREPARADA DE NOCHERO | precio_unitario_raw=34000.0 | total_raw=0.0
3929,47,408,1.0,FORMULA,,,,,,False,unidad_raw=JALADORES | seccion=SECCION PINTURA Y PREPARADA DE NOCHERO | precio_unitario_raw=3000.0 | total_raw=0.0
3930,47,69,1.0,FORMULA,,,,,,False,unidad_raw=PISTOLADA | seccion=SECCION PINTURA Y PREPARADA DE NOCHERO | precio_unitario_raw=22000.0 | total_raw=0.0
3931,47,50,1.0,FORMULA,,,,,,False,unidad_raw=PISTOLADA | seccion=SECCION PINTURA Y PREPARADA DE NOCHERO | precio_unitario_raw=22000.0 | total_raw=0.0
3932,47,98,1.0,FORMULA,,,,,,False,unidad_raw=galon | seccion=SECCION PINTURA Y PREPARADA DE NOCHERO | precio_unitario_raw=160000.0 | total_raw=0.0
3933,47,169,1.0,FORMULA,,,,,,False,unidad_raw=ML | seccion=SECCION PINTURA Y PREPARADA DE NOCHERO | precio_unitario_raw=4500.0 | total_raw=0.0
3934,47,341,1.0,FORMULA,,,,,,False,unidad_raw=LITRO | seccion=SECCION PINTURA Y PREPARADA DE NOCHERO | precio_unitario_raw=20000.0 | total_raw=0.0
3935,47,203,1.0,FORMULA,,,,,,False,unidad_raw=PISTOLADA | seccion=SECCION PINTURA Y PREPARADA DE NOCHERO | precio_unitario_raw=22000.0 | total_raw=0.0
3936,47,174,1.0,FORMULA,,,,,,False,seccion=SECCION PINTURA Y PREPARADA DE NOCHERO | total_raw=0.0
3937,47,349,1.0,FORMULA,,,,,PATAS DE CABECERO,False,seccion=SECCION PINTURA Y PREPARADA PATAS DE CABECERO
3938,47,331,2.0,FORMULA,,,,,,False,unidad_raw=CON EL 5% | seccion=SECCION PINTURA Y PREPARADA PATAS DE CABECERO | precio_unitario_raw=1000.0 | total_raw=2100.0
3939,47,310,2.0,FORMULA,,,,,,False,unidad_raw=CON EL 5% | seccion=SECCION PINTURA Y PREPARADA PATAS DE CABECERO | precio_unitario_raw=2000.0 | total_raw=4200.0
3940,47,314,1.0,FIJO,,,,,,False,seccion=SECCION PINTURA Y PREPARADA PATAS DE CABECERO | precio_unitario_raw=2100.0 | total_raw=0.0
3941,47,356,0.25,VOLUMEN,,,,,,False,unidad_raw=PISTOLADAS | seccion=SECCION PINTURA Y PREPARADA PATAS DE CABECERO | precio_unitario_raw=18000.0 | total_raw=4500.0
3942,47,251,0.25,FORMULA,,,,,,False,unidad_raw=unidades | seccion=SECCION PINTURA Y PREPARADA PATAS DE CABECERO | precio_unitario_raw=2000.0 | total_raw=500.0
3943,47,285,1.0,FORMULA,,,,,,False,unidad_raw=galon | seccion=SECCION PINTURA Y PREPARADA PATAS DE CABECERO | total_raw=0.0
3944,47,249,1.0,FORMULA,,,,,,False,unidad_raw=unidad | seccion=SECCION PINTURA Y PREPARADA PATAS DE CABECERO | precio_unitario_raw=2000.0 | total_raw=0.0
3945,47,245,1.0,FORMULA,,,,,,False,unidad_raw=unidad | seccion=SECCION PINTURA Y PREPARADA PATAS DE CABECERO | precio_unitario_raw=2000.0 | total_raw=0.0
3946,47,205,1.0,FORMULA,,,,,,False,unidad_raw=GALON | seccion=SECCION PINTURA Y PREPARADA PATAS DE CABECERO | precio_unitario_raw=22000.0 | total_raw=0.0
3947,47,199,1.0,FORMULA,,,,,,False,unidad_raw=litro | seccion=SECCION PINTURA Y PREPARADA PATAS DE CABECERO | precio_unitario_raw=18000.0 | total_raw=0.0
3948,47,56,0.2,VOLUMEN,,,,,,False,unidad_raw=PISTOLADA | seccion=SECCION PINTURA Y PREPARADA PATAS DE CABECERO | precio_unitario_raw=22000.0 | total_raw=4400.0
3949,47,402,0.0,VOLUMEN,,,,,,False,unidad_raw=galon | seccion=SECCION PINTURA Y PREPARADA PATAS DE CABECERO
3950,47,169,0.0,VOLUMEN,,,,,,False,unidad_raw=LITRO | seccion=SECCION PINTURA Y PREPARADA PATAS DE CABECERO | precio_unitario_raw=4500.0 | total_raw=0.0
3951,47,341,0.0,VOLUMEN,,,,,,False,unidad_raw=LITRO | seccion=SECCION PINTURA Y PREPARADA PATAS DE CABECERO | precio_unitario_raw=23000.0 | total_raw=0.0
3952,47,201,1.0,FORMULA,,,,,,False,unidad_raw=PISTOLADA | seccion=SECCION PINTURA Y PREPARADA PATAS DE CABECERO | precio_unitario_raw=23000.0 | total_raw=0.0
3953,47,174,1.0,FORMULA,,,,,,False,seccion=SECCION PINTURA Y PREPARADA PATAS DE CABECERO | total_raw=1570.0
3954,47,103,0.0,LINEAL,,,,,,False,unidad_raw=METRO | seccion=SECCION TERMINACION | precio_unitario_raw=137800.0 | total_raw=0.0
3955,47,10,0.0,FORMULA,,,,,,False,unidad_raw=UNIDAD | seccion=SECCION TERMINACION | precio_unitario_raw=7000.0 | total_raw=0.0
3956,47,85,0.0,FORMULA,,,,,,False,unidad_raw=UNIDAD | seccion=SECCION TERMINACION | precio_unitario_raw=50000.0 | total_raw=0.0
3957,47,237,1.0,FORMULA,,,,,,False,unidad_raw=UNIDADES | seccion=SECCION TERMINACION | precio_unitario_raw=100000.0
3958,47,16,1.0,FORMULA,,,,,,False,unidad_raw=METROS | seccion=SECCION TERMINACION | precio_unitario_raw=3000.0 | total_raw=0.0
3959,47,6,1.0,FORMULA,,,,,,False,unidad_raw=PAR | seccion=SECCION TERMINACION | precio_unitario_raw=1500.0 | total_raw=0.0
3960,47,97,1.0,FORMULA,,,,,,False,unidad_raw=UNIDADES | seccion=SECCION TERMINACION | precio_unitario_raw=2000.0 | total_raw=0.0
3961,47,194,1.0,FORMULA,,,,,,False,unidad_raw=PAR | seccion=SECCION TERMINACION | precio_unitario_raw=160000.0 | total_raw=0.0
3962,47,198,1.0,FIJO,,,,,,False,unidad_raw=UNIDAD | seccion=SECCION TERMINACION | precio_unitario_raw=26800.0 | total_raw=0.0
3963,47,283,1.0,FORMULA,,,,,,False,unidad_raw=UNIDADES | seccion=SECCION TERMINACION | precio_unitario_raw=3000.0 | total_raw=0.0
3964,47,70,1.0,FIJO,,,,,,False,unidad_raw=unidades | seccion=SECCION TERMINACION | precio_unitario_raw=10000.0 | total_raw=0.0
3965,47,95,1.0,FIJO,,,,,,False,unidad_raw=unidades | seccion=SECCION TERMINACION | precio_unitario_raw=150000.0 | total_raw=150000.0
3966,47,354,1.0,FORMULA,,,,,,False,seccion=SECCION TERMINACION | total_raw=0.0
3967,47,257,0.0,FORMULA,,,,,,False,unidad_raw=APAMATE | seccion=SECCION TERMINACION | precio_unitario_raw=140.0 | total_raw=0.0
3968,47,305,0.0,FORMULA,,,,,,False,seccion=SECCION TERMINACION | precio_unitario_raw=3500.0 | total_raw=0.0
3969,47,180,1.0,FIJO,,,,,,False,unidad_raw=CAJA | seccion=SECCION TERMINACION | precio_unitario_raw=12000.0 | total_raw=0.0
3970,47,274,0.0,AREA,,,,,,False,unidad_raw=LAMINA | seccion=SECCION TERMINACION | precio_unitario_raw=140000.0 | total_raw=0.0
3971,47,49,0.0,VOLUMEN,,,,,,False,unidad_raw=LITRO | seccion=SECCION TERMINACION | precio_unitario_raw=14000.0 | total_raw=0.0
3972,47,423,0.0,ESPACIADO,,,,,,False,unidad_raw=UNIDAD | seccion=SECCION TERMINACION | precio_unitario_raw=100.0 | total_raw=0.0
3973,47,33,0.0,ESPACIADO,,,,,,False,unidad_raw=TIRA | seccion=SECCION TERMINACION | precio_unitario_raw=1000.0 | total_raw=0.0
3974,47,184,0.0,FORMULA,,,,,,False,unidad_raw=UNIDAD | seccion=SECCION TERMINACION | precio_unitario_raw=63000.0 | total_raw=0.0
3975,47,350,1.0,FORMULA,,,,,,False,unidad_raw=MANO DE OBRA= | seccion=SECCION TAPICERIA MANO DE OBRA= CARLOS
3976,47,378,6.0,AREA,,,,,,False,unidad_raw=METROS | seccion=SECCION TAPICERIA MANO DE OBRA= CARLOS | precio_unitario_raw=20000.0 | total_raw=120000.0
3977,47,129,1.0,AREA,,,,,,False,unidad_raw=LAMINA | seccion=SECCION TAPICERIA MANO DE OBRA= CARLOS | precio_unitario_raw=30000.0 | total_raw=30000.0
3978,47,124,2.0,AREA,,,,,,False,unidad_raw=LAMINA | seccion=SECCION TAPICERIA MANO DE OBRA= CARLOS | precio_unitario_raw=12500.0 | total_raw=25000.0
3979,47,299,5.0,FORMULA,,,,,,False,unidad_raw=UNIDADES | seccion=SECCION TAPICERIA MANO DE OBRA= CARLOS | precio_unitario_raw=6000.0 | total_raw=30000.0
3980,47,414,28.0,ESPACIADO,,,,,,False,unidad_raw=UNIDADES | seccion=SECCION TAPICERIA MANO DE OBRA= CARLOS | precio_unitario_raw=100.0 | total_raw=2800.0
3981,47,413,20.0,ESPACIADO,,,,,,False,unidad_raw=UNIDADES | seccion=SECCION TAPICERIA MANO DE OBRA= CARLOS | precio_unitario_raw=100.0 | total_raw=2000.0
3982,47,417,4.0,ESPACIADO,,,,,,False,unidad_raw=UNIDADES | seccion=SECCION TAPICERIA MANO DE OBRA= CARLOS | precio_unitario_raw=100.0 | total_raw=400.0
3983,47,139,1.2,AREA,,,,,,False,unidad_raw=UNIDADES | seccion=SECCION TAPICERIA MANO DE OBRA= CARLOS | precio_unitario_raw=6630.0 | total_raw=7956.0
3984,47,115,1.0,FORMULA,,,,,,False,unidad_raw=LAMINA | seccion=SECCION TAPICERIA MANO DE OBRA= CARLOS | precio_unitario_raw=50000.0 | total_raw=0.0
3985,47,180,0.5,ESPACIADO,,,,,,False,unidad_raw=CAJA DE GRAPAS | seccion=SECCION TAPICERIA MANO DE OBRA= CARLOS | precio_unitario_raw=12000.0 | total_raw=6000.0
3986,47,87,2.5,AREA,,,,,,False,unidad_raw=METROS | seccion=SECCION TAPICERIA MANO DE OBRA= CARLOS | precio_unitario_raw=4000.0 | total_raw=10000.0
3987,47,195,0.25,FORMULA,,,,,,False,unidad_raw=UNIDAD | seccion=SECCION TAPICERIA MANO DE OBRA= CARLOS | precio_unitario_raw=25000.0 | total_raw=6250.0
3988,47,22,0.0,FORMULA,,,,,,False,unidad_raw=ROLLO | seccion=SECCION TAPICERIA MANO DE OBRA= CARLOS | precio_unitario_raw=12000.0 | total_raw=0.0
3989,47,359,0.2,VOLUMEN,,,,,,False,unidad_raw=LITRO | seccion=SECCION TAPICERIA MANO DE OBRA= CARLOS | precio_unitario_raw=19000.0 | total_raw=3800.0
3990,47,26,0.0,FORMULA,,,,,,False,unidad_raw=UNIDADES | seccion=SECCION TAPICERIA MANO DE OBRA= CARLOS | precio_unitario_raw=5000.0 | total_raw=0.0
3991,47,184,1.0,FIJO,,,,,,False,unidad_raw=CAMA | seccion=SECCION TAPICERIA MANO DE OBRA= CARLOS | precio_unitario_raw=210000.0 | total_raw=0.0
3992,47,239,9.25,LINEAL,,,,,,False,unidad_raw=METROS | seccion=SECCION TAPICERIA MANO DE OBRA= CARLOS | precio_unitario_raw=2650.0 | total_raw=24512.5
3993,48,254,1303.0,FORMULA,,,,,,False,unidad_raw=APAMATE | seccion=EBANISTA WILMER MANO DE OBRA= EN CRUDO | precio_unitario_raw=140.0 | total_raw=182420.0
3994,48,272,0.0,AREA,,,,,,False,unidad_raw=LAMINA | seccion=EBANISTA WILMER MANO DE OBRA= EN CRUDO | precio_unitario_raw=16800.0 | total_raw=0.0
3995,48,228,2.0,AREA,,,,,,False,unidad_raw=LAMINA | seccion=EBANISTA WILMER MANO DE OBRA= EN CRUDO | precio_unitario_raw=130000.0 | total_raw=260000.0
3996,48,234,1.0,AREA,,,,,,False,unidad_raw=LAMINA | seccion=EBANISTA WILMER MANO DE OBRA= EN CRUDO | precio_unitario_raw=140000.0 | total_raw=140000.0
3997,48,49,1.0,VOLUMEN,,,,,,False,unidad_raw=LITRO | seccion=EBANISTA WILMER MANO DE OBRA= EN CRUDO | precio_unitario_raw=14000.0 | total_raw=14000.0
3998,48,180,0.5,ESPACIADO,,,,,,False,unidad_raw=CAJA | seccion=EBANISTA WILMER MANO DE OBRA= EN CRUDO | precio_unitario_raw=12000.0 | total_raw=6000.0
3999,48,166,1.0,FIJO,,,,,,False,unidad_raw=PAR | seccion=EBANISTA WILMER MANO DE OBRA= EN CRUDO | precio_unitario_raw=20000.0 | total_raw=20000.0
4000,48,359,0.0,VOLUMEN,,,,,,False,unidad_raw=LITRO | seccion=EBANISTA WILMER MANO DE OBRA= EN CRUDO | precio_unitario_raw=13300.0 | total_raw=0.0
4001,48,37,7.5,ESPACIADO,,,,,,False,unidad_raw=TIRAS | seccion=EBANISTA WILMER MANO DE OBRA= EN CRUDO | precio_unitario_raw=1000.0 | total_raw=7500.0
4002,48,421,100.0,ESPACIADO,,,,,,False,unidad_raw=UNIDAD | seccion=EBANISTA WILMER MANO DE OBRA= EN CRUDO | precio_unitario_raw=100.0 | total_raw=10000.0
4003,48,423,200.0,ESPACIADO,,,,,,False,unidad_raw=Unidad | seccion=EBANISTA WILMER MANO DE OBRA= EN CRUDO | precio_unitario_raw=100.0 | total_raw=20000.0
4004,48,92,1.0,FORMULA,,,,,,False,seccion=EBANISTA WILMER MANO DE OBRA= EN CRUDO | total_raw=315000.0
4005,48,171,1.0,FORMULA,,,,,,False,seccion=EBANISTA WILMER MANO DE OBRA= EN CRUDO | total_raw=97492.0
4006,48,74,4.0,FORMULA,,,,,,False,unidad_raw=PAR | seccion=EBANISTA WILMER MANO DE OBRA= EN CRUDO | precio_unitario_raw=17500.0 | total_raw=70000.0
4007,48,254,430.0,FORMULA,,,,,,False,unidad_raw=APAMATE | seccion=EBANISTA WILMER MANO DE OBRA= EN CRUDO | precio_unitario_raw=140.0 | total_raw=60200.0
4008,48,208,0.25,AREA,,,,,,False,unidad_raw=LAMINA | seccion=EBANISTA WILMER MANO DE OBRA= EN CRUDO | precio_unitario_raw=220000.0 | total_raw=55000.0
4009,48,210,0.3,AREA,,,,,,False,unidad_raw=LAMINA | seccion=EBANISTA WILMER MANO DE OBRA= EN CRUDO | precio_unitario_raw=68000.0 | total_raw=20400.0
4010,48,217,0.5,AREA,,,,,,False,unidad_raw=LAMINA | seccion=EBANISTA WILMER MANO DE OBRA= EN CRUDO | precio_unitario_raw=140000.0 | total_raw=70000.0
4011,48,49,2.0,VOLUMEN,,,,,,False,unidad_raw=litros | seccion=EBANISTA WILMER MANO DE OBRA= EN CRUDO | precio_unitario_raw=14000.0 | total_raw=28000.0
4012,48,180,0.5,ESPACIADO,,,,,,False,unidad_raw=CAJA | seccion=EBANISTA WILMER MANO DE OBRA= EN CRUDO | precio_unitario_raw=12000.0 | total_raw=6000.0
4013,48,42,10.0,ESPACIADO,,,,,,False,unidad_raw=TIRA | seccion=EBANISTA WILMER MANO DE OBRA= EN CRUDO | precio_unitario_raw=1000.0 | total_raw=10000.0
4014,48,184,2.0,FORMULA,,,,,,False,unidad_raw=PAR | seccion=EBANISTA WILMER MANO DE OBRA= EN CRUDO | precio_unitario_raw=105000.0 | total_raw=210000.0
4015,48,423,20.0,ESPACIADO,,,,,,False,unidad_raw=Unidad | seccion=EBANISTA WILMER MANO DE OBRA= EN CRUDO | precio_unitario_raw=100.0 | total_raw=2000.0
4016,48,184,1.0,FIJO,,,,,,False,unidad_raw=PAR | seccion=EBANISTA WILMER MANO DE OBRA= EN CRUDO | total_raw=0.0
4017,48,171,1.0,FORMULA,,,,,,False,seccion=EBANISTA WILMER MANO DE OBRA= EN CRUDO | total_raw=53160.0
4018,48,349,1.0,FORMULA,,,,,DE NOCHERO,False,seccion=SECCION PINTURA Y PREPARADA DE NOCHERO
4019,48,331,2.0,FORMULA,,,,,,False,unidad_raw=CON EL 5% | seccion=SECCION PINTURA Y PREPARADA DE NOCHERO | precio_unitario_raw=36750.0 | total_raw=73500.0
4020,48,310,2.0,FORMULA,,,,,,False,unidad_raw=CON EL 5% | seccion=SECCION PINTURA Y PREPARADA DE NOCHERO | precio_unitario_raw=36750.0 | total_raw=73500.0
4021,48,356,4.0,VOLUMEN,,,,,,False,unidad_raw=PISTOLADAS | seccion=SECCION PINTURA Y PREPARADA DE NOCHERO | precio_unitario_raw=18000.0 | total_raw=72000.0
4022,48,244,1.5,FORMULA,,,,,,False,unidad_raw=UNIDADES | seccion=SECCION PINTURA Y PREPARADA DE NOCHERO | precio_unitario_raw=2000.0 | total_raw=3000.0
4023,48,243,0.5,FORMULA,,,,,,False,unidad_raw=UNIDADES | seccion=SECCION PINTURA Y PREPARADA DE NOCHERO | precio_unitario_raw=20000.0 | total_raw=10000.0
4024,48,251,0.5,FORMULA,,,,,,False,unidad_raw=unidades | seccion=SECCION PINTURA Y PREPARADA DE NOCHERO | precio_unitario_raw=2000.0 | total_raw=1000.0
4025,48,285,1.0,FORMULA,,,,,,False,unidad_raw=galon | seccion=SECCION PINTURA Y PREPARADA DE NOCHERO | precio_unitario_raw=70000.0 | total_raw=0.0
4026,48,432,1.0,FORMULA,,,,,,False,unidad_raw=unidad | seccion=SECCION PINTURA Y PREPARADA DE NOCHERO | precio_unitario_raw=45000.0 | total_raw=0.0
4027,48,368,1.0,FIJO,,,,,,False,unidad_raw=unidad | seccion=SECCION PINTURA Y PREPARADA DE NOCHERO | precio_unitario_raw=2500.0 | total_raw=2500.0
4028,48,401,1.0,FORMULA,,,,,,False,unidad_raw=GALON | seccion=SECCION PINTURA Y PREPARADA DE NOCHERO | precio_unitario_raw=34000.0 | total_raw=0.0
4029,48,408,1.0,FORMULA,,,,,,False,unidad_raw=JALADORES | seccion=SECCION PINTURA Y PREPARADA DE NOCHERO | precio_unitario_raw=3000.0 | total_raw=0.0
4030,48,69,1.0,FORMULA,,,,,,False,unidad_raw=PISTOLADA | seccion=SECCION PINTURA Y PREPARADA DE NOCHERO | precio_unitario_raw=22000.0 | total_raw=0.0
4031,48,65,2.0,VOLUMEN,,,,,,False,unidad_raw=PISTOLADA | seccion=SECCION PINTURA Y PREPARADA DE NOCHERO | precio_unitario_raw=22000.0 | total_raw=44000.0
4032,48,98,1.0,FORMULA,,,,,,False,unidad_raw=galon | seccion=SECCION PINTURA Y PREPARADA DE NOCHERO | precio_unitario_raw=160000.0 | total_raw=0.0
4033,48,169,1.0,FORMULA,,,,,,False,unidad_raw=ML | seccion=SECCION PINTURA Y PREPARADA DE NOCHERO | precio_unitario_raw=4500.0 | total_raw=0.0
4034,48,341,1.0,FORMULA,,,,,,False,unidad_raw=LITRO | seccion=SECCION PINTURA Y PREPARADA DE NOCHERO | precio_unitario_raw=20000.0 | total_raw=0.0
4035,48,202,2.0,VOLUMEN,,,,,,False,unidad_raw=PISTOLADA | seccion=SECCION PINTURA Y PREPARADA DE NOCHERO | precio_unitario_raw=23000.0 | total_raw=46000.0
4036,48,174,1.0,FORMULA,,,,,,False,seccion=SECCION PINTURA Y PREPARADA DE NOCHERO | total_raw=32550.0
4037,48,349,1.0,FORMULA,,,,,DE PATAS,False,seccion=SECCION PINTURA Y PREPARADA DE PATAS
4038,48,331,6.0,FORMULA,,,,,,False,unidad_raw=CON EL 5% | seccion=SECCION PINTURA Y PREPARADA DE PATAS | precio_unitario_raw=1000.0 | total_raw=12600.0
4039,48,310,6.0,FORMULA,,,,,,False,unidad_raw=CON EL 5% | seccion=SECCION PINTURA Y PREPARADA DE PATAS | precio_unitario_raw=2000.0 | total_raw=25200.0
4040,48,314,1.0,FIJO,,,,,,False,seccion=SECCION PINTURA Y PREPARADA DE PATAS | precio_unitario_raw=2100.0 | total_raw=0.0
4041,48,356,1.5,VOLUMEN,,,,,,False,unidad_raw=PISTOLADAS | seccion=SECCION PINTURA Y PREPARADA DE PATAS | precio_unitario_raw=18000.0 | total_raw=27000.0
4042,48,251,1.0,FIJO,,,,,,False,unidad_raw=unidades | seccion=SECCION PINTURA Y PREPARADA DE PATAS | precio_unitario_raw=4000.0 | total_raw=4000.0
4043,48,285,1.0,FORMULA,,,,,,False,unidad_raw=galon | seccion=SECCION PINTURA Y PREPARADA DE PATAS | total_raw=0.0
4044,48,249,1.0,FIJO,,,,,,False,unidad_raw=unidad | seccion=SECCION PINTURA Y PREPARADA DE PATAS | precio_unitario_raw=2000.0 | total_raw=2000.0
4045,48,245,1.0,FORMULA,,,,,,False,unidad_raw=unidad | seccion=SECCION PINTURA Y PREPARADA DE PATAS | precio_unitario_raw=2000.0 | total_raw=0.0
4046,48,205,1.0,FORMULA,,,,,,False,unidad_raw=GALON | seccion=SECCION PINTURA Y PREPARADA DE PATAS | precio_unitario_raw=22000.0 | total_raw=0.0
4047,48,199,1.0,FORMULA,,,,,,False,unidad_raw=litro | seccion=SECCION PINTURA Y PREPARADA DE PATAS | precio_unitario_raw=18000.0 | total_raw=0.0
4048,48,65,0.5,VOLUMEN,,,,,,False,unidad_raw=PISTOLADA | seccion=SECCION PINTURA Y PREPARADA DE PATAS | precio_unitario_raw=22000.0 | total_raw=11000.0
4049,48,402,1.0,FORMULA,,,,,,False,unidad_raw=galon | seccion=SECCION PINTURA Y PREPARADA DE PATAS
4050,48,169,1.0,FORMULA,,,,,,False,unidad_raw=LITRO | seccion=SECCION PINTURA Y PREPARADA DE PATAS | precio_unitario_raw=4500.0 | total_raw=0.0
4051,48,341,0.3,VOLUMEN,,,,,,False,unidad_raw=LITRO | seccion=SECCION PINTURA Y PREPARADA DE PATAS | precio_unitario_raw=23000.0 | total_raw=6900.0
4052,48,201,0.5,VOLUMEN,,,,,,False,unidad_raw=PISTOLADA | seccion=SECCION PINTURA Y PREPARADA DE PATAS | precio_unitario_raw=23000.0 | total_raw=11500.0
4053,48,174,1.0,FORMULA,,,,,,False,seccion=SECCION PINTURA Y PREPARADA DE PATAS | total_raw=10020.0
4054,48,104,2.196,LINEAL,,,,,,False,unidad_raw=METRO | seccion=SECCION TERMINACION | precio_unitario_raw=137800.0 | total_raw=302608.8
4055,48,10,35.0,LINEAL,,,,,,False,unidad_raw=METROS | seccion=SECCION TERMINACION | precio_unitario_raw=7000.0 | total_raw=245000.0
4056,48,86,2.0,FORMULA,,,,,,False,unidad_raw=UNIDAD | seccion=SECCION TERMINACION | precio_unitario_raw=20000.0 | total_raw=40000.0
4057,48,319,1.0,FORMULA,,,,,,False,seccion=SECCION TERMINACION | total_raw=587608.8
4058,48,333,1.0,FIJO,,,,,,False,unidad_raw=UNIDAD | seccion=SECCION TERMINACION | precio_unitario_raw=31500.0 | total_raw=31500.0
4059,48,202,2.5,VOLUMEN,,,,,,False,unidad_raw=PISTOLADA | seccion=SECCION TERMINACION | precio_unitario_raw=22000.0 | total_raw=55000.0
4060,48,308,1.0,FIJO,,,,,,False,unidad_raw=UNIDAD | seccion=SECCION TERMINACION | precio_unitario_raw=31500.0 | total_raw=31500.0
4061,48,356,1.5,VOLUMEN,,,,,,False,unidad_raw=PISTOLADAS | seccion=SECCION TERMINACION | precio_unitario_raw=18000.0 | total_raw=27000.0
4062,48,242,2.0,VOLUMEN,,,,,,False,unidad_raw=PISTOLADAS | seccion=SECCION TERMINACION | precio_unitario_raw=2000.0 | total_raw=4000.0
4063,48,65,4.0,FORMULA,,,,,,False,unidad_raw=UNIDAD | seccion=SECCION TERMINACION | precio_unitario_raw=20000.0 | total_raw=80000.0
4064,48,237,1.0,FORMULA,,,,,,False,unidad_raw=UNIDADES | seccion=SECCION TERMINACION | precio_unitario_raw=100000.0
4065,48,16,10.0,LINEAL,,,,,,False,unidad_raw=METROS | seccion=SECCION TERMINACION | precio_unitario_raw=3000.0 | total_raw=3000.0
4066,48,6,2.0,FORMULA,,,,,,False,unidad_raw=PARES | seccion=SECCION TERMINACION | precio_unitario_raw=29000.0 | total_raw=58000.0
4067,48,97,1.0,FIJO,,,,,,False,unidad_raw=UNIDADES | seccion=SECCION TERMINACION | precio_unitario_raw=2000.0 | total_raw=2000.0
4068,48,194,1.0,FORMULA,,,,,,False,unidad_raw=PAR | seccion=SECCION TERMINACION | precio_unitario_raw=160000.0 | total_raw=2000.0
4069,48,198,1.0,FIJO,,,,,,False,unidad_raw=UNIDAD | seccion=SECCION TERMINACION | precio_unitario_raw=26800.0 | total_raw=0.0
4070,48,261,2.0,FORMULA,,,,,,False,unidad_raw=UNIDADES | seccion=SECCION TERMINACION | precio_unitario_raw=15750.0 | total_raw=31500.0
4071,48,70,1.0,FIJO,,,,,,False,unidad_raw=unidades | seccion=SECCION TERMINACION | precio_unitario_raw=10000.0 | total_raw=31500.0
4072,48,95,1.0,FIJO,,,,,,False,unidad_raw=unidades | seccion=SECCION TERMINACION | precio_unitario_raw=150000.0 | total_raw=150000.0
4073,48,355,1.0,FIJO,,,,,,False,seccion=SECCION TERMINACION | total_raw=0.0
4074,48,257,350.0,FORMULA,,,,,,False,unidad_raw=APAMATE | seccion=SECCION TERMINACION | precio_unitario_raw=140.0 | total_raw=49000.0
4075,48,305,2.0,FORMULA,,,,,,False,seccion=SECCION TERMINACION | precio_unitario_raw=3000.0 | total_raw=6000.0
4076,48,180,0.5,ESPACIADO,,,,,,False,unidad_raw=CAJA | seccion=SECCION TERMINACION | precio_unitario_raw=12000.0 | total_raw=6000.0
4077,48,274,1.0,AREA,,,,,,False,unidad_raw=LAMINA | seccion=SECCION TERMINACION | precio_unitario_raw=140000.0 | total_raw=140000.0
4078,48,49,0.5,VOLUMEN,,,,,,False,unidad_raw=LITRO | seccion=SECCION TERMINACION | precio_unitario_raw=14000.0 | total_raw=7000.0
4079,48,423,40.0,ESPACIADO,,,,,,False,unidad_raw=UNIDAD | seccion=SECCION TERMINACION | precio_unitario_raw=100.0 | total_raw=4000.0
4080,48,33,5.0,ESPACIADO,,,,,,False,unidad_raw=TIRA | seccion=SECCION TERMINACION | precio_unitario_raw=1000.0 | total_raw=5000.0
4081,48,187,1.0,FIJO,,,,,,False,unidad_raw=UNIDAD | seccion=SECCION TERMINACION | precio_unitario_raw=63000.0 | total_raw=63000.0
4082,48,350,1.0,FORMULA,,,,,,False,unidad_raw=MANO DE OBRA= | seccion=SECCION TAPICERIA MANO DE OBRA=
4083,48,384,10.0,AREA,,,,,,False,unidad_raw=METROS | seccion=SECCION TAPICERIA MANO DE OBRA= | precio_unitario_raw=28900.0 | total_raw=289000.0
4084,48,129,3.0,AREA,,,,,,False,unidad_raw=LAMINA | seccion=SECCION TAPICERIA MANO DE OBRA= | precio_unitario_raw=30000.0 | total_raw=90000.0
4085,48,180,0.5,ESPACIADO,,,,,,False,unidad_raw=CAJA DE GRAPAS | seccion=SECCION TAPICERIA MANO DE OBRA= | precio_unitario_raw=12000.0 | total_raw=6000.0
4086,48,298,0.0,FORMULA,,,,,,False,unidad_raw=UNIDADES | seccion=SECCION TAPICERIA MANO DE OBRA= | total_raw=0.0
4087,48,413,100.0,ESPACIADO,,,,,,False,unidad_raw=UNIDADES | seccion=SECCION TAPICERIA MANO DE OBRA= | precio_unitario_raw=100.0 | total_raw=10000.0
4088,48,145,0.0,AREA,,,,,,False,unidad_raw=UNIDADES | seccion=SECCION TAPICERIA MANO DE OBRA= | precio_unitario_raw=30000.0 | total_raw=0.0
4089,48,115,0.0,AREA,,,,,,False,unidad_raw=LAMINA | seccion=SECCION TAPICERIA MANO DE OBRA= | precio_unitario_raw=50000.0 | total_raw=0.0
4090,48,87,0.0,AREA,,,,,,False,unidad_raw=METROS | seccion=SECCION TAPICERIA MANO DE OBRA= | precio_unitario_raw=4000.0 | total_raw=0.0
4091,48,195,0.0,FORMULA,,,,,,False,unidad_raw=UNIDAD | seccion=SECCION TAPICERIA MANO DE OBRA= | precio_unitario_raw=25000.0 | total_raw=0.0
4092,48,22,0.0,FORMULA,,,,,,False,unidad_raw=ROLLO | seccion=SECCION TAPICERIA MANO DE OBRA= | precio_unitario_raw=12000.0 | total_raw=0.0
4093,48,359,1.0,VOLUMEN,,,,,,False,unidad_raw=LITRO | seccion=SECCION TAPICERIA MANO DE OBRA= | precio_unitario_raw=19000.0 | total_raw=19000.0
4094,48,26,0.0,FORMULA,,,,,,False,unidad_raw=UNIDADES | seccion=SECCION TAPICERIA MANO DE OBRA= | precio_unitario_raw=5000.0 | total_raw=0.0
4095,48,184,1.0,FIJO,,,,,,False,unidad_raw=CAMA | seccion=SECCION TAPICERIA MANO DE OBRA= | precio_unitario_raw=210000.0 | total_raw=210000.0
4096,48,239,0.0,LINEAL,,,,,,False,unidad_raw=METROS | seccion=SECCION TAPICERIA MANO DE OBRA= | precio_unitario_raw=2650.0 | total_raw=210000.0
4097,49,254,1234.0,FORMULA,,,,,,False,unidad_raw=APAMATE | seccion=EBANISTA EDUAR MANO DE OBRA= EN CRUDO | precio_unitario_raw=140.0 | total_raw=172760.0
4098,49,222,0.5,AREA,,,,,,False,unidad_raw=LAMINA | seccion=EBANISTA EDUAR MANO DE OBRA= EN CRUDO | precio_unitario_raw=220000.0 | total_raw=110000.0
4099,49,228,1.27,AREA,,,,,,False,unidad_raw=LAMINA | seccion=EBANISTA EDUAR MANO DE OBRA= EN CRUDO | precio_unitario_raw=29114.0 | total_raw=36974.78
4100,49,224,3.48,AREA,,,,,,False,unidad_raw=LAMINA | seccion=EBANISTA EDUAR MANO DE OBRA= EN CRUDO | precio_unitario_raw=15229.0 | total_raw=52996.92
4101,49,366,1.0,FORMULA,,,,,,False,unidad_raw=UNIDAD | seccion=EBANISTA EDUAR MANO DE OBRA= EN CRUDO | precio_unitario_raw=21000.0 | total_raw=0.0
4102,49,234,2.2,AREA,,,,,,False,"unidad_raw=0,90*2,44 | seccion=EBANISTA EDUAR MANO DE OBRA= EN CRUDO | precio_unitario_raw=31900.0 | total_raw=70180.0"
4103,49,49,1.0,VOLUMEN,,,,,,False,unidad_raw=LITRO | seccion=EBANISTA EDUAR MANO DE OBRA= EN CRUDO | precio_unitario_raw=14000.0 | total_raw=14000.0
4104,49,180,0.5,ESPACIADO,,,,,,False,unidad_raw=CAJA | seccion=EBANISTA EDUAR MANO DE OBRA= EN CRUDO | precio_unitario_raw=12000.0 | total_raw=6000.0
4105,49,166,1.0,FIJO,,,,,,False,unidad_raw=PAR | seccion=EBANISTA EDUAR MANO DE OBRA= EN CRUDO | precio_unitario_raw=20000.0 | total_raw=20000.0
4106,49,426,4.0,ESPACIADO,,,,,,False,unidad_raw=UNIDAD | seccion=EBANISTA EDUAR MANO DE OBRA= EN CRUDO | precio_unitario_raw=800.0 | total_raw=3200.0
4107,49,359,1.0,FORMULA,,,,,,False,unidad_raw=LITRO | seccion=EBANISTA EDUAR MANO DE OBRA= EN CRUDO | precio_unitario_raw=13300.0 | total_raw=0.0
4108,49,156,5.0,FORMULA,,,,,,False,unidad_raw=TIRAS | seccion=EBANISTA EDUAR MANO DE OBRA= EN CRUDO | precio_unitario_raw=1000.0 | total_raw=5000.0
4109,49,423,150.0,ESPACIADO,,,,,,False,unidad_raw=Unidad | seccion=EBANISTA EDUAR MANO DE OBRA= EN CRUDO | precio_unitario_raw=100.0 | total_raw=15000.0
4110,49,92,1.0,FORMULA,,,,,,False,seccion=EBANISTA EDUAR MANO DE OBRA= EN CRUDO | total_raw=315000.0
4111,49,171,1.0,FORMULA,,,,,,False,seccion=EBANISTA EDUAR MANO DE OBRA= EN CRUDO | total_raw=82111.17
4112,49,72,2.0,FORMULA,,,,,,False,unidad_raw=PAR | seccion=EBANISTA EDUAR MANO DE OBRA= EN CRUDO | precio_unitario_raw=17500.0 | total_raw=35000.0
4113,49,269,0.72,AREA,,,,,,False,"unidad_raw=1 PEDAZO DE 0,40*1,80 | seccion=EBANISTA EDUAR MANO DE OBRA= EN CRUDO | precio_unitario_raw=15229.0 | total_raw=10964.88"
4114,49,208,2.24,AREA,,,,,,False,"unidad_raw=1 PEDASO DE 100*2,24 | seccion=EBANISTA EDUAR MANO DE OBRA= EN CRUDO | precio_unitario_raw=49270.0 | total_raw=110364.8"
4115,49,217,1.0,FORMULA,,,,,,False,"unidad_raw=1 PEDASO DE 1,50X40=60 | seccion=EBANISTA EDUAR MANO DE OBRA= EN CRUDO | precio_unitario_raw=140.0 | total_raw=0.0"
4116,49,49,0.5,VOLUMEN,,,,,,False,unidad_raw=litros | seccion=EBANISTA EDUAR MANO DE OBRA= EN CRUDO | precio_unitario_raw=14000.0 | total_raw=7000.0
4117,49,180,1.0,FIJO,,,,,,False,unidad_raw=Unidad | seccion=EBANISTA EDUAR MANO DE OBRA= EN CRUDO | precio_unitario_raw=600.0 | total_raw=0.0
4118,49,42,30.0,ESPACIADO,,,,,,False,unidad_raw=TIRA | seccion=EBANISTA EDUAR MANO DE OBRA= EN CRUDO | precio_unitario_raw=1000.0 | total_raw=30000.0
4119,49,184,1.0,FIJO,,,,,,False,unidad_raw=PAR | seccion=EBANISTA EDUAR MANO DE OBRA= EN CRUDO | precio_unitario_raw=250000.0 | total_raw=0.0
4120,49,420,30.0,ESPACIADO,,,,,,False,unidad_raw=Unidad | seccion=EBANISTA EDUAR MANO DE OBRA= EN CRUDO | precio_unitario_raw=100.0 | total_raw=3000.0
4121,49,262,1.0,FORMULA,,,,,,False,seccion=EBANISTA EDUAR MANO DE OBRA= EN CRUDO | total_raw=105000.0
4122,49,172,1.0,FORMULA,,,,,,False,seccion=EBANISTA EDUAR MANO DE OBRA= EN CRUDO | total_raw=15066.484
4123,49,349,1.0,FORMULA,,,,,DE NOCHERO,False,seccion=SECCION PINTURA Y PREPARADA DE NOCHERO
4124,49,331,1.0,FORMULA,,,,,,False,unidad_raw=CON EL 5% | seccion=SECCION PINTURA Y PREPARADA DE NOCHERO | precio_unitario_raw=36750.0 | total_raw=0.0
4125,49,310,1.0,FORMULA,,,,,,False,unidad_raw=CON EL 5% | seccion=SECCION PINTURA Y PREPARADA DE NOCHERO | precio_unitario_raw=36750.0 | total_raw=0.0
4126,49,356,1.0,FORMULA,,,,,,False,unidad_raw=PISTOLADAS | seccion=SECCION PINTURA Y PREPARADA DE NOCHERO | precio_unitario_raw=18000.0 | total_raw=0.0
4127,49,251,1.0,FORMULA,,,,,,False,unidad_raw=unidades | seccion=SECCION PINTURA Y PREPARADA DE NOCHERO | precio_unitario_raw=2000.0 | total_raw=0.0
4128,49,285,1.0,FORMULA,,,,,,False,unidad_raw=galon | seccion=SECCION PINTURA Y PREPARADA DE NOCHERO | precio_unitario_raw=70000.0 | total_raw=0.0
4129,49,432,1.0,FORMULA,,,,,,False,unidad_raw=unidad | seccion=SECCION PINTURA Y PREPARADA DE NOCHERO | precio_unitario_raw=45000.0 | total_raw=0.0
4130,49,368,1.0,FORMULA,,,,,,False,unidad_raw=unidad | seccion=SECCION PINTURA Y PREPARADA DE NOCHERO | precio_unitario_raw=2500.0 | total_raw=0.0
4131,49,401,1.0,FORMULA,,,,,,False,unidad_raw=GALON | seccion=SECCION PINTURA Y PREPARADA DE NOCHERO | precio_unitario_raw=34000.0 | total_raw=0.0
4132,49,408,1.0,FORMULA,,,,,,False,unidad_raw=JALADORES | seccion=SECCION PINTURA Y PREPARADA DE NOCHERO | precio_unitario_raw=3000.0 | total_raw=0.0
4133,49,69,1.0,FORMULA,,,,,,False,unidad_raw=PISTOLADA | seccion=SECCION PINTURA Y PREPARADA DE NOCHERO | precio_unitario_raw=22000.0 | total_raw=0.0
4134,49,50,1.0,FORMULA,,,,,,False,unidad_raw=PISTOLADA | seccion=SECCION PINTURA Y PREPARADA DE NOCHERO | precio_unitario_raw=22000.0 | total_raw=0.0
4135,49,98,1.0,FORMULA,,,,,,False,unidad_raw=galon | seccion=SECCION PINTURA Y PREPARADA DE NOCHERO | precio_unitario_raw=160000.0 | total_raw=0.0
4136,49,169,1.0,FORMULA,,,,,,False,unidad_raw=ML | seccion=SECCION PINTURA Y PREPARADA DE NOCHERO | precio_unitario_raw=4500.0 | total_raw=0.0
4137,49,341,1.0,FORMULA,,,,,,False,unidad_raw=LITRO | seccion=SECCION PINTURA Y PREPARADA DE NOCHERO | precio_unitario_raw=20000.0 | total_raw=0.0
4138,49,203,1.0,FORMULA,,,,,,False,unidad_raw=PISTOLADA | seccion=SECCION PINTURA Y PREPARADA DE NOCHERO | precio_unitario_raw=22000.0 | total_raw=0.0
4139,49,174,1.0,FORMULA,,,,,,False,seccion=SECCION PINTURA Y PREPARADA DE NOCHERO | total_raw=0.0
4140,49,349,1.0,FORMULA,,,,,PATAS DE CABECERO,False,seccion=SECCION PINTURA Y PREPARADA PATAS DE CABECERO
4141,49,331,2.0,FORMULA,,,,,,False,unidad_raw=CON EL 5% | seccion=SECCION PINTURA Y PREPARADA PATAS DE CABECERO | precio_unitario_raw=1000.0 | total_raw=2100.0
4142,49,310,2.0,FORMULA,,,,,,False,unidad_raw=CON EL 5% | seccion=SECCION PINTURA Y PREPARADA PATAS DE CABECERO | precio_unitario_raw=2000.0 | total_raw=4200.0
4143,49,314,1.0,FIJO,,,,,,False,seccion=SECCION PINTURA Y PREPARADA PATAS DE CABECERO | precio_unitario_raw=2100.0 | total_raw=0.0
4144,49,356,0.25,VOLUMEN,,,,,,False,unidad_raw=PISTOLADAS | seccion=SECCION PINTURA Y PREPARADA PATAS DE CABECERO | precio_unitario_raw=18000.0 | total_raw=4500.0
4145,49,251,0.25,FORMULA,,,,,,False,unidad_raw=unidades | seccion=SECCION PINTURA Y PREPARADA PATAS DE CABECERO | precio_unitario_raw=2000.0 | total_raw=500.0
4146,49,285,1.0,FORMULA,,,,,,False,unidad_raw=galon | seccion=SECCION PINTURA Y PREPARADA PATAS DE CABECERO | total_raw=0.0
4147,49,249,1.0,FORMULA,,,,,,False,unidad_raw=unidad | seccion=SECCION PINTURA Y PREPARADA PATAS DE CABECERO | precio_unitario_raw=2000.0 | total_raw=0.0
4148,49,245,1.0,FORMULA,,,,,,False,unidad_raw=unidad | seccion=SECCION PINTURA Y PREPARADA PATAS DE CABECERO | precio_unitario_raw=2000.0 | total_raw=0.0
4149,49,205,1.0,FORMULA,,,,,,False,unidad_raw=GALON | seccion=SECCION PINTURA Y PREPARADA PATAS DE CABECERO | precio_unitario_raw=22000.0 | total_raw=0.0
4150,49,199,1.0,FORMULA,,,,,,False,unidad_raw=litro | seccion=SECCION PINTURA Y PREPARADA PATAS DE CABECERO | precio_unitario_raw=18000.0 | total_raw=0.0
4151,49,56,0.2,VOLUMEN,,,,,,False,unidad_raw=PISTOLADA | seccion=SECCION PINTURA Y PREPARADA PATAS DE CABECERO | precio_unitario_raw=22000.0 | total_raw=4400.0
4152,49,402,0.0,VOLUMEN,,,,,,False,unidad_raw=galon | seccion=SECCION PINTURA Y PREPARADA PATAS DE CABECERO
4153,49,169,0.0,VOLUMEN,,,,,,False,unidad_raw=LITRO | seccion=SECCION PINTURA Y PREPARADA PATAS DE CABECERO | precio_unitario_raw=4500.0 | total_raw=0.0
4154,49,341,0.0,VOLUMEN,,,,,,False,unidad_raw=LITRO | seccion=SECCION PINTURA Y PREPARADA PATAS DE CABECERO | precio_unitario_raw=23000.0 | total_raw=0.0
4155,49,201,1.0,FORMULA,,,,,,False,unidad_raw=PISTOLADA | seccion=SECCION PINTURA Y PREPARADA PATAS DE CABECERO | precio_unitario_raw=23000.0 | total_raw=0.0
4156,49,174,1.0,FORMULA,,,,,,False,seccion=SECCION PINTURA Y PREPARADA PATAS DE CABECERO | total_raw=1570.0
4157,49,103,0.0,LINEAL,,,,,,False,unidad_raw=METRO | seccion=SECCION TERMINACION | precio_unitario_raw=137800.0 | total_raw=0.0
4158,49,10,0.0,FORMULA,,,,,,False,unidad_raw=UNIDAD | seccion=SECCION TERMINACION | precio_unitario_raw=7000.0 | total_raw=0.0
4159,49,85,0.0,FORMULA,,,,,,False,unidad_raw=UNIDAD | seccion=SECCION TERMINACION | precio_unitario_raw=50000.0 | total_raw=0.0
4160,49,237,1.0,FORMULA,,,,,,False,unidad_raw=UNIDADES | seccion=SECCION TERMINACION | precio_unitario_raw=100000.0
4161,49,16,1.0,FORMULA,,,,,,False,unidad_raw=METROS | seccion=SECCION TERMINACION | precio_unitario_raw=3000.0 | total_raw=0.0
4162,49,6,1.0,FORMULA,,,,,,False,unidad_raw=PAR | seccion=SECCION TERMINACION | precio_unitario_raw=1500.0 | total_raw=0.0
4163,49,97,1.0,FORMULA,,,,,,False,unidad_raw=UNIDADES | seccion=SECCION TERMINACION | precio_unitario_raw=2000.0 | total_raw=0.0
4164,49,194,1.0,FORMULA,,,,,,False,unidad_raw=PAR | seccion=SECCION TERMINACION | precio_unitario_raw=160000.0 | total_raw=0.0
4165,49,198,1.0,FIJO,,,,,,False,unidad_raw=UNIDAD | seccion=SECCION TERMINACION | precio_unitario_raw=26800.0 | total_raw=0.0
4166,49,283,1.0,FORMULA,,,,,,False,unidad_raw=UNIDADES | seccion=SECCION TERMINACION | precio_unitario_raw=3000.0 | total_raw=0.0
4167,49,70,1.0,FIJO,,,,,,False,unidad_raw=unidades | seccion=SECCION TERMINACION | precio_unitario_raw=10000.0 | total_raw=0.0
4168,49,95,1.0,FIJO,,,,,,False,unidad_raw=unidades | seccion=SECCION TERMINACION | precio_unitario_raw=150000.0 | total_raw=150000.0
4169,49,354,1.0,FORMULA,,,,,,False,seccion=SECCION TERMINACION | total_raw=0.0
4170,49,257,0.0,FORMULA,,,,,,False,unidad_raw=APAMATE | seccion=SECCION TERMINACION | precio_unitario_raw=140.0 | total_raw=0.0
4171,49,305,0.0,FORMULA,,,,,,False,seccion=SECCION TERMINACION | precio_unitario_raw=3500.0 | total_raw=0.0
4172,49,180,1.0,FIJO,,,,,,False,unidad_raw=CAJA | seccion=SECCION TERMINACION | precio_unitario_raw=12000.0 | total_raw=0.0
4173,49,274,0.0,AREA,,,,,,False,unidad_raw=LAMINA | seccion=SECCION TERMINACION | precio_unitario_raw=140000.0 | total_raw=0.0
4174,49,49,0.0,VOLUMEN,,,,,,False,unidad_raw=LITRO | seccion=SECCION TERMINACION | precio_unitario_raw=14000.0 | total_raw=0.0
4175,49,423,0.0,ESPACIADO,,,,,,False,unidad_raw=UNIDAD | seccion=SECCION TERMINACION | precio_unitario_raw=100.0 | total_raw=0.0
4176,49,33,0.0,ESPACIADO,,,,,,False,unidad_raw=TIRA | seccion=SECCION TERMINACION | precio_unitario_raw=1000.0 | total_raw=0.0
4177,49,184,0.0,FORMULA,,,,,,False,unidad_raw=UNIDAD | seccion=SECCION TERMINACION | precio_unitario_raw=63000.0 | total_raw=0.0
4178,49,350,1.0,FORMULA,,,,,,False,unidad_raw=MANO DE OBRA= | seccion=SECCION TAPICERIA MANO DE OBRA= CARLOS
4179,49,378,6.0,AREA,,,,,,False,unidad_raw=METROS | seccion=SECCION TAPICERIA MANO DE OBRA= CARLOS | precio_unitario_raw=20000.0 | total_raw=120000.0
4180,49,129,1.0,AREA,,,,,,False,unidad_raw=LAMINA | seccion=SECCION TAPICERIA MANO DE OBRA= CARLOS | precio_unitario_raw=30000.0 | total_raw=30000.0
4181,49,124,2.0,AREA,,,,,,False,unidad_raw=LAMINA | seccion=SECCION TAPICERIA MANO DE OBRA= CARLOS | precio_unitario_raw=12500.0 | total_raw=25000.0
4182,49,299,5.0,FORMULA,,,,,,False,unidad_raw=UNIDADES | seccion=SECCION TAPICERIA MANO DE OBRA= CARLOS | precio_unitario_raw=6000.0 | total_raw=30000.0
4183,49,414,28.0,ESPACIADO,,,,,,False,unidad_raw=UNIDADES | seccion=SECCION TAPICERIA MANO DE OBRA= CARLOS | precio_unitario_raw=100.0 | total_raw=2800.0
4184,49,413,20.0,ESPACIADO,,,,,,False,unidad_raw=UNIDADES | seccion=SECCION TAPICERIA MANO DE OBRA= CARLOS | precio_unitario_raw=100.0 | total_raw=2000.0
4185,49,417,4.0,ESPACIADO,,,,,,False,unidad_raw=UNIDADES | seccion=SECCION TAPICERIA MANO DE OBRA= CARLOS | precio_unitario_raw=100.0 | total_raw=400.0
4186,49,139,1.2,AREA,,,,,,False,unidad_raw=UNIDADES | seccion=SECCION TAPICERIA MANO DE OBRA= CARLOS | precio_unitario_raw=6630.0 | total_raw=7956.0
4187,49,115,1.0,FORMULA,,,,,,False,unidad_raw=LAMINA | seccion=SECCION TAPICERIA MANO DE OBRA= CARLOS | precio_unitario_raw=50000.0 | total_raw=0.0
4188,49,180,0.5,ESPACIADO,,,,,,False,unidad_raw=CAJA DE GRAPAS | seccion=SECCION TAPICERIA MANO DE OBRA= CARLOS | precio_unitario_raw=12000.0 | total_raw=6000.0
4189,49,87,2.5,AREA,,,,,,False,unidad_raw=METROS | seccion=SECCION TAPICERIA MANO DE OBRA= CARLOS | precio_unitario_raw=4000.0 | total_raw=10000.0
4190,49,195,0.25,FORMULA,,,,,,False,unidad_raw=UNIDAD | seccion=SECCION TAPICERIA MANO DE OBRA= CARLOS | precio_unitario_raw=25000.0 | total_raw=6250.0
4191,49,22,0.0,FORMULA,,,,,,False,unidad_raw=ROLLO | seccion=SECCION TAPICERIA MANO DE OBRA= CARLOS | precio_unitario_raw=12000.0 | total_raw=0.0
4192,49,359,0.2,VOLUMEN,,,,,,False,unidad_raw=LITRO | seccion=SECCION TAPICERIA MANO DE OBRA= CARLOS | precio_unitario_raw=19000.0 | total_raw=3800.0
4193,49,26,0.0,FORMULA,,,,,,False,unidad_raw=UNIDADES | seccion=SECCION TAPICERIA MANO DE OBRA= CARLOS | precio_unitario_raw=5000.0 | total_raw=0.0
4194,49,184,1.0,FIJO,,,,,,False,unidad_raw=CAMA | seccion=SECCION TAPICERIA MANO DE OBRA= CARLOS | precio_unitario_raw=210000.0 | total_raw=0.0
4195,49,239,9.25,LINEAL,,,,,,False,unidad_raw=METROS | seccion=SECCION TAPICERIA MANO DE OBRA= CARLOS | precio_unitario_raw=2650.0 | total_raw=24512.5
4196,50,254,450.0,FORMULA,,,,,,False,unidad_raw=APAMATE | seccion=EBANISTA WILMER MANO DE OBRA= | precio_unitario_raw=140.0 | total_raw=63000.0
4197,50,266,0.5,AREA,,,,,,False,unidad_raw=LAMINA | seccion=EBANISTA WILMER MANO DE OBRA= | precio_unitario_raw=220000.0 | total_raw=110000.0
4198,50,265,0.5,AREA,,,,,,False,unidad_raw=LAMINA | seccion=EBANISTA WILMER MANO DE OBRA= | precio_unitario_raw=68000.0 | total_raw=34000.0
4199,50,363,0.5,FORMULA,,,,,,False,"unidad_raw=2,50*20*2,5 | seccion=EBANISTA WILMER MANO DE OBRA= | precio_unitario_raw=28600.0 | total_raw=14300.0"
4200,50,363,0.5,FORMULA,,,,,,False,"unidad_raw=3*20*2,5 | seccion=EBANISTA WILMER MANO DE OBRA= | precio_unitario_raw=31500.0 | total_raw=15750.0"
4201,50,363,0.5,FORMULA,,,,,,False,"unidad_raw=3*30*2,5 | seccion=EBANISTA WILMER MANO DE OBRA= | precio_unitario_raw=50000.0 | total_raw=25000.0"
4202,50,49,1.5,VOLUMEN,,,,,,False,unidad_raw=LITRO | seccion=EBANISTA WILMER MANO DE OBRA= | precio_unitario_raw=14000.0 | total_raw=21000.0
4203,50,180,0.5,ESPACIADO,,,,,,False,unidad_raw=CAJA | seccion=EBANISTA WILMER MANO DE OBRA= | precio_unitario_raw=12000.0 | total_raw=6000.0
4204,50,166,1.0,FIJO,,,,,,False,unidad_raw=PAR | seccion=EBANISTA WILMER MANO DE OBRA= | precio_unitario_raw=20000.0 | total_raw=20000.0
4205,50,33,5.0,ESPACIADO,,,,,,False,unidad_raw=TIRAS | seccion=EBANISTA WILMER MANO DE OBRA= | precio_unitario_raw=1000.0 | total_raw=5000.0
4206,50,420,100.0,ESPACIADO,,,,,,False,unidad_raw=Unidad | seccion=EBANISTA WILMER MANO DE OBRA= | precio_unitario_raw=100.0 | total_raw=10000.0
4207,50,92,1.0,FORMULA,,,,,,False,seccion=EBANISTA WILMER MANO DE OBRA= | total_raw=315000.0
4208,50,171,1.0,FORMULA,,,,,,False,seccion=EBANISTA WILMER MANO DE OBRA= | total_raw=63905.0
4209,50,70,4.0,FORMULA,,,,,,False,unidad_raw=Unidad | seccion=EBANISTA WILMER MANO DE OBRA= | precio_unitario_raw=10000.0 | total_raw=40000.0
4210,50,188,2.0,FORMULA,,,,,,False,unidad_raw=PAR | seccion=EBANISTA WILMER MANO DE OBRA= | precio_unitario_raw=250000.0 | total_raw=500000.0
4211,50,172,1.0,FORMULA,,,,,,False,seccion=EBANISTA WILMER MANO DE OBRA= | total_raw=0.0
4212,50,349,1.0,FORMULA,,,,,DOS NOCHERO,False,seccion=SECCION PINTURA Y PREPARADA DOS NOCHERO
4213,50,331,2.0,FORMULA,,,,,,False,unidad_raw=CON EL 5% | seccion=SECCION PINTURA Y PREPARADA DOS NOCHERO | precio_unitario_raw=36750.0 | total_raw=73500.0
4214,50,310,2.0,FORMULA,,,,,,False,unidad_raw=CON EL 5% | seccion=SECCION PINTURA Y PREPARADA DOS NOCHERO | precio_unitario_raw=36750.0 | total_raw=73500.0
4215,50,356,4.0,VOLUMEN,,,,,,False,unidad_raw=PISTOLADAS | seccion=SECCION PINTURA Y PREPARADA DOS NOCHERO | precio_unitario_raw=18000.0 | total_raw=72000.0
4216,50,251,0.5,FORMULA,,,,,,False,unidad_raw=unidades | seccion=SECCION PINTURA Y PREPARADA DOS NOCHERO | precio_unitario_raw=2000.0 | total_raw=1000.0
4217,50,246,0.5,VOLUMEN,,,,,,False,unidad_raw=galon | seccion=SECCION PINTURA Y PREPARADA DOS NOCHERO | precio_unitario_raw=2000.0 | total_raw=1000.0
4218,50,245,1.0,FIJO,,,,,,False,unidad_raw=unidad | seccion=SECCION PINTURA Y PREPARADA DOS NOCHERO | precio_unitario_raw=2000.0 | total_raw=2000.0
4219,50,50,2.5,VOLUMEN,,,,,,False,unidad_raw=PISTOLADA | seccion=SECCION PINTURA Y PREPARADA DOS NOCHERO | precio_unitario_raw=22000.0 | total_raw=55000.0
4220,50,169,0.5,LINEAL,,,,,,False,unidad_raw=ML | seccion=SECCION PINTURA Y PREPARADA DOS NOCHERO | precio_unitario_raw=5000.0 | total_raw=2500.0
4221,50,341,1.0,VOLUMEN,,,,,,False,unidad_raw=LITRO | seccion=SECCION PINTURA Y PREPARADA DOS NOCHERO | precio_unitario_raw=20000.0 | total_raw=20000.0
4222,50,203,2.0,VOLUMEN,,,,,,False,unidad_raw=PISTOLADA | seccion=SECCION PINTURA Y PREPARADA DOS NOCHERO | precio_unitario_raw=23000.0 | total_raw=46000.0
4223,50,174,1.0,FORMULA,,,,,,False,seccion=SECCION PINTURA Y PREPARADA DOS NOCHERO | total_raw=34650.0
4224,50,349,1.0,FORMULA,,,,,PATAS,False,seccion=SECCION PINTURA Y PREPARADA PATAS
4225,50,331,8.0,FORMULA,,,,,,False,unidad_raw=CON EL 5% | seccion=SECCION PINTURA Y PREPARADA PATAS | precio_unitario_raw=1050.0 | total_raw=8400.0
4226,50,310,8.0,FORMULA,,,,,,False,unidad_raw=CON EL 5% | seccion=SECCION PINTURA Y PREPARADA PATAS | precio_unitario_raw=2100.0 | total_raw=16800.0
4227,50,356,0.3,VOLUMEN,,,,,,False,unidad_raw=PISTOLADAS | seccion=SECCION PINTURA Y PREPARADA PATAS | precio_unitario_raw=18000.0 | total_raw=5400.0
4228,50,251,0.5,FORMULA,,,,,,False,unidad_raw=unidades | seccion=SECCION PINTURA Y PREPARADA PATAS | precio_unitario_raw=2000.0 | total_raw=1000.0
4229,50,249,0.5,FORMULA,,,,,,False,unidad_raw=unidad | seccion=SECCION PINTURA Y PREPARADA PATAS | precio_unitario_raw=2000.0 | total_raw=1000.0
4230,50,50,0.25,VOLUMEN,,,,,,False,unidad_raw=PISTOLADA | seccion=SECCION PINTURA Y PREPARADA PATAS | precio_unitario_raw=22000.0 | total_raw=5500.0
4231,50,341,0.5,VOLUMEN,,,,,,False,unidad_raw=LITRO | seccion=SECCION PINTURA Y PREPARADA PATAS | precio_unitario_raw=20000.0 | total_raw=10000.0
4232,50,206,0.25,VOLUMEN,,,,,,False,unidad_raw=PISTOLADA | seccion=SECCION PINTURA Y PREPARADA PATAS | precio_unitario_raw=23000.0 | total_raw=5750.0
4233,50,174,1.0,FORMULA,,,,,,False,seccion=SECCION PINTURA Y PREPARADA PATAS | total_raw=5385.0
4234,50,406,1.0,FORMULA,,,,,,False,unidad_raw=UNIDAD | seccion=SECCION TERMINACION | precio_unitario_raw=10500.0 | total_raw=0.0
4235,50,338,1.0,FORMULA,,,,,,False,unidad_raw=UNIDAD | seccion=SECCION TERMINACION | precio_unitario_raw=20000.0 | total_raw=0.0
4236,50,339,1.0,FORMULA,,,,,,False,unidad_raw=UNIDAD | seccion=SECCION TERMINACION | precio_unitario_raw=20000.0 | total_raw=0.0
4237,50,237,1.0,FORMULA,,,,,,False,unidad_raw=UNIDADES | seccion=SECCION TERMINACION | precio_unitario_raw=100000.0 | total_raw=0.0
4238,50,16,1.0,FORMULA,,,,,,False,unidad_raw=METROS | seccion=SECCION TERMINACION | precio_unitario_raw=3000.0 | total_raw=0.0
4239,50,6,1.0,FORMULA,,,,,,False,unidad_raw=PAR | seccion=SECCION TERMINACION | precio_unitario_raw=1500.0 | total_raw=0.0
4240,50,97,1.0,FORMULA,,,,,,False,unidad_raw=UNIDADES | seccion=SECCION TERMINACION | precio_unitario_raw=2000.0 | total_raw=0.0
4241,50,194,1.0,FORMULA,,,,,,False,unidad_raw=PAR | seccion=SECCION TERMINACION | precio_unitario_raw=160000.0 | total_raw=0.0
4242,50,198,1.0,FIJO,,,,,,False,unidad_raw=UNIDAD | seccion=SECCION TERMINACION | precio_unitario_raw=26800.0 | total_raw=0.0
4243,50,283,1.0,FORMULA,,,,,,False,unidad_raw=UNIDADES | seccion=SECCION TERMINACION | precio_unitario_raw=3000.0 | total_raw=0.0
4244,50,70,1.0,FIJO,,,,,,False,unidad_raw=unidades | seccion=SECCION TERMINACION | precio_unitario_raw=8000.0 | total_raw=0.0
4245,50,95,1.0,FIJO,,,,,,False,unidad_raw=unidades | seccion=SECCION TERMINACION | precio_unitario_raw=150000.0 | total_raw=150000.0
4246,50,352,1.0,FORMULA,,,,,,False,seccion=SECCION TERMINACION | total_raw=0.0
4247,50,254,639.0,FORMULA,,,,,,False,unidad_raw=APAMATE | seccion=SECCION TERMINACION | precio_unitario_raw=140.0 | total_raw=89460.0
4248,50,304,4.2,FORMULA,,,,,,False,seccion=SECCION TERMINACION | precio_unitario_raw=3500.0 | total_raw=14700.0
4249,50,180,0.25,ESPACIADO,,,,,,False,unidad_raw=CAJA | seccion=SECCION TERMINACION | precio_unitario_raw=12000.0 | total_raw=3000.0
4250,50,274,1.0,AREA,,,,,,False,unidad_raw=LAMINA | seccion=SECCION TERMINACION | precio_unitario_raw=140000.0 | total_raw=140000.0
4251,50,49,0.5,VOLUMEN,,,,,,False,unidad_raw=LITRO | seccion=SECCION TERMINACION | precio_unitario_raw=14000.0 | total_raw=7000.0
4252,50,423,40.0,ESPACIADO,,,,,,False,unidad_raw=UNIDAD | seccion=SECCION TERMINACION | precio_unitario_raw=100.0 | total_raw=4000.0
4253,50,66,0.5,VOLUMEN,,,,,,False,unidad_raw=PISTOLADAS | seccion=SECCION TERMINACION | precio_unitario_raw=22000.0 | total_raw=11000.0
4254,50,316,2.0,FORMULA,,,,,,False,unidad_raw=CON EL 5% | seccion=SECCION TERMINACION | precio_unitario_raw=6300.0 | total_raw=12600.0
4255,50,33,3.0,ESPACIADO,,,,,,False,unidad_raw=TIRA | seccion=SECCION TERMINACION | precio_unitario_raw=1000.0 | total_raw=3000.0
4256,50,184,1.0,FIJO,,,,,,False,unidad_raw=UNIDAD | seccion=SECCION TERMINACION | precio_unitario_raw=63000.0 | total_raw=63000.0
4257,50,350,1.0,FORMULA,,,,,,False,unidad_raw=MANO DE OBRA= | seccion=SECCION TAPICERIA MANO DE OBRA=
4258,50,372,12.0,AREA,,,,,,False,unidad_raw=METROS | seccion=SECCION TAPICERIA MANO DE OBRA= | precio_unitario_raw=24600.0 | total_raw=295200.0
4259,50,109,1.75,AREA,,,,,,False,unidad_raw=LAMINA | seccion=SECCION TAPICERIA MANO DE OBRA= | precio_unitario_raw=20000.0 | total_raw=35000.0
4260,50,180,0.75,ESPACIADO,,,,,,False,unidad_raw=CAJA DE GRAPAS | seccion=SECCION TAPICERIA MANO DE OBRA= | precio_unitario_raw=12000.0 | total_raw=9000.0
4261,50,113,0.5,AREA,,,,,,False,unidad_raw=LAMINA | seccion=SECCION TAPICERIA MANO DE OBRA= | precio_unitario_raw=8000.0 | total_raw=4000.0
4262,50,115,1.75,AREA,,,,,,False,unidad_raw=LAMINA | seccion=SECCION TAPICERIA MANO DE OBRA= | precio_unitario_raw=41000.0 | total_raw=71750.0
4263,50,87,4.0,AREA,,,,,,False,unidad_raw=METROS | seccion=SECCION TAPICERIA MANO DE OBRA= | precio_unitario_raw=3500.0 | total_raw=14000.0
4264,50,195,0.5,FORMULA,,,,,,False,unidad_raw=UNIDAD | seccion=SECCION TAPICERIA MANO DE OBRA= | precio_unitario_raw=25000.0 | total_raw=12500.0
4265,50,362,0.75,VOLUMEN,,,,,,False,unidad_raw=LITRO | seccion=SECCION TAPICERIA MANO DE OBRA= | precio_unitario_raw=18000.0 | total_raw=13500.0
4266,50,184,1.0,FIJO,,,,,,False,unidad_raw=CAMA | seccion=SECCION TAPICERIA MANO DE OBRA= | precio_unitario_raw=210000.0 | total_raw=210000.0
4267,51,254,400.0,FORMULA,,,,,,False,unidad_raw=APAMATE | seccion=EBANISTA WILMER MANO DE OBRA= | precio_unitario_raw=140.0 | total_raw=56000.0
4268,51,266,0.5,AREA,,,,,,False,unidad_raw=LAMINA | seccion=EBANISTA WILMER MANO DE OBRA= | precio_unitario_raw=330000.0 | total_raw=165000.0
4269,51,265,0.25,AREA,,,,,,False,unidad_raw=LAMINA | seccion=EBANISTA WILMER MANO DE OBRA= | precio_unitario_raw=68000.0 | total_raw=17000.0
4270,51,221,1.0,FORMULA,,,,,,False,unidad_raw=LAMINA | seccion=EBANISTA WILMER MANO DE OBRA= | precio_unitario_raw=220000.0 | total_raw=0.0
4271,51,363,0.25,FORMULA,,,,,,False,"unidad_raw=2,50*20*2,5 | seccion=EBANISTA WILMER MANO DE OBRA= | precio_unitario_raw=28600.0 | total_raw=7150.0"
4272,51,363,0.25,FORMULA,,,,,,False,"unidad_raw=3*20*2,5 | seccion=EBANISTA WILMER MANO DE OBRA= | precio_unitario_raw=31500.0 | total_raw=7875.0"
4273,51,363,0.5,FORMULA,,,,,,False,"unidad_raw=3*30*2,5 | seccion=EBANISTA WILMER MANO DE OBRA= | precio_unitario_raw=93000.0 | total_raw=46500.0"
4274,51,49,1.0,VOLUMEN,,,,,,False,unidad_raw=LITRO | seccion=EBANISTA WILMER MANO DE OBRA= | precio_unitario_raw=14000.0 | total_raw=14000.0
4275,51,180,0.5,ESPACIADO,,,,,,False,unidad_raw=CAJA | seccion=EBANISTA WILMER MANO DE OBRA= | precio_unitario_raw=12000.0 | total_raw=6000.0
4276,51,166,0.5,FORMULA,,,,,,False,unidad_raw=PAR | seccion=EBANISTA WILMER MANO DE OBRA= | precio_unitario_raw=20000.0 | total_raw=10000.0
4277,51,155,5.0,FORMULA,,,,,,False,unidad_raw=TIRAS | seccion=EBANISTA WILMER MANO DE OBRA= | precio_unitario_raw=1000.0 | total_raw=5000.0
4278,51,423,100.0,ESPACIADO,,,,,,False,unidad_raw=Unidad | seccion=EBANISTA WILMER MANO DE OBRA= | precio_unitario_raw=100.0 | total_raw=10000.0
4279,51,92,1.0,FORMULA,,,,,,False,seccion=EBANISTA WILMER MANO DE OBRA= | total_raw=315000.0
4280,51,171,1.0,FORMULA,,,,,,False,seccion=EBANISTA WILMER MANO DE OBRA= | total_raw=65952.5
4281,51,72,1.0,FIJO,,,,,,False,unidad_raw=PAR | seccion=EBANISTA WILMER MANO DE OBRA= | precio_unitario_raw=250000.0 | total_raw=0.0
4282,51,70,1.0,FIJO,,,,,,False,unidad_raw=1 PEDAZO DE 1.00X46=46 | seccion=EBANISTA WILMER MANO DE OBRA= | precio_unitario_raw=15000.0 | total_raw=0.0
4283,51,214,1.0,FORMULA,,,,,,False,unidad_raw=1 PEDASO DE 1.50X40=60 | seccion=EBANISTA WILMER MANO DE OBRA= | precio_unitario_raw=130000.0 | total_raw=0.0
4284,51,217,1.0,FORMULA,,,,,,False,"unidad_raw=1 PEDASO DE 1,50X40=60 | seccion=EBANISTA WILMER MANO DE OBRA= | precio_unitario_raw=140.0"
4285,51,49,1.0,FORMULA,,,,,,False,unidad_raw=litros | seccion=EBANISTA WILMER MANO DE OBRA= | precio_unitario_raw=14000.0 | total_raw=0.0
4286,51,180,1.0,FIJO,,,,,,False,unidad_raw=Unidad | seccion=EBANISTA WILMER MANO DE OBRA= | precio_unitario_raw=600.0 | total_raw=0.0
4287,51,42,1.0,FIJO,,,,,,False,unidad_raw=TIRA | seccion=EBANISTA WILMER MANO DE OBRA= | precio_unitario_raw=1000.0 | total_raw=0.0
4288,51,189,2.0,FORMULA,,,,,,False,unidad_raw=PAR | seccion=EBANISTA WILMER MANO DE OBRA= | precio_unitario_raw=250000.0 | total_raw=500000.0
4289,51,423,1.0,FIJO,,,,,,False,unidad_raw=Unidad | seccion=EBANISTA WILMER MANO DE OBRA= | precio_unitario_raw=100.0 | total_raw=0.0
4290,51,349,1.0,FORMULA,,,,,DE NOCHERO,False,seccion=SECCION PINTURA Y PREPARADA DE NOCHERO
4291,51,331,2.0,FORMULA,,,,,,False,unidad_raw=CON EL 5% | seccion=SECCION PINTURA Y PREPARADA DE NOCHERO | precio_unitario_raw=36750.0 | total_raw=73500.0
4292,51,310,2.0,FORMULA,,,,,,False,unidad_raw=CON EL 5% | seccion=SECCION PINTURA Y PREPARADA DE NOCHERO | precio_unitario_raw=36750.0 | total_raw=73500.0
4293,51,356,4.0,VOLUMEN,,,,,,False,unidad_raw=PISTOLADAS | seccion=SECCION PINTURA Y PREPARADA DE NOCHERO | precio_unitario_raw=18000.0 | total_raw=72000.0
4294,51,251,0.5,FORMULA,,,,,,False,unidad_raw=unidades | seccion=SECCION PINTURA Y PREPARADA DE NOCHERO | precio_unitario_raw=4000.0 | total_raw=2000.0
4295,51,246,0.5,VOLUMEN,,,,,,False,unidad_raw=galon | seccion=SECCION PINTURA Y PREPARADA DE NOCHERO | precio_unitario_raw=2000.0 | total_raw=1000.0
4296,51,245,1.0,FIJO,,,,,,False,unidad_raw=unidad | seccion=SECCION PINTURA Y PREPARADA DE NOCHERO | precio_unitario_raw=2000.0 | total_raw=2000.0
4297,51,368,1.0,FORMULA,,,,,,False,unidad_raw=unidad | seccion=SECCION PINTURA Y PREPARADA DE NOCHERO | precio_unitario_raw=2500.0 | total_raw=0.0
4298,51,50,2.0,VOLUMEN,,,,,,False,unidad_raw=PISTOLADAS | seccion=SECCION PINTURA Y PREPARADA DE NOCHERO | precio_unitario_raw=22000.0 | total_raw=44000.0
4299,51,408,1.0,FORMULA,,,,,,False,unidad_raw=JALADORES | seccion=SECCION PINTURA Y PREPARADA DE NOCHERO | precio_unitario_raw=3000.0 | total_raw=0.0
4300,51,11,1.0,FORMULA,,,,,,False,unidad_raw=PISTOLADA | seccion=SECCION PINTURA Y PREPARADA DE NOCHERO | precio_unitario_raw=57500.0 | total_raw=0.0
4301,51,50,1.0,FORMULA,,,,,,False,unidad_raw=PISTOLADA | seccion=SECCION PINTURA Y PREPARADA DE NOCHERO | precio_unitario_raw=22000.0 | total_raw=0.0
4302,51,98,1.0,FORMULA,,,,,,False,unidad_raw=galon | seccion=SECCION PINTURA Y PREPARADA DE NOCHERO | precio_unitario_raw=160000.0 | total_raw=0.0
4303,51,169,0.5,LINEAL,,,,,,False,unidad_raw=ML | seccion=SECCION PINTURA Y PREPARADA DE NOCHERO | precio_unitario_raw=5000.0 | total_raw=2500.0
4304,51,341,1.0,VOLUMEN,,,,,,False,unidad_raw=LITRO | seccion=SECCION PINTURA Y PREPARADA DE NOCHERO | precio_unitario_raw=20000.0 | total_raw=20000.0
4305,51,203,2.0,VOLUMEN,,,,,,False,unidad_raw=PISTOLADA | seccion=SECCION PINTURA Y PREPARADA DE NOCHERO | precio_unitario_raw=23000.0 | total_raw=46000.0
4306,51,174,1.0,FORMULA,,,,,,False,seccion=SECCION PINTURA Y PREPARADA DE NOCHERO | total_raw=33650.0
4307,51,349,1.0,FORMULA,,,,,PATAS Y TENDIDO,False,seccion=SECCION PINTURA Y PREPARADA PATAS Y TENDIDO
4308,51,331,8.0,FORMULA,,,,,,False,unidad_raw=CON EL 5% | seccion=SECCION PINTURA Y PREPARADA PATAS Y TENDIDO | precio_unitario_raw=1050.0 | total_raw=8400.0
4309,51,310,8.0,FORMULA,,,,,,False,unidad_raw=CON EL 5% | seccion=SECCION PINTURA Y PREPARADA PATAS Y TENDIDO | precio_unitario_raw=2100.0 | total_raw=16800.0
4310,51,316,2.0,FORMULA,,,,,,False,unidad_raw=CON EL 5% | seccion=SECCION PINTURA Y PREPARADA PATAS Y TENDIDO | precio_unitario_raw=6300.0 | total_raw=12600.0
4311,51,356,0.3,VOLUMEN,,,,,,False,unidad_raw=PISTOLADAS | seccion=SECCION PINTURA Y PREPARADA PATAS Y TENDIDO | precio_unitario_raw=18000.0 | total_raw=5400.0
4312,51,251,1.0,FORMULA,,,,,,False,unidad_raw=unidades | seccion=SECCION PINTURA Y PREPARADA PATAS Y TENDIDO | precio_unitario_raw=2000.0 | total_raw=0.0
4313,51,66,0.5,VOLUMEN,,,,,,False,unidad_raw=PISTOLADAS | seccion=SECCION PINTURA Y PREPARADA PATAS Y TENDIDO | precio_unitario_raw=22000.0 | total_raw=11000.0
4314,51,249,0.5,FORMULA,,,,,,False,unidad_raw=unidad | seccion=SECCION PINTURA Y PREPARADA PATAS Y TENDIDO | precio_unitario_raw=2000.0 | total_raw=1000.0
4315,51,245,0.5,FORMULA,,,,,,False,unidad_raw=unidad | seccion=SECCION PINTURA Y PREPARADA PATAS Y TENDIDO | precio_unitario_raw=2000.0 | total_raw=1000.0
4316,51,205,1.0,FORMULA,,,,,,False,unidad_raw=GALON | seccion=SECCION PINTURA Y PREPARADA PATAS Y TENDIDO | precio_unitario_raw=23000.0 | total_raw=0.0
4317,51,199,1.0,FORMULA,,,,,,False,unidad_raw=litro | seccion=SECCION PINTURA Y PREPARADA PATAS Y TENDIDO | precio_unitario_raw=18000.0 | total_raw=0.0
4318,51,50,0.3,VOLUMEN,,,,,,False,unidad_raw=PISTOLADA | seccion=SECCION PINTURA Y PREPARADA PATAS Y TENDIDO | precio_unitario_raw=22000.0 | total_raw=6600.0
4319,51,402,1.0,FORMULA,,,,,,False,unidad_raw=galon | seccion=SECCION PINTURA Y PREPARADA PATAS Y TENDIDO | total_raw=0.0
4320,51,169,1.0,FORMULA,,,,,,False,unidad_raw=LITRO | seccion=SECCION PINTURA Y PREPARADA PATAS Y TENDIDO | precio_unitario_raw=4.5 | total_raw=0.0
4321,51,341,0.5,VOLUMEN,,,,,,False,unidad_raw=LITRO | seccion=SECCION PINTURA Y PREPARADA PATAS Y TENDIDO | precio_unitario_raw=20000.0 | total_raw=10000.0
4322,51,206,0.3,VOLUMEN,,,,,,False,unidad_raw=PISTOLADA | seccion=SECCION PINTURA Y PREPARADA PATAS Y TENDIDO | precio_unitario_raw=23000.0 | total_raw=6900.0
4323,51,174,1.0,FORMULA,,,,,,False,seccion=SECCION PINTURA Y PREPARADA PATAS Y TENDIDO | total_raw=7970.0
4324,51,406,1.0,FORMULA,,,,,,False,unidad_raw=UNIDAD | seccion=SECCION TERMINACION | precio_unitario_raw=10500.0 | total_raw=0.0
4325,51,338,1.0,FORMULA,,,,,,False,unidad_raw=UNIDAD | seccion=SECCION TERMINACION | precio_unitario_raw=20000.0 | total_raw=0.0
4326,51,339,1.0,FORMULA,,,,,,False,unidad_raw=UNIDAD | seccion=SECCION TERMINACION | precio_unitario_raw=20000.0 | total_raw=0.0
4327,51,237,1.0,FORMULA,,,,,,False,unidad_raw=UNIDADES | seccion=SECCION TERMINACION | precio_unitario_raw=100000.0 | total_raw=0.0
4328,51,16,1.0,FORMULA,,,,,,False,unidad_raw=METROS | seccion=SECCION TERMINACION | precio_unitario_raw=3000.0 | total_raw=0.0
4329,51,6,1.0,FORMULA,,,,,,False,unidad_raw=PAR | seccion=SECCION TERMINACION | precio_unitario_raw=1500.0 | total_raw=0.0
4330,51,97,1.0,FORMULA,,,,,,False,unidad_raw=UNIDADES | seccion=SECCION TERMINACION | precio_unitario_raw=2000.0 | total_raw=0.0
4331,51,194,1.0,FORMULA,,,,,,False,unidad_raw=PAR | seccion=SECCION TERMINACION | precio_unitario_raw=160000.0 | total_raw=0.0
4332,51,198,1.0,FIJO,,,,,,False,unidad_raw=UNIDAD | seccion=SECCION TERMINACION | precio_unitario_raw=26800.0 | total_raw=0.0
4333,51,283,1.0,FORMULA,,,,,,False,unidad_raw=UNIDADES | seccion=SECCION TERMINACION | precio_unitario_raw=3000.0 | total_raw=0.0
4334,51,70,1.0,FIJO,,,,,,False,unidad_raw=unidades | seccion=SECCION TERMINACION | precio_unitario_raw=8000.0 | total_raw=0.0
4335,51,95,1.0,FIJO,,,,,,False,unidad_raw=unidades | seccion=SECCION TERMINACION | precio_unitario_raw=150000.0 | total_raw=150000.0
4336,51,352,1.0,FORMULA,,,,,,False,seccion=SECCION TERMINACION | total_raw=0.0
4337,51,257,639.0,FORMULA,,,,,,False,unidad_raw=APAMATE | seccion=SECCION TERMINACION | precio_unitario_raw=140.0 | total_raw=89460.0
4338,51,304,2.1,FORMULA,,,,,,False,seccion=SECCION TERMINACION | precio_unitario_raw=3500.0 | total_raw=7350.0
4339,51,180,1.0,FIJO,,,,,,False,unidad_raw=CAJA | seccion=SECCION TERMINACION | precio_unitario_raw=12000.0 | total_raw=0.0
4340,51,274,1.0,AREA,,,,,,False,unidad_raw=LAMINA | seccion=SECCION TERMINACION | precio_unitario_raw=140000.0 | total_raw=140000.0
4341,51,49,1.0,FORMULA,,,,,,False,unidad_raw=LITRO | seccion=SECCION TERMINACION | precio_unitario_raw=14000.0 | total_raw=0.0
4342,51,423,40.0,ESPACIADO,,,,,,False,unidad_raw=UNIDAD | seccion=SECCION TERMINACION | precio_unitario_raw=100.0 | total_raw=4000.0
4343,51,33,3.0,ESPACIADO,,,,,,False,unidad_raw=TIRA | seccion=SECCION TERMINACION | precio_unitario_raw=1000.0 | total_raw=3000.0
4344,51,184,1.0,FIJO,,,,,,False,unidad_raw=UNIDAD | seccion=SECCION TERMINACION | precio_unitario_raw=63000.0 | total_raw=63000.0
4345,51,350,1.0,FORMULA,,,,,,False,unidad_raw=MANO DE OBRA= | seccion=SECCION TAPICERIA MANO DE OBRA=
4346,51,375,11.0,AREA,,,,,,False,unidad_raw=METROS | seccion=SECCION TAPICERIA MANO DE OBRA= | precio_unitario_raw=30000.0 | total_raw=330000.0
4347,51,109,0.5,AREA,,,,,,False,unidad_raw=LAMINA | seccion=SECCION TAPICERIA MANO DE OBRA= | precio_unitario_raw=8000.0 | total_raw=4000.0
4348,51,180,0.75,ESPACIADO,,,,,,False,unidad_raw=CAJA DE GRAPAS | seccion=SECCION TAPICERIA MANO DE OBRA= | precio_unitario_raw=12000.0 | total_raw=9000.0
4349,51,298,1.0,FIJO,,,,,,False,unidad_raw=UNIDADES | seccion=SECCION TAPICERIA MANO DE OBRA= | precio_unitario_raw=8000.0 | total_raw=0.0
4350,51,410,1.0,FIJO,,,,,,False,unidad_raw=UNIDADES | seccion=SECCION TAPICERIA MANO DE OBRA= | precio_unitario_raw=100.0 | total_raw=0.0
4351,51,129,1.5,AREA,,,,,,False,unidad_raw=UNIDADES | seccion=SECCION TAPICERIA MANO DE OBRA= | precio_unitario_raw=30000.0 | total_raw=45000.0
4352,51,115,2.5,AREA,,,,,,False,unidad_raw=LAMINA | seccion=SECCION TAPICERIA MANO DE OBRA= | precio_unitario_raw=41000.0 | total_raw=102500.0
4353,51,107,1.0,FORMULA,,,,,,False,unidad_raw=MTS | seccion=SECCION TAPICERIA MANO DE OBRA= | precio_unitario_raw=30000.0 | total_raw=0.0
4354,51,87,2.0,AREA,,,,,,False,unidad_raw=METROS | seccion=SECCION TAPICERIA MANO DE OBRA= | precio_unitario_raw=4000.0 | total_raw=8000.0
4355,51,195,0.5,FORMULA,,,,,,False,unidad_raw=UNIDAD | seccion=SECCION TAPICERIA MANO DE OBRA= | precio_unitario_raw=25000.0 | total_raw=12500.0
4356,51,17,1.0,FORMULA,,,,,,False,seccion=SECCION TAPICERIA MANO DE OBRA= | precio_unitario_raw=18000.0 | total_raw=0.0
4357,51,22,1.0,FORMULA,,,,,,False,unidad_raw=ROLLO | seccion=SECCION TAPICERIA MANO DE OBRA= | precio_unitario_raw=12000.0 | total_raw=0.0
4358,51,359,1.0,VOLUMEN,,,,,,False,unidad_raw=LITRO | seccion=SECCION TAPICERIA MANO DE OBRA= | precio_unitario_raw=14000.0 | total_raw=14000.0
4359,51,26,1.0,FORMULA,,,,,,False,unidad_raw=UNIDADES | seccion=SECCION TAPICERIA MANO DE OBRA= | precio_unitario_raw=5000.0 | total_raw=0.0
4360,51,184,1.0,FIJO,,,,,,False,unidad_raw=CAMA | seccion=SECCION TAPICERIA MANO DE OBRA= | precio_unitario_raw=210000.0 | total_raw=0.0
4361,51,239,1.0,FORMULA,,,,,,False,unidad_raw=METROS | seccion=SECCION TAPICERIA MANO DE OBRA= | precio_unitario_raw=3500.0 | total_raw=0.0
4362,52,254,433.0,FORMULA,,,,,,False,unidad_raw=APAMATE | seccion=EBANISTA WILMER MANO DE OBRA= | precio_unitario_raw=140.0 | total_raw=60620.0
4363,52,266,0.5,AREA,,,,,,False,unidad_raw=LAMINA | seccion=EBANISTA WILMER MANO DE OBRA= | precio_unitario_raw=330000.0 | total_raw=165000.0
4364,52,265,0.25,AREA,,,,,,False,unidad_raw=LAMINA | seccion=EBANISTA WILMER MANO DE OBRA= | precio_unitario_raw=68000.0 | total_raw=17000.0
4365,52,221,1.0,FORMULA,,,,,,False,unidad_raw=LAMINA | seccion=EBANISTA WILMER MANO DE OBRA= | precio_unitario_raw=220000.0 | total_raw=0.0
4366,52,363,0.25,FORMULA,,,,,,False,"unidad_raw=2,50*20*2,5 | seccion=EBANISTA WILMER MANO DE OBRA= | precio_unitario_raw=28600.0 | total_raw=7150.0"
4367,52,363,0.25,FORMULA,,,,,,False,"unidad_raw=3*20*2,5 | seccion=EBANISTA WILMER MANO DE OBRA= | precio_unitario_raw=31500.0 | total_raw=7875.0"
4368,52,363,0.25,FORMULA,,,,,,False,"unidad_raw=3*30*2,5 | seccion=EBANISTA WILMER MANO DE OBRA= | precio_unitario_raw=93000.0 | total_raw=23250.0"
4369,52,49,0.5,VOLUMEN,,,,,,False,unidad_raw=LITRO | seccion=EBANISTA WILMER MANO DE OBRA= | precio_unitario_raw=14000.0 | total_raw=7000.0
4370,52,180,0.5,ESPACIADO,,,,,,False,unidad_raw=CAJA | seccion=EBANISTA WILMER MANO DE OBRA= | precio_unitario_raw=12000.0 | total_raw=6000.0
4371,52,166,0.5,FORMULA,,,,,,False,unidad_raw=PAR | seccion=EBANISTA WILMER MANO DE OBRA= | precio_unitario_raw=20000.0 | total_raw=10000.0
4372,52,155,5.0,FORMULA,,,,,,False,unidad_raw=TIRAS | seccion=EBANISTA WILMER MANO DE OBRA= | precio_unitario_raw=1000.0 | total_raw=5000.0
4373,52,423,100.0,ESPACIADO,,,,,,False,unidad_raw=Unidad | seccion=EBANISTA WILMER MANO DE OBRA= | precio_unitario_raw=100.0 | total_raw=10000.0
4374,52,92,1.0,FORMULA,,,,,,False,seccion=EBANISTA WILMER MANO DE OBRA= | total_raw=315000.0
4375,52,171,1.0,FORMULA,,,,,,False,seccion=EBANISTA WILMER MANO DE OBRA= | total_raw=63389.5
4376,52,72,1.0,FIJO,,,,,,False,unidad_raw=PAR | seccion=EBANISTA WILMER MANO DE OBRA= | precio_unitario_raw=250000.0 | total_raw=0.0
4377,52,70,1.0,FIJO,,,,,,False,unidad_raw=1 PEDAZO DE 1.00X46=46 | seccion=EBANISTA WILMER MANO DE OBRA= | precio_unitario_raw=15000.0 | total_raw=0.0
4378,52,214,1.0,FORMULA,,,,,,False,unidad_raw=1 PEDASO DE 1.50X40=60 | seccion=EBANISTA WILMER MANO DE OBRA= | precio_unitario_raw=130000.0 | total_raw=0.0
4379,52,217,1.0,FORMULA,,,,,,False,"unidad_raw=1 PEDASO DE 1,50X40=60 | seccion=EBANISTA WILMER MANO DE OBRA= | precio_unitario_raw=140.0"
4380,52,49,1.0,FORMULA,,,,,,False,unidad_raw=litros | seccion=EBANISTA WILMER MANO DE OBRA= | precio_unitario_raw=14000.0 | total_raw=0.0
4381,52,180,1.0,FIJO,,,,,,False,unidad_raw=Unidad | seccion=EBANISTA WILMER MANO DE OBRA= | precio_unitario_raw=600.0 | total_raw=0.0
4382,52,42,1.0,FIJO,,,,,,False,unidad_raw=TIRA | seccion=EBANISTA WILMER MANO DE OBRA= | precio_unitario_raw=1000.0 | total_raw=0.0
4383,52,184,1.0,FIJO,,,,,,False,unidad_raw=PAR | seccion=EBANISTA WILMER MANO DE OBRA= | precio_unitario_raw=157500.0 | total_raw=0.0
4384,52,423,1.0,FIJO,,,,,,False,unidad_raw=Unidad | seccion=EBANISTA WILMER MANO DE OBRA= | precio_unitario_raw=100.0 | total_raw=0.0
4385,52,172,1.0,FORMULA,,,,,,False,seccion=EBANISTA WILMER MANO DE OBRA= | total_raw=0.0
4386,52,349,1.0,FORMULA,,,,,DE NOCHERO,False,seccion=SECCION PINTURA Y PREPARADA DE NOCHERO
4387,52,331,1.0,FORMULA,,,,,,False,unidad_raw=CON EL 5% | seccion=SECCION PINTURA Y PREPARADA DE NOCHERO | precio_unitario_raw=36750.0 | total_raw=0.0
4388,52,310,1.0,FORMULA,,,,,,False,unidad_raw=CON EL 5% | seccion=SECCION PINTURA Y PREPARADA DE NOCHERO | precio_unitario_raw=36750.0 | total_raw=0.0
4389,52,356,1.0,FORMULA,,,,,,False,unidad_raw=PISTOLADAS | seccion=SECCION PINTURA Y PREPARADA DE NOCHERO | precio_unitario_raw=18000.0 | total_raw=0.0
4390,52,251,1.0,FORMULA,,,,,,False,unidad_raw=unidades | seccion=SECCION PINTURA Y PREPARADA DE NOCHERO | precio_unitario_raw=2000.0 | total_raw=0.0
4391,52,285,1.0,FORMULA,,,,,,False,unidad_raw=galon | seccion=SECCION PINTURA Y PREPARADA DE NOCHERO | precio_unitario_raw=70000.0 | total_raw=0.0
4392,52,432,1.0,FORMULA,,,,,,False,unidad_raw=unidad | seccion=SECCION PINTURA Y PREPARADA DE NOCHERO | precio_unitario_raw=45000.0 | total_raw=0.0
4393,52,368,1.0,FORMULA,,,,,,False,unidad_raw=unidad | seccion=SECCION PINTURA Y PREPARADA DE NOCHERO | precio_unitario_raw=2500.0 | total_raw=0.0
4394,52,401,1.0,FORMULA,,,,,,False,unidad_raw=GALON | seccion=SECCION PINTURA Y PREPARADA DE NOCHERO | precio_unitario_raw=34000.0 | total_raw=0.0
4395,52,408,1.0,FORMULA,,,,,,False,unidad_raw=JALADORES | seccion=SECCION PINTURA Y PREPARADA DE NOCHERO | precio_unitario_raw=3000.0 | total_raw=0.0
4396,52,11,1.0,FORMULA,,,,,,False,unidad_raw=PISTOLADA | seccion=SECCION PINTURA Y PREPARADA DE NOCHERO | precio_unitario_raw=57500.0 | total_raw=0.0
4397,52,50,1.0,FORMULA,,,,,,False,unidad_raw=PISTOLADA | seccion=SECCION PINTURA Y PREPARADA DE NOCHERO | precio_unitario_raw=22000.0 | total_raw=0.0
4398,52,98,1.0,FORMULA,,,,,,False,unidad_raw=galon | seccion=SECCION PINTURA Y PREPARADA DE NOCHERO | precio_unitario_raw=160000.0 | total_raw=0.0
4399,52,169,1.0,FORMULA,,,,,,False,unidad_raw=ML | seccion=SECCION PINTURA Y PREPARADA DE NOCHERO | precio_unitario_raw=4500.0 | total_raw=0.0
4400,52,341,1.0,FORMULA,,,,,,False,unidad_raw=LITRO | seccion=SECCION PINTURA Y PREPARADA DE NOCHERO | precio_unitario_raw=20000.0 | total_raw=0.0
4401,52,203,1.0,FORMULA,,,,,,False,unidad_raw=PISTOLADA | seccion=SECCION PINTURA Y PREPARADA DE NOCHERO | precio_unitario_raw=23000.0 | total_raw=0.0
4402,52,174,1.0,FORMULA,,,,,,False,seccion=SECCION PINTURA Y PREPARADA DE NOCHERO | total_raw=0.0
4403,52,349,1.0,FORMULA,,,,,PATAS,False,seccion=SECCION PINTURA Y PREPARADA PATAS
4404,52,331,8.0,FORMULA,,,,,,False,unidad_raw=CON EL 5% | seccion=SECCION PINTURA Y PREPARADA PATAS | precio_unitario_raw=1050.0 | total_raw=8400.0
4405,52,310,8.0,FORMULA,,,,,,False,unidad_raw=CON EL 5% | seccion=SECCION PINTURA Y PREPARADA PATAS | precio_unitario_raw=2100.0 | total_raw=16800.0
4406,52,314,1.0,FIJO,,,,,,False,seccion=SECCION PINTURA Y PREPARADA PATAS | precio_unitario_raw=2100.0 | total_raw=0.0
4407,52,356,0.3,VOLUMEN,,,,,,False,unidad_raw=PISTOLADAS | seccion=SECCION PINTURA Y PREPARADA PATAS | precio_unitario_raw=18000.0 | total_raw=5400.0
4408,52,251,1.0,FORMULA,,,,,,False,unidad_raw=unidades | seccion=SECCION PINTURA Y PREPARADA PATAS | precio_unitario_raw=2000.0 | total_raw=0.0
4409,52,285,1.0,FORMULA,,,,,,False,unidad_raw=galon | seccion=SECCION PINTURA Y PREPARADA PATAS | total_raw=0.0
4410,52,249,0.5,FORMULA,,,,,,False,unidad_raw=unidad | seccion=SECCION PINTURA Y PREPARADA PATAS | precio_unitario_raw=2000.0 | total_raw=1000.0
4411,52,245,1.0,FORMULA,,,,,,False,unidad_raw=unidad | seccion=SECCION PINTURA Y PREPARADA PATAS | precio_unitario_raw=2000.0 | total_raw=0.0
4412,52,205,0.5,VOLUMEN,,,,,,False,unidad_raw=GALON | seccion=SECCION PINTURA Y PREPARADA PATAS | precio_unitario_raw=23000.0 | total_raw=11500.0
4413,52,199,1.0,FORMULA,,,,,,False,unidad_raw=litro | seccion=SECCION PINTURA Y PREPARADA PATAS | precio_unitario_raw=18000.0 | total_raw=0.0
4414,52,50,0.5,VOLUMEN,,,,,,False,unidad_raw=PISTOLADA | seccion=SECCION PINTURA Y PREPARADA PATAS | precio_unitario_raw=22000.0 | total_raw=11000.0
4415,52,402,1.0,FORMULA,,,,,,False,unidad_raw=galon | seccion=SECCION PINTURA Y PREPARADA PATAS | total_raw=0.0
4416,52,169,1.0,FORMULA,,,,,,False,unidad_raw=LITRO | seccion=SECCION PINTURA Y PREPARADA PATAS | precio_unitario_raw=4.5 | total_raw=0.0
4417,52,341,1.0,FORMULA,,,,,,False,unidad_raw=LITRO | seccion=SECCION PINTURA Y PREPARADA PATAS | precio_unitario_raw=23000.0 | total_raw=0.0
4418,52,201,1.0,FORMULA,,,,,,False,unidad_raw=PISTOLADA | seccion=SECCION PINTURA Y PREPARADA PATAS | precio_unitario_raw=23000.0 | total_raw=0.0
4419,52,174,1.0,FORMULA,,,,,,False,seccion=SECCION PINTURA Y PREPARADA PATAS | total_raw=5410.0
4420,52,406,1.0,FORMULA,,,,,,False,unidad_raw=UNIDAD | seccion=SECCION TERMINACION | precio_unitario_raw=10500.0 | total_raw=0.0
4421,52,338,1.0,FORMULA,,,,,,False,unidad_raw=UNIDAD | seccion=SECCION TERMINACION | precio_unitario_raw=20000.0 | total_raw=0.0
4422,52,339,1.0,FORMULA,,,,,,False,unidad_raw=UNIDAD | seccion=SECCION TERMINACION | precio_unitario_raw=20000.0 | total_raw=0.0
4423,52,237,1.0,FORMULA,,,,,,False,unidad_raw=UNIDADES | seccion=SECCION TERMINACION | precio_unitario_raw=100000.0 | total_raw=0.0
4424,52,16,1.0,FORMULA,,,,,,False,unidad_raw=METROS | seccion=SECCION TERMINACION | precio_unitario_raw=3000.0 | total_raw=0.0
4425,52,6,1.0,FORMULA,,,,,,False,unidad_raw=PAR | seccion=SECCION TERMINACION | precio_unitario_raw=1500.0 | total_raw=0.0
4426,52,97,1.0,FORMULA,,,,,,False,unidad_raw=UNIDADES | seccion=SECCION TERMINACION | precio_unitario_raw=2000.0 | total_raw=0.0
4427,52,194,1.0,FORMULA,,,,,,False,unidad_raw=PAR | seccion=SECCION TERMINACION | precio_unitario_raw=160000.0 | total_raw=0.0
4428,52,198,1.0,FIJO,,,,,,False,unidad_raw=UNIDAD | seccion=SECCION TERMINACION | precio_unitario_raw=26800.0 | total_raw=0.0
4429,52,283,1.0,FORMULA,,,,,,False,unidad_raw=UNIDADES | seccion=SECCION TERMINACION | precio_unitario_raw=3000.0 | total_raw=0.0
4430,52,70,1.0,FIJO,,,,,,False,unidad_raw=unidades | seccion=SECCION TERMINACION | precio_unitario_raw=8000.0 | total_raw=0.0
4431,52,95,1.0,FIJO,,,,,,False,unidad_raw=unidades | seccion=SECCION TERMINACION | precio_unitario_raw=150000.0 | total_raw=150000.0
4432,52,352,1.0,FORMULA,,,,,,False,seccion=SECCION TERMINACION | total_raw=0.0
4433,52,257,1.0,FORMULA,,,,,,False,unidad_raw=APAMATE | seccion=SECCION TERMINACION | precio_unitario_raw=140.0 | total_raw=0.0
4434,52,304,1.0,FORMULA,,,,,,False,seccion=SECCION TERMINACION | precio_unitario_raw=3500.0 | total_raw=0.0
4435,52,180,1.0,FIJO,,,,,,False,unidad_raw=CAJA | seccion=SECCION TERMINACION | precio_unitario_raw=12000.0 | total_raw=0.0
4436,52,274,1.0,FORMULA,,,,,,False,unidad_raw=LAMINA | seccion=SECCION TERMINACION | precio_unitario_raw=140000.0 | total_raw=0.0
4437,52,49,1.0,FORMULA,,,,,,False,unidad_raw=LITRO | seccion=SECCION TERMINACION | precio_unitario_raw=14000.0 | total_raw=0.0
4438,52,423,1.0,FIJO,,,,,,False,unidad_raw=UNIDAD | seccion=SECCION TERMINACION | precio_unitario_raw=100.0 | total_raw=0.0
4439,52,33,1.0,FIJO,,,,,,False,unidad_raw=TIRA | seccion=SECCION TERMINACION | precio_unitario_raw=1000.0 | total_raw=0.0
4440,52,184,1.0,FIJO,,,,,,False,unidad_raw=UNIDAD | seccion=SECCION TERMINACION | precio_unitario_raw=63000.0 | total_raw=0.0
4441,52,350,1.0,FORMULA,,,,,,False,unidad_raw=MANO DE OBRA= | seccion=SECCION TAPICERIA MANO DE OBRA=
4442,52,380,12.0,AREA,,,,,,False,unidad_raw=METROS | seccion=SECCION TAPICERIA MANO DE OBRA= | precio_unitario_raw=14500.0 | total_raw=174000.0
4443,52,109,2.0,AREA,,,,,,False,unidad_raw=LAMINA | seccion=SECCION TAPICERIA MANO DE OBRA= | precio_unitario_raw=25125.0 | total_raw=50250.0
4444,52,180,0.75,ESPACIADO,,,,,,False,unidad_raw=CAJA DE GRAPAS | seccion=SECCION TAPICERIA MANO DE OBRA= | precio_unitario_raw=12000.0 | total_raw=9000.0
4445,52,298,1.0,FIJO,,,,,,False,unidad_raw=UNIDADES | seccion=SECCION TAPICERIA MANO DE OBRA= | precio_unitario_raw=8000.0 | total_raw=0.0
4446,52,410,1.0,FIJO,,,,,,False,unidad_raw=UNIDADES | seccion=SECCION TAPICERIA MANO DE OBRA= | precio_unitario_raw=100.0 | total_raw=0.0
4447,52,129,1.0,FORMULA,,,,,,False,unidad_raw=UNIDADES | seccion=SECCION TAPICERIA MANO DE OBRA= | precio_unitario_raw=30000.0 | total_raw=0.0
4448,52,115,2.0,AREA,,,,,,False,unidad_raw=LAMINA | seccion=SECCION TAPICERIA MANO DE OBRA= | precio_unitario_raw=41000.0 | total_raw=82000.0
4449,52,107,1.0,FORMULA,,,,,,False,unidad_raw=MTS | seccion=SECCION TAPICERIA MANO DE OBRA= | precio_unitario_raw=30000.0 | total_raw=0.0
4450,52,87,2.0,AREA,,,,,,False,unidad_raw=METROS | seccion=SECCION TAPICERIA MANO DE OBRA= | precio_unitario_raw=4000.0 | total_raw=8000.0
4451,52,195,1.0,FORMULA,,,,,,False,unidad_raw=UNIDAD | seccion=SECCION TAPICERIA MANO DE OBRA= | precio_unitario_raw=28000.0 | total_raw=0.0
4452,52,17,1.0,FORMULA,,,,,,False,seccion=SECCION TAPICERIA MANO DE OBRA= | precio_unitario_raw=18000.0 | total_raw=0.0
4453,52,22,1.0,FORMULA,,,,,,False,unidad_raw=ROLLO | seccion=SECCION TAPICERIA MANO DE OBRA= | precio_unitario_raw=12000.0 | total_raw=0.0
4454,52,362,1.0,VOLUMEN,,,,,,False,unidad_raw=LITRO | seccion=SECCION TAPICERIA MANO DE OBRA= | precio_unitario_raw=19000.0 | total_raw=19000.0
4455,52,26,1.0,FORMULA,,,,,,False,unidad_raw=UNIDADES | seccion=SECCION TAPICERIA MANO DE OBRA= | precio_unitario_raw=5000.0 | total_raw=0.0
4456,52,184,1.0,FIJO,,,,,,False,unidad_raw=CAMA | seccion=SECCION TAPICERIA MANO DE OBRA= | precio_unitario_raw=210000.0 | total_raw=0.0
4457,52,239,1.0,FORMULA,,,,,,False,unidad_raw=METROS | seccion=SECCION TAPICERIA MANO DE OBRA= | precio_unitario_raw=3500.0 | total_raw=0.0
4458,53,254,433.0,FORMULA,,,,,,False,unidad_raw=APAMATE | seccion=EBANISTA WILMER MANO DE OBRA= | precio_unitario_raw=140.0 | total_raw=60620.0
4459,53,266,0.5,AREA,,,,,,False,unidad_raw=LAMINA | seccion=EBANISTA WILMER MANO DE OBRA= | precio_unitario_raw=330000.0 | total_raw=165000.0
4460,53,265,0.25,AREA,,,,,,False,unidad_raw=LAMINA | seccion=EBANISTA WILMER MANO DE OBRA= | precio_unitario_raw=68000.0 | total_raw=17000.0
4461,53,221,1.0,FORMULA,,,,,,False,unidad_raw=LAMINA | seccion=EBANISTA WILMER MANO DE OBRA= | precio_unitario_raw=220000.0 | total_raw=0.0
4462,53,363,0.25,FORMULA,,,,,,False,"unidad_raw=2,50*20*2,5 | seccion=EBANISTA WILMER MANO DE OBRA= | precio_unitario_raw=28600.0 | total_raw=7150.0"
4463,53,363,0.25,FORMULA,,,,,,False,"unidad_raw=3*20*2,5 | seccion=EBANISTA WILMER MANO DE OBRA= | precio_unitario_raw=31500.0 | total_raw=7875.0"
4464,53,363,0.25,FORMULA,,,,,,False,"unidad_raw=3*30*2,5 | seccion=EBANISTA WILMER MANO DE OBRA= | precio_unitario_raw=93000.0 | total_raw=23250.0"
4465,53,49,0.5,VOLUMEN,,,,,,False,unidad_raw=LITRO | seccion=EBANISTA WILMER MANO DE OBRA= | precio_unitario_raw=14000.0 | total_raw=7000.0
4466,53,180,0.5,ESPACIADO,,,,,,False,unidad_raw=CAJA | seccion=EBANISTA WILMER MANO DE OBRA= | precio_unitario_raw=12000.0 | total_raw=6000.0
4467,53,166,0.5,FORMULA,,,,,,False,unidad_raw=PAR | seccion=EBANISTA WILMER MANO DE OBRA= | precio_unitario_raw=20000.0 | total_raw=10000.0
4468,53,155,5.0,FORMULA,,,,,,False,unidad_raw=TIRAS | seccion=EBANISTA WILMER MANO DE OBRA= | precio_unitario_raw=1000.0 | total_raw=5000.0
4469,53,423,100.0,ESPACIADO,,,,,,False,unidad_raw=Unidad | seccion=EBANISTA WILMER MANO DE OBRA= | precio_unitario_raw=100.0 | total_raw=10000.0
4470,53,92,1.0,FORMULA,,,,,,False,seccion=EBANISTA WILMER MANO DE OBRA= | total_raw=315000.0
4471,53,171,1.0,FORMULA,,,,,,False,seccion=EBANISTA WILMER MANO DE OBRA= | total_raw=63389.5
4472,53,72,1.0,FIJO,,,,,,False,unidad_raw=PAR | seccion=EBANISTA WILMER MANO DE OBRA= | precio_unitario_raw=250000.0 | total_raw=0.0
4473,53,70,1.0,FIJO,,,,,,False,unidad_raw=1 PEDAZO DE 1.00X46=46 | seccion=EBANISTA WILMER MANO DE OBRA= | precio_unitario_raw=15000.0 | total_raw=0.0
4474,53,214,1.0,FORMULA,,,,,,False,unidad_raw=1 PEDASO DE 1.50X40=60 | seccion=EBANISTA WILMER MANO DE OBRA= | precio_unitario_raw=130000.0 | total_raw=0.0
4475,53,217,1.0,FORMULA,,,,,,False,"unidad_raw=1 PEDASO DE 1,50X40=60 | seccion=EBANISTA WILMER MANO DE OBRA= | precio_unitario_raw=140.0"
4476,53,49,1.0,FORMULA,,,,,,False,unidad_raw=litros | seccion=EBANISTA WILMER MANO DE OBRA= | precio_unitario_raw=14000.0 | total_raw=0.0
4477,53,180,1.0,FIJO,,,,,,False,unidad_raw=Unidad | seccion=EBANISTA WILMER MANO DE OBRA= | precio_unitario_raw=600.0 | total_raw=0.0
4478,53,42,1.0,FIJO,,,,,,False,unidad_raw=TIRA | seccion=EBANISTA WILMER MANO DE OBRA= | precio_unitario_raw=1000.0 | total_raw=0.0
4479,53,184,1.0,FIJO,,,,,,False,unidad_raw=PAR | seccion=EBANISTA WILMER MANO DE OBRA= | precio_unitario_raw=157500.0 | total_raw=0.0
4480,53,423,1.0,FIJO,,,,,,False,unidad_raw=Unidad | seccion=EBANISTA WILMER MANO DE OBRA= | precio_unitario_raw=100.0 | total_raw=0.0
4481,53,172,1.0,FORMULA,,,,,,False,seccion=EBANISTA WILMER MANO DE OBRA= | total_raw=0.0
4482,53,349,1.0,FORMULA,,,,,DE NOCHERO,False,seccion=SECCION PINTURA Y PREPARADA DE NOCHERO
4483,53,331,1.0,FORMULA,,,,,,False,unidad_raw=CON EL 5% | seccion=SECCION PINTURA Y PREPARADA DE NOCHERO | precio_unitario_raw=36750.0 | total_raw=0.0
4484,53,310,1.0,FORMULA,,,,,,False,unidad_raw=CON EL 5% | seccion=SECCION PINTURA Y PREPARADA DE NOCHERO | precio_unitario_raw=36750.0 | total_raw=0.0
4485,53,356,1.0,FORMULA,,,,,,False,unidad_raw=PISTOLADAS | seccion=SECCION PINTURA Y PREPARADA DE NOCHERO | precio_unitario_raw=18000.0 | total_raw=0.0
4486,53,251,1.0,FORMULA,,,,,,False,unidad_raw=unidades | seccion=SECCION PINTURA Y PREPARADA DE NOCHERO | precio_unitario_raw=2000.0 | total_raw=0.0
4487,53,285,1.0,FORMULA,,,,,,False,unidad_raw=galon | seccion=SECCION PINTURA Y PREPARADA DE NOCHERO | precio_unitario_raw=70000.0 | total_raw=0.0
4488,53,432,1.0,FORMULA,,,,,,False,unidad_raw=unidad | seccion=SECCION PINTURA Y PREPARADA DE NOCHERO | precio_unitario_raw=45000.0 | total_raw=0.0
4489,53,368,1.0,FORMULA,,,,,,False,unidad_raw=unidad | seccion=SECCION PINTURA Y PREPARADA DE NOCHERO | precio_unitario_raw=2500.0 | total_raw=0.0
4490,53,401,1.0,FORMULA,,,,,,False,unidad_raw=GALON | seccion=SECCION PINTURA Y PREPARADA DE NOCHERO | precio_unitario_raw=34000.0 | total_raw=0.0
4491,53,408,1.0,FORMULA,,,,,,False,unidad_raw=JALADORES | seccion=SECCION PINTURA Y PREPARADA DE NOCHERO | precio_unitario_raw=3000.0 | total_raw=0.0
4492,53,11,1.0,FORMULA,,,,,,False,unidad_raw=PISTOLADA | seccion=SECCION PINTURA Y PREPARADA DE NOCHERO | precio_unitario_raw=57500.0 | total_raw=0.0
4493,53,50,1.0,FORMULA,,,,,,False,unidad_raw=PISTOLADA | seccion=SECCION PINTURA Y PREPARADA DE NOCHERO | precio_unitario_raw=22000.0 | total_raw=0.0
4494,53,98,1.0,FORMULA,,,,,,False,unidad_raw=galon | seccion=SECCION PINTURA Y PREPARADA DE NOCHERO | precio_unitario_raw=160000.0 | total_raw=0.0
4495,53,169,1.0,FORMULA,,,,,,False,unidad_raw=ML | seccion=SECCION PINTURA Y PREPARADA DE NOCHERO | precio_unitario_raw=4500.0 | total_raw=0.0
4496,53,341,1.0,FORMULA,,,,,,False,unidad_raw=LITRO | seccion=SECCION PINTURA Y PREPARADA DE NOCHERO | precio_unitario_raw=20000.0 | total_raw=0.0
4497,53,203,1.0,FORMULA,,,,,,False,unidad_raw=PISTOLADA | seccion=SECCION PINTURA Y PREPARADA DE NOCHERO | precio_unitario_raw=23000.0 | total_raw=0.0
4498,53,174,1.0,FORMULA,,,,,,False,seccion=SECCION PINTURA Y PREPARADA DE NOCHERO | total_raw=0.0
4499,53,349,1.0,FORMULA,,,,,PATAS,False,seccion=SECCION PINTURA Y PREPARADA PATAS
4500,53,331,8.0,FORMULA,,,,,,False,unidad_raw=CON EL 5% | seccion=SECCION PINTURA Y PREPARADA PATAS | precio_unitario_raw=1050.0 | total_raw=8400.0
4501,53,310,8.0,FORMULA,,,,,,False,unidad_raw=CON EL 5% | seccion=SECCION PINTURA Y PREPARADA PATAS | precio_unitario_raw=2100.0 | total_raw=16800.0
4502,53,314,1.0,FIJO,,,,,,False,seccion=SECCION PINTURA Y PREPARADA PATAS | precio_unitario_raw=2100.0 | total_raw=0.0
4503,53,356,0.3,VOLUMEN,,,,,,False,unidad_raw=PISTOLADAS | seccion=SECCION PINTURA Y PREPARADA PATAS | precio_unitario_raw=18000.0 | total_raw=5400.0
4504,53,251,1.0,FORMULA,,,,,,False,unidad_raw=unidades | seccion=SECCION PINTURA Y PREPARADA PATAS | precio_unitario_raw=2000.0 | total_raw=0.0
4505,53,285,1.0,FORMULA,,,,,,False,unidad_raw=galon | seccion=SECCION PINTURA Y PREPARADA PATAS | total_raw=0.0
4506,53,249,0.5,FORMULA,,,,,,False,unidad_raw=unidad | seccion=SECCION PINTURA Y PREPARADA PATAS | precio_unitario_raw=2000.0 | total_raw=1000.0
4507,53,245,1.0,FORMULA,,,,,,False,unidad_raw=unidad | seccion=SECCION PINTURA Y PREPARADA PATAS | precio_unitario_raw=2000.0 | total_raw=0.0
4508,53,205,0.5,VOLUMEN,,,,,,False,unidad_raw=GALON | seccion=SECCION PINTURA Y PREPARADA PATAS | precio_unitario_raw=23000.0 | total_raw=11500.0
4509,53,199,1.0,FORMULA,,,,,,False,unidad_raw=litro | seccion=SECCION PINTURA Y PREPARADA PATAS | precio_unitario_raw=18000.0 | total_raw=0.0
4510,53,50,0.5,VOLUMEN,,,,,,False,unidad_raw=PISTOLADA | seccion=SECCION PINTURA Y PREPARADA PATAS | precio_unitario_raw=22000.0 | total_raw=11000.0
4511,53,402,1.0,FORMULA,,,,,,False,unidad_raw=galon | seccion=SECCION PINTURA Y PREPARADA PATAS | total_raw=0.0
4512,53,169,1.0,FORMULA,,,,,,False,unidad_raw=LITRO | seccion=SECCION PINTURA Y PREPARADA PATAS | precio_unitario_raw=4.5 | total_raw=0.0
4513,53,341,1.0,FORMULA,,,,,,False,unidad_raw=LITRO | seccion=SECCION PINTURA Y PREPARADA PATAS | precio_unitario_raw=23000.0 | total_raw=0.0
4514,53,201,1.0,FORMULA,,,,,,False,unidad_raw=PISTOLADA | seccion=SECCION PINTURA Y PREPARADA PATAS | precio_unitario_raw=23000.0 | total_raw=0.0
4515,53,174,1.0,FORMULA,,,,,,False,seccion=SECCION PINTURA Y PREPARADA PATAS | total_raw=5410.0
4516,53,406,1.0,FORMULA,,,,,,False,unidad_raw=UNIDAD | seccion=SECCION TERMINACION | precio_unitario_raw=10500.0 | total_raw=0.0
4517,53,338,1.0,FORMULA,,,,,,False,unidad_raw=UNIDAD | seccion=SECCION TERMINACION | precio_unitario_raw=20000.0 | total_raw=0.0
4518,53,339,1.0,FORMULA,,,,,,False,unidad_raw=UNIDAD | seccion=SECCION TERMINACION | precio_unitario_raw=20000.0 | total_raw=0.0
4519,53,237,1.0,FORMULA,,,,,,False,unidad_raw=UNIDADES | seccion=SECCION TERMINACION | precio_unitario_raw=100000.0 | total_raw=0.0
4520,53,16,1.0,FORMULA,,,,,,False,unidad_raw=METROS | seccion=SECCION TERMINACION | precio_unitario_raw=3000.0 | total_raw=0.0
4521,53,6,1.0,FORMULA,,,,,,False,unidad_raw=PAR | seccion=SECCION TERMINACION | precio_unitario_raw=1500.0 | total_raw=0.0
4522,53,97,1.0,FORMULA,,,,,,False,unidad_raw=UNIDADES | seccion=SECCION TERMINACION | precio_unitario_raw=2000.0 | total_raw=0.0
4523,53,194,1.0,FORMULA,,,,,,False,unidad_raw=PAR | seccion=SECCION TERMINACION | precio_unitario_raw=160000.0 | total_raw=0.0
4524,53,198,1.0,FIJO,,,,,,False,unidad_raw=UNIDAD | seccion=SECCION TERMINACION | precio_unitario_raw=26800.0 | total_raw=0.0
4525,53,283,1.0,FORMULA,,,,,,False,unidad_raw=UNIDADES | seccion=SECCION TERMINACION | precio_unitario_raw=3000.0 | total_raw=0.0
4526,53,70,1.0,FIJO,,,,,,False,unidad_raw=unidades | seccion=SECCION TERMINACION | precio_unitario_raw=8000.0 | total_raw=0.0
4527,53,95,1.0,FIJO,,,,,,False,unidad_raw=unidades | seccion=SECCION TERMINACION | precio_unitario_raw=150000.0 | total_raw=150000.0
4528,53,352,1.0,FORMULA,,,,,,False,seccion=SECCION TERMINACION | total_raw=0.0
4529,53,257,1.0,FORMULA,,,,,,False,unidad_raw=APAMATE | seccion=SECCION TERMINACION | precio_unitario_raw=140.0 | total_raw=0.0
4530,53,304,1.0,FORMULA,,,,,,False,seccion=SECCION TERMINACION | precio_unitario_raw=3500.0 | total_raw=0.0
4531,53,180,1.0,FIJO,,,,,,False,unidad_raw=CAJA | seccion=SECCION TERMINACION | precio_unitario_raw=12000.0 | total_raw=0.0
4532,53,274,1.0,FORMULA,,,,,,False,unidad_raw=LAMINA | seccion=SECCION TERMINACION | precio_unitario_raw=140000.0 | total_raw=0.0
4533,53,49,1.0,FORMULA,,,,,,False,unidad_raw=LITRO | seccion=SECCION TERMINACION | precio_unitario_raw=14000.0 | total_raw=0.0
4534,53,423,1.0,FIJO,,,,,,False,unidad_raw=UNIDAD | seccion=SECCION TERMINACION | precio_unitario_raw=100.0 | total_raw=0.0
4535,53,33,1.0,FIJO,,,,,,False,unidad_raw=TIRA | seccion=SECCION TERMINACION | precio_unitario_raw=1000.0 | total_raw=0.0
4536,53,184,1.0,FIJO,,,,,,False,unidad_raw=UNIDAD | seccion=SECCION TERMINACION | precio_unitario_raw=63000.0 | total_raw=0.0
4537,53,350,1.0,FORMULA,,,,,,False,unidad_raw=MANO DE OBRA= | seccion=SECCION TAPICERIA MANO DE OBRA=
4538,53,389,11.0,AREA,,,,,,False,unidad_raw=METROS | seccion=SECCION TAPICERIA MANO DE OBRA= | precio_unitario_raw=0.0 | total_raw=0.0
4539,53,109,1.0,FORMULA,,,,,,False,unidad_raw=LAMINA | seccion=SECCION TAPICERIA MANO DE OBRA= | precio_unitario_raw=25125.0 | total_raw=0.0
4540,53,180,0.75,ESPACIADO,,,,,,False,unidad_raw=CAJA DE GRAPAS | seccion=SECCION TAPICERIA MANO DE OBRA= | precio_unitario_raw=12000.0 | total_raw=9000.0
4541,53,298,1.0,FIJO,,,,,,False,unidad_raw=UNIDADES | seccion=SECCION TAPICERIA MANO DE OBRA= | precio_unitario_raw=8000.0 | total_raw=0.0
4542,53,410,1.0,FIJO,,,,,,False,unidad_raw=UNIDADES | seccion=SECCION TAPICERIA MANO DE OBRA= | precio_unitario_raw=100.0 | total_raw=0.0
4543,53,129,1.5,AREA,,,,,,False,unidad_raw=UNIDADES | seccion=SECCION TAPICERIA MANO DE OBRA= | precio_unitario_raw=30000.0 | total_raw=45000.0
4544,53,115,2.5,AREA,,,,,,False,unidad_raw=LAMINA | seccion=SECCION TAPICERIA MANO DE OBRA= | precio_unitario_raw=41000.0 | total_raw=102500.0
4545,53,107,1.0,FORMULA,,,,,,False,unidad_raw=MTS | seccion=SECCION TAPICERIA MANO DE OBRA= | precio_unitario_raw=30000.0 | total_raw=0.0
4546,53,87,2.0,AREA,,,,,,False,unidad_raw=METROS | seccion=SECCION TAPICERIA MANO DE OBRA= | precio_unitario_raw=4000.0 | total_raw=8000.0
4547,53,195,1.0,FORMULA,,,,,,False,unidad_raw=UNIDAD | seccion=SECCION TAPICERIA MANO DE OBRA= | precio_unitario_raw=28000.0 | total_raw=0.0
4548,53,17,1.0,FORMULA,,,,,,False,seccion=SECCION TAPICERIA MANO DE OBRA= | precio_unitario_raw=18000.0 | total_raw=0.0
4549,53,22,1.0,FORMULA,,,,,,False,unidad_raw=ROLLO | seccion=SECCION TAPICERIA MANO DE OBRA= | precio_unitario_raw=12000.0 | total_raw=0.0
4550,53,359,1.0,VOLUMEN,,,,,,False,unidad_raw=LITRO | seccion=SECCION TAPICERIA MANO DE OBRA= | precio_unitario_raw=19000.0 | total_raw=19000.0
4551,53,26,1.0,FORMULA,,,,,,False,unidad_raw=UNIDADES | seccion=SECCION TAPICERIA MANO DE OBRA= | precio_unitario_raw=5000.0 | total_raw=0.0
4552,53,184,1.0,FIJO,,,,,,False,unidad_raw=CAMA | seccion=SECCION TAPICERIA MANO DE OBRA= | precio_unitario_raw=210000.0 | total_raw=0.0
4553,53,239,1.0,FORMULA,,,,,,False,unidad_raw=METROS | seccion=SECCION TAPICERIA MANO DE OBRA= | precio_unitario_raw=3500.0 | total_raw=0.0
4554,54,254,533.0,FORMULA,,,,,,False,unidad_raw=APAMATE | seccion=EBANISTA WILMER MANO DE OBRA= | precio_unitario_raw=140.0 | total_raw=74620.0
4555,54,270,1.25,AREA,,,,,,False,unidad_raw=LAMINA | seccion=EBANISTA WILMER MANO DE OBRA= | precio_unitario_raw=68000.0 | total_raw=85000.0
4556,54,265,1.0,FORMULA,,,,,,False,unidad_raw=LAMINA | seccion=EBANISTA WILMER MANO DE OBRA= | precio_unitario_raw=68000.0 | total_raw=0.0
4557,54,221,0.5,AREA,,,,,,False,unidad_raw=LAMINA | seccion=EBANISTA WILMER MANO DE OBRA= | precio_unitario_raw=220000.0 | total_raw=110000.0
4558,54,363,0.5,FORMULA,,,,,,False,unidad_raw=3*21*25 | seccion=EBANISTA WILMER MANO DE OBRA= | precio_unitario_raw=31500.0 | total_raw=15750.0
4559,54,363,0.5,FORMULA,,,,,,False,"unidad_raw=30*2,5*3 | seccion=EBANISTA WILMER MANO DE OBRA= | precio_unitario_raw=46500.0 | total_raw=23250.0"
4560,54,363,0.25,FORMULA,,,,,,False,"unidad_raw=29*2,5*2 | seccion=EBANISTA WILMER MANO DE OBRA= | precio_unitario_raw=31000.0 | total_raw=7750.0"
4561,54,49,1.0,VOLUMEN,,,,,,False,unidad_raw=LITRO | seccion=EBANISTA WILMER MANO DE OBRA= | precio_unitario_raw=14000.0 | total_raw=14000.0
4562,54,180,0.5,ESPACIADO,,,,,,False,unidad_raw=CAJA | seccion=EBANISTA WILMER MANO DE OBRA= | precio_unitario_raw=12000.0 | total_raw=6000.0
4563,54,166,1.0,FIJO,,,,,,False,unidad_raw=PAR | seccion=EBANISTA WILMER MANO DE OBRA= | precio_unitario_raw=20000.0 | total_raw=0.0
4564,54,155,9.0,FORMULA,,,,,,False,unidad_raw=TIRAS | seccion=EBANISTA WILMER MANO DE OBRA= | precio_unitario_raw=1000.0 | total_raw=9000.0
4565,54,420,50.0,ESPACIADO,,,,,,False,unidad_raw=Unidad | seccion=EBANISTA WILMER MANO DE OBRA= | precio_unitario_raw=100.0 | total_raw=5000.0
4566,54,92,1.0,FORMULA,,,,,,False,seccion=EBANISTA WILMER MANO DE OBRA= | total_raw=315000.0
4567,54,171,1.0,FORMULA,,,,,,False,seccion=EBANISTA WILMER MANO DE OBRA= | total_raw=66537.0
4568,54,72,1.0,FIJO,,,,,,False,unidad_raw=PAR | seccion=EBANISTA WILMER MANO DE OBRA= | precio_unitario_raw=250000.0 | total_raw=0.0
4569,54,70,1.0,FIJO,,,,,,False,unidad_raw=1 PEDAZO DE 1.00X46=46 | seccion=EBANISTA WILMER MANO DE OBRA= | precio_unitario_raw=15000.0 | total_raw=0.0
4570,54,214,1.0,FORMULA,,,,,,False,unidad_raw=1 PEDASO DE 1.50X40=60 | seccion=EBANISTA WILMER MANO DE OBRA= | precio_unitario_raw=130000.0 | total_raw=0.0
4571,54,217,1.0,FORMULA,,,,,,False,"unidad_raw=1 PEDASO DE 1,50X40=60 | seccion=EBANISTA WILMER MANO DE OBRA= | precio_unitario_raw=140.0"
4572,54,49,1.0,FORMULA,,,,,,False,unidad_raw=litros | seccion=EBANISTA WILMER MANO DE OBRA= | precio_unitario_raw=14000.0 | total_raw=0.0
4573,54,180,1.0,FIJO,,,,,,False,unidad_raw=Unidad | seccion=EBANISTA WILMER MANO DE OBRA= | precio_unitario_raw=600.0 | total_raw=0.0
4574,54,42,1.0,FIJO,,,,,,False,unidad_raw=TIRA | seccion=EBANISTA WILMER MANO DE OBRA= | precio_unitario_raw=1000.0 | total_raw=0.0
4575,54,184,1.0,FIJO,,,,,,False,unidad_raw=PAR | seccion=EBANISTA WILMER MANO DE OBRA= | precio_unitario_raw=157500.0 | total_raw=0.0
4576,54,423,1.0,FIJO,,,,,,False,unidad_raw=Unidad | seccion=EBANISTA WILMER MANO DE OBRA= | precio_unitario_raw=100.0 | total_raw=0.0
4577,54,172,1.0,FORMULA,,,,,,False,seccion=EBANISTA WILMER MANO DE OBRA= | total_raw=0.0
4578,54,349,1.0,FORMULA,,,,,DE NOCHERO,False,seccion=SECCION PINTURA Y PREPARADA DE NOCHERO
4579,54,331,2.0,FORMULA,,,,,,False,unidad_raw=CON EL 5% | seccion=SECCION PINTURA Y PREPARADA DE NOCHERO | precio_unitario_raw=36750.0 | total_raw=73500.0
4580,54,310,2.0,FORMULA,,,,,,False,unidad_raw=CON EL 5% | seccion=SECCION PINTURA Y PREPARADA DE NOCHERO | precio_unitario_raw=36750.0 | total_raw=73500.0
4581,54,356,4.0,VOLUMEN,,,,,,False,unidad_raw=PISTOLADAS | seccion=SECCION PINTURA Y PREPARADA DE NOCHERO | precio_unitario_raw=18000.0 | total_raw=72000.0
4582,54,245,1.0,FIJO,,,,,,False,unidad_raw=unidades | seccion=SECCION PINTURA Y PREPARADA DE NOCHERO | precio_unitario_raw=2000.0 | total_raw=2000.0
4583,54,246,0.5,FORMULA,,,,,,False,unidad_raw=UNIDAD | seccion=SECCION PINTURA Y PREPARADA DE NOCHERO | precio_unitario_raw=200.0 | total_raw=100.0
4584,54,432,1.0,FORMULA,,,,,,False,unidad_raw=unidad | seccion=SECCION PINTURA Y PREPARADA DE NOCHERO | precio_unitario_raw=2000.0 | total_raw=0.0
4585,54,368,1.0,FORMULA,,,,,,False,unidad_raw=unidad | seccion=SECCION PINTURA Y PREPARADA DE NOCHERO | precio_unitario_raw=2500.0 | total_raw=0.0
4586,54,401,1.0,FORMULA,,,,,,False,unidad_raw=GALON | seccion=SECCION PINTURA Y PREPARADA DE NOCHERO | precio_unitario_raw=34000.0 | total_raw=0.0
4587,54,408,1.0,FORMULA,,,,,,False,unidad_raw=JALADORES | seccion=SECCION PINTURA Y PREPARADA DE NOCHERO | precio_unitario_raw=3000.0 | total_raw=0.0
4588,54,11,1.0,FORMULA,,,,,,False,unidad_raw=PISTOLADA | seccion=SECCION PINTURA Y PREPARADA DE NOCHERO | precio_unitario_raw=57500.0 | total_raw=0.0
4589,54,50,1.0,FORMULA,,,,,,False,unidad_raw=PISTOLADA | seccion=SECCION PINTURA Y PREPARADA DE NOCHERO | precio_unitario_raw=22000.0 | total_raw=0.0
4590,54,98,1.0,FORMULA,,,,,,False,unidad_raw=galon | seccion=SECCION PINTURA Y PREPARADA DE NOCHERO | precio_unitario_raw=160000.0 | total_raw=0.0
4591,54,169,1.0,FORMULA,,,,,,False,unidad_raw=ML | seccion=SECCION PINTURA Y PREPARADA DE NOCHERO | precio_unitario_raw=4500.0 | total_raw=0.0
4592,54,341,1.0,FORMULA,,,,,,False,unidad_raw=LITRO | seccion=SECCION PINTURA Y PREPARADA DE NOCHERO | precio_unitario_raw=20000.0 | total_raw=0.0
4593,54,203,1.0,FORMULA,,,,,,False,unidad_raw=PISTOLADA | seccion=SECCION PINTURA Y PREPARADA DE NOCHERO | precio_unitario_raw=23000.0 | total_raw=0.0
4594,54,174,1.0,FORMULA,,,,,,False,seccion=SECCION PINTURA Y PREPARADA DE NOCHERO | total_raw=22110.0
4595,54,349,1.0,FORMULA,,,,,PATAS,False,seccion=SECCION PINTURA Y PREPARADA PATAS
4596,54,331,4.0,FORMULA,,,,,,False,unidad_raw=CON EL 5% | seccion=SECCION PINTURA Y PREPARADA PATAS | precio_unitario_raw=1050.0 | total_raw=4200.0
4597,54,310,4.0,FORMULA,,,,,,False,unidad_raw=CON EL 5% | seccion=SECCION PINTURA Y PREPARADA PATAS | precio_unitario_raw=2100.0 | total_raw=8400.0
4598,54,314,1.0,FIJO,,,,,,False,seccion=SECCION PINTURA Y PREPARADA PATAS | precio_unitario_raw=2100.0 | total_raw=0.0
4599,54,356,0.2,VOLUMEN,,,,,,False,unidad_raw=PISTOLADAS | seccion=SECCION PINTURA Y PREPARADA PATAS | precio_unitario_raw=18000.0 | total_raw=3600.0
4600,54,251,1.0,FORMULA,,,,,,False,unidad_raw=unidades | seccion=SECCION PINTURA Y PREPARADA PATAS | precio_unitario_raw=2000.0 | total_raw=0.0
4601,54,285,1.0,FORMULA,,,,,,False,unidad_raw=galon | seccion=SECCION PINTURA Y PREPARADA PATAS | total_raw=0.0
4602,54,249,0.5,FORMULA,,,,,,False,unidad_raw=unidad | seccion=SECCION PINTURA Y PREPARADA PATAS | precio_unitario_raw=2000.0 | total_raw=1000.0
4603,54,245,1.0,FORMULA,,,,,,False,unidad_raw=unidad | seccion=SECCION PINTURA Y PREPARADA PATAS | precio_unitario_raw=2000.0 | total_raw=0.0
4604,54,205,0.2,VOLUMEN,,,,,,False,unidad_raw=GALON | seccion=SECCION PINTURA Y PREPARADA PATAS | precio_unitario_raw=23000.0 | total_raw=4600.0
4605,54,199,1.0,FORMULA,,,,,,False,unidad_raw=litro | seccion=SECCION PINTURA Y PREPARADA PATAS | precio_unitario_raw=18000.0 | total_raw=0.0
4606,54,50,0.25,VOLUMEN,,,,,,False,unidad_raw=PISTOLADA | seccion=SECCION PINTURA Y PREPARADA PATAS | precio_unitario_raw=22000.0 | total_raw=5500.0
4607,54,402,1.0,FORMULA,,,,,,False,unidad_raw=galon | seccion=SECCION PINTURA Y PREPARADA PATAS | total_raw=0.0
4608,54,169,1.0,FORMULA,,,,,,False,unidad_raw=LITRO | seccion=SECCION PINTURA Y PREPARADA PATAS | precio_unitario_raw=4.5 | total_raw=0.0
4609,54,341,0.5,VOLUMEN,,,,,,False,unidad_raw=LITRO | seccion=SECCION PINTURA Y PREPARADA PATAS | precio_unitario_raw=23000.0 | total_raw=11500.0
4610,54,201,1.0,FORMULA,,,,,,False,unidad_raw=PISTOLADA | seccion=SECCION PINTURA Y PREPARADA PATAS | precio_unitario_raw=23000.0 | total_raw=0.0
4611,54,174,1.0,FORMULA,,,,,,False,seccion=SECCION PINTURA Y PREPARADA PATAS | total_raw=3880.0
4612,54,406,1.0,FORMULA,,,,,,False,unidad_raw=UNIDAD | seccion=SECCION TERMINACION | precio_unitario_raw=10500.0 | total_raw=0.0
4613,54,338,1.0,FORMULA,,,,,,False,unidad_raw=UNIDAD | seccion=SECCION TERMINACION | precio_unitario_raw=20000.0 | total_raw=0.0
4614,54,339,1.0,FORMULA,,,,,,False,unidad_raw=UNIDAD | seccion=SECCION TERMINACION | precio_unitario_raw=20000.0 | total_raw=0.0
4615,54,237,1.0,FORMULA,,,,,,False,unidad_raw=UNIDADES | seccion=SECCION TERMINACION | precio_unitario_raw=100000.0 | total_raw=0.0
4616,54,16,1.0,FORMULA,,,,,,False,unidad_raw=METROS | seccion=SECCION TERMINACION | precio_unitario_raw=3000.0 | total_raw=0.0
4617,54,6,1.0,FORMULA,,,,,,False,unidad_raw=PAR | seccion=SECCION TERMINACION | precio_unitario_raw=1500.0 | total_raw=0.0
4618,54,97,1.0,FORMULA,,,,,,False,unidad_raw=UNIDADES | seccion=SECCION TERMINACION | precio_unitario_raw=2000.0 | total_raw=0.0
4619,54,194,1.0,FORMULA,,,,,,False,unidad_raw=PAR | seccion=SECCION TERMINACION | precio_unitario_raw=160000.0 | total_raw=0.0
4620,54,198,1.0,FIJO,,,,,,False,unidad_raw=UNIDAD | seccion=SECCION TERMINACION | precio_unitario_raw=26800.0 | total_raw=0.0
4621,54,283,1.0,FORMULA,,,,,,False,unidad_raw=UNIDADES | seccion=SECCION TERMINACION | precio_unitario_raw=3000.0 | total_raw=0.0
4622,54,70,1.0,FIJO,,,,,,False,unidad_raw=unidades | seccion=SECCION TERMINACION | precio_unitario_raw=8000.0 | total_raw=0.0
4623,54,95,1.0,FORMULA,,,,,,False,unidad_raw=unidades | seccion=SECCION TERMINACION | precio_unitario_raw=150000.0 | total_raw=0.0
4624,54,352,1.0,FORMULA,,,,,,False,seccion=SECCION TERMINACION | total_raw=0.0
4625,54,257,1.0,FORMULA,,,,,,False,unidad_raw=APAMATE | seccion=SECCION TERMINACION | precio_unitario_raw=140.0 | total_raw=0.0
4626,54,304,1.0,FORMULA,,,,,,False,seccion=SECCION TERMINACION | precio_unitario_raw=3500.0 | total_raw=0.0
4627,54,180,1.0,FIJO,,,,,,False,unidad_raw=CAJA | seccion=SECCION TERMINACION | precio_unitario_raw=12000.0 | total_raw=0.0
4628,54,274,1.0,FORMULA,,,,,,False,unidad_raw=LAMINA | seccion=SECCION TERMINACION | precio_unitario_raw=140000.0 | total_raw=0.0
4629,54,49,1.0,FORMULA,,,,,,False,unidad_raw=LITRO | seccion=SECCION TERMINACION | precio_unitario_raw=14000.0 | total_raw=0.0
4630,54,423,1.0,FIJO,,,,,,False,unidad_raw=UNIDAD | seccion=SECCION TERMINACION | precio_unitario_raw=100.0 | total_raw=0.0
4631,54,33,1.0,FIJO,,,,,,False,unidad_raw=TIRA | seccion=SECCION TERMINACION | precio_unitario_raw=1000.0 | total_raw=0.0
4632,54,184,1.0,FIJO,,,,,,False,unidad_raw=UNIDAD | seccion=SECCION TERMINACION | precio_unitario_raw=63000.0 | total_raw=0.0
4633,54,350,1.0,FORMULA,,,,,,False,unidad_raw=MANO DE OBRA= | seccion=SECCION TAPICERIA MANO DE OBRA=
4634,54,380,1.0,FORMULA,,,,,,False,unidad_raw=METROS | seccion=SECCION TAPICERIA MANO DE OBRA= | precio_unitario_raw=14500.0 | total_raw=0.0
4635,54,109,1.0,FORMULA,,,,,,False,unidad_raw=LAMINA | seccion=SECCION TAPICERIA MANO DE OBRA= | precio_unitario_raw=25125.0 | total_raw=0.0
4636,54,180,1.0,FIJO,,,,,,False,unidad_raw=CAJA DE GRAPAS | seccion=SECCION TAPICERIA MANO DE OBRA= | precio_unitario_raw=12000.0 | total_raw=0.0
4637,54,298,1.0,FIJO,,,,,,False,unidad_raw=UNIDADES | seccion=SECCION TAPICERIA MANO DE OBRA= | precio_unitario_raw=8000.0 | total_raw=0.0
4638,54,410,1.0,FIJO,,,,,,False,unidad_raw=UNIDADES | seccion=SECCION TAPICERIA MANO DE OBRA= | precio_unitario_raw=100.0 | total_raw=0.0
4639,54,129,1.0,FORMULA,,,,,,False,unidad_raw=UNIDADES | seccion=SECCION TAPICERIA MANO DE OBRA= | precio_unitario_raw=30000.0 | total_raw=0.0
4640,54,115,1.0,FORMULA,,,,,,False,unidad_raw=LAMINA | seccion=SECCION TAPICERIA MANO DE OBRA= | precio_unitario_raw=41000.0 | total_raw=0.0
4641,54,107,1.0,FORMULA,,,,,,False,unidad_raw=MTS | seccion=SECCION TAPICERIA MANO DE OBRA= | precio_unitario_raw=30000.0 | total_raw=0.0
4642,54,87,1.0,FORMULA,,,,,,False,unidad_raw=METROS | seccion=SECCION TAPICERIA MANO DE OBRA= | precio_unitario_raw=4000.0 | total_raw=0.0
4643,54,195,1.0,FORMULA,,,,,,False,unidad_raw=UNIDAD | seccion=SECCION TAPICERIA MANO DE OBRA= | precio_unitario_raw=28000.0 | total_raw=0.0
4644,54,17,1.0,FORMULA,,,,,,False,seccion=SECCION TAPICERIA MANO DE OBRA= | precio_unitario_raw=18000.0 | total_raw=0.0
4645,54,22,1.0,FORMULA,,,,,,False,unidad_raw=ROLLO | seccion=SECCION TAPICERIA MANO DE OBRA= | precio_unitario_raw=12000.0 | total_raw=0.0
4646,54,362,1.0,FORMULA,,,,,,False,unidad_raw=LITRO | seccion=SECCION TAPICERIA MANO DE OBRA= | precio_unitario_raw=19000.0 | total_raw=0.0
4647,54,26,1.0,FORMULA,,,,,,False,unidad_raw=UNIDADES | seccion=SECCION TAPICERIA MANO DE OBRA= | precio_unitario_raw=5000.0 | total_raw=0.0
4648,54,184,1.0,FIJO,,,,,,False,unidad_raw=CAMA | seccion=SECCION TAPICERIA MANO DE OBRA= | precio_unitario_raw=210000.0 | total_raw=0.0
4649,54,239,1.0,FORMULA,,,,,,False,unidad_raw=METROS | seccion=SECCION TAPICERIA MANO DE OBRA= | precio_unitario_raw=3500.0 | total_raw=0.0
4650,55,254,530.0,FORMULA,,,,,,False,unidad_raw=APAMATE | seccion=EBANISTA WILMER MANO DE OBRA= | precio_unitario_raw=140.0 | total_raw=74200.0
4651,55,270,1.25,AREA,,,,,,False,unidad_raw=LAMINA | seccion=EBANISTA WILMER MANO DE OBRA= | precio_unitario_raw=68000.0 | total_raw=85000.0
4652,55,221,0.5,AREA,,,,,,False,unidad_raw=LAMINA | seccion=EBANISTA WILMER MANO DE OBRA= | precio_unitario_raw=220000.0 | total_raw=110000.0
4653,55,363,0.5,FORMULA,,,,,,False,unidad_raw=3*21*25 | seccion=EBANISTA WILMER MANO DE OBRA= | precio_unitario_raw=31500.0 | total_raw=15750.0
4654,55,363,0.5,FORMULA,,,,,,False,"unidad_raw=30*2,5*3 | seccion=EBANISTA WILMER MANO DE OBRA= | precio_unitario_raw=46500.0 | total_raw=23250.0"
4655,55,363,0.5,FORMULA,,,,,,False,"unidad_raw=29*2,5*2 | seccion=EBANISTA WILMER MANO DE OBRA= | precio_unitario_raw=31000.0 | total_raw=15500.0"
4656,55,49,1.0,VOLUMEN,,,,,,False,unidad_raw=LITRO | seccion=EBANISTA WILMER MANO DE OBRA= | precio_unitario_raw=14000.0 | total_raw=14000.0
4657,55,180,0.5,ESPACIADO,,,,,,False,unidad_raw=CAJA | seccion=EBANISTA WILMER MANO DE OBRA= | precio_unitario_raw=12000.0 | total_raw=6000.0
4658,55,33,10.0,ESPACIADO,,,,,,False,unidad_raw=TIRAS | seccion=EBANISTA WILMER MANO DE OBRA= | precio_unitario_raw=1000.0 | total_raw=10000.0
4659,55,420,100.0,ESPACIADO,,,,,,False,unidad_raw=Unidad | seccion=EBANISTA WILMER MANO DE OBRA= | precio_unitario_raw=100.0 | total_raw=10000.0
4660,55,92,1.0,FORMULA,,,,,,False,seccion=EBANISTA WILMER MANO DE OBRA= | total_raw=315000.0
4661,55,171,1.0,FORMULA,,,,,,False,seccion=EBANISTA WILMER MANO DE OBRA= | total_raw=67870.0
4662,55,70,2.0,FORMULA,,,,,,False,unidad_raw=UNIDADES | seccion=EBANISTA WILMER MANO DE OBRA= | precio_unitario_raw=10000.0 | total_raw=20000.0
4663,55,184,2.0,FORMULA,,,,,,False,unidad_raw=LUIS ALFONSO | seccion=EBANISTA WILMER MANO DE OBRA= | precio_unitario_raw=250000.0 | total_raw=500000.0
4664,55,349,1.0,FORMULA,,,,,DE NOCHERO,False,seccion=SECCION PINTURA Y PREPARADA DE NOCHERO
4665,55,331,2.0,FORMULA,,,,,,False,unidad_raw=CON EL 5% | seccion=SECCION PINTURA Y PREPARADA DE NOCHERO | precio_unitario_raw=36750.0 | total_raw=73500.0
4666,55,310,2.0,FORMULA,,,,,,False,unidad_raw=CON EL 5% | seccion=SECCION PINTURA Y PREPARADA DE NOCHERO | precio_unitario_raw=36750.0 | total_raw=73500.0
4667,55,356,4.0,VOLUMEN,,,,,,False,unidad_raw=PISTOLADAS | seccion=SECCION PINTURA Y PREPARADA DE NOCHERO | precio_unitario_raw=18000.0 | total_raw=72000.0
4668,55,246,0.5,FORMULA,,,,,,False,unidad_raw=unidades | seccion=SECCION PINTURA Y PREPARADA DE NOCHERO | precio_unitario_raw=2000.0 | total_raw=1000.0
4669,55,248,0.5,FORMULA,,,,,,False,unidad_raw=UNIDAD | seccion=SECCION PINTURA Y PREPARADA DE NOCHERO | precio_unitario_raw=4000.0 | total_raw=2000.0
4670,55,245,1.0,FIJO,,,,,,False,unidad_raw=unidad | seccion=SECCION PINTURA Y PREPARADA DE NOCHERO | precio_unitario_raw=2000.0 | total_raw=2000.0
4671,55,50,2.5,VOLUMEN,,,,,,False,unidad_raw=PISTOLADA | seccion=SECCION PINTURA Y PREPARADA DE NOCHERO | precio_unitario_raw=22000.0 | total_raw=55000.0
4672,55,341,1.0,VOLUMEN,,,,,,False,unidad_raw=LITRO | seccion=SECCION PINTURA Y PREPARADA DE NOCHERO | precio_unitario_raw=20000.0 | total_raw=20000.0
4673,55,203,2.0,VOLUMEN,,,,,,False,unidad_raw=PISTOLADA | seccion=SECCION PINTURA Y PREPARADA DE NOCHERO | precio_unitario_raw=23000.0 | total_raw=46000.0
4674,55,174,1.0,FORMULA,,,,,,False,seccion=SECCION PINTURA Y PREPARADA DE NOCHERO | total_raw=34500.0
4675,55,349,1.0,FORMULA,,,,,PATAS,False,seccion=SECCION PINTURA Y PREPARADA PATAS
4676,55,331,4.0,FORMULA,,,,,,False,unidad_raw=CON EL 5% | seccion=SECCION PINTURA Y PREPARADA PATAS | precio_unitario_raw=1050.0 | total_raw=4200.0
4677,55,310,4.0,FORMULA,,,,,,False,unidad_raw=CON EL 5% | seccion=SECCION PINTURA Y PREPARADA PATAS | precio_unitario_raw=2100.0 | total_raw=8400.0
4678,55,356,0.5,VOLUMEN,,,,,,False,unidad_raw=PISTOLADAS | seccion=SECCION PINTURA Y PREPARADA PATAS | precio_unitario_raw=18000.0 | total_raw=9000.0
4679,55,251,0.5,FORMULA,,,,,,False,unidad_raw=unidades | seccion=SECCION PINTURA Y PREPARADA PATAS | precio_unitario_raw=2000.0 | total_raw=1000.0
4680,55,247,0.5,FORMULA,,,,,,False,unidad_raw=unidad | seccion=SECCION PINTURA Y PREPARADA PATAS | precio_unitario_raw=2000.0 | total_raw=1000.0
4681,55,205,0.3,VOLUMEN,,,,,,False,unidad_raw=GALON | seccion=SECCION PINTURA Y PREPARADA PATAS | precio_unitario_raw=23000.0 | total_raw=6900.0
4682,55,50,0.3,VOLUMEN,,,,,,False,unidad_raw=PISTOLADA | seccion=SECCION PINTURA Y PREPARADA PATAS | precio_unitario_raw=22000.0 | total_raw=6600.0
4683,55,341,0.5,VOLUMEN,,,,,,False,unidad_raw=LITRO | seccion=SECCION PINTURA Y PREPARADA PATAS | precio_unitario_raw=23000.0 | total_raw=11500.0
4684,55,174,1.0,FORMULA,,,,,,False,seccion=SECCION PINTURA Y PREPARADA PATAS | total_raw=4860.0
4685,55,406,1.0,FORMULA,,,,,,False,unidad_raw=UNIDAD | seccion=SECCION TERMINACION | precio_unitario_raw=10500.0 | total_raw=0.0
4686,55,283,1.0,FORMULA,,,,,,False,unidad_raw=UNIDADES | seccion=SECCION TERMINACION | precio_unitario_raw=3000.0 | total_raw=0.0
4687,55,70,1.0,FIJO,,,,,,False,unidad_raw=unidades | seccion=SECCION TERMINACION | precio_unitario_raw=8000.0 | total_raw=0.0
4688,55,95,1.0,FIJO,,,,,,False,unidad_raw=unidades | seccion=SECCION TERMINACION | precio_unitario_raw=150000.0 | total_raw=150000.0
4689,55,256,639.0,FORMULA,,,,,,False,unidad_raw=APAMATE | seccion=SECCION TENDIDO | precio_unitario_raw=140.0 | total_raw=89460.0
4690,55,304,4.2,FORMULA,,,,,,False,seccion=SECCION TENDIDO | precio_unitario_raw=3500.0 | total_raw=14700.0
4691,55,180,0.5,ESPACIADO,,,,,,False,unidad_raw=CAJA | seccion=SECCION TENDIDO | precio_unitario_raw=12000.0 | total_raw=6000.0
4692,55,274,1.0,AREA,,,,,,False,unidad_raw=LAMINA | seccion=SECCION TENDIDO | precio_unitario_raw=140000.0 | total_raw=140000.0
4693,55,423,40.0,ESPACIADO,,,,,,False,unidad_raw=UNIDAD | seccion=SECCION TENDIDO | precio_unitario_raw=100.0 | total_raw=4000.0
4694,55,33,3.0,ESPACIADO,,,,,,False,unidad_raw=TIRA | seccion=SECCION TENDIDO | precio_unitario_raw=1000.0 | total_raw=3000.0
4695,55,318,2.0,VOLUMEN,,,,,,False,unidad_raw=PISTOLADAS | seccion=SECCION TENDIDO | precio_unitario_raw=6300.0 | total_raw=12600.0
4696,55,66,0.5,VOLUMEN,,,,,,False,unidad_raw=PISTOLADA | seccion=SECCION TENDIDO | precio_unitario_raw=22000.0 | total_raw=11000.0
4697,55,184,1.0,FIJO,,,,,,False,unidad_raw=UNIDAD | seccion=SECCION TENDIDO | precio_unitario_raw=63000.0 | total_raw=63000.0
4698,55,350,1.0,FORMULA,,,,,,False,unidad_raw=MANO DE OBRA= | seccion=SECCION TAPICERIA MANO DE OBRA=
4699,55,377,14.0,AREA,,,,,,False,unidad_raw=METROS | seccion=SECCION TAPICERIA MANO DE OBRA= | precio_unitario_raw=35000.0 | total_raw=490000.0
4700,55,113,1.0,AREA,,,,,,False,unidad_raw=LAMINA | seccion=SECCION TAPICERIA MANO DE OBRA= | precio_unitario_raw=8000.0 | total_raw=8000.0
4701,55,180,0.5,ESPACIADO,,,,,,False,unidad_raw=CAJA DE GRAPAS | seccion=SECCION TAPICERIA MANO DE OBRA= | precio_unitario_raw=12000.0 | total_raw=6000.0
4702,55,18,0.5,FORMULA,,,,,,False,unidad_raw=UNIDADES | seccion=SECCION TAPICERIA MANO DE OBRA= | precio_unitario_raw=10000.0 | total_raw=5000.0
4703,55,129,1.0,AREA,,,,,,False,unidad_raw=UNIDADES | seccion=SECCION TAPICERIA MANO DE OBRA= | precio_unitario_raw=30000.0 | total_raw=30000.0
4704,55,115,3.5,AREA,,,,,,False,unidad_raw=LAMINA | seccion=SECCION TAPICERIA MANO DE OBRA= | precio_unitario_raw=41000.0 | total_raw=143500.0
4705,55,87,2.0,AREA,,,,,,False,unidad_raw=METROS | seccion=SECCION TAPICERIA MANO DE OBRA= | precio_unitario_raw=4000.0 | total_raw=8000.0
4706,55,195,0.5,FORMULA,,,,,,False,unidad_raw=UNIDAD | seccion=SECCION TAPICERIA MANO DE OBRA= | precio_unitario_raw=25000.0 | total_raw=12500.0
4707,55,31,1.0,LINEAL,,,,,,False,unidad_raw=METRO | seccion=SECCION TAPICERIA MANO DE OBRA= | precio_unitario_raw=1000.0 | total_raw=1000.0
4708,55,303,1.0,VOLUMEN,,,,,,False,unidad_raw=LITRO | seccion=SECCION TAPICERIA MANO DE OBRA= | precio_unitario_raw=19000.0 | total_raw=19000.0
4709,55,359,1.0,VOLUMEN,,,,,,False,unidad_raw=LITRO | seccion=SECCION TAPICERIA MANO DE OBRA= | precio_unitario_raw=14000.0 | total_raw=14000.0
4710,55,182,0.5,LINEAL,,,,,,False,unidad_raw=METROS | seccion=SECCION TAPICERIA MANO DE OBRA= | precio_unitario_raw=19000.0 | total_raw=9500.0
4711,55,8,2.0,FORMULA,,,,,,False,unidad_raw=UNIDAD | seccion=SECCION TAPICERIA MANO DE OBRA= | precio_unitario_raw=2000.0 | total_raw=4000.0
4712,55,184,1.0,FIJO,,,,,,False,unidad_raw=CAMA | seccion=SECCION TAPICERIA MANO DE OBRA= | precio_unitario_raw=210000.0 | total_raw=210000.0
4713,56,254,400.0,FORMULA,,,,,,False,unidad_raw=APAMATE | seccion=EBANISTA WILMER MANO DE OBRA= | precio_unitario_raw=140.0 | total_raw=56000.0
4714,56,268,1.25,AREA,,,,,,False,unidad_raw=LAMINA | seccion=EBANISTA WILMER MANO DE OBRA= | precio_unitario_raw=65000.0 | total_raw=81250.0
4715,56,221,0.5,AREA,,,,,,False,unidad_raw=LAMINA | seccion=EBANISTA WILMER MANO DE OBRA= | precio_unitario_raw=220000.0 | total_raw=110000.0
4716,56,230,0.25,AREA,,,,,,False,unidad_raw=LAMINA | seccion=EBANISTA WILMER MANO DE OBRA= | precio_unitario_raw=140000.0 | total_raw=35000.0
4717,56,363,0.5,FORMULA,,,,,,False,"unidad_raw=3*31*2,5 | seccion=EBANISTA WILMER MANO DE OBRA= | precio_unitario_raw=46500.0 | total_raw=23250.0"
4718,56,49,1.5,VOLUMEN,,,,,,False,unidad_raw=LITRO | seccion=EBANISTA WILMER MANO DE OBRA= | precio_unitario_raw=14000.0 | total_raw=21000.0
4719,56,180,0.25,ESPACIADO,,,,,,False,unidad_raw=CAJA | seccion=EBANISTA WILMER MANO DE OBRA= | precio_unitario_raw=12000.0 | total_raw=3000.0
4720,56,166,1.0,FIJO,,,,,,False,unidad_raw=PAR | seccion=EBANISTA WILMER MANO DE OBRA= | precio_unitario_raw=20000.0 | total_raw=20000.0
4721,56,33,13.0,ESPACIADO,,,,,,False,unidad_raw=TIRAS | seccion=EBANISTA WILMER MANO DE OBRA= | precio_unitario_raw=1000.0 | total_raw=13000.0
4722,56,423,140.0,ESPACIADO,,,,,,False,unidad_raw=Unidad | seccion=EBANISTA WILMER MANO DE OBRA= | precio_unitario_raw=100.0 | total_raw=14000.0
4723,56,91,1.0,FORMULA,,,,,,False,seccion=EBANISTA WILMER MANO DE OBRA= | total_raw=315000.0
4724,56,171,1.0,FORMULA,,,,,,False,seccion=EBANISTA WILMER MANO DE OBRA= | total_raw=69150.0
4725,56,72,4.0,FORMULA,,,,,,False,unidad_raw=PAR | seccion=EBANISTA WILMER MANO DE OBRA= | precio_unitario_raw=10000.0 | total_raw=40000.0
4726,56,423,1.0,FIJO,,,,,,False,unidad_raw=Unidad | seccion=EBANISTA WILMER MANO DE OBRA= | precio_unitario_raw=100.0 | total_raw=0.0
4727,56,286,2.0,FORMULA,,,,,,False,unidad_raw=LUIS ALFONSO | seccion=EBANISTA WILMER MANO DE OBRA= | precio_unitario_raw=250000.0 | total_raw=500000.0
4728,56,349,1.0,FORMULA,,,,,DE NOCHERO,False,seccion=SECCION PINTURA Y PREPARADA DE NOCHERO
4729,56,349,1.0,FORMULA,,,,,DE NOCHERO,False,seccion=SECCION PINTURA Y PREPARADA DE NOCHERO
4730,56,331,2.0,FORMULA,,,,,,False,unidad_raw=CON EL 5% | seccion=SECCION PINTURA Y PREPARADA DE NOCHERO | precio_unitario_raw=36750.0 | total_raw=73500.0
4731,56,310,2.0,FORMULA,,,,,,False,unidad_raw=CON EL 5% | seccion=SECCION PINTURA Y PREPARADA DE NOCHERO | precio_unitario_raw=36750.0 | total_raw=73500.0
4732,56,356,4.0,VOLUMEN,,,,,,False,unidad_raw=PISTOLADAS | seccion=SECCION PINTURA Y PREPARADA DE NOCHERO | precio_unitario_raw=18000.0 | total_raw=72000.0
4733,56,246,0.5,FORMULA,,,,,,False,unidad_raw=unidades | seccion=SECCION PINTURA Y PREPARADA DE NOCHERO | precio_unitario_raw=2000.0 | total_raw=1000.0
4734,56,251,0.5,FORMULA,,,,,,False,unidad_raw=UNIDAD | seccion=SECCION PINTURA Y PREPARADA DE NOCHERO | precio_unitario_raw=2000.0 | total_raw=1000.0
4735,56,245,1.0,FIJO,,,,,,False,unidad_raw=unidad | seccion=SECCION PINTURA Y PREPARADA DE NOCHERO | precio_unitario_raw=2000.0 | total_raw=2000.0
4736,56,62,2.5,VOLUMEN,,,,,,False,unidad_raw=PISTOLADA | seccion=SECCION PINTURA Y PREPARADA DE NOCHERO | precio_unitario_raw=22000.0 | total_raw=55000.0
4737,56,341,1.0,VOLUMEN,,,,,,False,unidad_raw=LITRO | seccion=SECCION PINTURA Y PREPARADA DE NOCHERO | precio_unitario_raw=20000.0 | total_raw=20000.0
4738,56,169,0.5,VOLUMEN,,,,,,False,unidad_raw=LITRO | seccion=SECCION PINTURA Y PREPARADA DE NOCHERO | precio_unitario_raw=5000.0 | total_raw=2500.0
4739,56,203,2.0,VOLUMEN,,,,,,False,unidad_raw=PISTOLADA | seccion=SECCION PINTURA Y PREPARADA DE NOCHERO | precio_unitario_raw=23000.0 | total_raw=46000.0
4740,56,174,1.0,FORMULA,,,,,,False,seccion=SECCION PINTURA Y PREPARADA DE NOCHERO | total_raw=34650.0
4741,56,349,1.0,FORMULA,,,,,PATAS,False,seccion=SECCION PINTURA Y PREPARADA PATAS
4742,56,331,8.0,FORMULA,,,,,,False,unidad_raw=CON EL 5% | seccion=SECCION PINTURA Y PREPARADA PATAS | precio_unitario_raw=1050.0 | total_raw=8400.0
4743,56,310,8.0,FORMULA,,,,,,False,unidad_raw=CON EL 5% | seccion=SECCION PINTURA Y PREPARADA PATAS | precio_unitario_raw=2100.0 | total_raw=16800.0
4744,56,356,0.3,VOLUMEN,,,,,,False,unidad_raw=PISTOLADAS | seccion=SECCION PINTURA Y PREPARADA PATAS | precio_unitario_raw=18000.0 | total_raw=5400.0
4745,56,245,1.0,FIJO,,,,,,False,unidad_raw=unidad | seccion=SECCION PINTURA Y PREPARADA PATAS | precio_unitario_raw=2000.0 | total_raw=2000.0
4746,56,205,0.3,VOLUMEN,,,,,,False,unidad_raw=GALON | seccion=SECCION PINTURA Y PREPARADA PATAS | precio_unitario_raw=23000.0 | total_raw=6900.0
4747,56,65,0.3,VOLUMEN,,,,,,False,unidad_raw=PISTOLADA | seccion=SECCION PINTURA Y PREPARADA PATAS | precio_unitario_raw=22000.0 | total_raw=6600.0
4748,56,341,0.5,VOLUMEN,,,,,,False,unidad_raw=LITRO | seccion=SECCION PINTURA Y PREPARADA PATAS | precio_unitario_raw=23000.0 | total_raw=11500.0
4749,56,174,1.0,FORMULA,,,,,,False,seccion=SECCION PINTURA Y PREPARADA PATAS | total_raw=5760.0
4750,56,406,1.0,FORMULA,,,,,,False,unidad_raw=UNIDAD | seccion=SECCION TERMINACION | precio_unitario_raw=10500.0 | total_raw=0.0
4751,56,198,1.0,FIJO,,,,,,False,unidad_raw=UNIDAD | seccion=SECCION TERMINACION | precio_unitario_raw=26800.0 | total_raw=0.0
4752,56,283,1.0,FORMULA,,,,,,False,unidad_raw=UNIDADES | seccion=SECCION TERMINACION | precio_unitario_raw=3000.0 | total_raw=0.0
4753,56,70,1.0,FIJO,,,,,,False,unidad_raw=unidades | seccion=SECCION TERMINACION | precio_unitario_raw=8000.0 | total_raw=0.0
4754,56,95,1.0,FIJO,,,,,,False,unidad_raw=unidades | seccion=SECCION TERMINACION | precio_unitario_raw=150000.0 | total_raw=150000.0
4755,56,352,1.0,FORMULA,,,,,,False,seccion=SECCION TERMINACION | total_raw=0.0
4756,56,257,639.0,FORMULA,,,,,,False,unidad_raw=APAMATE | seccion=SECCION TERMINACION | precio_unitario_raw=140.0 | total_raw=89460.0
4757,56,304,4.2,LINEAL,,,,,,False,unidad_raw=METROS | seccion=SECCION TERMINACION | precio_unitario_raw=3500.0 | total_raw=14700.0
4758,56,180,0.5,ESPACIADO,,,,,,False,unidad_raw=CAJA | seccion=SECCION TERMINACION | precio_unitario_raw=12000.0 | total_raw=6000.0
4759,56,315,12.0,FORMULA,,,,,,False,unidad_raw=UNIDADES | seccion=SECCION TERMINACION | precio_unitario_raw=1050.0 | total_raw=12600.0
4760,56,68,0.5,FORMULA,,,,,,False,unidad_raw=UNIDADES | seccion=SECCION TERMINACION | precio_unitario_raw=22000.0 | total_raw=11000.0
4761,56,274,1.0,AREA,,,,,,False,unidad_raw=LAMINA | seccion=SECCION TERMINACION | precio_unitario_raw=140000.0 | total_raw=140000.0
4762,56,423,40.0,ESPACIADO,,,,,,False,unidad_raw=UNIDAD | seccion=SECCION TERMINACION | precio_unitario_raw=100.0 | total_raw=4000.0
4763,56,33,3.0,ESPACIADO,,,,,,False,unidad_raw=TIRA | seccion=SECCION TERMINACION | precio_unitario_raw=1000.0 | total_raw=3000.0
4764,56,184,1.0,FIJO,,,,,,False,unidad_raw=UNIDAD | seccion=SECCION TERMINACION | precio_unitario_raw=63000.0 | total_raw=63000.0
4765,56,350,1.0,FORMULA,,,,,,False,unidad_raw=MANO DE OBRA= | seccion=SECCION TAPICERIA MANO DE OBRA=
4766,56,392,12.0,AREA,,,,,,False,unidad_raw=METROS | seccion=SECCION TAPICERIA MANO DE OBRA= | precio_unitario_raw=35000.0 | total_raw=420000.0
4767,56,114,0.5,AREA,,,,,,False,unidad_raw=LAMINA | seccion=SECCION TAPICERIA MANO DE OBRA= | precio_unitario_raw=8000.0 | total_raw=4000.0
4768,56,180,0.5,ESPACIADO,,,,,,False,unidad_raw=CAJA DE GRAPAS | seccion=SECCION TAPICERIA MANO DE OBRA= | precio_unitario_raw=12000.0 | total_raw=6000.0
4769,56,129,3.0,AREA,,,,,,False,unidad_raw=UNIDADES | seccion=SECCION TAPICERIA MANO DE OBRA= | precio_unitario_raw=30000.0 | total_raw=90000.0
4770,56,116,2.0,AREA,,,,,,False,unidad_raw=LAMINA | seccion=SECCION TAPICERIA MANO DE OBRA= | precio_unitario_raw=48000.0 | total_raw=96000.0
4771,56,362,0.5,LINEAL,,,,,,False,unidad_raw=MTS | seccion=SECCION TAPICERIA MANO DE OBRA= | precio_unitario_raw=25000.0 | total_raw=12500.0
4772,56,87,4.0,AREA,,,,,,False,unidad_raw=METROS | seccion=SECCION TAPICERIA MANO DE OBRA= | precio_unitario_raw=3500.0 | total_raw=14000.0
4773,56,195,0.25,FORMULA,,,,,,False,unidad_raw=UNIDAD | seccion=SECCION TAPICERIA MANO DE OBRA= | precio_unitario_raw=25000.0 | total_raw=6250.0
4774,56,360,0.5,VOLUMEN,,,,,,False,unidad_raw=LITRO | seccion=SECCION TAPICERIA MANO DE OBRA= | precio_unitario_raw=17000.0 | total_raw=8500.0
4775,56,44,11.0,FORMULA,,,,,,False,unidad_raw=ROLLO | seccion=SECCION TAPICERIA MANO DE OBRA= | precio_unitario_raw=500.0 | total_raw=5500.0
4776,56,184,1.0,FIJO,,,,,,False,unidad_raw=CAMA | seccion=SECCION TAPICERIA MANO DE OBRA= | precio_unitario_raw=210000.0 | total_raw=210000.0
4777,57,254,505.0,FORMULA,,,,,,False,unidad_raw=APAMATE | seccion=EBANISTA WILMER MANO DE OBRA= | precio_unitario_raw=140.0 | total_raw=70700.0
4778,57,270,1.0,AREA,,,,,,False,unidad_raw=LAMINA | seccion=EBANISTA WILMER MANO DE OBRA= | precio_unitario_raw=68000.0 | total_raw=68000.0
4779,57,221,0.5,AREA,,,,,,False,unidad_raw=LAMINA | seccion=EBANISTA WILMER MANO DE OBRA= | precio_unitario_raw=220000.0 | total_raw=110000.0
4780,57,49,1.5,VOLUMEN,,,,,,False,unidad_raw=LITRO | seccion=EBANISTA WILMER MANO DE OBRA= | precio_unitario_raw=14000.0 | total_raw=21000.0
4781,57,180,0.5,ESPACIADO,,,,,,False,unidad_raw=CAJA | seccion=EBANISTA WILMER MANO DE OBRA= | precio_unitario_raw=12000.0 | total_raw=6000.0
4782,57,166,1.0,FIJO,,,,,,False,unidad_raw=PAR | seccion=EBANISTA WILMER MANO DE OBRA= | precio_unitario_raw=20000.0 | total_raw=20000.0
4783,57,155,5.0,FORMULA,,,,,,False,unidad_raw=TIRAS | seccion=EBANISTA WILMER MANO DE OBRA= | precio_unitario_raw=1000.0 | total_raw=5000.0
4784,57,427,4.0,ESPACIADO,,,,,,False,unidad_raw=UNIDAD | seccion=EBANISTA WILMER MANO DE OBRA= | precio_unitario_raw=1000.0 | total_raw=4000.0
4785,57,423,100.0,ESPACIADO,,,,,,False,unidad_raw=Unidad | seccion=EBANISTA WILMER MANO DE OBRA= | precio_unitario_raw=100.0 | total_raw=10000.0
4786,57,92,1.0,FORMULA,,,,,,False,seccion=EBANISTA WILMER MANO DE OBRA= | total_raw=315000.0
4787,57,171,1.0,FORMULA,,,,,,False,seccion=EBANISTA WILMER MANO DE OBRA= | total_raw=62970.0
4788,57,72,1.0,FIJO,,,,,,False,unidad_raw=PAR | seccion=EBANISTA WILMER MANO DE OBRA= | total_raw=0.0
4789,57,184,1.0,FIJO,,,,,,False,unidad_raw=PAR | seccion=EBANISTA WILMER MANO DE OBRA= | total_raw=0.0
4790,57,423,1.0,FIJO,,,,,,False,unidad_raw=Unidad | seccion=EBANISTA WILMER MANO DE OBRA= | total_raw=0.0
4791,57,286,2.0,FORMULA,,,,,,False,unidad_raw=LUIS ALFONSO | seccion=EBANISTA WILMER MANO DE OBRA= | precio_unitario_raw=250000.0 | total_raw=500000.0
4792,57,349,1.0,FORMULA,,,,,DOS NOCHERO,False,seccion=SECCION PINTURA Y PREPARADA DOS NOCHERO
4793,57,331,2.0,FORMULA,,,,,,False,unidad_raw=CON EL 5% | seccion=SECCION PINTURA Y PREPARADA DOS NOCHERO | precio_unitario_raw=36750.0 | total_raw=73500.0
4794,57,310,2.0,FORMULA,,,,,,False,unidad_raw=CON EL 5% | seccion=SECCION PINTURA Y PREPARADA DOS NOCHERO | precio_unitario_raw=36750.0 | total_raw=73500.0
4795,57,356,4.0,VOLUMEN,,,,,,False,unidad_raw=PISTOLADAS | seccion=SECCION PINTURA Y PREPARADA DOS NOCHERO | precio_unitario_raw=18000.0 | total_raw=72000.0
4796,57,246,0.5,FORMULA,,,,,,False,unidad_raw=unidades | seccion=SECCION PINTURA Y PREPARADA DOS NOCHERO | precio_unitario_raw=2000.0 | total_raw=1000.0
4797,57,251,0.5,FORMULA,,,,,,False,unidad_raw=unidades | seccion=SECCION PINTURA Y PREPARADA DOS NOCHERO | precio_unitario_raw=4000.0 | total_raw=2000.0
4798,57,245,1.0,FIJO,,,,,,False,unidad_raw=unidades | seccion=SECCION PINTURA Y PREPARADA DOS NOCHERO | precio_unitario_raw=2000.0 | total_raw=2000.0
4799,57,59,2.0,VOLUMEN,,,,,,False,unidad_raw=PISTOLADA | seccion=SECCION PINTURA Y PREPARADA DOS NOCHERO | precio_unitario_raw=22000.0 | total_raw=44000.0
4800,57,169,0.3,LINEAL,,,,,,False,unidad_raw=ML | seccion=SECCION PINTURA Y PREPARADA DOS NOCHERO | precio_unitario_raw=5000.0 | total_raw=1500.0
4801,57,341,0.5,VOLUMEN,,,,,,False,unidad_raw=LITRO | seccion=SECCION PINTURA Y PREPARADA DOS NOCHERO | precio_unitario_raw=20000.0 | total_raw=10000.0
4802,57,203,2.0,VOLUMEN,,,,,,False,unidad_raw=PISTOLADA | seccion=SECCION PINTURA Y PREPARADA DOS NOCHERO | precio_unitario_raw=23000.0 | total_raw=46000.0
4803,57,174,1.0,FORMULA,,,,,,False,seccion=SECCION PINTURA Y PREPARADA DOS NOCHERO | total_raw=32550.0
4804,57,349,1.0,FORMULA,,,,,PATAS,False,seccion=SECCION PINTURA Y PREPARADA PATAS
4805,57,331,6.0,FORMULA,,,,,,False,unidad_raw=CON EL 5% | seccion=SECCION PINTURA Y PREPARADA PATAS | precio_unitario_raw=1050.0 | total_raw=6300.0
4806,57,310,6.0,FORMULA,,,,,,False,unidad_raw=CON EL 5% | seccion=SECCION PINTURA Y PREPARADA PATAS | precio_unitario_raw=2100.0 | total_raw=12600.0
4807,57,356,0.3,VOLUMEN,,,,,,False,unidad_raw=PISTOLADAS | seccion=SECCION PINTURA Y PREPARADA PATAS | precio_unitario_raw=18000.0 | total_raw=5400.0
4808,57,251,0.5,FORMULA,,,,,,False,unidad_raw=unidades | seccion=SECCION PINTURA Y PREPARADA PATAS | precio_unitario_raw=2000.0 | total_raw=1000.0
4809,57,245,0.5,FORMULA,,,,,,False,unidad_raw=unidad | seccion=SECCION PINTURA Y PREPARADA PATAS | precio_unitario_raw=2000.0 | total_raw=1000.0
4810,57,205,0.3,VOLUMEN,,,,,,False,unidad_raw=GALON | seccion=SECCION PINTURA Y PREPARADA PATAS | precio_unitario_raw=23000.0 | total_raw=6900.0
4811,57,50,0.3,VOLUMEN,,,,,,False,unidad_raw=PISTOLADA | seccion=SECCION PINTURA Y PREPARADA PATAS | precio_unitario_raw=22000.0 | total_raw=6600.0
4812,57,341,0.5,VOLUMEN,,,,,,False,unidad_raw=LITRO | seccion=SECCION PINTURA Y PREPARADA PATAS | precio_unitario_raw=23000.0 | total_raw=11500.0
4813,57,174,1.0,FORMULA,,,,,,False,seccion=SECCION PINTURA Y PREPARADA PATAS | total_raw=5130.0
4814,57,349,1.0,FORMULA,,,,,TENDIDOS,False,seccion=SECCION PINTURA Y PREPARADA TENDIDOS
4815,57,318,2.0,FORMULA,,,,,,False,unidad_raw=CON EL 5% | seccion=SECCION PINTURA Y PREPARADA TENDIDOS | precio_unitario_raw=6300.0 | total_raw=12600.0
4816,57,66,0.5,VOLUMEN,,,,,,False,unidad_raw=PISTOLADAS | seccion=SECCION PINTURA Y PREPARADA TENDIDOS | precio_unitario_raw=22000.0 | total_raw=11000.0
4817,57,174,1.0,FORMULA,,,,,,False,seccion=SECCION PINTURA Y PREPARADA TENDIDOS | total_raw=2360.0
4818,57,406,1.0,FORMULA,,,,,,False,unidad_raw=UNIDAD | seccion=SECCION TERMINACION | precio_unitario_raw=10500.0 | total_raw=0.0
4819,57,70,1.0,FIJO,,,,,,False,unidad_raw=unidades | seccion=SECCION TERMINACION | precio_unitario_raw=8000.0 | total_raw=0.0
4820,57,95,1.0,FIJO,,,,,,False,unidad_raw=unidades | seccion=SECCION TERMINACION | precio_unitario_raw=100000.0 | total_raw=100000.0
4821,57,352,1.0,FORMULA,,,,,,False,seccion=SECCION TERMINACION | total_raw=0.0
4822,57,257,639.0,FORMULA,,,,,,False,unidad_raw=APAMATE | seccion=SECCION TERMINACION | precio_unitario_raw=140.0 | total_raw=89460.0
4823,57,304,4.2,LINEAL,,,,,,False,unidad_raw=METROS | seccion=SECCION TERMINACION | precio_unitario_raw=3500.0 | total_raw=14700.0
4824,57,180,0.5,ESPACIADO,,,,,,False,unidad_raw=CAJA | seccion=SECCION TERMINACION | precio_unitario_raw=12000.0 | total_raw=6000.0
4825,57,274,1.0,AREA,,,,,,False,unidad_raw=LAMINA | seccion=SECCION TERMINACION | precio_unitario_raw=140000.0 | total_raw=140000.0
4826,57,423,40.0,ESPACIADO,,,,,,False,unidad_raw=UNIDAD | seccion=SECCION TERMINACION | precio_unitario_raw=100.0 | total_raw=4000.0
4827,57,33,3.0,ESPACIADO,,,,,,False,unidad_raw=TIRA | seccion=SECCION TERMINACION | precio_unitario_raw=1000.0 | total_raw=3000.0
4828,57,184,1.0,FIJO,,,,,,False,unidad_raw=UNIDAD | seccion=SECCION TERMINACION | precio_unitario_raw=63000.0 | total_raw=63000.0
4829,57,350,1.0,FORMULA,,,,,,False,unidad_raw=MANO DE OBRA= TATI | seccion=SECCION TAPICERIA MANO DE OBRA= TATI
4830,57,376,12.0,AREA,,,,,,False,unidad_raw=METROS | seccion=SECCION TAPICERIA MANO DE OBRA= TATI | precio_unitario_raw=18000.0 | total_raw=216000.0
4831,57,114,0.5,AREA,,,,,,False,unidad_raw=LAMINA | seccion=SECCION TAPICERIA MANO DE OBRA= TATI | precio_unitario_raw=8000.0 | total_raw=4000.0
4832,57,180,0.5,ESPACIADO,,,,,,False,unidad_raw=CAJA DE GRAPAS | seccion=SECCION TAPICERIA MANO DE OBRA= TATI | precio_unitario_raw=12000.0 | total_raw=6000.0
4833,57,342,9.0,LINEAL,,,,,,False,unidad_raw=METROS | seccion=SECCION TAPICERIA MANO DE OBRA= TATI | precio_unitario_raw=1000.0 | total_raw=9000.0
4834,57,129,3.0,AREA,,,,,,False,unidad_raw=UNIDADES | seccion=SECCION TAPICERIA MANO DE OBRA= TATI | precio_unitario_raw=30000.0 | total_raw=90000.0
4835,57,116,1.5,AREA,,,,,,False,unidad_raw=LAMINA | seccion=SECCION TAPICERIA MANO DE OBRA= TATI | precio_unitario_raw=48000.0 | total_raw=72000.0
4836,57,87,4.0,AREA,,,,,,False,unidad_raw=METROS | seccion=SECCION TAPICERIA MANO DE OBRA= TATI | precio_unitario_raw=4000.0 | total_raw=16000.0
4837,57,181,4.0,FORMULA,,,,,,False,unidad_raw=UNIDAD | seccion=SECCION TAPICERIA MANO DE OBRA= TATI | precio_unitario_raw=19000.0 | total_raw=76000.0
4838,57,27,18.0,FORMULA,,,,,,False,unidad_raw=UNIDAD | seccion=SECCION TAPICERIA MANO DE OBRA= TATI | precio_unitario_raw=100.0 | total_raw=1800.0
4839,57,44,6.0,LINEAL,,,,,,False,unidad_raw=METRO | seccion=SECCION TAPICERIA MANO DE OBRA= TATI | precio_unitario_raw=500.0 | total_raw=3000.0
4840,57,359,1.0,VOLUMEN,,,,,,False,unidad_raw=LITRO | seccion=SECCION TAPICERIA MANO DE OBRA= TATI | precio_unitario_raw=19000.0 | total_raw=19000.0
4841,57,184,1.0,FIJO,,,,,,False,unidad_raw=CAMA | seccion=SECCION TAPICERIA MANO DE OBRA= TATI | precio_unitario_raw=210000.0 | total_raw=210000.0
4842,58,254,932.0,LINEAL,,,,,,False,unidad_raw=CMS | precio_unitario_raw=140.0 | total_raw=130480.0
4843,58,218,1.5,FORMULA,,,,,,False,unidad_raw=LAMINA | precio_unitario_raw=140000.0 | total_raw=210000.0
4844,58,215,2.0,AREA,,,,,,False,unidad_raw=LAMINA | precio_unitario_raw=140000.0 | total_raw=280000.0
4845,58,207,0.5,AREA,,,,,,False,unidad_raw=LAMINA | precio_unitario_raw=220000.0 | total_raw=110000.0
4846,58,363,1.0,FIJO,,,,,,False,"unidad_raw=30*31*2,5 | precio_unitario_raw=46500.0 | total_raw=46500.0"
4847,58,212,2.0,AREA,,,,,,False,unidad_raw=LAMINA | precio_unitario_raw=68000.0 | total_raw=136000.0
4848,58,49,1.0,VOLUMEN,,,,,,False,unidad_raw=litros | precio_unitario_raw=14000.0 | total_raw=14000.0
4849,58,166,1.0,FIJO,,,,,,False,unidad_raw=PAR | precio_unitario_raw=20000.0 | total_raw=20000.0
4850,58,180,0.5,ESPACIADO,,,,,,False,unidad_raw=CAJAS | precio_unitario_raw=12000.0 | total_raw=6000.0
4851,58,38,6.0,ESPACIADO,,,,,,False,unidad_raw=TIRA | precio_unitario_raw=1000.0 | total_raw=6000.0
4852,58,423,80.0,ESPACIADO,,,,,,False,unidad_raw=Unidad | precio_unitario_raw=100.0 | total_raw=8000.0
4853,58,159,1.0,FORMULA,,,,,,False,total_raw=315000.0
4854,58,171,1.0,FORMULA,,,,,,False,total_raw=128198.0
4855,58,348,1.0,FORMULA,,,,,2 CABACEROS Y 6 PATAS,False,seccion=SECCION PINTURA 2 CABACEROS Y 6 PATAS
4856,58,329,1.0,FIJO,,,,,,False,unidad_raw=CON EL 5% | seccion=SECCION PINTURA 2 CABACEROS Y 6 PATAS | precio_unitario_raw=31500.0 | total_raw=31500.0
4857,58,312,1.0,FIJO,,,,,,False,unidad_raw=CON EL 5% | seccion=SECCION PINTURA 2 CABACEROS Y 6 PATAS | precio_unitario_raw=21000.0 | total_raw=21000.0
4858,58,332,6.0,FORMULA,,,,,,False,unidad_raw=CON EL 5% | seccion=SECCION PINTURA 2 CABACEROS Y 6 PATAS | precio_unitario_raw=1050.0 | total_raw=6300.0
4859,58,317,6.0,FORMULA,,,,,,False,unidad_raw=CON EL 5% | seccion=SECCION PINTURA 2 CABACEROS Y 6 PATAS | precio_unitario_raw=2100.0 | total_raw=12600.0
4860,58,356,2.0,VOLUMEN,,,,,,False,unidad_raw=PISTOLADAS | seccion=SECCION PINTURA 2 CABACEROS Y 6 PATAS | precio_unitario_raw=18000.0 | total_raw=36000.0
4861,58,242,1.0,FIJO,,,,,,False,unidad_raw=unidad | seccion=SECCION PINTURA 2 CABACEROS Y 6 PATAS | precio_unitario_raw=2000.0 | total_raw=2000.0
4862,58,248,1.0,FIJO,,,,,,False,unidad_raw=UNIDAD | seccion=SECCION PINTURA 2 CABACEROS Y 6 PATAS | precio_unitario_raw=2000.0 | total_raw=2000.0
4863,58,242,0.5,FORMULA,,,,,,False,unidad_raw=unidades | seccion=SECCION PINTURA 2 CABACEROS Y 6 PATAS | precio_unitario_raw=2000.0 | total_raw=1000.0
4864,58,61,6.0,VOLUMEN,,,,,,False,unidad_raw=PISTOLADA | seccion=SECCION PINTURA 2 CABACEROS Y 6 PATAS | precio_unitario_raw=23000.0 | total_raw=138000.0
4865,58,341,1.0,VOLUMEN,,,,,,False,unidad_raw=LITRO | seccion=SECCION PINTURA 2 CABACEROS Y 6 PATAS | precio_unitario_raw=10000.0 | total_raw=10000.0
4866,58,200,3.0,VOLUMEN,,,,,,False,unidad_raw=PISTOLADA | seccion=SECCION PINTURA 2 CABACEROS Y 6 PATAS | precio_unitario_raw=23000.0 | total_raw=69000.0
4867,58,174,1.0,FORMULA,,,,,,False,seccion=SECCION PINTURA 2 CABACEROS Y 6 PATAS | total_raw=32940.0
4868,58,347,1.0,FORMULA,,,,,NOCHEROS EN CRUDO,False,seccion=SECCION EBANISTERIA NOCHEROS EN CRUDO
4869,58,254,225.0,FORMULA,,,,,,False,seccion=SECCION EBANISTERIA NOCHEROS EN CRUDO | precio_unitario_raw=140.0 | total_raw=31500.0
4870,58,218,0.17,FORMULA,,,,,,False,"unidad_raw=PEDASO DE 1.20 X 0,40 | seccion=SECCION EBANISTERIA NOCHEROS EN CRUDO | precio_unitario_raw=140000.0 | total_raw=23800.0"
4871,58,215,0.27,AREA,,,,,,False,"unidad_raw=4 PEDASOS DE 38X0,45 | seccion=SECCION EBANISTERIA NOCHEROS EN CRUDO | precio_unitario_raw=140000.0 | total_raw=37800.0"
4872,58,209,0.34,AREA,,,,,,False,"unidad_raw=1 PEDAZO DE 2,7X 1,83 | seccion=SECCION EBANISTERIA NOCHEROS EN CRUDO | precio_unitario_raw=68000.0 | total_raw=23120.0"
4873,58,207,0.2,AREA,,,,,,False,"unidad_raw=1 PEDASO DE 15X0,80X1,83 | seccion=SECCION EBANISTERIA NOCHEROS EN CRUDO | precio_unitario_raw=220000.0 | total_raw=44000.0"
4874,58,49,0.3,VOLUMEN,,,,,,False,unidad_raw=litros | seccion=SECCION EBANISTERIA NOCHEROS EN CRUDO | precio_unitario_raw=14000.0 | total_raw=4200.0
4875,58,180,0.5,ESPACIADO,,,,,,False,unidad_raw=CAJAS | seccion=SECCION EBANISTERIA NOCHEROS EN CRUDO | precio_unitario_raw=12000.0 | total_raw=6000.0
4876,58,38,8.0,ESPACIADO,,,,,,False,unidad_raw=TIRA | seccion=SECCION EBANISTERIA NOCHEROS EN CRUDO | precio_unitario_raw=1000.0 | total_raw=8000.0
4877,58,423,30.0,ESPACIADO,,,,,,False,unidad_raw=Unidad | seccion=SECCION EBANISTERIA NOCHEROS EN CRUDO | precio_unitario_raw=100.0 | total_raw=3000.0
4878,58,72,4.0,FORMULA,,,,,,False,unidad_raw=PARES | seccion=SECCION EBANISTERIA NOCHEROS EN CRUDO | precio_unitario_raw=10000.0 | total_raw=40000.0
4879,58,74,1.0,FIJO,,,,,,False,unidad_raw=PAR | seccion=SECCION EBANISTERIA NOCHEROS EN CRUDO | precio_unitario_raw=18000.0 | total_raw=18000.0
4880,58,260,1.0,FORMULA,,,,,,False,seccion=SECCION EBANISTERIA NOCHEROS EN CRUDO | total_raw=210000.0
4881,58,171,1.0,FORMULA,,,,,,False,seccion=SECCION EBANISTERIA NOCHEROS EN CRUDO | total_raw=44942.0
4882,58,348,1.0,FORMULA,,,,,NOCHEROS,False,seccion=SECCION PINTURA NOCHEROS
4883,58,327,2.0,FORMULA,,,,,,False,unidad_raw=CON EL 5% | seccion=SECCION PINTURA NOCHEROS | precio_unitario_raw=36750.0 | total_raw=73500.0
4884,58,308,2.0,FORMULA,,,,,,False,unidad_raw=CON EL 5% | seccion=SECCION PINTURA NOCHEROS | precio_unitario_raw=36750.0 | total_raw=73500.0
4885,58,356,4.0,VOLUMEN,,,,,,False,unidad_raw=PISTOLADAS | seccion=SECCION PINTURA NOCHEROS | precio_unitario_raw=18000.0 | total_raw=72000.0
4886,58,246,1.0,FIJO,,,,,,False,unidad_raw=unidad | seccion=SECCION PINTURA NOCHEROS | precio_unitario_raw=2000.0 | total_raw=2000.0
4887,58,251,1.0,FIJO,,,,,,False,unidad_raw=unidad | seccion=SECCION PINTURA NOCHEROS | precio_unitario_raw=2000.0 | total_raw=2000.0
4888,58,245,1.0,FIJO,,,,,,False,unidad_raw=unidades | seccion=SECCION PINTURA NOCHEROS | precio_unitario_raw=2000.0 | total_raw=2000.0
4889,58,61,1.5,VOLUMEN,,,,,,False,unidad_raw=PISTOLADA | seccion=SECCION PINTURA NOCHEROS | precio_unitario_raw=23000.0 | total_raw=34500.0
4890,58,60,0.5,VOLUMEN,,,,,,False,unidad_raw=galon | seccion=SECCION PINTURA NOCHEROS | precio_unitario_raw=23000.0 | total_raw=11500.0
4891,58,169,0.5,VOLUMEN,,,,,,False,unidad_raw=LITRO | seccion=SECCION PINTURA NOCHEROS | precio_unitario_raw=5000.0 | total_raw=2500.0
4892,58,341,0.5,VOLUMEN,,,,,,False,unidad_raw=LITRO | seccion=SECCION PINTURA NOCHEROS | precio_unitario_raw=10000.0 | total_raw=5000.0
4893,58,200,2.0,VOLUMEN,,,,,,False,unidad_raw=PISTOLADA | seccion=SECCION PINTURA NOCHEROS | precio_unitario_raw=22000.0 | total_raw=44000.0
4894,58,174,1.0,FORMULA,,,,,,False,seccion=SECCION PINTURA NOCHEROS | total_raw=32250.0
4895,58,358,1.0,FIJO,,,,,,False,unidad_raw=MANO DE OBRA | seccion=SECCION TERMINACION | precio_unitario_raw=73500.0 | total_raw=73500.0
4896,58,343,1.0,FIJO,,,,,,False,unidad_raw=ROLLO | seccion=SECCION TERMINACION | precio_unitario_raw=45000.0 | total_raw=45000.0
4897,58,5,1.0,FIJO,,,,,,False,unidad_raw=unidades | seccion=SECCION TERMINACION | precio_unitario_raw=2000.0 | total_raw=2000.0
4898,58,14,7.0,LINEAL,,,,,,False,unidad_raw=METROS | seccion=SECCION TERMINACION | precio_unitario_raw=1500.0 | total_raw=10500.0
4899,58,404,1.0,FIJO,,,,,,False,unidad_raw=unidades | seccion=SECCION TERMINACION | precio_unitario_raw=260000.0 | total_raw=260000.0
4900,58,95,1.0,FIJO,,,,,,False,unidad_raw=unidades | seccion=SECCION TERMINACION | precio_unitario_raw=100000.0 | total_raw=100000.0
4901,58,254,639.0,LINEAL,,,,,,False,unidad_raw=CMS | seccion=SECCION TENDIDO | precio_unitario_raw=140.0 | total_raw=89460.0
4902,58,233,1.0,AREA,,,,,,False,unidad_raw=LAMINA | seccion=SECCION TENDIDO | precio_unitario_raw=140000.0 | total_raw=140000.0
4903,58,423,40.0,ESPACIADO,,,,,,False,unidad_raw=UNIDAD | seccion=SECCION TENDIDO | precio_unitario_raw=100.0 | total_raw=4000.0
4904,58,36,3.0,ESPACIADO,,,,,,False,unidad_raw=TIRAS | seccion=SECCION TENDIDO | precio_unitario_raw=1000.0 | total_raw=3000.0
4905,58,306,4.2,LINEAL,,,,,,False,unidad_raw=METROS | seccion=SECCION TENDIDO | precio_unitario_raw=4000.0 | total_raw=16800.0
4906,58,180,0.5,ESPACIADO,,,,,,False,unidad_raw=CAJA DE GRAPAS | seccion=SECCION TENDIDO | precio_unitario_raw=12000.0 | total_raw=6000.0
4907,58,184,1.0,FIJO,,,,,,False,unidad_raw=*5% | seccion=SECCION TENDIDO | precio_unitario_raw=63000.0 | total_raw=63000.0
4908,58,322,1.0,FIJO,,,,,,False,unidad_raw=PEOPLE | seccion=SECCION TENDIDO | precio_unitario_raw=10500.0 | total_raw=10500.0
4909,58,379,8.0,AREA,,,,,,False,unidad_raw=METROS | seccion=SECCION TAPICERIA | precio_unitario_raw=25000.0 | total_raw=200000.0
4910,58,135,2.5,AREA,,,,,,False,unidad_raw=LAMINAS | seccion=SECCION TAPICERIA | precio_unitario_raw=30000.0 | total_raw=75000.0
4911,58,180,0.5,ESPACIADO,,,,,,False,unidad_raw=CAJA DE GRAPAS | seccion=SECCION TAPICERIA | precio_unitario_raw=12000.0 | total_raw=6000.0
4912,58,151,1.5,AREA,,,,,,False,unidad_raw=LAMINA | seccion=SECCION TAPICERIA | precio_unitario_raw=48000.0 | total_raw=72000.0
4913,58,420,100.0,ESPACIADO,,,,,,False,unidad_raw=UNIDAD 0 | seccion=SECCION TAPICERIA | precio_unitario_raw=100.0 | total_raw=10000.0
4914,58,195,1.0,FIJO,,,,,,False,unidad_raw=UNIIDAD | seccion=SECCION TAPICERIA | precio_unitario_raw=25000.0 | total_raw=25000.0
4915,58,359,1.0,VOLUMEN,,,,,,False,unidad_raw=LITRO | seccion=SECCION TAPICERIA | precio_unitario_raw=14000.0 | total_raw=14000.0
4916,58,184,1.0,FIJO,,,,,,False,unidad_raw=TATI | seccion=SECCION TAPICERIA | precio_unitario_raw=210000.0 | total_raw=210000.0
4917,59,254,400.0,FORMULA,,,,,,False,unidad_raw=APAMATE | precio_unitario_raw=140.0 | total_raw=56000.0
4918,59,267,0.25,AREA,,,,,,False,unidad_raw=LAMINA | precio_unitario_raw=220000.0 | total_raw=55000.0
4919,59,226,1.25,AREA,,,,,,False,unidad_raw=LAMINA | precio_unitario_raw=65000.0 | total_raw=81250.0
4920,59,232,0.75,AREA,,,,,,False,unidad_raw=Unidad | precio_unitario_raw=140000.0 | total_raw=105000.0
4921,59,363,0.5,FORMULA,,,,,,False,"unidad_raw=2,60*22*2,5 | precio_unitario_raw=28600.0 | total_raw=14300.0"
4922,59,49,1.5,VOLUMEN,,,,,,False,unidad_raw=LITROS | precio_unitario_raw=14000.0 | total_raw=21000.0
4923,59,180,0.5,ESPACIADO,,,,,,False,unidad_raw=CAJA DE GRAPAS | precio_unitario_raw=12000.0 | total_raw=6000.0
4924,59,38,8.0,ESPACIADO,,,,,,False,unidad_raw=TIRA | precio_unitario_raw=1000.0 | total_raw=8000.0
4925,59,423,100.0,ESPACIADO,,,,,,False,unidad_raw=Unidad | precio_unitario_raw=100.0 | total_raw=10000.0
4926,59,92,1.0,FORMULA,,,,,,False,total_raw=315000.0
4927,59,171,1.0,FORMULA,,,,,,False,total_raw=67155.0
4928,59,70,4.0,FORMULA,,,,,,False,unidad_raw=UNIDADES | precio_unitario_raw=10000.0 | total_raw=40000.0
4929,59,349,1.0,FORMULA,,,,,DOS NOCHERO,False,seccion=SECCION PINTURA Y PREPARADA DOS NOCHERO
4930,59,331,2.0,FORMULA,,,,,,False,unidad_raw=CON EL 5% | seccion=SECCION PINTURA Y PREPARADA DOS NOCHERO | precio_unitario_raw=36750.0 | total_raw=73500.0
4931,59,310,2.0,FORMULA,,,,,,False,unidad_raw=CON EL 5% | seccion=SECCION PINTURA Y PREPARADA DOS NOCHERO | precio_unitario_raw=36750.0 | total_raw=73500.0
4932,59,356,4.0,VOLUMEN,,,,,,False,unidad_raw=PISTOLADAS | seccion=SECCION PINTURA Y PREPARADA DOS NOCHERO | precio_unitario_raw=18000.0 | total_raw=72000.0
4933,59,246,0.5,FORMULA,,,,,,False,unidad_raw=unidades | seccion=SECCION PINTURA Y PREPARADA DOS NOCHERO | precio_unitario_raw=2000.0 | total_raw=1000.0
4934,59,251,0.5,FORMULA,,,,,,False,unidad_raw=unidades | seccion=SECCION PINTURA Y PREPARADA DOS NOCHERO | precio_unitario_raw=4000.0 | total_raw=2000.0
4935,59,245,1.0,FIJO,,,,,,False,unidad_raw=unidades | seccion=SECCION PINTURA Y PREPARADA DOS NOCHERO | precio_unitario_raw=2000.0 | total_raw=2000.0
4936,59,59,2.0,VOLUMEN,,,,,,False,unidad_raw=PISTOLADA | seccion=SECCION PINTURA Y PREPARADA DOS NOCHERO | precio_unitario_raw=22000.0 | total_raw=44000.0
4937,59,169,0.3,LINEAL,,,,,,False,unidad_raw=ML | seccion=SECCION PINTURA Y PREPARADA DOS NOCHERO | precio_unitario_raw=5000.0 | total_raw=1500.0
4938,59,341,0.5,VOLUMEN,,,,,,False,unidad_raw=LITRO | seccion=SECCION PINTURA Y PREPARADA DOS NOCHERO | precio_unitario_raw=20000.0 | total_raw=10000.0
4939,59,203,2.0,VOLUMEN,,,,,,False,unidad_raw=PISTOLADA | seccion=SECCION PINTURA Y PREPARADA DOS NOCHERO | precio_unitario_raw=23000.0 | total_raw=46000.0
4940,59,174,1.0,FORMULA,,,,,,False,seccion=SECCION PINTURA Y PREPARADA DOS NOCHERO | total_raw=32550.0
4941,59,349,1.0,FORMULA,,,,,PATAS,False,seccion=SECCION PINTURA Y PREPARADA PATAS
4942,59,331,6.0,FORMULA,,,,,,False,unidad_raw=CON EL 5% | seccion=SECCION PINTURA Y PREPARADA PATAS | precio_unitario_raw=1050.0 | total_raw=6300.0
4943,59,310,6.0,FORMULA,,,,,,False,unidad_raw=CON EL 5% | seccion=SECCION PINTURA Y PREPARADA PATAS | precio_unitario_raw=2100.0 | total_raw=12600.0
4944,59,356,0.3,VOLUMEN,,,,,,False,unidad_raw=PISTOLADAS | seccion=SECCION PINTURA Y PREPARADA PATAS | precio_unitario_raw=18000.0 | total_raw=5400.0
4945,59,251,0.5,FORMULA,,,,,,False,unidad_raw=unidades | seccion=SECCION PINTURA Y PREPARADA PATAS | precio_unitario_raw=2000.0 | total_raw=1000.0
4946,59,245,0.5,FORMULA,,,,,,False,unidad_raw=unidad | seccion=SECCION PINTURA Y PREPARADA PATAS | precio_unitario_raw=2000.0 | total_raw=1000.0
4947,59,205,0.3,VOLUMEN,,,,,,False,unidad_raw=GALON | seccion=SECCION PINTURA Y PREPARADA PATAS | precio_unitario_raw=23000.0 | total_raw=6900.0
4948,59,64,0.3,VOLUMEN,,,,,,False,unidad_raw=PISTOLADA | seccion=SECCION PINTURA Y PREPARADA PATAS | precio_unitario_raw=22000.0 | total_raw=6600.0
4949,59,341,0.5,VOLUMEN,,,,,,False,unidad_raw=LITRO | seccion=SECCION PINTURA Y PREPARADA PATAS | precio_unitario_raw=23000.0 | total_raw=11500.0
4950,59,174,1.0,FORMULA,,,,,,False,seccion=SECCION PINTURA Y PREPARADA PATAS | total_raw=5130.0
4951,59,45,1.0,FORMULA,,,,,,False,unidad_raw=2X7X5+1X7X5=105 | seccion=SECCION TERMINACION | precio_unitario_raw=35000.0 | total_raw=0.0
4952,59,282,1.0,FORMULA,,,,,,False,unidad_raw=PAR | seccion=SECCION TERMINACION | precio_unitario_raw=6000.0 | total_raw=0.0
4953,59,293,1.0,FIJO,,,,,,False,unidad_raw=unidades | seccion=SECCION TERMINACION | precio_unitario_raw=11000.0 | total_raw=0.0
4954,59,410,1.0,FIJO,,,,,,False,unidad_raw=unidades | seccion=SECCION TERMINACION | precio_unitario_raw=100.0 | total_raw=0.0
4955,59,95,1.0,FIJO,,,,,,False,unidad_raw=unidades | seccion=SECCION TERMINACION | precio_unitario_raw=150000.0 | total_raw=150000.0
4956,59,352,1.0,FORMULA,,,,,,False,seccion=SECCION TERMINACION | total_raw=0.0
4957,59,254,639.0,FORMULA,,,,,,False,unidad_raw=APAMATE | seccion=SECCION TERMINACION | precio_unitario_raw=140.0 | total_raw=89460.0
4958,59,304,4.2,LINEAL,,,,,,False,unidad_raw=METROS | seccion=SECCION TERMINACION | precio_unitario_raw=3500.0 | total_raw=14700.0
4959,59,180,0.5,ESPACIADO,,,,,,False,unidad_raw=CAJA | seccion=SECCION TERMINACION | precio_unitario_raw=12000.0 | total_raw=6000.0
4960,59,274,1.0,AREA,,,,,,False,unidad_raw=LAMINA | seccion=SECCION TERMINACION | precio_unitario_raw=140000.0 | total_raw=140000.0
4961,59,423,40.0,ESPACIADO,,,,,,False,unidad_raw=UNIDAD | seccion=SECCION TERMINACION | precio_unitario_raw=100.0 | total_raw=4000.0
4962,59,33,3.0,ESPACIADO,,,,,,False,unidad_raw=TIRA | seccion=SECCION TERMINACION | precio_unitario_raw=1000.0 | total_raw=3000.0
4963,59,184,1.0,FIJO,,,,,,False,unidad_raw=UNIDAD | seccion=SECCION TERMINACION | precio_unitario_raw=63000.0 | total_raw=63000.0
4964,59,349,1.0,FORMULA,,,,,TENDIDOS,False,seccion=SECCION PINTURA Y PREPARADA TENDIDOS
4965,59,318,2.0,FORMULA,,,,,,False,unidad_raw=CON EL 5% | seccion=SECCION PINTURA Y PREPARADA TENDIDOS | precio_unitario_raw=6300.0 | total_raw=12600.0
4966,59,66,0.5,VOLUMEN,,,,,,False,unidad_raw=PISTOLADAS | seccion=SECCION PINTURA Y PREPARADA TENDIDOS | precio_unitario_raw=22000.0 | total_raw=11000.0
4967,59,174,1.0,FORMULA,,,,,,False,seccion=SECCION PINTURA Y PREPARADA TENDIDOS | total_raw=2360.0
4968,59,396,13.0,AREA,,,,,,False,unidad_raw=METROS | seccion=SECCION TAPICERIA | precio_unitario_raw=39060.0 | total_raw=507780.0
4969,59,134,2.5,AREA,,,,,,False,unidad_raw=LAMINA | seccion=SECCION TAPICERIA | precio_unitario_raw=30000.0 | total_raw=75000.0
4970,59,144,1.5,AREA,,,,,,False,unidad_raw=LAMINA | seccion=SECCION TAPICERIA | precio_unitario_raw=48000.0 | total_raw=72000.0
4971,59,138,0.5,AREA,,,,,,False,unidad_raw=LAMINA | seccion=SECCION TAPICERIA | precio_unitario_raw=8000.0 | total_raw=4000.0
4972,59,180,0.5,ESPACIADO,,,,,,False,unidad_raw=CAJA | seccion=SECCION TAPICERIA | precio_unitario_raw=12000.0 | total_raw=6000.0
4973,59,359,1.5,VOLUMEN,,,,,,False,unidad_raw=LITRO | seccion=SECCION TAPICERIA | precio_unitario_raw=17000.0 | total_raw=25500.0
4974,59,31,1.0,LINEAL,,,,,,False,unidad_raw=METRO | seccion=SECCION TAPICERIA | precio_unitario_raw=1000.0 | total_raw=1000.0
4975,59,87,2.0,AREA,,,,,,False,unidad_raw=METROS | seccion=SECCION TAPICERIA | precio_unitario_raw=3000.0 | total_raw=6000.0
4976,59,183,0.5,LINEAL,,,,,,False,unidad_raw=MTS | seccion=SECCION TAPICERIA | precio_unitario_raw=15000.0 | total_raw=7500.0
4977,59,184,1.0,FIJO,,,,,,False,seccion=SECCION TAPICERIA | precio_unitario_raw=210000.0 | total_raw=210000.0
4978,60,254,1.0,FORMULA,,,,,,False,unidad_raw=CMS | precio_unitario_raw=140.0 | total_raw=0.0
4979,60,218,1.0,FORMULA,,,,,,False,unidad_raw=LAMINA | precio_unitario_raw=140000.0 | total_raw=0.0
4980,60,215,1.0,FORMULA,,,,,,False,unidad_raw=LAMINA | precio_unitario_raw=29114.0 | total_raw=0.0
4981,60,212,1.0,FORMULA,,,,,,False,unidad_raw=LAMINA | precio_unitario_raw=65000.0 | total_raw=0.0
4982,60,49,1.0,FORMULA,,,,,,False,unidad_raw=litros | precio_unitario_raw=14000.0 | total_raw=0.0
4983,60,166,1.0,FIJO,,,,,,False,unidad_raw=PAR | precio_unitario_raw=20000.0 | total_raw=0.0
4984,60,180,1.0,FIJO,,,,,,False,unidad_raw=CAJAS | precio_unitario_raw=12000.0 | total_raw=0.0
4985,60,38,1.0,FIJO,,,,,,False,unidad_raw=TIRA | precio_unitario_raw=1000.0 | total_raw=0.0
4986,60,423,1.0,FIJO,,,,,,False,unidad_raw=Unidad | precio_unitario_raw=100.0 | total_raw=0.0
4987,60,158,1.0,FORMULA,,,,,,False,total_raw=1200000.0
4988,60,348,1.0,FORMULA,,,,,CAMA,False,seccion=SECCION PINTURA CAMA
4989,60,330,1.0,FIJO,,,,,,False,unidad_raw=CON EL 5% | seccion=SECCION PINTURA CAMA | precio_unitario_raw=73000.0 | total_raw=73000.0
4990,60,313,1.0,FIJO,,,,,,False,unidad_raw=CON EL 5% | seccion=SECCION PINTURA CAMA | precio_unitario_raw=63000.0 | total_raw=63000.0
4991,60,327,1.0,FORMULA,,,,,,False,unidad_raw=CON EL 5% | seccion=SECCION PINTURA CAMA | precio_unitario_raw=9450.0 | total_raw=0.0
4992,60,308,1.0,FORMULA,,,,,,False,unidad_raw=CON EL 5% | seccion=SECCION PINTURA CAMA | precio_unitario_raw=12600.0 | total_raw=0.0
4993,60,356,2.0,VOLUMEN,,,,,,False,unidad_raw=PISTOLADAS | seccion=SECCION PINTURA CAMA | precio_unitario_raw=18000.0 | total_raw=36000.0
4994,60,242,2.0,FORMULA,,,,,,False,unidad_raw=unidad | seccion=SECCION PINTURA CAMA | precio_unitario_raw=2000.0 | total_raw=4000.0
4995,60,248,1.0,FORMULA,,,,,,False,unidad_raw=UNIDAD | seccion=SECCION PINTURA CAMA | precio_unitario_raw=2000.0 | total_raw=0.0
4996,60,63,1.0,FORMULA,,,,,,False,unidad_raw=PISTOLADA | seccion=SECCION PINTURA CAMA | precio_unitario_raw=23000.0 | total_raw=0.0
4997,60,67,3.5,VOLUMEN,,,,,,False,unidad_raw=PISTOLADA | seccion=SECCION PINTURA CAMA | precio_unitario_raw=22000.0 | total_raw=77000.0
4998,60,341,1.0,VOLUMEN,,,,,,False,unidad_raw=LITRO | seccion=SECCION PINTURA CAMA | precio_unitario_raw=10000.0 | total_raw=10000.0
4999,60,200,3.0,VOLUMEN,,,,,,False,unidad_raw=PISTOLADA | seccion=SECCION PINTURA CAMA | precio_unitario_raw=23000.0 | total_raw=69000.0
5000,60,174,1.0,FORMULA,,,,,,False,seccion=SECCION PINTURA CAMA | total_raw=33200.0
5001,60,70,1.0,FIJO,,,,,,False,unidad_raw=UNIDADES | seccion=SECCION PINTURA CAMA | precio_unitario_raw=10000.0 | total_raw=0.0
5002,60,348,1.0,FORMULA,,,,,NOCHEROS,False,seccion=SECCION PINTURA NOCHEROS
5003,60,327,1.0,FIJO,,,,,,False,unidad_raw=CON EL 5% | seccion=SECCION PINTURA NOCHEROS | precio_unitario_raw=36750.0 | total_raw=36750.0
5004,60,308,1.0,FIJO,,,,,,False,unidad_raw=CON EL 5% | seccion=SECCION PINTURA NOCHEROS | precio_unitario_raw=36750.0 | total_raw=36750.0
5005,60,356,1.0,VOLUMEN,,,,,,False,unidad_raw=PISTOLADAS | seccion=SECCION PINTURA NOCHEROS | precio_unitario_raw=18000.0 | total_raw=18000.0
5006,60,251,0.5,FORMULA,,,,,,False,unidad_raw=unidad | seccion=SECCION PINTURA NOCHEROS | precio_unitario_raw=2000.0 | total_raw=1000.0
5007,60,245,1.0,FIJO,,,,,,False,unidad_raw=unidades | seccion=SECCION PINTURA NOCHEROS | precio_unitario_raw=2000.0 | total_raw=2000.0
5008,60,62,1.5,VOLUMEN,,,,,,False,unidad_raw=PISTOLADAS | seccion=SECCION PINTURA NOCHEROS | precio_unitario_raw=22000.0 | total_raw=33000.0
5009,60,63,1.5,VOLUMEN,,,,,,False,unidad_raw=PISTOLADA | seccion=SECCION PINTURA NOCHEROS | precio_unitario_raw=23000.0 | total_raw=34500.0
5010,60,341,0.3,VOLUMEN,,,,,,False,unidad_raw=LITRO | seccion=SECCION PINTURA NOCHEROS | precio_unitario_raw=10000.0 | total_raw=3000.0
5011,60,200,1.0,VOLUMEN,,,,,,False,unidad_raw=PISTOLADAS | seccion=SECCION PINTURA NOCHEROS | precio_unitario_raw=23000.0 | total_raw=23000.0
5012,60,174,1.0,FORMULA,,,,,,False,seccion=SECCION PINTURA NOCHEROS | total_raw=18800.0
5013,60,88,1.0,FORMULA,,,,,,False,unidad_raw=MANO DE OBRA | seccion=SECCION TERMINACION | precio_unitario_raw=73500.0 | total_raw=0.0
5014,60,102,1.0,FORMULA,,,,,,False,unidad_raw=50*80 | seccion=SECCION TERMINACION | precio_unitario_raw=45000.0 | total_raw=0.0
5015,60,5,1.0,FORMULA,,,,,,False,unidad_raw=unidades | seccion=SECCION TERMINACION | precio_unitario_raw=2000.0 | total_raw=0.0
5016,60,14,1.0,FORMULA,,,,,,False,unidad_raw=METROS | seccion=SECCION TERMINACION | precio_unitario_raw=1500.0 | total_raw=0.0
5017,60,404,1.0,FORMULA,,,,,,False,unidad_raw=unidades | seccion=SECCION TERMINACION | precio_unitario_raw=260000.0 | total_raw=0.0
5018,60,95,1.0,FIJO,,,,,,False,unidad_raw=unidades | seccion=SECCION TERMINACION | precio_unitario_raw=100000.0 | total_raw=100000.0
5019,60,254,693.0,LINEAL,,,,,,False,unidad_raw=CMS | seccion=SECCION TENDIDO | precio_unitario_raw=140.0 | total_raw=97020.0
5020,60,225,1.0,FORMULA,,,,,,False,unidad_raw=LAMINA | seccion=SECCION TENDIDO | precio_unitario_raw=65000.0 | total_raw=0.0
5021,60,49,0.5,VOLUMEN,,,,,,False,unidad_raw=LITRO | seccion=SECCION TENDIDO | precio_unitario_raw=14000.0 | total_raw=7000.0
5022,60,36,3.0,ESPACIADO,,,,,,False,unidad_raw=TIRAS | seccion=SECCION TENDIDO | precio_unitario_raw=1000.0 | total_raw=3000.0
5023,60,258,1.0,FORMULA,,,,,,False,unidad_raw=METROS | seccion=SECCION TENDIDO | precio_unitario_raw=10000.0 | total_raw=0.0
5024,60,180,0.1,ESPACIADO,,,,,,False,unidad_raw=CAJA DE GRAPAS | seccion=SECCION TENDIDO | precio_unitario_raw=12000.0 | total_raw=1200.0
5025,60,185,1.0,FIJO,,,,,,False,unidad_raw=*5% | seccion=SECCION TENDIDO | precio_unitario_raw=42000.0 | total_raw=0.0
5026,60,191,1.0,FIJO,,,,,,False,unidad_raw=*5% | seccion=SECCION TENDIDO | precio_unitario_raw=52500.0 | total_raw=52500.0
5027,60,322,1.0,FIJO,,,,,,False,unidad_raw=PEOPLE | seccion=SECCION TENDIDO | precio_unitario_raw=10500.0 | total_raw=10500.0
5028,60,258,2.0,FORMULA,,,,,,False,unidad_raw=UNIDADES | seccion=SECCION TERMINACION | precio_unitario_raw=10000.0 | total_raw=20000.0
5029,60,135,1.0,FORMULA,,,,,,False,unidad_raw=LAMINAS | seccion=SECCION TERMINACION | precio_unitario_raw=30000.0 | total_raw=0.0
5030,60,428,1.0,LINEAL,,,,,,False,unidad_raw=METRO | seccion=SECCION TERMINACION | precio_unitario_raw=125000.0 | total_raw=125000.0
5031,60,180,1.0,FIJO,,,,,,False,unidad_raw=CAJA | seccion=SECCION TERMINACION | precio_unitario_raw=12000.0 | total_raw=0.0
5032,60,420,1.0,FIJO,,,,,,False,unidad_raw=UNIDAD 0 | seccion=SECCION TERMINACION | precio_unitario_raw=100.0 | total_raw=0.0
5033,60,195,1.0,FORMULA,,,,,,False,unidad_raw=UNIIDAD | seccion=SECCION TERMINACION | precio_unitario_raw=25000.0 | total_raw=0.0
5034,60,359,1.0,FORMULA,,,,,,False,unidad_raw=LITRO | seccion=SECCION TERMINACION | precio_unitario_raw=17000.0 | total_raw=0.0
5035,60,26,1.0,FORMULA,,,,,,False,unidad_raw=UNIDAD | seccion=SECCION TERMINACION | precio_unitario_raw=6000.0 | total_raw=0.0
5036,60,184,1.0,FIJO,,,,,,False,unidad_raw=TATI | seccion=SECCION TERMINACION | precio_unitario_raw=210000.0 | total_raw=0.0
5037,61,254,1384.0,LINEAL,,,,,,False,unidad_raw=CMS | precio_unitario_raw=140.0 | total_raw=193760.0
5038,61,218,1.0,FIJO,,,,,,False,unidad_raw=LAMINA | precio_unitario_raw=140000.0 | total_raw=140000.0
5039,61,215,1.0,FORMULA,,,,,,False,unidad_raw=LAMINA | precio_unitario_raw=130000.0 | total_raw=0.0
5040,61,212,1.0,FORMULA,,,,,,False,unidad_raw=LAMINA | precio_unitario_raw=65000.0 | total_raw=0.0
5041,61,365,1.0,FIJO,,,,,,False,unidad_raw=3*31*25 | precio_unitario_raw=50000.0 | total_raw=50000.0
5042,61,49,1.0,VOLUMEN,,,,,,False,unidad_raw=litros | precio_unitario_raw=14000.0 | total_raw=14000.0
5043,61,166,1.0,FIJO,,,,,,False,unidad_raw=PAR | precio_unitario_raw=20000.0 | total_raw=20000.0
5044,61,180,0.25,ESPACIADO,,,,,,False,unidad_raw=CAJAS | precio_unitario_raw=12000.0 | total_raw=3000.0
5045,61,38,7.0,ESPACIADO,,,,,,False,unidad_raw=TIRA | precio_unitario_raw=1000.0 | total_raw=7000.0
5046,61,423,80.0,ESPACIADO,,,,,,False,unidad_raw=Unidad | precio_unitario_raw=100.0 | total_raw=8000.0
5047,61,162,1.0,FORMULA,,,,,,False,total_raw=324000.0
5048,61,171,1.0,FORMULA,,,,,,False,total_raw=75976.0
5049,61,348,1.0,FORMULA,,,,,CAMA,False,seccion=SECCION PINTURA CAMA
5050,61,330,0.5,FORMULA,,,,,,False,unidad_raw=CON EL 5% | seccion=SECCION PINTURA CAMA | precio_unitario_raw=73500.0 | total_raw=36750.0
5051,61,313,0.5,FORMULA,,,,,,False,unidad_raw=CON EL 5% | seccion=SECCION PINTURA CAMA | precio_unitario_raw=63000.0 | total_raw=31500.0
5052,61,328,1.0,FORMULA,,,,,,False,unidad_raw=CON EL 5% | seccion=SECCION PINTURA CAMA | precio_unitario_raw=9450.0 | total_raw=0.0
5053,61,311,1.0,FORMULA,,,,,,False,unidad_raw=CON EL 5% | seccion=SECCION PINTURA CAMA | precio_unitario_raw=12600.0 | total_raw=0.0
5054,61,356,1.5,VOLUMEN,,,,,,False,unidad_raw=PISTOLADAS | seccion=SECCION PINTURA CAMA | precio_unitario_raw=18000.0 | total_raw=27000.0
5055,61,242,2.0,FORMULA,,,,,,False,unidad_raw=unidad | seccion=SECCION PINTURA CAMA | precio_unitario_raw=2000.0 | total_raw=4000.0
5056,61,248,1.0,FORMULA,,,,,,False,unidad_raw=UNIDAD | seccion=SECCION PINTURA CAMA | precio_unitario_raw=2000.0 | total_raw=0.0
5057,61,63,1.5,VOLUMEN,,,,,,False,unidad_raw=PISTOLADA | seccion=SECCION PINTURA CAMA | precio_unitario_raw=23000.0 | total_raw=34500.0
5058,61,50,1.0,FORMULA,,,,,,False,unidad_raw=PISTOLADA | seccion=SECCION PINTURA CAMA | precio_unitario_raw=22000.0 | total_raw=0.0
5059,61,341,1.0,VOLUMEN,,,,,,False,unidad_raw=LITRO | seccion=SECCION PINTURA CAMA | precio_unitario_raw=10000.0 | total_raw=10000.0
5060,61,200,1.5,VOLUMEN,,,,,,False,unidad_raw=PISTOLADA | seccion=SECCION PINTURA CAMA | precio_unitario_raw=23000.0 | total_raw=34500.0
5061,61,174,1.0,FORMULA,,,,,,False,seccion=SECCION PINTURA CAMA | total_raw=17825.0
5062,61,70,1.0,FIJO,,,,,,False,unidad_raw=UNIDADES | seccion=SECCION PINTURA CAMA | precio_unitario_raw=30000.0 | total_raw=0.0
5063,61,348,1.0,FORMULA,,,,,NOCHEROS,False,seccion=SECCION PINTURA NOCHEROS
5064,61,327,1.0,FIJO,,,,,,False,unidad_raw=CON EL 5% | seccion=SECCION PINTURA NOCHEROS | precio_unitario_raw=36750.0 | total_raw=36750.0
5065,61,308,1.0,FIJO,,,,,,False,unidad_raw=CON EL 5% | seccion=SECCION PINTURA NOCHEROS | precio_unitario_raw=36750.0 | total_raw=36750.0
5066,61,356,1.0,VOLUMEN,,,,,,False,unidad_raw=PISTOLADAS | seccion=SECCION PINTURA NOCHEROS | precio_unitario_raw=18000.0 | total_raw=18000.0
5067,61,251,1.0,FIJO,,,,,,False,unidad_raw=unidad | seccion=SECCION PINTURA NOCHEROS | precio_unitario_raw=2000.0 | total_raw=2000.0
5068,61,245,1.0,FIJO,,,,,,False,unidad_raw=unidades | seccion=SECCION PINTURA NOCHEROS | precio_unitario_raw=2000.0 | total_raw=2000.0
5069,61,54,1.0,VOLUMEN,,,,,,False,unidad_raw=PISTOLADAS | seccion=SECCION PINTURA NOCHEROS | precio_unitario_raw=22000.0 | total_raw=22000.0
5070,61,63,1.0,FORMULA,,,,,,False,unidad_raw=PISTOLADA | seccion=SECCION PINTURA NOCHEROS | precio_unitario_raw=23000.0 | total_raw=0.0
5071,61,341,1.0,VOLUMEN,,,,,,False,unidad_raw=LITRO | seccion=SECCION PINTURA NOCHEROS | precio_unitario_raw=10000.0 | total_raw=10000.0
5072,61,200,1.0,VOLUMEN,,,,,,False,unidad_raw=PISTOLADAS | seccion=SECCION PINTURA NOCHEROS | precio_unitario_raw=23000.0 | total_raw=23000.0
5073,61,174,1.0,FORMULA,,,,,,False,seccion=SECCION PINTURA NOCHEROS | total_raw=15050.0
5074,61,259,2.0,FORMULA,,,,,,False,unidad_raw=UNIDAD | seccion=SECCION TERMINACION | precio_unitario_raw=10000.0 | total_raw=20000.0
5075,61,410,4.0,ESPACIADO,,,,,,False,unidad_raw=UNIDAD | seccion=SECCION TERMINACION | precio_unitario_raw=100.0 | total_raw=400.0
5076,61,345,1.0,FORMULA,,,,,,False,unidad_raw=unidades | seccion=SECCION TERMINACION | precio_unitario_raw=250000.0 | total_raw=0.0
5077,61,13,1.0,FIJO,,,,,,False,unidad_raw=UNIDAD | seccion=SECCION TERMINACION | precio_unitario_raw=295200.0 | total_raw=295200.0
5078,61,404,1.0,FORMULA,,,,,,False,unidad_raw=unidades | seccion=SECCION TERMINACION | precio_unitario_raw=260000.0 | total_raw=0.0
5079,61,95,1.0,FIJO,,,,,,False,unidad_raw=unidades | seccion=SECCION TERMINACION | precio_unitario_raw=100000.0 | total_raw=100000.0
5080,61,254,800.0,LINEAL,,,,,,False,unidad_raw=CMS | seccion=SECCION TENDIDO | precio_unitario_raw=140.0 | total_raw=112000.0
5081,61,235,0.5,AREA,,,,,,False,unidad_raw=LAMINA | seccion=SECCION TENDIDO | precio_unitario_raw=140000.0 | total_raw=70000.0
5082,61,49,0.3,VOLUMEN,,,,,,False,unidad_raw=LITRO | seccion=SECCION TENDIDO | precio_unitario_raw=14000.0 | total_raw=4200.0
5083,61,36,3.0,ESPACIADO,,,,,,False,unidad_raw=TIRAS | seccion=SECCION TENDIDO | precio_unitario_raw=1000.0 | total_raw=3000.0
5084,61,306,3.2,LINEAL,,,,,,False,unidad_raw=METROS | seccion=SECCION TENDIDO | precio_unitario_raw=4000.0 | total_raw=12800.0
5085,61,410,40.0,ESPACIADO,,,,,,False,unidad_raw=UNIDAD | seccion=SECCION TENDIDO | precio_unitario_raw=100.0 | total_raw=4000.0
5086,61,185,1.0,FIJO,,,,,,False,unidad_raw=*5% | seccion=SECCION TENDIDO | precio_unitario_raw=42000.0 | total_raw=0.0
5087,61,191,1.0,FIJO,,,,,,False,unidad_raw=*5% | seccion=SECCION TENDIDO | precio_unitario_raw=54000.0 | total_raw=54000.0
5088,61,322,1.0,FIJO,,,,,,False,unidad_raw=PEOPLE | seccion=SECCION TENDIDO | precio_unitario_raw=10500.0 | total_raw=10500.0
5089,61,370,4.0,AREA,,,,,,False,unidad_raw=METROS | seccion=SECCION TAPICERIA | precio_unitario_raw=30000.0 | total_raw=120000.0
5090,61,135,1.0,FORMULA,,,,,,False,unidad_raw=LAMINAS | seccion=SECCION TAPICERIA | precio_unitario_raw=30000.0 | total_raw=0.0
5091,61,142,1.0,AREA,,,,,,False,unidad_raw=LAMINA | seccion=SECCION TAPICERIA | precio_unitario_raw=48000.0 | total_raw=48000.0
5092,61,87,2.0,AREA,,,,,,False,unidad_raw=METRO | seccion=SECCION TAPICERIA | precio_unitario_raw=3500.0 | total_raw=7000.0
5093,61,180,0.5,ESPACIADO,,,,,,False,unidad_raw=CAJA | seccion=SECCION TAPICERIA | precio_unitario_raw=12000.0 | total_raw=6000.0
5094,61,420,1.0,FIJO,,,,,,False,unidad_raw=UNIDAD 0 | seccion=SECCION TAPICERIA | precio_unitario_raw=100.0 | total_raw=0.0
5095,61,48,3.0,FORMULA,,,,,,False,unidad_raw=UNIIDAD | seccion=SECCION TAPICERIA | precio_unitario_raw=1000.0 | total_raw=3000.0
5096,61,359,0.5,VOLUMEN,,,,,,False,unidad_raw=LITRO | seccion=SECCION TAPICERIA | precio_unitario_raw=19000.0 | total_raw=9500.0
5097,61,422,1.0,FIJO,,,,,,False,unidad_raw=UNIDAD | seccion=SECCION TAPICERIA | precio_unitario_raw=100.0 | total_raw=0.0
5098,61,184,1.0,FIJO,,,,,,False,unidad_raw=TATI | seccion=SECCION TAPICERIA | precio_unitario_raw=157500.0 | total_raw=157500.0
5099,62,254,1384.0,LINEAL,,,,,,False,unidad_raw=CMS | precio_unitario_raw=140.0 | total_raw=193760.0
5100,62,218,0.5,FORMULA,,,,,,False,unidad_raw=LAMINA | precio_unitario_raw=140000.0 | total_raw=70000.0
5101,62,215,2.0,AREA,,,,,,False,unidad_raw=LAMINA | precio_unitario_raw=130000.0 | total_raw=260000.0
5102,62,212,1.0,FORMULA,,,,,,False,unidad_raw=LAMINA | precio_unitario_raw=65000.0 | total_raw=0.0
5103,62,365,1.0,FIJO,,,,,,False,unidad_raw=3*31*25 | precio_unitario_raw=50000.0 | total_raw=50000.0
5104,62,49,1.0,VOLUMEN,,,,,,False,unidad_raw=litros | precio_unitario_raw=14000.0 | total_raw=14000.0
5105,62,166,1.0,FIJO,,,,,,False,unidad_raw=PAR | precio_unitario_raw=20000.0 | total_raw=20000.0
5106,62,180,0.25,ESPACIADO,,,,,,False,unidad_raw=CAJAS | precio_unitario_raw=12000.0 | total_raw=3000.0
5107,62,38,7.0,ESPACIADO,,,,,,False,unidad_raw=TIRA | precio_unitario_raw=1000.0 | total_raw=7000.0
5108,62,423,80.0,ESPACIADO,,,,,,False,unidad_raw=Unidad | precio_unitario_raw=100.0 | total_raw=8000.0
5109,62,162,1.0,FORMULA,,,,,,False,total_raw=432000.0
5110,62,171,1.0,FORMULA,,,,,,False,total_raw=105776.0
5111,62,348,1.0,FORMULA,,,,,CAMA,False,seccion=SECCION PINTURA CAMA
5112,62,330,1.0,FIJO,,,,,,False,unidad_raw=CON EL 5% | seccion=SECCION PINTURA CAMA | precio_unitario_raw=73500.0 | total_raw=73500.0
5113,62,313,1.0,FIJO,,,,,,False,unidad_raw=CON EL 5% | seccion=SECCION PINTURA CAMA | precio_unitario_raw=63000.0 | total_raw=63000.0
5114,62,328,1.0,FORMULA,,,,,,False,unidad_raw=CON EL 5% | seccion=SECCION PINTURA CAMA | precio_unitario_raw=9450.0 | total_raw=0.0
5115,62,311,1.0,FORMULA,,,,,,False,unidad_raw=CON EL 5% | seccion=SECCION PINTURA CAMA | precio_unitario_raw=12600.0 | total_raw=0.0
5116,62,356,3.0,VOLUMEN,,,,,,False,unidad_raw=PISTOLADAS | seccion=SECCION PINTURA CAMA | precio_unitario_raw=18000.0 | total_raw=54000.0
5117,62,242,4.0,FORMULA,,,,,,False,unidad_raw=unidad | seccion=SECCION PINTURA CAMA | precio_unitario_raw=2000.0 | total_raw=8000.0
5118,62,248,1.0,FORMULA,,,,,,False,unidad_raw=UNIDAD | seccion=SECCION PINTURA CAMA | precio_unitario_raw=2000.0 | total_raw=0.0
5119,62,52,3.0,VOLUMEN,,,,,,False,unidad_raw=PISTOLADA | seccion=SECCION PINTURA CAMA | precio_unitario_raw=23000.0 | total_raw=69000.0
5120,62,50,1.0,FORMULA,,,,,,False,unidad_raw=PISTOLADA | seccion=SECCION PINTURA CAMA | precio_unitario_raw=22000.0 | total_raw=0.0
5121,62,341,1.0,VOLUMEN,,,,,,False,unidad_raw=LITRO | seccion=SECCION PINTURA CAMA | precio_unitario_raw=10000.0 | total_raw=10000.0
5122,62,200,3.0,VOLUMEN,,,,,,False,unidad_raw=PISTOLADA | seccion=SECCION PINTURA CAMA | precio_unitario_raw=23000.0 | total_raw=69000.0
5123,62,174,1.0,FORMULA,,,,,,False,seccion=SECCION PINTURA CAMA | total_raw=34650.0
5124,62,70,1.0,FIJO,,,,,,False,unidad_raw=UNIDADES | seccion=SECCION PINTURA CAMA | precio_unitario_raw=30000.0 | total_raw=0.0
5125,62,348,1.0,FORMULA,,,,,NOCHEROS,False,seccion=SECCION PINTURA NOCHEROS
5126,62,327,2.0,FORMULA,,,,,,False,unidad_raw=CON EL 5% | seccion=SECCION PINTURA NOCHEROS | precio_unitario_raw=36750.0 | total_raw=73500.0
5127,62,308,2.0,FORMULA,,,,,,False,unidad_raw=CON EL 5% | seccion=SECCION PINTURA NOCHEROS | precio_unitario_raw=36750.0 | total_raw=73500.0
5128,62,356,2.0,VOLUMEN,,,,,,False,unidad_raw=PISTOLADAS | seccion=SECCION PINTURA NOCHEROS | precio_unitario_raw=18000.0 | total_raw=36000.0
5129,62,251,1.0,FIJO,,,,,,False,unidad_raw=unidad | seccion=SECCION PINTURA NOCHEROS | precio_unitario_raw=2000.0 | total_raw=2000.0
5130,62,245,1.0,FIJO,,,,,,False,unidad_raw=unidades | seccion=SECCION PINTURA NOCHEROS | precio_unitario_raw=2000.0 | total_raw=2000.0
5131,62,54,2.0,VOLUMEN,,,,,,False,unidad_raw=PISTOLADAS | seccion=SECCION PINTURA NOCHEROS | precio_unitario_raw=22000.0 | total_raw=44000.0
5132,62,63,1.0,FORMULA,,,,,,False,unidad_raw=PISTOLADA | seccion=SECCION PINTURA NOCHEROS | precio_unitario_raw=23000.0 | total_raw=0.0
5133,62,341,1.0,VOLUMEN,,,,,,False,unidad_raw=LITRO | seccion=SECCION PINTURA NOCHEROS | precio_unitario_raw=10000.0 | total_raw=10000.0
5134,62,200,2.0,VOLUMEN,,,,,,False,unidad_raw=PISTOLADAS | seccion=SECCION PINTURA NOCHEROS | precio_unitario_raw=23000.0 | total_raw=46000.0
5135,62,174,1.0,FORMULA,,,,,,False,seccion=SECCION PINTURA NOCHEROS | total_raw=28700.0
5136,62,336,1.0,FORMULA,,,,,,False,"unidad_raw=TIRASDE 51X1,21 | seccion=SECCION TERMINACION | precio_unitario_raw=50000.0 | total_raw=0.0"
5137,62,102,1.0,FORMULA,,,,,,False,unidad_raw=TIRAS DE 1.20 X 1 | seccion=SECCION TERMINACION | precio_unitario_raw=12000.0 | total_raw=0.0
5138,62,345,1.0,FORMULA,,,,,,False,unidad_raw=unidades | seccion=SECCION TERMINACION | precio_unitario_raw=250000.0 | total_raw=0.0
5139,62,14,1.0,FORMULA,,,,,,False,unidad_raw=METROS | seccion=SECCION TERMINACION | precio_unitario_raw=1500.0 | total_raw=0.0
5140,62,404,1.0,FORMULA,,,,,,False,unidad_raw=unidades | seccion=SECCION TERMINACION | precio_unitario_raw=260000.0 | total_raw=0.0
5141,62,95,1.0,FIJO,,,,,,False,unidad_raw=unidades | seccion=SECCION TERMINACION | precio_unitario_raw=100000.0 | total_raw=100000.0
5142,62,254,840.0,LINEAL,,,,,,False,unidad_raw=CMS | seccion=SECCION TENDIDO | precio_unitario_raw=140.0 | total_raw=117600.0
5143,62,235,1.0,AREA,,,,,,False,unidad_raw=LAMINA | seccion=SECCION TENDIDO | precio_unitario_raw=140000.0 | total_raw=140000.0
5144,62,49,0.3,VOLUMEN,,,,,,False,unidad_raw=LITRO | seccion=SECCION TENDIDO | precio_unitario_raw=14000.0 | total_raw=4200.0
5145,62,36,3.0,ESPACIADO,,,,,,False,unidad_raw=TIRAS | seccion=SECCION TENDIDO | precio_unitario_raw=1000.0 | total_raw=3000.0
5146,62,306,3.2,LINEAL,,,,,,False,unidad_raw=METROS | seccion=SECCION TENDIDO | precio_unitario_raw=4000.0 | total_raw=12800.0
5147,62,410,40.0,ESPACIADO,,,,,,False,unidad_raw=UNIDAD | seccion=SECCION TENDIDO | precio_unitario_raw=100.0 | total_raw=4000.0
5148,62,185,1.0,FIJO,,,,,,False,unidad_raw=*5% | seccion=SECCION TENDIDO | precio_unitario_raw=42000.0 | total_raw=0.0
5149,62,191,1.0,FIJO,,,,,,False,unidad_raw=*5% | seccion=SECCION TENDIDO | precio_unitario_raw=54000.0 | total_raw=54000.0
5150,62,322,1.0,FIJO,,,,,,False,unidad_raw=PEOPLE | seccion=SECCION TENDIDO | precio_unitario_raw=10500.0 | total_raw=10500.0
5151,62,370,1.0,FORMULA,,,,,,False,unidad_raw=METROS | seccion=SECCION TAPICERIA | precio_unitario_raw=32000.0 | total_raw=0.0
5152,62,135,1.0,FORMULA,,,,,,False,unidad_raw=LAMINAS | seccion=SECCION TAPICERIA | precio_unitario_raw=30000.0 | total_raw=0.0
5153,62,87,1.0,FORMULA,,,,,,False,unidad_raw=METRO | seccion=SECCION TAPICERIA | precio_unitario_raw=3500.0 | total_raw=0.0
5154,62,180,1.0,FIJO,,,,,,False,unidad_raw=CAJA | seccion=SECCION TAPICERIA | precio_unitario_raw=12000.0 | total_raw=0.0
5155,62,420,1.0,FIJO,,,,,,False,unidad_raw=UNIDAD 0 | seccion=SECCION TAPICERIA | precio_unitario_raw=100.0 | total_raw=0.0
5156,62,195,1.0,FORMULA,,,,,,False,unidad_raw=UNIIDAD | seccion=SECCION TAPICERIA | precio_unitario_raw=25000.0 | total_raw=0.0
5157,62,359,1.0,FORMULA,,,,,,False,unidad_raw=LITRO | seccion=SECCION TAPICERIA | precio_unitario_raw=19000.0 | total_raw=0.0
5158,62,422,1.0,FIJO,,,,,,False,unidad_raw=UNIDAD | seccion=SECCION TAPICERIA | precio_unitario_raw=100.0 | total_raw=0.0
5159,62,184,1.0,FIJO,,,,,,False,unidad_raw=TATI | seccion=SECCION TAPICERIA | precio_unitario_raw=210000.0 | total_raw=0.0
5160,63,254,1384.0,LINEAL,,,,,,False,unidad_raw=CMS | precio_unitario_raw=140.0 | total_raw=193760.0
5161,63,218,0.5,FORMULA,,,,,,False,unidad_raw=LAMINA | precio_unitario_raw=140000.0 | total_raw=70000.0
5162,63,215,2.0,AREA,,,,,,False,unidad_raw=LAMINA | precio_unitario_raw=130000.0 | total_raw=260000.0
5163,63,212,3.0,AREA,,,,,,False,unidad_raw=LAMINA | precio_unitario_raw=65000.0 | total_raw=195000.0
5164,63,365,1.0,FIJO,,,,,,False,unidad_raw=3*31*25 | precio_unitario_raw=50000.0 | total_raw=50000.0
5165,63,49,1.0,VOLUMEN,,,,,,False,unidad_raw=litros | precio_unitario_raw=14000.0 | total_raw=14000.0
5166,63,166,1.0,FIJO,,,,,,False,unidad_raw=PAR | precio_unitario_raw=20000.0 | total_raw=20000.0
5167,63,180,0.25,ESPACIADO,,,,,,False,unidad_raw=CAJAS | precio_unitario_raw=12000.0 | total_raw=3000.0
5168,63,38,7.0,ESPACIADO,,,,,,False,unidad_raw=TIRA | precio_unitario_raw=1000.0 | total_raw=7000.0
5169,63,423,80.0,ESPACIADO,,,,,,False,unidad_raw=Unidad | precio_unitario_raw=100.0 | total_raw=8000.0
5170,63,162,1.0,FORMULA,,,,,,False,total_raw=432000.0
5171,63,171,1.0,FORMULA,,,,,,False,total_raw=125276.0
5172,63,348,1.0,FORMULA,,,,,CAMA,False,seccion=SECCION PINTURA CAMA
5173,63,330,1.0,FIJO,,,,,,False,unidad_raw=CON EL 5% | seccion=SECCION PINTURA CAMA | precio_unitario_raw=36750.0 | total_raw=36750.0
5174,63,313,1.0,FIJO,,,,,,False,unidad_raw=CON EL 5% | seccion=SECCION PINTURA CAMA | precio_unitario_raw=31500.0 | total_raw=31500.0
5175,63,328,1.0,FORMULA,,,,,,False,unidad_raw=CON EL 5% | seccion=SECCION PINTURA CAMA | precio_unitario_raw=9450.0 | total_raw=0.0
5176,63,311,1.0,FORMULA,,,,,,False,unidad_raw=CON EL 5% | seccion=SECCION PINTURA CAMA | precio_unitario_raw=12600.0 | total_raw=0.0
5177,63,356,2.5,VOLUMEN,,,,,,False,unidad_raw=PISTOLADAS | seccion=SECCION PINTURA CAMA | precio_unitario_raw=18000.0 | total_raw=45000.0
5178,63,242,3.0,FORMULA,,,,,,False,unidad_raw=unidad | seccion=SECCION PINTURA CAMA | precio_unitario_raw=2000.0 | total_raw=6000.0
5179,63,248,1.0,FORMULA,,,,,,False,unidad_raw=UNIDAD | seccion=SECCION PINTURA CAMA | precio_unitario_raw=2000.0 | total_raw=0.0
5180,63,59,3.0,VOLUMEN,,,,,,False,unidad_raw=PISTOLADA | seccion=SECCION PINTURA CAMA | precio_unitario_raw=23000.0 | total_raw=69000.0
5181,63,50,3.0,VOLUMEN,,,,,,False,unidad_raw=PISTOLADA | seccion=SECCION PINTURA CAMA | precio_unitario_raw=22000.0 | total_raw=66000.0
5182,63,341,1.0,VOLUMEN,,,,,,False,unidad_raw=LITRO | seccion=SECCION PINTURA CAMA | precio_unitario_raw=10000.0 | total_raw=10000.0
5183,63,200,1.0,VOLUMEN,,,,,,False,unidad_raw=PISTOLADA | seccion=SECCION PINTURA CAMA | precio_unitario_raw=23000.0 | total_raw=23000.0
5184,63,174,1.0,FORMULA,,,,,,False,seccion=SECCION PINTURA CAMA | total_raw=28725.0
5185,63,70,2.0,FORMULA,,,,,,False,unidad_raw=UNIDADES | seccion=SECCION PINTURA CAMA | precio_unitario_raw=30000.0 | total_raw=60000.0
5186,63,348,1.0,FORMULA,,,,,NOCHEROS,False,seccion=SECCION PINTURA NOCHEROS
5187,63,327,2.0,FORMULA,,,,,,False,unidad_raw=CON EL 5% | seccion=SECCION PINTURA NOCHEROS | precio_unitario_raw=36750.0 | total_raw=73500.0
5188,63,308,2.0,FORMULA,,,,,,False,unidad_raw=CON EL 5% | seccion=SECCION PINTURA NOCHEROS | precio_unitario_raw=36750.0 | total_raw=73500.0
5189,63,356,2.0,VOLUMEN,,,,,,False,unidad_raw=PISTOLADAS | seccion=SECCION PINTURA NOCHEROS | precio_unitario_raw=18000.0 | total_raw=36000.0
5190,63,251,1.0,FIJO,,,,,,False,unidad_raw=unidad | seccion=SECCION PINTURA NOCHEROS | precio_unitario_raw=2000.0 | total_raw=2000.0
5191,63,245,1.0,FIJO,,,,,,False,unidad_raw=unidades | seccion=SECCION PINTURA NOCHEROS | precio_unitario_raw=2000.0 | total_raw=2000.0
5192,63,54,2.0,VOLUMEN,,,,,,False,unidad_raw=PISTOLADAS | seccion=SECCION PINTURA NOCHEROS | precio_unitario_raw=22000.0 | total_raw=44000.0
5193,63,63,1.0,FORMULA,,,,,,False,unidad_raw=PISTOLADA | seccion=SECCION PINTURA NOCHEROS | precio_unitario_raw=23000.0 | total_raw=0.0
5194,63,341,1.0,VOLUMEN,,,,,,False,unidad_raw=LITRO | seccion=SECCION PINTURA NOCHEROS | precio_unitario_raw=10000.0 | total_raw=10000.0
5195,63,200,2.0,VOLUMEN,,,,,,False,unidad_raw=PISTOLADAS | seccion=SECCION PINTURA NOCHEROS | precio_unitario_raw=23000.0 | total_raw=46000.0
5196,63,174,1.0,FORMULA,,,,,,False,seccion=SECCION PINTURA NOCHEROS | total_raw=28700.0
5197,63,336,2.0,FORMULA,,,,,,False,"unidad_raw=TIRASDE 51X1,21 | seccion=SECCION TERMINACION | precio_unitario_raw=50000.0 | total_raw=100000.0"
5198,63,102,10.0,FORMULA,,,,,,False,unidad_raw=TIRAS DE 1.20 X 1 | seccion=SECCION TERMINACION | precio_unitario_raw=12000.0 | total_raw=120000.0
5199,63,345,1.0,FIJO,,,,,,False,unidad_raw=unidades | seccion=SECCION TERMINACION | precio_unitario_raw=250000.0 | total_raw=250000.0
5200,63,14,1.0,FORMULA,,,,,,False,unidad_raw=METROS | seccion=SECCION TERMINACION | precio_unitario_raw=1500.0 | total_raw=0.0
5201,63,404,1.0,FORMULA,,,,,,False,unidad_raw=unidades | seccion=SECCION TERMINACION | precio_unitario_raw=260000.0 | total_raw=0.0
5202,63,95,1.0,FIJO,,,,,,False,unidad_raw=unidades | seccion=SECCION TERMINACION | precio_unitario_raw=100000.0 | total_raw=100000.0
5203,63,254,840.0,LINEAL,,,,,,False,unidad_raw=CMS | seccion=SECCION TENDIDO | precio_unitario_raw=140.0 | total_raw=117600.0
5204,63,235,1.0,AREA,,,,,,False,unidad_raw=LAMINA | seccion=SECCION TENDIDO | precio_unitario_raw=140000.0 | total_raw=140000.0
5205,63,49,0.3,VOLUMEN,,,,,,False,unidad_raw=LITRO | seccion=SECCION TENDIDO | precio_unitario_raw=14000.0 | total_raw=4200.0
5206,63,36,3.0,ESPACIADO,,,,,,False,unidad_raw=TIRAS | seccion=SECCION TENDIDO | precio_unitario_raw=1000.0 | total_raw=3000.0
5207,63,306,3.2,LINEAL,,,,,,False,unidad_raw=METROS | seccion=SECCION TENDIDO | precio_unitario_raw=4000.0 | total_raw=12800.0
5208,63,410,40.0,ESPACIADO,,,,,,False,unidad_raw=UNIDAD | seccion=SECCION TENDIDO | precio_unitario_raw=100.0 | total_raw=4000.0
5209,63,185,1.0,FIJO,,,,,,False,unidad_raw=*5% | seccion=SECCION TENDIDO | precio_unitario_raw=42000.0 | total_raw=0.0
5210,63,191,1.0,FIJO,,,,,,False,unidad_raw=*5% | seccion=SECCION TENDIDO | precio_unitario_raw=64800.0 | total_raw=64800.0
5211,63,322,1.0,FIJO,,,,,,False,unidad_raw=PEOPLE | seccion=SECCION TENDIDO | precio_unitario_raw=10500.0 | total_raw=10500.0
5212,63,370,8.0,AREA,,,,,,False,unidad_raw=METROS | seccion=SECCION TAPICERIA | precio_unitario_raw=32000.0 | total_raw=256000.0
5213,63,135,2.5,AREA,,,,,,False,unidad_raw=LAMINAS | seccion=SECCION TAPICERIA | precio_unitario_raw=30000.0 | total_raw=75000.0
5214,63,87,1.0,FORMULA,,,,,,False,unidad_raw=METRO | seccion=SECCION TAPICERIA | precio_unitario_raw=3500.0 | total_raw=0.0
5215,63,180,0.5,ESPACIADO,,,,,,False,unidad_raw=CAJA | seccion=SECCION TAPICERIA | precio_unitario_raw=12000.0 | total_raw=6000.0
5216,63,420,30.0,ESPACIADO,,,,,,False,unidad_raw=UNIDAD 0 | seccion=SECCION TAPICERIA | precio_unitario_raw=100.0 | total_raw=3000.0
5217,63,195,1.0,FORMULA,,,,,,False,unidad_raw=UNIIDAD | seccion=SECCION TAPICERIA | precio_unitario_raw=25000.0 | total_raw=0.0
5218,63,359,0.3,VOLUMEN,,,,,,False,unidad_raw=LITRO | seccion=SECCION TAPICERIA | precio_unitario_raw=19000.0 | total_raw=5700.0
5219,63,422,9.0,ESPACIADO,,,,,,False,unidad_raw=UNIDAD | seccion=SECCION TAPICERIA | precio_unitario_raw=100.0 | total_raw=900.0
5220,63,184,1.0,FIJO,,,,,,False,unidad_raw=TATI | seccion=SECCION TAPICERIA | precio_unitario_raw=210000.0 | total_raw=210000.0
5221,64,254,1170.0,LINEAL,,,,,,False,unidad_raw=CMS | precio_unitario_raw=140.0 | total_raw=163800.0
5222,64,218,1.0,FORMULA,,,,,,False,unidad_raw=LAMINA | precio_unitario_raw=140000.0 | total_raw=0.0
5223,64,364,1.0,FIJO,,,,,,False,precio_unitario_raw=50000.0 | total_raw=50000.0
5224,64,207,0.13,AREA,,,,,,False,unidad_raw=DE 80*50 | precio_unitario_raw=220000.0 | total_raw=28600.0
5225,64,212,1.0,AREA,,,,,,False,unidad_raw=LAMINA | precio_unitario_raw=65000.0 | total_raw=65000.0
5226,64,49,3.0,VOLUMEN,,,,,,False,unidad_raw=litros | precio_unitario_raw=13000.0 | total_raw=39000.0
5227,64,166,1.0,FIJO,,,,,,False,unidad_raw=PAR | precio_unitario_raw=20000.0 | total_raw=20000.0
5228,64,180,0.5,ESPACIADO,,,,,,False,unidad_raw=CAJAS | precio_unitario_raw=12000.0 | total_raw=6000.0
5229,64,38,10.0,ESPACIADO,,,,,,False,unidad_raw=TIRA | precio_unitario_raw=1000.0 | total_raw=10000.0
5230,64,423,200.0,ESPACIADO,,,,,,False,unidad_raw=Unidad | precio_unitario_raw=100.0 | total_raw=20000.0
5231,64,161,1.0,FORMULA,,,,,,False,total_raw=324000.0
5232,64,171,1.0,FORMULA,,,,,,False,total_raw=72640.0
5233,64,348,1.0,FORMULA,,,,,CAMA,False,seccion=SECCION PINTURA CAMA
5234,64,330,1.0,FORMULA,,,,,,False,unidad_raw=CON EL 5% | seccion=SECCION PINTURA CAMA | precio_unitario_raw=31500.0 | total_raw=0.0
5235,64,313,1.0,FORMULA,,,,,,False,unidad_raw=CON EL 5% | seccion=SECCION PINTURA CAMA | precio_unitario_raw=21000.0 | total_raw=0.0
5236,64,328,1.0,FORMULA,,,,,,False,unidad_raw=CON EL 5% | seccion=SECCION PINTURA CAMA | precio_unitario_raw=9450.0 | total_raw=0.0
5237,64,311,1.0,FORMULA,,,,,,False,unidad_raw=CON EL 5% | seccion=SECCION PINTURA CAMA | precio_unitario_raw=12600.0 | total_raw=0.0
5238,64,356,1.0,FORMULA,,,,,,False,unidad_raw=PISTOLADAS | seccion=SECCION PINTURA CAMA | precio_unitario_raw=18000.0 | total_raw=0.0
5239,64,242,1.0,FORMULA,,,,,,False,unidad_raw=unidad | seccion=SECCION PINTURA CAMA | precio_unitario_raw=2000.0 | total_raw=0.0
5240,64,248,1.0,FORMULA,,,,,,False,unidad_raw=UNIDAD | seccion=SECCION PINTURA CAMA | precio_unitario_raw=2000.0 | total_raw=0.0
5241,64,63,1.0,FORMULA,,,,,,False,unidad_raw=PISTOLADA | seccion=SECCION PINTURA CAMA | precio_unitario_raw=23000.0 | total_raw=0.0
5242,64,55,1.0,FORMULA,,,,,,False,unidad_raw=PISTOLADA | seccion=SECCION PINTURA CAMA | precio_unitario_raw=22000.0 | total_raw=0.0
5243,64,341,1.0,FORMULA,,,,,,False,unidad_raw=LITRO | seccion=SECCION PINTURA CAMA | precio_unitario_raw=10000.0 | total_raw=0.0
5244,64,200,1.0,FORMULA,,,,,,False,unidad_raw=PISTOLADA | seccion=SECCION PINTURA CAMA | precio_unitario_raw=23000.0 | total_raw=0.0
5245,64,174,1.0,FORMULA,,,,,,False,seccion=SECCION PINTURA CAMA | total_raw=0.0
5246,64,70,1.0,FIJO,,,,,,False,unidad_raw=UNIDADES | seccion=SECCION PINTURA CAMA | precio_unitario_raw=10000.0 | total_raw=0.0
5247,64,348,1.0,FORMULA,,,,,NOCHEROS,False,seccion=SECCION PINTURA NOCHEROS
5248,64,327,1.0,FORMULA,,,,,,False,unidad_raw=CON EL 5% | seccion=SECCION PINTURA NOCHEROS | precio_unitario_raw=36750.0 | total_raw=0.0
5249,64,308,1.0,FORMULA,,,,,,False,unidad_raw=CON EL 5% | seccion=SECCION PINTURA NOCHEROS | precio_unitario_raw=36750.0 | total_raw=0.0
5250,64,356,1.0,FORMULA,,,,,,False,unidad_raw=PISTOLADAS | seccion=SECCION PINTURA NOCHEROS | precio_unitario_raw=18000.0 | total_raw=0.0
5251,64,251,1.0,FORMULA,,,,,,False,unidad_raw=unidad | seccion=SECCION PINTURA NOCHEROS | precio_unitario_raw=2000.0 | total_raw=0.0
5252,64,245,1.0,FORMULA,,,,,,False,unidad_raw=unidades | seccion=SECCION PINTURA NOCHEROS | precio_unitario_raw=2000.0 | total_raw=0.0
5253,64,55,1.0,FORMULA,,,,,,False,unidad_raw=PISTOLADAS | seccion=SECCION PINTURA NOCHEROS | precio_unitario_raw=22000.0 | total_raw=0.0
5254,64,63,1.0,FORMULA,,,,,,False,unidad_raw=PISTOLADA | seccion=SECCION PINTURA NOCHEROS | precio_unitario_raw=23000.0 | total_raw=0.0
5255,64,341,1.0,FORMULA,,,,,,False,unidad_raw=LITRO | seccion=SECCION PINTURA NOCHEROS | precio_unitario_raw=10000.0 | total_raw=0.0
5256,64,200,1.0,FORMULA,,,,,,False,unidad_raw=PISTOLADAS | seccion=SECCION PINTURA NOCHEROS | precio_unitario_raw=23000.0 | total_raw=0.0
5257,64,174,1.0,FORMULA,,,,,,False,seccion=SECCION PINTURA NOCHEROS | total_raw=0.0
5258,64,88,1.0,FORMULA,,,,,,False,unidad_raw=MANO DE OBRA | seccion=SECCION TERMINACION | precio_unitario_raw=73500.0 | total_raw=0.0
5259,64,102,1.0,FORMULA,,,,,,False,unidad_raw=50*80 | seccion=SECCION TERMINACION | precio_unitario_raw=45000.0 | total_raw=0.0
5260,64,5,1.0,FORMULA,,,,,,False,unidad_raw=unidades | seccion=SECCION TERMINACION | precio_unitario_raw=2000.0 | total_raw=0.0
5261,64,14,1.0,FORMULA,,,,,,False,unidad_raw=METROS | seccion=SECCION TERMINACION | precio_unitario_raw=1500.0 | total_raw=0.0
5262,64,404,1.0,FORMULA,,,,,,False,unidad_raw=unidades | seccion=SECCION TERMINACION | precio_unitario_raw=260000.0 | total_raw=0.0
5263,64,95,1.0,FIJO,,,,,,False,unidad_raw=unidades | seccion=SECCION TERMINACION | precio_unitario_raw=100000.0 | total_raw=100000.0
5264,64,254,840.0,LINEAL,,,,,,False,unidad_raw=CMS | seccion=SECCION TENDIDO | precio_unitario_raw=140.0 | total_raw=117600.0
5265,64,225,1.0,AREA,,,,,,False,unidad_raw=LAMINA | seccion=SECCION TENDIDO | precio_unitario_raw=65000.0 | total_raw=65000.0
5266,64,49,0.3,VOLUMEN,,,,,,False,unidad_raw=LITRO | seccion=SECCION TENDIDO | precio_unitario_raw=14000.0 | total_raw=4200.0
5267,64,36,3.0,ESPACIADO,,,,,,False,unidad_raw=TIRAS | seccion=SECCION TENDIDO | precio_unitario_raw=1000.0 | total_raw=3000.0
5268,64,306,3.2,LINEAL,,,,,,False,unidad_raw=METROS | seccion=SECCION TENDIDO | precio_unitario_raw=4000.0 | total_raw=12800.0
5269,64,180,0.5,ESPACIADO,,,,,,False,unidad_raw=CAJA DE GRAPAS | seccion=SECCION TENDIDO | precio_unitario_raw=12000.0 | total_raw=6000.0
5270,64,190,1.0,FIJO,,,,,,False,seccion=SECCION TENDIDO | total_raw=0.0
5271,64,191,1.0,FIJO,,,,,,False,unidad_raw=*8% | seccion=SECCION TENDIDO | precio_unitario_raw=64800.0 | total_raw=64800.0
5272,64,322,1.0,FIJO,,,,,,False,unidad_raw=PEOPLE | seccion=SECCION TENDIDO | precio_unitario_raw=10500.0 | total_raw=10500.0
5273,64,374,12.0,AREA,,,,,,False,unidad_raw=METROS | seccion=SECCION TAPICERIA | precio_unitario_raw=32000.0 | total_raw=384000.0
5274,64,143,3.0,AREA,,,,,,False,unidad_raw=LAMINAS | seccion=SECCION TAPICERIA | precio_unitario_raw=48000.0 | total_raw=144000.0
5275,64,138,1.0,AREA,,,,,,False,unidad_raw=LAMINAS | seccion=SECCION TAPICERIA | precio_unitario_raw=30000.0 | total_raw=30000.0
5276,64,31,6.0,FORMULA,,,,,,False,seccion=SECCION TAPICERIA | precio_unitario_raw=1000.0 | total_raw=6000.0
5277,64,87,2.5,AREA,,,,,,False,unidad_raw=METRO | seccion=SECCION TAPICERIA | precio_unitario_raw=3500.0 | total_raw=8750.0
5278,64,17,0.5,FORMULA,,,,,,False,unidad_raw=UNIDAD | seccion=SECCION TAPICERIA | precio_unitario_raw=12000.0 | total_raw=6000.0
5279,64,180,0.5,ESPACIADO,,,,,,False,unidad_raw=CAJA | seccion=SECCION TAPICERIA | precio_unitario_raw=12000.0 | total_raw=6000.0
5280,64,422,24.0,ESPACIADO,,,,,,False,unidad_raw=UNIDAD 0 | seccion=SECCION TAPICERIA | precio_unitario_raw=100.0 | total_raw=2400.0
5281,64,195,0.5,FORMULA,,,,,,False,unidad_raw=UNIIDAD | seccion=SECCION TAPICERIA | precio_unitario_raw=25000.0 | total_raw=12500.0
5282,64,359,1.5,VOLUMEN,,,,,,False,unidad_raw=LITRO | seccion=SECCION TAPICERIA | precio_unitario_raw=19000.0 | total_raw=28500.0
5283,64,26,5.0,FORMULA,,,,,,False,unidad_raw=UNIDAD | seccion=SECCION TAPICERIA | precio_unitario_raw=6000.0 | total_raw=30000.0
5284,64,184,1.0,FIJO,,,,,,False,unidad_raw=MANO DE OBRA | seccion=SECCION TAPICERIA | precio_unitario_raw=210000.0 | total_raw=210000.0
5285,65,254,1211.0,LINEAL,,,,,,False,unidad_raw=CMS | precio_unitario_raw=140.0 | total_raw=169540.0
5286,65,218,0.5,FORMULA,,,,,,False,unidad_raw=LAMINA | precio_unitario_raw=140000.0 | total_raw=70000.0
5287,65,215,4.0,AREA,,,,,,False,unidad_raw=LAMINA | precio_unitario_raw=29114.0 | total_raw=116456.0
5288,65,212,1.0,AREA,,,,,,False,unidad_raw=LAMINA | precio_unitario_raw=65000.0 | total_raw=65000.0
5289,65,49,1.0,VOLUMEN,,,,,,False,unidad_raw=litros | precio_unitario_raw=14000.0 | total_raw=14000.0
5290,65,166,1.0,FIJO,,,,,,False,unidad_raw=PAR | precio_unitario_raw=20000.0 | total_raw=20000.0
5291,65,180,0.25,ESPACIADO,,,,,,False,unidad_raw=CAJAS | precio_unitario_raw=12000.0 | total_raw=3000.0
5292,65,38,0.5,ESPACIADO,,,,,,False,unidad_raw=TIRA | precio_unitario_raw=1000.0 | total_raw=500.0
5293,65,423,100.0,ESPACIADO,,,,,,False,unidad_raw=Unidad | precio_unitario_raw=100.0 | total_raw=10000.0
5294,65,159,1.0,FORMULA,,,,,,False,total_raw=315000.0
5295,65,171,1.0,FORMULA,,,,,,False,total_raw=78349.6
5296,65,348,1.0,FORMULA,,,,,CAMA,False,seccion=SECCION PINTURA CAMA
5297,65,330,1.0,FIJO,,,,,,False,unidad_raw=CON EL 5% | seccion=SECCION PINTURA CAMA | precio_unitario_raw=31500.0 | total_raw=31500.0
5298,65,313,1.0,FIJO,,,,,,False,unidad_raw=CON EL 5% | seccion=SECCION PINTURA CAMA | precio_unitario_raw=21000.0 | total_raw=21000.0
5299,65,328,3.0,FORMULA,,,,,,False,unidad_raw=CON EL 5% | seccion=SECCION PINTURA CAMA | precio_unitario_raw=9450.0 | total_raw=28350.0
5300,65,311,1.0,FIJO,,,,,,False,unidad_raw=CON EL 5% | seccion=SECCION PINTURA CAMA | precio_unitario_raw=12600.0 | total_raw=12600.0
5301,65,356,2.0,VOLUMEN,,,,,,False,unidad_raw=PISTOLADAS | seccion=SECCION PINTURA CAMA | precio_unitario_raw=18000.0 | total_raw=36000.0
5302,65,242,2.0,FORMULA,,,,,,False,unidad_raw=unidad | seccion=SECCION PINTURA CAMA | precio_unitario_raw=2000.0 | total_raw=4000.0
5303,65,248,0.25,FORMULA,,,,,,False,unidad_raw=UNIDAD | seccion=SECCION PINTURA CAMA | precio_unitario_raw=2000.0 | total_raw=500.0
5304,65,63,1.5,VOLUMEN,,,,,,False,unidad_raw=PISTOLADA | seccion=SECCION PINTURA CAMA | precio_unitario_raw=23000.0 | total_raw=34500.0
5305,65,55,3.5,VOLUMEN,,,,,,False,unidad_raw=PISTOLADA | seccion=SECCION PINTURA CAMA | precio_unitario_raw=22000.0 | total_raw=77000.0
5306,65,341,1.0,VOLUMEN,,,,,,False,unidad_raw=LITRO | seccion=SECCION PINTURA CAMA | precio_unitario_raw=10000.0 | total_raw=10000.0
5307,65,200,1.0,VOLUMEN,,,,,,False,unidad_raw=PISTOLADA | seccion=SECCION PINTURA CAMA | precio_unitario_raw=23000.0 | total_raw=23000.0
5308,65,174,1.0,FORMULA,,,,,,False,seccion=SECCION PINTURA CAMA | total_raw=27845.0
5309,65,70,4.0,FORMULA,,,,,,False,unidad_raw=UNIDADES | seccion=SECCION PINTURA CAMA | precio_unitario_raw=10000.0 | total_raw=40000.0
5310,65,348,1.0,FORMULA,,,,,NOCHEROS,False,seccion=SECCION PINTURA NOCHEROS
5311,65,327,2.0,FORMULA,,,,,,False,unidad_raw=CON EL 5% | seccion=SECCION PINTURA NOCHEROS | precio_unitario_raw=36750.0 | total_raw=73500.0
5312,65,308,2.0,FORMULA,,,,,,False,unidad_raw=CON EL 5% | seccion=SECCION PINTURA NOCHEROS | precio_unitario_raw=36750.0 | total_raw=73500.0
5313,65,356,2.0,VOLUMEN,,,,,,False,unidad_raw=PISTOLADAS | seccion=SECCION PINTURA NOCHEROS | precio_unitario_raw=18000.0 | total_raw=36000.0
5314,65,251,0.5,FORMULA,,,,,,False,unidad_raw=unidad | seccion=SECCION PINTURA NOCHEROS | precio_unitario_raw=2000.0 | total_raw=1000.0
5315,65,245,1.0,FIJO,,,,,,False,unidad_raw=unidades | seccion=SECCION PINTURA NOCHEROS | precio_unitario_raw=2000.0 | total_raw=2000.0
5316,65,55,3.0,VOLUMEN,,,,,,False,unidad_raw=PISTOLADAS | seccion=SECCION PINTURA NOCHEROS | precio_unitario_raw=22000.0 | total_raw=66000.0
5317,65,63,2.0,VOLUMEN,,,,,,False,unidad_raw=PISTOLADA | seccion=SECCION PINTURA NOCHEROS | precio_unitario_raw=23000.0 | total_raw=46000.0
5318,65,341,1.0,VOLUMEN,,,,,,False,unidad_raw=LITRO | seccion=SECCION PINTURA NOCHEROS | precio_unitario_raw=10000.0 | total_raw=10000.0
5319,65,200,2.0,VOLUMEN,,,,,,False,unidad_raw=PISTOLADAS | seccion=SECCION PINTURA NOCHEROS | precio_unitario_raw=23000.0 | total_raw=46000.0
5320,65,174,1.0,FORMULA,,,,,,False,seccion=SECCION PINTURA NOCHEROS | total_raw=35400.0
5321,65,88,1.0,FORMULA,,,,,,False,unidad_raw=MANO DE OBRA | seccion=SECCION TERMINACION | precio_unitario_raw=73500.0 | total_raw=0.0
5322,65,102,1.0,FORMULA,,,,,,False,unidad_raw=50*80 | seccion=SECCION TERMINACION | precio_unitario_raw=45000.0 | total_raw=0.0
5323,65,5,1.0,FORMULA,,,,,,False,unidad_raw=unidades | seccion=SECCION TERMINACION | precio_unitario_raw=2000.0 | total_raw=0.0
5324,65,14,1.0,FORMULA,,,,,,False,unidad_raw=METROS | seccion=SECCION TERMINACION | precio_unitario_raw=1500.0 | total_raw=0.0
5325,65,404,1.0,FORMULA,,,,,,False,unidad_raw=unidades | seccion=SECCION TERMINACION | precio_unitario_raw=260000.0 | total_raw=0.0
5326,65,95,1.0,FIJO,,,,,,False,unidad_raw=unidades | seccion=SECCION TERMINACION | precio_unitario_raw=100000.0 | total_raw=100000.0
5327,65,254,840.0,LINEAL,,,,,,False,unidad_raw=CMS | seccion=SECCION TENDIDO | precio_unitario_raw=140.0 | total_raw=117600.0
5328,65,225,1.0,AREA,,,,,,False,unidad_raw=LAMINA | seccion=SECCION TENDIDO | precio_unitario_raw=65000.0 | total_raw=65000.0
5329,65,49,0.3,VOLUMEN,,,,,,False,unidad_raw=LITRO | seccion=SECCION TENDIDO | precio_unitario_raw=14000.0 | total_raw=4200.0
5330,65,36,3.0,ESPACIADO,,,,,,False,unidad_raw=TIRAS | seccion=SECCION TENDIDO | precio_unitario_raw=1000.0 | total_raw=3000.0
5331,65,306,3.2,LINEAL,,,,,,False,unidad_raw=METROS | seccion=SECCION TENDIDO | precio_unitario_raw=4000.0 | total_raw=12800.0
5332,65,180,1.0,FIJO,,,,,,False,unidad_raw=CAJA DE GRAPAS | seccion=SECCION TENDIDO | precio_unitario_raw=12000.0 | total_raw=0.0
5333,65,185,1.0,FIJO,,,,,,False,unidad_raw=*5% | seccion=SECCION TENDIDO | precio_unitario_raw=42000.0 | total_raw=42000.0
5334,65,191,1.0,FIJO,,,,,,False,unidad_raw=*5% | seccion=SECCION TENDIDO | precio_unitario_raw=42000.0 | total_raw=42000.0
5335,65,322,1.0,FIJO,,,,,,False,unidad_raw=PEOPLE | seccion=SECCION TENDIDO | precio_unitario_raw=10500.0 | total_raw=10500.0
5336,65,390,8.0,AREA,,,,,,False,unidad_raw=METROS | seccion=SECCION TAPICERIA | precio_unitario_raw=12500.0 | total_raw=100000.0
5337,65,135,1.0,AREA,,,,,,False,unidad_raw=LAMINAS | seccion=SECCION TAPICERIA | precio_unitario_raw=30000.0 | total_raw=30000.0
5338,65,87,1.0,AREA,,,,,,False,unidad_raw=METRO | seccion=SECCION TAPICERIA | precio_unitario_raw=3500.0 | total_raw=3500.0
5339,65,180,0.5,ESPACIADO,,,,,,False,unidad_raw=CAJA | seccion=SECCION TAPICERIA | precio_unitario_raw=12000.0 | total_raw=6000.0
5340,65,420,100.0,ESPACIADO,,,,,,False,unidad_raw=UNIDAD 0 | seccion=SECCION TAPICERIA | precio_unitario_raw=100.0 | total_raw=10000.0
5341,65,195,1.0,FORMULA,,,,,,False,unidad_raw=UNIIDAD | seccion=SECCION TAPICERIA | precio_unitario_raw=25000.0 | total_raw=0.0
5342,65,359,1.0,VOLUMEN,,,,,,False,unidad_raw=LITRO | seccion=SECCION TAPICERIA | precio_unitario_raw=17000.0 | total_raw=17000.0
5343,65,26,1.0,FIJO,,,,,,False,unidad_raw=UNIDAD | seccion=SECCION TAPICERIA | precio_unitario_raw=6000.0 | total_raw=6000.0
5344,65,184,1.0,FIJO,,,,,,False,unidad_raw=TATI | seccion=SECCION TAPICERIA | precio_unitario_raw=210000.0 | total_raw=210000.0
5345,66,254,1200.0,LINEAL,,,,,,False,unidad_raw=CMS | precio_unitario_raw=140.0 | total_raw=168000.0
5346,66,1,0.5,FORMULA,,,,,,False,unidad_raw=30X30X2.5 | precio_unitario_raw=50000.0 | total_raw=25000.0
5347,66,218,0.17,FORMULA,,,,,,False,unidad_raw=LAMINA | precio_unitario_raw=140000.0 | total_raw=23800.0
5348,66,207,0.17,AREA,,,,,,False,unidad_raw=LAMINA | precio_unitario_raw=220000.0 | total_raw=37400.0
5349,66,211,0.5,AREA,,,,,,False,unidad_raw=LAMINA | precio_unitario_raw=65000.0 | total_raw=32500.0
5350,66,49,1.5,VOLUMEN,,,,,,False,unidad_raw=litros | precio_unitario_raw=14000.0 | total_raw=21000.0
5351,66,166,1.0,FIJO,,,,,,False,unidad_raw=PAR | precio_unitario_raw=20000.0 | total_raw=20000.0
5352,66,180,0.3,ESPACIADO,,,,,,False,unidad_raw=CAJAS | precio_unitario_raw=12000.0 | total_raw=3600.0
5353,66,38,5.0,ESPACIADO,,,,,,False,unidad_raw=TIRA | precio_unitario_raw=2000.0 | total_raw=10000.0
5354,66,423,200.0,ESPACIADO,,,,,,False,unidad_raw=Unidad | precio_unitario_raw=100.0 | total_raw=20000.0
5355,66,160,1.0,FORMULA,,,,,,False,total_raw=324000.0
5356,66,171,1.0,FORMULA,,,,,,False,total_raw=68530.0
5357,66,348,1.0,FORMULA,,,,,CAMA,False,seccion=SECCION PINTURA CAMA
5358,66,330,1.0,FORMULA,,,,,,False,unidad_raw=CON EL 5% | seccion=SECCION PINTURA CAMA | precio_unitario_raw=31500.0 | total_raw=0.0
5359,66,313,1.0,FORMULA,,,,,,False,unidad_raw=CON EL 5% | seccion=SECCION PINTURA CAMA | precio_unitario_raw=21000.0 | total_raw=0.0
5360,66,328,1.0,FORMULA,,,,,,False,unidad_raw=CON EL 5% | seccion=SECCION PINTURA CAMA | precio_unitario_raw=9450.0 | total_raw=0.0
5361,66,311,1.0,FORMULA,,,,,,False,unidad_raw=CON EL 5% | seccion=SECCION PINTURA CAMA | precio_unitario_raw=12600.0 | total_raw=0.0
5362,66,356,1.0,FORMULA,,,,,,False,unidad_raw=PISTOLADAS | seccion=SECCION PINTURA CAMA | precio_unitario_raw=18000.0 | total_raw=0.0
5363,66,242,1.0,FORMULA,,,,,,False,unidad_raw=unidad | seccion=SECCION PINTURA CAMA | precio_unitario_raw=2000.0 | total_raw=0.0
5364,66,248,1.0,FORMULA,,,,,,False,unidad_raw=UNIDAD | seccion=SECCION PINTURA CAMA | precio_unitario_raw=2000.0 | total_raw=0.0
5365,66,63,1.0,FORMULA,,,,,,False,unidad_raw=PISTOLADA | seccion=SECCION PINTURA CAMA | precio_unitario_raw=23000.0 | total_raw=0.0
5366,66,55,1.0,FORMULA,,,,,,False,unidad_raw=PISTOLADA | seccion=SECCION PINTURA CAMA | precio_unitario_raw=22000.0 | total_raw=0.0
5367,66,341,1.0,FORMULA,,,,,,False,unidad_raw=LITRO | seccion=SECCION PINTURA CAMA | precio_unitario_raw=10000.0 | total_raw=0.0
5368,66,200,1.0,FORMULA,,,,,,False,unidad_raw=PISTOLADA | seccion=SECCION PINTURA CAMA | precio_unitario_raw=23000.0 | total_raw=0.0
5369,66,174,1.0,FORMULA,,,,,,False,seccion=SECCION PINTURA CAMA | total_raw=0.0
5370,66,70,4.0,FORMULA,,,,,,False,unidad_raw=UNIDADES | seccion=SECCION PINTURA CAMA | precio_unitario_raw=10000.0 | total_raw=40000.0
5371,66,348,1.0,FORMULA,,,,,NOCHEROS,False,seccion=SECCION PINTURA NOCHEROS
5372,66,327,2.0,FORMULA,,,,,,False,unidad_raw=CON EL 5% | seccion=SECCION PINTURA NOCHEROS | precio_unitario_raw=36750.0 | total_raw=73500.0
5373,66,308,2.0,FORMULA,,,,,,False,unidad_raw=CON EL 5% | seccion=SECCION PINTURA NOCHEROS | precio_unitario_raw=36750.0 | total_raw=73500.0
5374,66,356,2.0,VOLUMEN,,,,,,False,unidad_raw=PISTOLADAS | seccion=SECCION PINTURA NOCHEROS | precio_unitario_raw=18000.0 | total_raw=36000.0
5375,66,251,0.5,FORMULA,,,,,,False,unidad_raw=unidad | seccion=SECCION PINTURA NOCHEROS | precio_unitario_raw=2000.0 | total_raw=1000.0
5376,66,245,1.0,FIJO,,,,,,False,unidad_raw=unidades | seccion=SECCION PINTURA NOCHEROS | precio_unitario_raw=2000.0 | total_raw=2000.0
5377,66,55,3.0,VOLUMEN,,,,,,False,unidad_raw=PISTOLADAS | seccion=SECCION PINTURA NOCHEROS | precio_unitario_raw=22000.0 | total_raw=66000.0
5378,66,63,2.0,VOLUMEN,,,,,,False,unidad_raw=PISTOLADA | seccion=SECCION PINTURA NOCHEROS | precio_unitario_raw=23000.0 | total_raw=46000.0
5379,66,341,1.0,VOLUMEN,,,,,,False,unidad_raw=LITRO | seccion=SECCION PINTURA NOCHEROS | precio_unitario_raw=10000.0 | total_raw=10000.0
5380,66,200,2.0,VOLUMEN,,,,,,False,unidad_raw=PISTOLADAS | seccion=SECCION PINTURA NOCHEROS | precio_unitario_raw=23000.0 | total_raw=46000.0
5381,66,174,1.0,FORMULA,,,,,,False,seccion=SECCION PINTURA NOCHEROS | total_raw=35400.0
5382,66,258,4.0,FORMULA,,,,,,False,unidad_raw=UNIDADES | seccion=SECCION TERMINACION | precio_unitario_raw=10000.0 | total_raw=40000.0
5383,66,102,1.0,FORMULA,,,,,,False,unidad_raw=50*80 | seccion=SECCION TERMINACION | precio_unitario_raw=45000.0 | total_raw=0.0
5384,66,5,1.0,FORMULA,,,,,,False,unidad_raw=unidades | seccion=SECCION TERMINACION | precio_unitario_raw=2000.0 | total_raw=0.0
5385,66,14,1.0,FORMULA,,,,,,False,unidad_raw=METROS | seccion=SECCION TERMINACION | precio_unitario_raw=1500.0 | total_raw=0.0
5386,66,404,1.0,FORMULA,,,,,,False,unidad_raw=unidades | seccion=SECCION TERMINACION | precio_unitario_raw=260000.0 | total_raw=0.0
5387,66,95,1.0,FIJO,,,,,,False,unidad_raw=unidades | seccion=SECCION TERMINACION | precio_unitario_raw=100000.0 | total_raw=100000.0
5388,66,254,840.0,LINEAL,,,,,,False,unidad_raw=CMS | seccion=SECCION TENDIDO | precio_unitario_raw=140.0 | total_raw=117600.0
5389,66,225,1.0,AREA,,,,,,False,unidad_raw=LAMINA | seccion=SECCION TENDIDO | precio_unitario_raw=65000.0 | total_raw=65000.0
5390,66,49,0.3,VOLUMEN,,,,,,False,unidad_raw=LITRO | seccion=SECCION TENDIDO | precio_unitario_raw=14000.0 | total_raw=4200.0
5391,66,36,3.0,ESPACIADO,,,,,,False,unidad_raw=TIRAS | seccion=SECCION TENDIDO | precio_unitario_raw=1000.0 | total_raw=3000.0
5392,66,306,3.2,LINEAL,,,,,,False,unidad_raw=METROS | seccion=SECCION TENDIDO | precio_unitario_raw=4000.0 | total_raw=12800.0
5393,66,180,1.0,FIJO,,,,,,False,unidad_raw=CAJA DE GRAPAS | seccion=SECCION TENDIDO | precio_unitario_raw=12000.0 | total_raw=0.0
5394,66,185,1.0,FIJO,,,,,,False,unidad_raw=*5% | seccion=SECCION TENDIDO | precio_unitario_raw=42000.0 | total_raw=42000.0
5395,66,191,1.0,FIJO,,,,,,False,unidad_raw=*5% | seccion=SECCION TENDIDO | precio_unitario_raw=42000.0 | total_raw=42000.0
5396,66,322,1.0,FIJO,,,,,,False,unidad_raw=PEOPLE | seccion=SECCION TENDIDO | precio_unitario_raw=10500.0 | total_raw=10500.0
5397,66,390,1.0,FORMULA,,,,,,False,unidad_raw=METROS | seccion=SECCION TAPICERIA | precio_unitario_raw=12500.0 | total_raw=0.0
5398,66,135,1.0,FORMULA,,,,,,False,unidad_raw=LAMINAS | seccion=SECCION TAPICERIA | precio_unitario_raw=30000.0 | total_raw=0.0
5399,66,87,1.0,FORMULA,,,,,,False,unidad_raw=METRO | seccion=SECCION TAPICERIA | precio_unitario_raw=3500.0 | total_raw=0.0
5400,66,180,1.0,FIJO,,,,,,False,unidad_raw=CAJA | seccion=SECCION TAPICERIA | precio_unitario_raw=12000.0 | total_raw=0.0
5401,66,420,1.0,FIJO,,,,,,False,unidad_raw=UNIDAD 0 | seccion=SECCION TAPICERIA | precio_unitario_raw=100.0 | total_raw=0.0
5402,66,195,1.0,FORMULA,,,,,,False,unidad_raw=UNIIDAD | seccion=SECCION TAPICERIA | precio_unitario_raw=25000.0 | total_raw=0.0
5403,66,359,1.0,FORMULA,,,,,,False,unidad_raw=LITRO | seccion=SECCION TAPICERIA | precio_unitario_raw=17000.0 | total_raw=0.0
5404,66,26,1.0,FORMULA,,,,,,False,unidad_raw=UNIDAD | seccion=SECCION TAPICERIA | precio_unitario_raw=6000.0 | total_raw=0.0
5405,66,184,1.0,FIJO,,,,,,False,unidad_raw=TATI | seccion=SECCION TAPICERIA | precio_unitario_raw=210000.0 | total_raw=0.0
5406,67,254,1.0,FORMULA,,,,,,False,unidad_raw=CMS | precio_unitario_raw=140.0 | total_raw=0.0
5407,67,1,1.0,FORMULA,,,,,,False,unidad_raw=30X30X2.5 | precio_unitario_raw=50000.0 | total_raw=0.0
5408,67,218,1.0,FORMULA,,,,,,False,unidad_raw=LAMINA | precio_unitario_raw=140000.0 | total_raw=0.0
5409,67,207,1.0,FORMULA,,,,,,False,unidad_raw=LAMINA | precio_unitario_raw=220000.0 | total_raw=0.0
5410,67,211,1.0,FORMULA,,,,,,False,unidad_raw=LAMINA | precio_unitario_raw=65000.0 | total_raw=0.0
5411,67,49,1.0,FORMULA,,,,,,False,unidad_raw=litros | precio_unitario_raw=14000.0 | total_raw=0.0
5412,67,166,1.0,FIJO,,,,,,False,unidad_raw=PAR | precio_unitario_raw=20000.0 | total_raw=0.0
5413,67,180,1.0,FIJO,,,,,,False,unidad_raw=CAJAS | precio_unitario_raw=12000.0 | total_raw=0.0
5414,67,38,1.0,FIJO,,,,,,False,unidad_raw=TIRA | precio_unitario_raw=2000.0 | total_raw=0.0
5415,67,423,1.0,FIJO,,,,,,False,unidad_raw=Unidad | precio_unitario_raw=100.0 | total_raw=0.0
5416,67,160,1.0,FORMULA,,,,,,False,total_raw=324000.0
5417,67,171,1.0,FORMULA,,,,,,False,total_raw=32400.0
5418,67,348,1.0,FORMULA,,,,,CAMA,False,seccion=SECCION PINTURA CAMA
5419,67,330,1.0,FORMULA,,,,,,False,unidad_raw=CON EL 5% | seccion=SECCION PINTURA CAMA | precio_unitario_raw=31500.0 | total_raw=0.0
5420,67,313,1.0,FORMULA,,,,,,False,unidad_raw=CON EL 5% | seccion=SECCION PINTURA CAMA | precio_unitario_raw=21000.0 | total_raw=0.0
5421,67,328,1.0,FORMULA,,,,,,False,unidad_raw=CON EL 5% | seccion=SECCION PINTURA CAMA | precio_unitario_raw=9450.0 | total_raw=0.0
5422,67,311,1.0,FORMULA,,,,,,False,unidad_raw=CON EL 5% | seccion=SECCION PINTURA CAMA | precio_unitario_raw=12600.0 | total_raw=0.0
5423,67,356,1.0,FORMULA,,,,,,False,unidad_raw=PISTOLADAS | seccion=SECCION PINTURA CAMA | precio_unitario_raw=18000.0 | total_raw=0.0
5424,67,242,1.0,FORMULA,,,,,,False,unidad_raw=unidad | seccion=SECCION PINTURA CAMA | precio_unitario_raw=2000.0 | total_raw=0.0
5425,67,248,1.0,FORMULA,,,,,,False,unidad_raw=UNIDAD | seccion=SECCION PINTURA CAMA | precio_unitario_raw=2000.0 | total_raw=0.0
5426,67,63,1.0,FORMULA,,,,,,False,unidad_raw=PISTOLADA | seccion=SECCION PINTURA CAMA | precio_unitario_raw=23000.0 | total_raw=0.0
5427,67,55,1.0,FORMULA,,,,,,False,unidad_raw=PISTOLADA | seccion=SECCION PINTURA CAMA | precio_unitario_raw=22000.0 | total_raw=0.0
5428,67,341,1.0,FORMULA,,,,,,False,unidad_raw=LITRO | seccion=SECCION PINTURA CAMA | precio_unitario_raw=10000.0 | total_raw=0.0
5429,67,200,1.0,FORMULA,,,,,,False,unidad_raw=PISTOLADA | seccion=SECCION PINTURA CAMA | precio_unitario_raw=23000.0 | total_raw=0.0
5430,67,174,1.0,FORMULA,,,,,,False,seccion=SECCION PINTURA CAMA | total_raw=0.0
5431,67,70,4.0,FORMULA,,,,,,False,unidad_raw=UNIDADES | seccion=SECCION PINTURA CAMA | precio_unitario_raw=10000.0 | total_raw=40000.0
5432,67,348,1.0,FORMULA,,,,,NOCHEROS,False,seccion=SECCION PINTURA NOCHEROS
5433,67,327,2.0,FORMULA,,,,,,False,unidad_raw=CON EL 5% | seccion=SECCION PINTURA NOCHEROS | precio_unitario_raw=36750.0 | total_raw=73500.0
5434,67,308,2.0,FORMULA,,,,,,False,unidad_raw=CON EL 5% | seccion=SECCION PINTURA NOCHEROS | precio_unitario_raw=36750.0 | total_raw=73500.0
5435,67,356,2.0,VOLUMEN,,,,,,False,unidad_raw=PISTOLADAS | seccion=SECCION PINTURA NOCHEROS | precio_unitario_raw=18000.0 | total_raw=36000.0
5436,67,251,0.5,FORMULA,,,,,,False,unidad_raw=unidad | seccion=SECCION PINTURA NOCHEROS | precio_unitario_raw=2000.0 | total_raw=1000.0
5437,67,245,1.0,FIJO,,,,,,False,unidad_raw=unidades | seccion=SECCION PINTURA NOCHEROS | precio_unitario_raw=2000.0 | total_raw=2000.0
5438,67,55,3.0,VOLUMEN,,,,,,False,unidad_raw=PISTOLADAS | seccion=SECCION PINTURA NOCHEROS | precio_unitario_raw=22000.0 | total_raw=66000.0
5439,67,63,2.0,VOLUMEN,,,,,,False,unidad_raw=PISTOLADA | seccion=SECCION PINTURA NOCHEROS | precio_unitario_raw=23000.0 | total_raw=46000.0
5440,67,341,1.0,VOLUMEN,,,,,,False,unidad_raw=LITRO | seccion=SECCION PINTURA NOCHEROS | precio_unitario_raw=10000.0 | total_raw=10000.0
5441,67,200,2.0,VOLUMEN,,,,,,False,unidad_raw=PISTOLADAS | seccion=SECCION PINTURA NOCHEROS | precio_unitario_raw=23000.0 | total_raw=46000.0
5442,67,174,1.0,FORMULA,,,,,,False,seccion=SECCION PINTURA NOCHEROS | total_raw=35400.0
5443,67,258,4.0,FORMULA,,,,,,False,unidad_raw=UNIDADES | seccion=SECCION TERMINACION | precio_unitario_raw=10000.0 | total_raw=40000.0
5444,67,102,1.0,FORMULA,,,,,,False,unidad_raw=50*80 | seccion=SECCION TERMINACION | precio_unitario_raw=45000.0 | total_raw=0.0
5445,67,5,1.0,FORMULA,,,,,,False,unidad_raw=unidades | seccion=SECCION TERMINACION | precio_unitario_raw=2000.0 | total_raw=0.0
5446,67,14,1.0,FORMULA,,,,,,False,unidad_raw=METROS | seccion=SECCION TERMINACION | precio_unitario_raw=1500.0 | total_raw=0.0
5447,67,404,1.0,FORMULA,,,,,,False,unidad_raw=unidades | seccion=SECCION TERMINACION | precio_unitario_raw=260000.0 | total_raw=0.0
5448,67,95,1.0,FIJO,,,,,,False,unidad_raw=unidades | seccion=SECCION TERMINACION | precio_unitario_raw=100000.0 | total_raw=100000.0
5449,67,254,840.0,LINEAL,,,,,,False,unidad_raw=CMS | seccion=SECCION TENDIDO | precio_unitario_raw=140.0 | total_raw=117600.0
5450,67,225,1.0,AREA,,,,,,False,unidad_raw=LAMINA | seccion=SECCION TENDIDO | precio_unitario_raw=65000.0 | total_raw=65000.0
5451,67,49,0.3,VOLUMEN,,,,,,False,unidad_raw=LITRO | seccion=SECCION TENDIDO | precio_unitario_raw=14000.0 | total_raw=4200.0
5452,67,36,3.0,ESPACIADO,,,,,,False,unidad_raw=TIRAS | seccion=SECCION TENDIDO | precio_unitario_raw=1000.0 | total_raw=3000.0
5453,67,306,3.2,LINEAL,,,,,,False,unidad_raw=METROS | seccion=SECCION TENDIDO | precio_unitario_raw=4000.0 | total_raw=12800.0
5454,67,180,1.0,FIJO,,,,,,False,unidad_raw=CAJA DE GRAPAS | seccion=SECCION TENDIDO | precio_unitario_raw=12000.0 | total_raw=0.0
5455,67,185,1.0,FIJO,,,,,,False,unidad_raw=*5% | seccion=SECCION TENDIDO | precio_unitario_raw=42000.0 | total_raw=42000.0
5456,67,191,1.0,FIJO,,,,,,False,unidad_raw=*5% | seccion=SECCION TENDIDO | precio_unitario_raw=42000.0 | total_raw=42000.0
5457,67,322,1.0,FIJO,,,,,,False,unidad_raw=PEOPLE | seccion=SECCION TENDIDO | precio_unitario_raw=10500.0 | total_raw=10500.0
5458,67,390,1.0,FORMULA,,,,,,False,unidad_raw=METROS | seccion=SECCION TAPICERIA | precio_unitario_raw=12500.0 | total_raw=0.0
5459,67,135,1.0,FORMULA,,,,,,False,unidad_raw=LAMINAS | seccion=SECCION TAPICERIA | precio_unitario_raw=30000.0 | total_raw=0.0
5460,67,87,1.0,FORMULA,,,,,,False,unidad_raw=METRO | seccion=SECCION TAPICERIA | precio_unitario_raw=3500.0 | total_raw=0.0
5461,67,180,1.0,FIJO,,,,,,False,unidad_raw=CAJA | seccion=SECCION TAPICERIA | precio_unitario_raw=12000.0 | total_raw=0.0
5462,67,420,1.0,FIJO,,,,,,False,unidad_raw=UNIDAD 0 | seccion=SECCION TAPICERIA | precio_unitario_raw=100.0 | total_raw=0.0
5463,67,195,1.0,FORMULA,,,,,,False,unidad_raw=UNIIDAD | seccion=SECCION TAPICERIA | precio_unitario_raw=25000.0 | total_raw=0.0
5464,67,359,1.0,FORMULA,,,,,,False,unidad_raw=LITRO | seccion=SECCION TAPICERIA | precio_unitario_raw=17000.0 | total_raw=0.0
5465,67,26,1.0,FORMULA,,,,,,False,unidad_raw=UNIDAD | seccion=SECCION TAPICERIA | precio_unitario_raw=6000.0 | total_raw=0.0
5466,67,184,1.0,FIJO,,,,,,False,unidad_raw=TATI | seccion=SECCION TAPICERIA | precio_unitario_raw=210000.0 | total_raw=0.0
