nombre_producto,nombre_material,cantidad_base,tipo_escala,distancia_pauta_cm,tornillos_por_pieza,condicion_activacion,rangos,formula_personalizada,observaciones
CAMA CHEMBER 2X2,MADERA (2),700.0,FORMULA,,,,,,unidad_raw=APAMATE | seccion=EBANISTA WILMER MANO DE OBRA= | precio_unitario_raw=140.0 | total_raw=98000.0
CAMA CHEMBER 2X2,MDF DE 3,1.0,FORMULA,,,,,,unidad_raw=LAMINA | seccion=EBANISTA WILMER MANO DE OBRA= | precio_unitario_raw=65000.0 | total_raw=0.0
CAMA CHEMBER 2X2,LAMINA DE 15,0.0,AREA,,,,,,unidad_raw=LAMINA | seccion=EBANISTA WILMER MANO DE OBRA= | precio_unitario_raw=210000.0 | total_raw=0.0
CAMA CHEMBER 2X2,LAMINA DE 5.5,1.0,FORMULA,,,,,,unidad_raw=LAMINA | seccion=EBANISTA WILMER MANO DE OBRA= | precio_unitario_raw=130000.0 | total_raw=0.0
CAMA CHEMBER 2X2,COLBON,0.7,VOLUMEN,,,,,,unidad_raw=LITRO | seccion=EBANISTA WILMER MANO DE OBRA= | precio_unitario_raw=14000.0 | total_raw=9800.0
CAMA CHEMBER 2X2,GRAPAS,0.12,ESPACIADO,,,,,,unidad_raw=CAJA | seccion=EBANISTA WILMER MANO DE OBRA= | precio_unitario_raw=12000.0 | total_raw=1440.0
CAMA CHEMBER 2X2,GANCHOS,1.0,FIJO,,,,,,unidad_raw=PAR | seccion=EBANISTA WILMER MANO DE OBRA=
CAMA CHEMBER 2X2,F40,7.0,FORMULA,,,,,,unidad_raw=TIRAS | seccion=EBANISTA WILMER MANO DE OBRA= | precio_unitario_raw=1000.0 | total_raw=7000.0
CAMA CHEMBER 2X2,"TORNILLOS DE 2""",100.0,ESPACIADO,,,,,,unidad_raw=Unidad | seccion=EBANISTA WILMER MANO DE OBRA= | precio_unitario_raw=100.0 | total_raw=10000.0
CAMA CHEMBER 2X2,ebanisteria 300.000 x 5% de m.o,1.0,FORMULA,,,,,,seccion=EBANISTA WILMER MANO DE OBRA= | total_raw=315000.0
CAMA CHEMBER 2X2,gastos de Ebanisteria e 10%,1.0,FORMULA,,,,,,seccion=EBANISTA WILMER MANO DE OBRA= | total_raw=44124.0
CAMA CHEMBER 2X2,CORREDERAS 35 NORMAL,1.0,FIJO,,,,,,unidad_raw=PAR | seccion=EBANISTA WILMER MANO DE OBRA= | precio_unitario_raw=12000.0 | total_raw=0.0
CAMA CHEMBER 2X2,"MDF DE 2,7",1.0,FORMULA,,,,,,unidad_raw=1 PEDAZO DE 1.00X46=46 | seccion=EBANISTA WILMER MANO DE OBRA= | precio_unitario_raw=65000.0 | total_raw=0.0
CAMA CHEMBER 2X2,LAM MDF 5,1.0,FORMULA,,,,,,unidad_raw=1 PEDASO DE 1.50X40=60 | seccion=EBANISTA WILMER MANO DE OBRA= | precio_unitario_raw=130000.0 | total_raw=0.0
CAMA CHEMBER 2X2,LAM MDF 9,1.0,FORMULA,,,,,,"unidad_raw=1 PEDASO DE 1,50X40=60 | seccion=EBANISTA WILMER MANO DE OBRA= | precio_unitario_raw=140.0 | total_raw=21875.0"
CAMA CHEMBER 2X2,COLBON,1.0,FORMULA,,,,,,unidad_raw=litros | seccion=EBANISTA WILMER MANO DE OBRA= | precio_unitario_raw=14000.0 | total_raw=0.0
CAMA CHEMBER 2X2,GRAPAS,1.0,FIJO,,,,,,unidad_raw=Unidad | seccion=EBANISTA WILMER MANO DE OBRA= | precio_unitario_raw=600.0 | total_raw=0.0
CAMA CHEMBER 2X2,CLAVILLOS N F 40,1.0,FIJO,,,,,,unidad_raw=TIRA | seccion=EBANISTA WILMER MANO DE OBRA= | precio_unitario_raw=1000.0 | total_raw=0.0
CAMA CHEMBER 2X2,HECHURA,1.0,FIJO,,,,,,unidad_raw=PAR | seccion=EBANISTA WILMER MANO DE OBRA= | precio_unitario_raw=157500.0 | total_raw=0.0
CAMA CHEMBER 2X2,"TORNILLOS DE 2""",1.0,FIJO,,,,,,unidad_raw=Unidad | seccion=EBANISTA WILMER MANO DE OBRA= | precio_unitario_raw=100.0 | total_raw=0.0
CAMA CHEMBER 2X2,gastos de Ebanisteria e 5%,1.0,FORMULA,,,,,,seccion=EBANISTA WILMER MANO DE OBRA= | total_raw=26294.75
CAMA CHEMBER 2X2,SECCION PINTURA Y PREPARADA,1.0,FORMULA,,,,,DE NOCHERO,seccion=SECCION PINTURA Y PREPARADA DE NOCHERO
CAMA CHEMBER 2X2,PREPARADO JOTA,1.0,FORMULA,,,,,,unidad_raw=CON EL 5% | seccion=SECCION PINTURA Y PREPARADA DE NOCHERO | precio_unitario_raw=36750.0 | total_raw=0.0
CAMA CHEMBER 2X2,PINTURA ALEX,1.0,FORMULA,,,,,,unidad_raw=CON EL 5% | seccion=SECCION PINTURA Y PREPARADA DE NOCHERO | precio_unitario_raw=36750.0 | total_raw=0.0
CAMA CHEMBER 2X2,SELLADOR,1.0,FORMULA,,,,,,unidad_raw=PISTOLADAS | seccion=SECCION PINTURA Y PREPARADA DE NOCHERO | precio_unitario_raw=18000.0 | total_raw=0.0
CAMA CHEMBER 2X2,LIJA 400,1.0,FORMULA,,,,,,unidad_raw=unidades | seccion=SECCION PINTURA Y PREPARADA DE NOCHERO | precio_unitario_raw=2000.0 | total_raw=0.0
CAMA CHEMBER 2X2,NITRO,1.0,FORMULA,,,,,,unidad_raw=galon | seccion=SECCION PINTURA Y PREPARADA DE NOCHERO | precio_unitario_raw=70000.0 | total_raw=0.0
CAMA CHEMBER 2X2,VIDRIOS,1.0,FORMULA,,,,,,unidad_raw=unidad | seccion=SECCION PINTURA Y PREPARADA DE NOCHERO | precio_unitario_raw=45000.0 | total_raw=0.0
CAMA CHEMBER 2X2,TALCO,1.0,FORMULA,,,,,,unidad_raw=unidad | seccion=SECCION PINTURA Y PREPARADA DE NOCHERO | precio_unitario_raw=2500.0 | total_raw=0.0
CAMA CHEMBER 2X2,TINER,1.0,FORMULA,,,,,,unidad_raw=GALON | seccion=SECCION PINTURA Y PREPARADA DE NOCHERO | precio_unitario_raw=34000.0 | total_raw=0.0
CAMA CHEMBER 2X2,TOPES,1.0,FORMULA,,,,,,unidad_raw=JALADORES | seccion=SECCION PINTURA Y PREPARADA DE NOCHERO | precio_unitario_raw=3000.0 | total_raw=0.0
CAMA CHEMBER 2X2,BLANCO POLIURETANO,1.0,FORMULA,,,,,,unidad_raw=PISTOLADA | seccion=SECCION PINTURA Y PREPARADA DE NOCHERO | precio_unitario_raw=57500.0 | total_raw=0.0
CAMA CHEMBER 2X2,COLOR,1.0,FORMULA,,,,,,unidad_raw=PISTOLADA | seccion=SECCION PINTURA Y PREPARADA DE NOCHERO | precio_unitario_raw=22000.0 | total_raw=0.0
CAMA CHEMBER 2X2,ENCINA,1.0,FORMULA,,,,,,unidad_raw=galon | seccion=SECCION PINTURA Y PREPARADA DE NOCHERO | precio_unitario_raw=160000.0 | total_raw=0.0
CAMA CHEMBER 2X2,GASOLINA,1.0,FORMULA,,,,,,unidad_raw=ML | seccion=SECCION PINTURA Y PREPARADA DE NOCHERO | precio_unitario_raw=4500.0 | total_raw=0.0
CAMA CHEMBER 2X2,RESANE,1.0,FORMULA,,,,,,unidad_raw=LITRO | seccion=SECCION PINTURA Y PREPARADA DE NOCHERO | precio_unitario_raw=20000.0 | total_raw=0.0
CAMA CHEMBER 2X2,LACA S/M,1.0,FORMULA,,,,,,unidad_raw=PISTOLADA | seccion=SECCION PINTURA Y PREPARADA DE NOCHERO | precio_unitario_raw=23000.0 | total_raw=0.0
CAMA CHEMBER 2X2,Gastos de Pintura 10%,1.0,FORMULA,,,,,,seccion=SECCION PINTURA Y PREPARADA DE NOCHERO | total_raw=0.0
CAMA CHEMBER 2X2,SECCION PINTURA Y PREPARADA,1.0,FORMULA,,,,,PATAS,seccion=SECCION PINTURA Y PREPARADA PATAS
CAMA CHEMBER 2X2,PREPARADO JOTA,1.0,FORMULA,,,,,,unidad_raw=CON EL 5% | seccion=SECCION PINTURA Y PREPARADA PATAS | precio_unitario_raw=63000.0 | total_raw=0.0
CAMA CHEMBER 2X2,PINTURA ALEX,1.0,FORMULA,,,,,,unidad_raw=CON EL 5% | seccion=SECCION PINTURA Y PREPARADA PATAS | precio_unitario_raw=26250.0 | total_raw=0.0
CAMA CHEMBER 2X2,PINTURA DE PATAS ALEX,1.0,FIJO,,,,,,seccion=SECCION PINTURA Y PREPARADA PATAS | precio_unitario_raw=2100.0 | total_raw=0.0
CAMA CHEMBER 2X2,SELLADOR,1.0,FORMULA,,,,,,unidad_raw=PISTOLADAS | seccion=SECCION PINTURA Y PREPARADA PATAS | precio_unitario_raw=18000.0 | total_raw=0.0
CAMA CHEMBER 2X2,LIJA 400,1.0,FORMULA,,,,,,unidad_raw=unidades | seccion=SECCION PINTURA Y PREPARADA PATAS | precio_unitario_raw=2000.0 | total_raw=0.0
CAMA CHEMBER 2X2,NITRO,1.0,FORMULA,,,,,,unidad_raw=galon | seccion=SECCION PINTURA Y PREPARADA PATAS | total_raw=0.0
CAMA CHEMBER 2X2,lija 220,1.0,FORMULA,,,,,,unidad_raw=unidad | seccion=SECCION PINTURA Y PREPARADA PATAS | precio_unitario_raw=2000.0 | total_raw=0.0
CAMA CHEMBER 2X2,lija 120,1.0,FORMULA,,,,,,unidad_raw=unidad | seccion=SECCION PINTURA Y PREPARADA PATAS | precio_unitario_raw=2000.0 | total_raw=0.0
CAMA CHEMBER 2X2,LACA SEMIMATE,1.0,FORMULA,,,,,,unidad_raw=GALON | seccion=SECCION PINTURA Y PREPARADA PATAS | precio_unitario_raw=23000.0 | total_raw=0.0
CAMA CHEMBER 2X2,kerosen,1.0,FORMULA,,,,,,unidad_raw=litro | seccion=SECCION PINTURA Y PREPARADA PATAS | precio_unitario_raw=18000.0 | total_raw=0.0
CAMA CHEMBER 2X2,COLOR,1.0,FORMULA,,,,,,unidad_raw=PISTOLADA | seccion=SECCION PINTURA Y PREPARADA PATAS | precio_unitario_raw=20000.0 | total_raw=0.0
CAMA CHEMBER 2X2,TINTE MIEL,1.0,FORMULA,,,,,,unidad_raw=galon | seccion=SECCION PINTURA Y PREPARADA PATAS | total_raw=0.0
CAMA CHEMBER 2X2,GASOLINA,1.0,FORMULA,,,,,,unidad_raw=LITRO | seccion=SECCION PINTURA Y PREPARADA PATAS | precio_unitario_raw=4.5 | total_raw=0.0
CAMA CHEMBER 2X2,RESANE,1.0,FORMULA,,,,,,unidad_raw=LITRO | seccion=SECCION PINTURA Y PREPARADA PATAS | precio_unitario_raw=23000.0 | total_raw=0.0
CAMA CHEMBER 2X2,LACA BRILLANTE,1.0,FORMULA,,,,,,unidad_raw=PISTOLADA | seccion=SECCION PINTURA Y PREPARADA PATAS | precio_unitario_raw=23000.0 | total_raw=0.0
CAMA CHEMBER 2X2,Gastos de Pintura 10%,1.0,FORMULA,,,,,,seccion=SECCION PINTURA Y PREPARADA PATAS | total_raw=32095.1
CAMA CHEMBER 2X2,TOMAS NEGROS,1.0,FORMULA,,,,,,unidad_raw=UNIDAD | seccion=SECCION TERMINACION | precio_unitario_raw=10500.0 | total_raw=0.0
CAMA CHEMBER 2X2,REGLETA ANCHA,1.0,FORMULA,,,,,,unidad_raw=UNIDAD | seccion=SECCION TERMINACION | precio_unitario_raw=20000.0 | total_raw=0.0
CAMA CHEMBER 2X2,REGLETA DELGADA,1.0,FORMULA,,,,,,unidad_raw=UNIDAD | seccion=SECCION TERMINACION | precio_unitario_raw=20000.0 | total_raw=0.0
CAMA CHEMBER 2X2,LAMPARAS DE LUZ,1.0,FORMULA,,,,,,unidad_raw=UNIDADES | seccion=SECCION TERMINACION | precio_unitario_raw=100000.0 | total_raw=0.0
CAMA CHEMBER 2X2,CABLE DE 12,1.0,FORMULA,,,,,,unidad_raw=METROS | seccion=SECCION TERMINACION | precio_unitario_raw=3000.0 | total_raw=0.0
CAMA CHEMBER 2X2,APAGADORES,1.0,FORMULA,,,,,,unidad_raw=PAR | seccion=SECCION TERMINACION | precio_unitario_raw=1500.0 | total_raw=0.0
CAMA CHEMBER 2X2,ENCHUFLES BLANCO MACHO,1.0,FORMULA,,,,,,unidad_raw=UNIDADES | seccion=SECCION TERMINACION | precio_unitario_raw=2000.0 | total_raw=0.0
CAMA CHEMBER 2X2,HERRAJES DE CAMA,1.0,FORMULA,,,,,,unidad_raw=PAR | seccion=SECCION TERMINACION | precio_unitario_raw=160000.0 | total_raw=0.0
CAMA CHEMBER 2X2,JALADORES,1.0,FIJO,,,,,,unidad_raw=UNIDAD | seccion=SECCION TERMINACION | precio_unitario_raw=26800.0 | total_raw=0.0
CAMA CHEMBER 2X2,MULTIUSOS,1.0,FORMULA,,,,,,unidad_raw=UNIDADES | seccion=SECCION TERMINACION | precio_unitario_raw=3000.0 | total_raw=0.0
CAMA CHEMBER 2X2,CORREDERAS,1.0,FIJO,,,,,,unidad_raw=unidades | seccion=SECCION TERMINACION | precio_unitario_raw=8000.0 | total_raw=0.0
CAMA CHEMBER 2X2,EMBALADA,1.0,FORMULA,,,,,,unidad_raw=unidades | seccion=SECCION TERMINACION | precio_unitario_raw=150000.0 | total_raw=0.0
CAMA CHEMBER 2X2,SECCION TENDIDO,1.0,FORMULA,,,,,,seccion=SECCION TERMINACION | total_raw=0.0
CAMA CHEMBER 2X2,MADERA 60X1X4,614.0,FORMULA,,,,,,unidad_raw=APAMATE | seccion=SECCION TERMINACION | precio_unitario_raw=140.0 | total_raw=85960.0
CAMA CHEMBER 2X2,GRAPAS,0.1,ESPACIADO,,,,,,unidad_raw=CAJA | seccion=PATA DE TENDIDO | precio_unitario_raw=12000.0 | total_raw=1200.0
CAMA CHEMBER 2X2,MDF DE 9,1.0,AREA,,,,,,unidad_raw=LAMINA | seccion=PATA DE TENDIDO | precio_unitario_raw=140000.0 | total_raw=140000.0
CAMA CHEMBER 2X2,COLBON,0.2,VOLUMEN,,,,,,unidad_raw=LITRO | seccion=PATA DE TENDIDO | precio_unitario_raw=14000.0 | total_raw=2800.0
CAMA CHEMBER 2X2,"TORNILLOS DE 2""",30.0,ESPACIADO,,,,,,unidad_raw=UNIDAD | seccion=PATA DE TENDIDO | precio_unitario_raw=100.0 | total_raw=3000.0
CAMA CHEMBER 2X2,CLAVILLO,2.0,ESPACIADO,,,,,,unidad_raw=TIRA | seccion=PATA DE TENDIDO | precio_unitario_raw=1000.0 | total_raw=2000.0
CAMA CHEMBER 2X2,HECHURA,1.0,FIJO,,,,,,unidad_raw=UNIDAD | seccion=PATA DE TENDIDO | precio_unitario_raw=60000.0 | total_raw=60000.0
CAMA CHEMBER 2X2,SECCION TAPICERIA,1.0,FORMULA,,,,,,unidad_raw=MANO DE OBRA= | seccion=SECCION TAPICERIA MANO DE OBRA=
CAMA CHEMBER 2X2,TELA DIVERSA BEIS,12.0,AREA,,,,,,unidad_raw=METROS | seccion=SECCION TAPICERIA MANO DE OBRA= | precio_unitario_raw=29899.0 | total_raw=358788.0
CAMA CHEMBER 2X2,ESPUMA 1/2 ROSADA,0.5,AREA,,,,,,unidad_raw=LAMINA | seccion=SECCION TAPICERIA MANO DE OBRA= | precio_unitario_raw=6630.0 | total_raw=3315.0
CAMA CHEMBER 2X2,GRAPAS,0.4,ESPACIADO,,,,,,unidad_raw=CAJA DE GRAPAS | seccion=SECCION TAPICERIA MANO DE OBRA= | precio_unitario_raw=12000.0 | total_raw=4800.0
CAMA CHEMBER 2X2,PATAS L PLATEADAS,1.0,FIJO,,,,,,unidad_raw=UNIDADES | seccion=SECCION TAPICERIA MANO DE OBRA= | precio_unitario_raw=8000.0 | total_raw=0.0
CAMA CHEMBER 2X2,TORNILLOS,1.0,FIJO,,,,,,unidad_raw=UNIDADES | seccion=SECCION TAPICERIA MANO DE OBRA= | precio_unitario_raw=100.0 | total_raw=0.0
CAMA CHEMBER 2X2,ESPUMA DE 1 1/2'' ROSADA,1.0,AREA,,,,,,unidad_raw=UNIDADES | seccion=SECCION TAPICERIA MANO DE OBRA= | precio_unitario_raw=26000.0 | total_raw=26000.0
CAMA CHEMBER 2X2,ESPUMA 2 AZUL,2.5,AREA,,,,,,unidad_raw=LAMINA | seccion=SECCION TAPICERIA MANO DE OBRA= | precio_unitario_raw=41340.0 | total_raw=103350.0
CAMA CHEMBER 2X2,ESPUMA 1 1/2'' AZUL,1.0,FORMULA,,,,,,unidad_raw=MTS | seccion=SECCION TAPICERIA MANO DE OBRA= | precio_unitario_raw=1000.0 | total_raw=0.0
CAMA CHEMBER 2X2,COSTAL,5.0,AREA,,,,,,unidad_raw=METROS | seccion=SECCION TAPICERIA MANO DE OBRA= | precio_unitario_raw=4000.0 | total_raw=20000.0
CAMA CHEMBER 2X2,HILO,1.0,FORMULA,,,,,,unidad_raw=UNIDAD | seccion=SECCION TAPICERIA MANO DE OBRA= | precio_unitario_raw=25000.0 | total_raw=0.0
CAMA CHEMBER 2X2,CABUYA,0.5,FORMULA,,,,,,unidad_raw=ROLLO | seccion=SECCION TAPICERIA MANO DE OBRA= | precio_unitario_raw=12000.0 | total_raw=6000.0
CAMA CHEMBER 2X2,SUPER,0.4,VOLUMEN,,,,,,unidad_raw=LITRO | seccion=SECCION TAPICERIA MANO DE OBRA= | precio_unitario_raw=19000.0 | total_raw=7600.0
CAMA CHEMBER 2X2,CARTON,1.0,FORMULA,,,,,,unidad_raw=UNIDADES | seccion=SECCION TAPICERIA MANO DE OBRA= | precio_unitario_raw=5000.0 | total_raw=0.0
CAMA CHEMBER 2X2,HECHURA,1.0,FIJO,,,,,,unidad_raw=CAMA | seccion=SECCION TAPICERIA MANO DE OBRA= | precio_unitario_raw=210000.0 | total_raw=210000.0
CAMA CHEMBER 2X2,LENCILLO,1.0,FORMULA,,,,,,unidad_raw=METROS | seccion=SECCION TAPICERIA MANO DE OBRA= | precio_unitario_raw=2650.0 | total_raw=0.0
"CAMA ROMANA ""CAPITONEADA 2*2",MADERA,1.5,LINEAL,,,,,,unidad_raw=CMS | precio_unitario_raw=135000.0 | total_raw=202500.0
"CAMA ROMANA ""CAPITONEADA 2*2",COLBON,1.0,VOLUMEN,,,,,,unidad_raw=LITRO | precio_unitario_raw=14000.0 | total_raw=14000.0
"CAMA ROMANA ""CAPITONEADA 2*2",PARES DE GANCHOS MULTIUSO,4.0,FORMULA,,,,,,unidad_raw=Unidad | precio_unitario_raw=3000.0 | total_raw=12000.0
"CAMA ROMANA ""CAPITONEADA 2*2",CLAVILLOS,10.0,ESPACIADO,,,,,,unidad_raw=TIRA F30 | precio_unitario_raw=1000.0 | total_raw=10000.0
"CAMA ROMANA ""CAPITONEADA 2*2","TORNILLOS DE 2""",150.0,ESPACIADO,,,,,,unidad_raw=Unidad | precio_unitario_raw=100.0 | total_raw=15000.0
"CAMA ROMANA ""CAPITONEADA 2*2",GRAPAS,0.8,ESPACIADO,,,,,,unidad_raw=TIRA | precio_unitario_raw=500.0 | total_raw=400.0
"CAMA ROMANA ""CAPITONEADA 2*2",CLAVILLOS,10.0,ESPACIADO,,,,,,unidad_raw=TIRA F40 | precio_unitario_raw=1000.0 | total_raw=10000.0
"CAMA ROMANA ""CAPITONEADA 2*2",GANCHOS PARA CAMA,1.0,FIJO,,,,,,unidad_raw=PAR | precio_unitario_raw=20000.0 | total_raw=20000.0
"CAMA ROMANA ""CAPITONEADA 2*2",MADERA,1.1,LINEAL,,,,,,unidad_raw=CMS | seccion=TENDIDO DE REJAS | precio_unitario_raw=135000.0 | total_raw=148500.0
"CAMA ROMANA ""CAPITONEADA 2*2",GRAPAS,0.7,ESPACIADO,,,,,,unidad_raw=TIRA | seccion=TENDIDO DE REJAS | precio_unitario_raw=500.0 | total_raw=350.0
"CAMA ROMANA ""CAPITONEADA 2*2",CLAVILLOS,6.0,ESPACIADO,,,,,,unidad_raw=TIRA F30 | seccion=TENDIDO DE REJAS | precio_unitario_raw=1000.0 | total_raw=6000.0
"CAMA ROMANA ""CAPITONEADA 2*2","TORNILLOS DE 2""",40.0,ESPACIADO,,,,,,unidad_raw=Unidad | seccion=TENDIDO DE REJAS | precio_unitario_raw=100.0 | total_raw=4000.0
"CAMA ROMANA ""CAPITONEADA 2*2",COLBON,0.5,VOLUMEN,,,,,,unidad_raw=litro | seccion=TENDIDO DE REJAS | precio_unitario_raw=14000.0 | total_raw=7000.0
"CAMA ROMANA ""CAPITONEADA 2*2",LIENCILLO,2.0,LINEAL,,,,,,unidad_raw=METROS | seccion=TENDIDO DE REJAS | precio_unitario_raw=3000.0 | total_raw=6000.0
"CAMA ROMANA ""CAPITONEADA 2*2",HECHURA DEL TENDIDO,1.0,FIJO,,,,,,unidad_raw=* 5% | seccion=TENDIDO DE REJAS | precio_unitario_raw=40000.0 | total_raw=42000.0
"CAMA ROMANA ""CAPITONEADA 2*2",MADERA,0.12,LINEAL,,,,,,unidad_raw=CMS | seccion=TENDIDO DE REJAS | precio_unitario_raw=135000.0 | total_raw=16200.0
"CAMA ROMANA ""CAPITONEADA 2*2","TORNILLOS DE 2""",10.0,ESPACIADO,,,,,,unidad_raw=Unidad | seccion=TENDIDO DE REJAS | precio_unitario_raw=100.0 | total_raw=1000.0
"CAMA ROMANA ""CAPITONEADA 2*2",COLBON,0.1,VOLUMEN,,,,,,unidad_raw=litro | seccion=TENDIDO DE REJAS | precio_unitario_raw=14000.0 | total_raw=1400.0
"CAMA ROMANA ""CAPITONEADA 2*2",ESPUMA ROSADA 2,1.0,AREA,,,,,,unidad_raw=* UNIDADES | seccion=SECCION TAPICERIA | precio_unitario_raw=48000.0 | total_raw=48000.0
"CAMA ROMANA ""CAPITONEADA 2*2",ESPUMA ROSADA DE 1 1/2,2.5,AREA,,,,,,unidad_raw=* UNIDADES | seccion=SECCION TAPICERIA | precio_unitario_raw=33000.0 | total_raw=82500.0
"CAMA ROMANA ""CAPITONEADA 2*2",COSTAL,2.3,AREA,,,,,,unidad_raw=* METRO | seccion=SECCION TAPICERIA | precio_unitario_raw=25000.0 | total_raw=57500.0
"CAMA ROMANA ""CAPITONEADA 2*2",ESPUMA ROSADA DE 2P,1.0,AREA,,,,,,unidad_raw=* UNIDADES | seccion=SECCION TAPICERIA | precio_unitario_raw=29000.0 | total_raw=29000.0
"CAMA ROMANA ""CAPITONEADA 2*2",CASQUETES,215.0,FORMULA,,,,,,unidad_raw=* UNIDADES | seccion=SECCION TAPICERIA | precio_unitario_raw=170.0 | total_raw=36550.0
"CAMA ROMANA ""CAPITONEADA 2*2",CANAMO,1.0,FIJO,,,,,,unidad_raw=* UNIDADES | seccion=SECCION TAPICERIA | precio_unitario_raw=30000.0 | total_raw=30000.0
"CAMA ROMANA ""CAPITONEADA 2*2",TELA,10.0,AREA,,,,,,unidad_raw=* METRO | seccion=SECCION TAPICERIA | precio_unitario_raw=25000.0 | total_raw=250000.0
"CAMA ROMANA ""CAPITONEADA 2*2",SUPER,1.0,VOLUMEN,,,,,,unidad_raw=PISTOLADA | seccion=SECCION TAPICERIA | precio_unitario_raw=19000.0 | total_raw=19000.0
"CAMA ROMANA ""CAPITONEADA 2*2",HILO,1.0,FIJO,,,,,,unidad_raw=* UNIDADES | seccion=SECCION TAPICERIA | precio_unitario_raw=5000.0 | total_raw=5000.0
"CAMA ROMANA ""CAPITONEADA 2*2",CAJA DE GRAPAS,1.0,ESPACIADO,,,,,,unidad_raw=CAJA | seccion=SECCION TAPICERIA | precio_unitario_raw=10000.0 | total_raw=10000.0
"CAMA ROMANA ""CAPITONEADA 2*2",FIELTRO,1.2,LINEAL,,,,,,unidad_raw=* METRO | seccion=SECCION TAPICERIA | precio_unitario_raw=3000.0 | total_raw=3600.0
"CAMA ROMANA ""CAPITONEADA 2*2",Gastos deTapiceria el 10%,1.0,FORMULA,,,,,,seccion=SECCION TAPICERIA | total_raw=78115.0
"CAMA ROMANA ""CAPITONEADA 2*2",COLOR BEIS O BEIGE,0.2,VOLUMEN,,,,,,unidad_raw=* LITRO | seccion=PINTURA DE 4 PATAS | precio_unitario_raw=18000.0 | total_raw=3600.0
"CAMA ROMANA ""CAPITONEADA 2*2",LACA SEMI MATE,0.2,VOLUMEN,,,,,,unidad_raw=* LITRO | seccion=PINTURA DE 4 PATAS | precio_unitario_raw=24000.0 | total_raw=4800.0
"CAMA ROMANA ""CAPITONEADA 2*2",SELLADOR,0.2,VOLUMEN,,,,,,unidad_raw=* LITRO | seccion=PINTURA DE 4 PATAS | precio_unitario_raw=18000.0 | total_raw=3600.0
"CAMA ROMANA ""CAPITONEADA 2*2",PREPARADA(JOTA) PINTURA,4.0,FORMULA,,,,,,unidad_raw=* 5% | seccion=PINTURA DE 4 PATAS | precio_unitario_raw=4000.0 | total_raw=4200.0
"CAMA ROMANA ""CAPITONEADA 2*2",PINTURA ( ALEX),4.0,FORMULA,,,,,,unidad_raw=* 5% | seccion=PINTURA DE 4 PATAS | precio_unitario_raw=2800.0 | total_raw=2940.0
"CAMA ROMANA ""CAPITONEADA 2*2",Gastos de PINTURA el 10%,1.0,FORMULA,,,,,,seccion=PINTURA DE 4 PATAS | total_raw=1914.0
CAMA DINASTIA 2*2,MADERA,1.3,LINEAL,,,,,,unidad_raw=CMS | precio_unitario_raw=135000.0 | total_raw=175500.0
CAMA DINASTIA 2*2,COLBON,0.5,VOLUMEN,,,,,,unidad_raw=LITRO | precio_unitario_raw=14000.0 | total_raw=7000.0
CAMA DINASTIA 2*2,UNDUPLAC,0.0,AREA,,,,,,unidad_raw=LAMINA ( 55*56) | precio_unitario_raw=13750.0 | total_raw=0.0
CAMA DINASTIA 2*2,PARES DE GANCHOS,2.0,FORMULA,,,,,,unidad_raw=MULTIUSOS | precio_unitario_raw=3000.0 | total_raw=6000.0
CAMA DINASTIA 2*2,CLAVILLOS,5.0,ESPACIADO,,,,,,unidad_raw=TIRA F15 | precio_unitario_raw=1000.0 | total_raw=5000.0
CAMA DINASTIA 2*2,CLAVILLOS,10.0,ESPACIADO,,,,,,unidad_raw=TIRA F30 | precio_unitario_raw=1000.0 | total_raw=10000.0
CAMA DINASTIA 2*2,"TORNILLOS DE 2""",125.0,ESPACIADO,,,,,,unidad_raw=Unidad | precio_unitario_raw=100.0 | total_raw=12500.0
CAMA DINASTIA 2*2,GRAPAS,15.0,ESPACIADO,,,,,,unidad_raw=TIRA | precio_unitario_raw=500.0 | total_raw=7500.0
CAMA DINASTIA 2*2,CLAVILLOS,5.0,ESPACIADO,,,,,,unidad_raw=TIRA F40 | precio_unitario_raw=1000.0 | total_raw=5000.0
CAMA DINASTIA 2*2,CLAVILLOS,10.0,ESPACIADO,,,,,,unidad_raw=TIRA F50 | precio_unitario_raw=1000.0 | total_raw=10000.0
CAMA DINASTIA 2*2,GANCHOS CAMA,1.0,FIJO,,,,,,unidad_raw=PAR | precio_unitario_raw=20000.0 | total_raw=20000.0
CAMA DINASTIA 2*2,MDF DE 9MM,0.0,AREA,,,,,,unidad_raw=RETAL | precio_unitario_raw=46000.0 | total_raw=23000.0
CAMA DINASTIA 2*2,GASOS DEL 10 %,1.0,FORMULA,,,,,,total_raw=59650.0
CAMA DINASTIA 2*2,MADERA,1.1,LINEAL,,,,,,unidad_raw=CMS | seccion=TENDIDOS | precio_unitario_raw=135000.0 | total_raw=148500.0
CAMA DINASTIA 2*2,GRAPAS,0.7,ESPACIADO,,,,,,unidad_raw=TIRA | seccion=TENDIDOS | precio_unitario_raw=500.0 | total_raw=350.0
CAMA DINASTIA 2*2,CLAVILLOS,6.0,ESPACIADO,,,,,,unidad_raw=TIRA F30 | seccion=TENDIDOS | precio_unitario_raw=1000.0 | total_raw=6000.0
CAMA DINASTIA 2*2,"TORNILLOS DE 2""",40.0,ESPACIADO,,,,,,unidad_raw=Unidad | seccion=TENDIDOS | precio_unitario_raw=100.0 | total_raw=4000.0
CAMA DINASTIA 2*2,COLBON,0.5,VOLUMEN,,,,,,unidad_raw=litro | seccion=TENDIDOS | precio_unitario_raw=14000.0 | total_raw=7000.0
CAMA DINASTIA 2*2,LIENCILLO,2.0,LINEAL,,,,,,unidad_raw=METROS | seccion=TENDIDOS | precio_unitario_raw=3000.0 | total_raw=6000.0
CAMA DINASTIA 2*2,HECHURA DEL TENDIDO,1.0,FIJO,,,,,,unidad_raw=* 5% | seccion=TENDIDOS | precio_unitario_raw=40000.0 | total_raw=42000.0
CAMA DINASTIA 2*2,Gastos de Ebanisteria el 10%,1.0,FORMULA,,,,,,seccion=TENDIDOS | total_raw=22435.0
CAMA DINASTIA 2*2,MADERA,0.12,LINEAL,,,,,,unidad_raw=CMS | seccion=TENDIDOS | precio_unitario_raw=135000.0 | total_raw=16200.0
CAMA DINASTIA 2*2,"TORNILLOS DE 2""",10.0,ESPACIADO,,,,,,unidad_raw=Unidad | seccion=TENDIDOS | precio_unitario_raw=100.0 | total_raw=1000.0
CAMA DINASTIA 2*2,COLBON,0.1,VOLUMEN,,,,,,unidad_raw=litro | seccion=TENDIDOS | precio_unitario_raw=14000.0 | total_raw=1400.0
CAMA DINASTIA 2*2,Gastos de Ebanisteria el 10%,1.0,FORMULA,,,,,,seccion=TENDIDOS | total_raw=3435.0
CAMA DINASTIA 2*2,ESPUMA AZUL DE 1 P,2.0,AREA,,,,,,unidad_raw=* UNIDADES | seccion=SECCION TAPICERIA | precio_unitario_raw=18000.0 | total_raw=36000.0
CAMA DINASTIA 2*2,ESPUMA ROSADA DE 1 1/2,1.0,FORMULA,,,,,,unidad_raw=* UNIDADES | seccion=SECCION TAPICERIA | precio_unitario_raw=33000.0 | total_raw=0.0
CAMA DINASTIA 2*2,ESPUMA AZUL DE 1 Y 1/2 P,1.0,FORMULA,,,,,,unidad_raw=* UNIDADES | seccion=SECCION TAPICERIA | precio_unitario_raw=26500.0 | total_raw=0.0
CAMA DINASTIA 2*2,ESPUMA GRIS DE 1 Y 1/2 P,1.0,FORMULA,,,,,,unidad_raw=* UNIDADES | seccion=SECCION TAPICERIA
CAMA DINASTIA 2*2,CAZATA,0.2,LINEAL,,,,,,unidad_raw=* METRO | seccion=SECCION TAPICERIA | precio_unitario_raw=64000.0 | total_raw=12800.0
CAMA DINASTIA 2*2,COSTAL,5.0,AREA,,,,,,unidad_raw=* METRO | seccion=SECCION TAPICERIA | precio_unitario_raw=3000.0 | total_raw=15000.0
CAMA DINASTIA 2*2,ESPUMA ROSADA DE 2P,0.0,AREA,,,,,,unidad_raw=* UNIDADES | seccion=SECCION TAPICERIA | precio_unitario_raw=29000.0 | total_raw=0.0
CAMA DINASTIA 2*2,LENCILLOO,2.0,LINEAL,,,,,,unidad_raw=METROS | seccion=SECCION TAPICERIA | precio_unitario_raw=3000.0 | total_raw=6000.0
CAMA DINASTIA 2*2,CANAMO,1.0,FORMULA,,,,,,unidad_raw=* UNIDADES | seccion=SECCION TAPICERIA | precio_unitario_raw=30000.0 | total_raw=0.0
CAMA DINASTIA 2*2,TELA,9.0,AREA,,,,,,unidad_raw=* METRO | seccion=SECCION TAPICERIA | precio_unitario_raw=28000.0 | total_raw=252000.0
CAMA DINASTIA 2*2,SUPER,0.2,LINEAL,,,,,,unidad_raw=PISTOLADAML | seccion=SECCION TAPICERIA | precio_unitario_raw=19000.0 | total_raw=3800.0
CAMA DINASTIA 2*2,GUATA 300,4.2,LINEAL,,,,,,unidad_raw=* METRO | seccion=SECCION TAPICERIA | precio_unitario_raw=18500.0 | total_raw=77700.0
CAMA DINASTIA 2*2,HILO,0.2,FORMULA,,,,,,unidad_raw=* UNIDADES | seccion=SECCION TAPICERIA | precio_unitario_raw=27000.0 | total_raw=5400.0
CAMA DINASTIA 2*2,CAJA DE GRAPAS,0.5,ESPACIADO,,,,,,unidad_raw=CAJA | seccion=SECCION TAPICERIA | precio_unitario_raw=10000.0 | total_raw=5000.0
CAMA DINASTIA 2*2,"TORNILLOS DE 2""",15.0,ESPACIADO,,,,,,unidad_raw=Unidad | seccion=SECCION TAPICERIA | precio_unitario_raw=100.0 | total_raw=1500.0
CAMA DINASTIA 2*2,ALGODON,3.0,FORMULA,,,,,,unidad_raw=KILOS | seccion=SECCION TAPICERIA | precio_unitario_raw=14000.0 | total_raw=42000.0
CAMA DINASTIA 2*2,FIELTRO,1.0,LINEAL,,,,,,unidad_raw=* METRO | seccion=SECCION TAPICERIA | precio_unitario_raw=17000.0 | total_raw=17000.0
CAMA DINASTIA 2*2,CILINDRICAS DE 15 CM ALTO,2.0,FORMULA,,,,,,unidad_raw=* UNIDADES | seccion=SECCION TAPICERIA | precio_unitario_raw=18000.0 | total_raw=36000.0
CAMA DINASTIA 2*2,LACA SEMI MATE,0.0,VOLUMEN,,,,,,unidad_raw=* LITRO | seccion=SECCION TAPICERIA | precio_unitario_raw=24000.0 | total_raw=0.0
CAMA DINASTIA 2*2,SELLADOR,0.0,VOLUMEN,,,,,,unidad_raw=* LITRO | seccion=SECCION TAPICERIA | precio_unitario_raw=18000.0 | total_raw=0.0
CAMA DINASTIA 2*2,"TORNILLOS DE 2""",8.0,ESPACIADO,,,,,,unidad_raw=Unidad | seccion=SECCION TAPICERIA | precio_unitario_raw=100.0 | total_raw=800.0
CAMA DINASTIA 2*2,PREPARADA(JOTA) PINTURA,0.0,FORMULA,,,,,,unidad_raw=* 5% | seccion=SECCION TAPICERIA | precio_unitario_raw=0.0 | total_raw=0.0
CAMA DINASTIA 2*2,PINTURA ( ALEX),0.0,FORMULA,,,,,,unidad_raw=* 5% | seccion=SECCION TAPICERIA | precio_unitario_raw=0.0 | total_raw=0.0
CAMA DINASTIA 2*2,Gastos de PINTURA el 10%,1.0,FORMULA,,,,,,seccion=SECCION TAPICERIA | total_raw=0.0
cama del modelo cadeneta,MADERA,1502.0,LINEAL,,,,,,unidad_raw=CMS | precio_unitario_raw=135.0 | total_raw=202770.0
cama del modelo cadeneta,LAM MDF 9,2.0,AREA,,,,,,unidad_raw=Unidad | precio_unitario_raw=136000.0 | total_raw=272000.0
cama del modelo cadeneta,LAM MDF 15,0.25,AREA,,,,,,unidad_raw=Unidad | precio_unitario_raw=207000.0 | total_raw=51750.0
cama del modelo cadeneta,LAM MDF 2.7,2.0,AREA,,,,,,unidad_raw=Unidad | precio_unitario_raw=65000.0 | total_raw=130000.0
cama del modelo cadeneta,COLBON,1.75,VOLUMEN,,,,,,unidad_raw=litros | precio_unitario_raw=14000.0 | total_raw=24500.0
cama del modelo cadeneta,GRAPAS,0.25,ESPACIADO,,,,,,unidad_raw=Unidad | precio_unitario_raw=20000.0 | total_raw=5000.0
cama del modelo cadeneta,CLAVILLOS,2.0,ESPACIADO,,,,,,unidad_raw=TIRA | precio_unitario_raw=1000.0 | total_raw=2000.0
cama del modelo cadeneta,CLAVILLOS,4.0,ESPACIADO,,,,,,unidad_raw=TIRA | precio_unitario_raw=1000.0 | total_raw=4000.0
cama del modelo cadeneta,CLAVILLOS,15.0,ESPACIADO,,,,,,unidad_raw=TIRA | precio_unitario_raw=1000.0 | total_raw=15000.0
cama del modelo cadeneta,SUPER,1.0,FORMULA,,,,,,unidad_raw=LITRO | total_raw=0.0
cama del modelo cadeneta,"TORNILLOS DE 2""",200.0,ESPACIADO,,,,,,unidad_raw=Unidad | precio_unitario_raw=100.0 | total_raw=20000.0
cama del modelo cadeneta,FABRICACION x5%,1.0,FORMULA,,,,,,total_raw=420000.0
cama del modelo cadeneta,gastos de Ebanisteria e 10%,1.0,FORMULA,,,,,,total_raw=114702.0
cama del modelo cadeneta,PREPARADO,1.0,FIJO,,,,,,unidad_raw=CON EL 5% | seccion=SECCION PINTURA | precio_unitario_raw=60000.0 | total_raw=63000.0
cama del modelo cadeneta,PINTURA,1.0,FIJO,,,,,,unidad_raw=CON EL 5% | seccion=SECCION PINTURA | precio_unitario_raw=30000.0 | total_raw=31500.0
cama del modelo cadeneta,SELLADOR,2.0,VOLUMEN,,,,,,unidad_raw=PISTOLADAS | seccion=SECCION PINTURA | precio_unitario_raw=19000.0 | total_raw=38000.0
cama del modelo cadeneta,LIJA,2.0,FORMULA,,,,,,unidad_raw=unidades | seccion=SECCION PINTURA | precio_unitario_raw=2000.0 | total_raw=4000.0
cama del modelo cadeneta,PATAS,4.0,FORMULA,,,,,,unidad_raw=PATAS | seccion=SECCION PINTURA | precio_unitario_raw=5000.0 | total_raw=20000.0
cama del modelo cadeneta,TALCO,1.0,FORMULA,,,,,,unidad_raw=KILOS | seccion=SECCION PINTURA | precio_unitario_raw=5000.0 | total_raw=0.0
cama del modelo cadeneta,ESMALTE NEGRO,1.0,FORMULA,,,,,,unidad_raw=GALON | seccion=SECCION PINTURA | precio_unitario_raw=13000.0 | total_raw=0.0
cama del modelo cadeneta,ENCINA,0.0,VOLUMEN,,,,,,unidad_raw=GALON | seccion=SECCION PINTURA | precio_unitario_raw=100000.0 | total_raw=0.0
cama del modelo cadeneta,TINER,2.0,VOLUMEN,,,,,,unidad_raw=LITRO | seccion=SECCION PINTURA | precio_unitario_raw=8500.0 | total_raw=17000.0
cama del modelo cadeneta,COLOR,1.75,VOLUMEN,,,,,,unidad_raw=PISTOLADA | seccion=SECCION PINTURA | precio_unitario_raw=20000.0 | total_raw=35000.0
cama del modelo cadeneta,TINTE MIEL,0.0,VOLUMEN,,,,,,unidad_raw=galon | seccion=SECCION PINTURA | precio_unitario_raw=28000.0 | total_raw=0.0
cama del modelo cadeneta,GASOLINA,1.0,FIJO,,,,,,seccion=SECCION PINTURA | precio_unitario_raw=5000.0 | total_raw=5000.0
cama del modelo cadeneta,RESANE,0.5,VOLUMEN,,,,,,unidad_raw=LITRO | seccion=SECCION PINTURA | precio_unitario_raw=10000.0 | total_raw=5000.0
cama del modelo cadeneta,LACA,1.5,VOLUMEN,,,,,,unidad_raw=PISTOLADA | seccion=SECCION PINTURA | precio_unitario_raw=21000.0 | total_raw=31500.0
cama del modelo cadeneta,Gastos de Pintura 10%,1.0,FORMULA,,,,,,seccion=SECCION PINTURA | total_raw=25000.0
cama del modelo cadeneta,ESPEJOS DE CAMA,1.0,FIJO,,,,,,unidad_raw=unidades | seccion=SECCION TERMINACION | precio_unitario_raw=580000.0 | total_raw=580000.0
cama del modelo cadeneta,GANCHOS,1.0,FIJO,,,,,,unidad_raw=PAR | seccion=SECCION TERMINACION | precio_unitario_raw=20000.0 | total_raw=20000.0
cama del modelo cadeneta,CORREDERAS DE PEINADORA,1.0,FIJO,,,,,,unidad_raw=unidades | seccion=SECCION TERMINACION | precio_unitario_raw=20000.0 | total_raw=0.0
cama del modelo cadeneta,CORREDERAS DE NOCHERO,0.0,FORMULA,,,,,,unidad_raw=unidades | seccion=SECCION TERMINACION | precio_unitario_raw=20000.0 | total_raw=0.0
cama del modelo cadeneta,EMBALADA,1.0,FIJO,,,,,,unidad_raw=unidades | seccion=SECCION TERMINACION | precio_unitario_raw=100000.0 | total_raw=100000.0
cama del modelo cadeneta,COLAPATO,1.0,FIJO,,,,,,seccion=SECCION TERMINACION | precio_unitario_raw=50000.0 | total_raw=50000.0
cama del modelo cadeneta,SECCION TENDIDO,1.0,FORMULA,,,,,,seccion=SECCION TERMINACION | total_raw=0.0
cama del modelo cadeneta,MADERA 60X1X4,924.0,LINEAL,,,,,,unidad_raw=CMS | seccion=SECCION TERMINACION | precio_unitario_raw=135.0 | total_raw=124740.0
cama del modelo cadeneta,TENDIDO,1.0,FIJO,,,,,,unidad_raw=DE 2X2 | seccion=SECCION TERMINACION | precio_unitario_raw=63000.0 | total_raw=63000.0
cama del modelo cadeneta,lamina de 9 mdf,1.0,AREA,,,,,,unidad_raw=unidades | seccion=SECCION TERMINACION | precio_unitario_raw=136000.0 | total_raw=136000.0
cama del modelo cadeneta,COLBON,200.0,FORMULA,,,,,,unidad_raw=unidades | seccion=SECCION TERMINACION | precio_unitario_raw=100.0 | total_raw=20000.0
cama del modelo cadeneta,"TORNILLOS DE 2""",10.0,ESPACIADO,,,,,,seccion=SECCION TERMINACION | precio_unitario_raw=100.0 | total_raw=1000.0
cama del modelo cadeneta,CLAVILLO f.50,2.0,ESPACIADO,,,,,,seccion=SECCION TERMINACION | precio_unitario_raw=1000.0 | total_raw=2000.0
cama del modelo cadeneta,CLAVILLO f.40,4.0,ESPACIADO,,,,,,unidad_raw=TIRAS | seccion=SECCION TERMINACION | precio_unitario_raw=2000.0 | total_raw=8000.0
cama del modelo cadeneta,CLAVILLO f.20,2.0,ESPACIADO,,,,,,unidad_raw=METROS | seccion=SECCION TERMINACION | precio_unitario_raw=5000.0 | total_raw=10000.0
cama del modelo cadeneta,GRAPAS,5.0,ESPACIADO,,,,,,seccion=SECCION TERMINACION | precio_unitario_raw=1000.0 | total_raw=5000.0
cama del modelo cadeneta,pop,2.0,LINEAL,,,,,,unidad_raw=metros | seccion=SECCION TERMINACION | precio_unitario_raw=3000.0 | total_raw=6000.0
cama del modelo cadeneta,postura,1.0,FIJO,,,,,,unidad_raw=UNI | seccion=SECCION TERMINACION | precio_unitario_raw=10500.0 | total_raw=10500.0
cama del modelo cadeneta,TELA,8.0,AREA,,,,,,seccion=SECCION TAPICERIA | precio_unitario_raw=20000.0 | total_raw=160000.0
cama del modelo cadeneta,ESTOPEROLES,1.0,FORMULA,,,,,,unidad_raw=METROS | seccion=SECCION TAPICERIA | precio_unitario_raw=1800.0 | total_raw=0.0
cama del modelo cadeneta,ESPUMA DE1. 1/5,1.0,AREA,,,,,,unidad_raw=AZUL | seccion=SECCION TAPICERIA | precio_unitario_raw=26500.0 | total_raw=26500.0
cama del modelo cadeneta,GRAPAS,1.0,ESPACIADO,,,,,,unidad_raw=CAJA DE GRAPAS | seccion=SECCION TAPICERIA | precio_unitario_raw=10000.0 | total_raw=10000.0
cama del modelo cadeneta,"ESPUMA AZUL 2""",1.0,AREA,,,,,,unidad_raw=UNIDADES | seccion=SECCION TAPICERIA | precio_unitario_raw=39000.0 | total_raw=39000.0
cama del modelo cadeneta,"TORNILLOS DE 1 1/2""",100.0,ESPACIADO,,,,,,unidad_raw=ROSADA | seccion=SECCION TAPICERIA | precio_unitario_raw=100.0 | total_raw=10000.0
cama del modelo cadeneta,ESPUMA DE 1 PULGADA,1.0,AREA,,,,,,unidad_raw=AZUL | seccion=SECCION TAPICERIA | precio_unitario_raw=18000.0 | total_raw=18000.0
cama del modelo cadeneta,CANAMO,1.0,FORMULA,,,,,,unidad_raw=CMS | seccion=SECCION TAPICERIA | total_raw=0.0
cama del modelo cadeneta,PEOPE,4.0,LINEAL,,,,,,unidad_raw=METROS | seccion=SECCION TAPICERIA | precio_unitario_raw=3000.0 | total_raw=12000.0
cama del modelo cadeneta,COSTAL,2.0,AREA,,,,,,unidad_raw=METROS | seccion=SECCION TAPICERIA | precio_unitario_raw=3000.0 | total_raw=6000.0
cama del modelo cadeneta,HILO,1.0,FIJO,,,,,,unidad_raw=UNIIDAD | seccion=SECCION TAPICERIA | precio_unitario_raw=27000.0 | total_raw=27000.0
cama del modelo cadeneta,SUPER,0.5,VOLUMEN,,,,,,unidad_raw=LITRO | seccion=SECCION TAPICERIA | precio_unitario_raw=16000.0 | total_raw=8000.0
cama del modelo cadeneta,HECHURA,1.0,FIJO,,,,,,seccion=SECCION TAPICERIA | precio_unitario_raw=210000.0 | total_raw=210000.0
cama del modelo cadeneta,CABULLA,1.0,FIJO,,,,,,seccion=SECCION TAPICERIA | precio_unitario_raw=9000.0 | total_raw=9000.0
cama del modelo cadeneta,MADERA,1.502,LINEAL,,,,,,unidad_raw=CMS | precio_unitario_raw=140000.0 | total_raw=210280.0
cama del modelo cadeneta,LAM MDF 9,3.0,AREA,,,,,,unidad_raw=Unidad | precio_unitario_raw=140000.0 | total_raw=420000.0
cama del modelo cadeneta,LAM MDF 15,0.25,AREA,,,,,,unidad_raw=Unidad | precio_unitario_raw=210000.0 | total_raw=52500.0
cama del modelo cadeneta,LAM MDF 2.7,2.0,AREA,,,,,,unidad_raw=Unidad | precio_unitario_raw=65000.0 | total_raw=130000.0
cama del modelo cadeneta,COLBON,1.75,VOLUMEN,,,,,,unidad_raw=litros | precio_unitario_raw=14000.0 | total_raw=24500.0
cama del modelo cadeneta,GRAPAS,0.25,ESPACIADO,,,,,,unidad_raw=Unidad | precio_unitario_raw=20000.0 | total_raw=5000.0
cama del modelo cadeneta,CLAVILLOS,2.0,ESPACIADO,,,,,,unidad_raw=TIRA | precio_unitario_raw=1000.0 | total_raw=2000.0
cama del modelo cadeneta,CLAVILLOS,4.0,ESPACIADO,,,,,,unidad_raw=TIRA | precio_unitario_raw=1000.0 | total_raw=4000.0
cama del modelo cadeneta,CLAVILLOS,15.0,ESPACIADO,,,,,,unidad_raw=TIRA | precio_unitario_raw=1000.0 | total_raw=15000.0
cama del modelo cadeneta,CORREDREAS,2.0,VOLUMEN,,,,,,unidad_raw=LITRO | precio_unitario_raw=28000.0 | total_raw=56000.0
cama del modelo cadeneta,"TORNILLOS DE 2""",200.0,ESPACIADO,,,,,,unidad_raw=Unidad | precio_unitario_raw=100.0 | total_raw=20000.0
cama del modelo cadeneta,FABRICACION x5%,1.0,FORMULA,,,,,,total_raw=420000.0
cama del modelo cadeneta,gastos de Ebanisteria e 10%,1.0,FORMULA,,,,,,total_raw=135928.0
cama del modelo cadeneta,PREPARADO,1.0,FIJO,,,,,,unidad_raw=CON EL 5% | seccion=SECCION PINTURA | precio_unitario_raw=60000.0 | total_raw=63000.0
cama del modelo cadeneta,PINTURA,1.0,FIJO,,,,,,unidad_raw=CON EL 5% | seccion=SECCION PINTURA | precio_unitario_raw=30000.0 | total_raw=31500.0
cama del modelo cadeneta,SELLADOR,2.0,VOLUMEN,,,,,,unidad_raw=PISTOLADAS | seccion=SECCION PINTURA | precio_unitario_raw=19000.0 | total_raw=38000.0
cama del modelo cadeneta,LIJA,2.0,FORMULA,,,,,,unidad_raw=unidades | seccion=SECCION PINTURA | precio_unitario_raw=2000.0 | total_raw=4000.0
cama del modelo cadeneta,PATAS,4.0,FORMULA,,,,,,unidad_raw=PATAS | seccion=SECCION PINTURA | precio_unitario_raw=5000.0 | total_raw=20000.0
cama del modelo cadeneta,TALCO,1.0,FORMULA,,,,,,unidad_raw=KILOS | seccion=SECCION PINTURA | precio_unitario_raw=5000.0 | total_raw=0.0
cama del modelo cadeneta,ESMALTE NEGRO,1.0,FORMULA,,,,,,unidad_raw=GALON | seccion=SECCION PINTURA | precio_unitario_raw=13000.0 | total_raw=0.0
cama del modelo cadeneta,ENCINA,0.0,VOLUMEN,,,,,,unidad_raw=GALON | seccion=SECCION PINTURA | precio_unitario_raw=100000.0 | total_raw=0.0
cama del modelo cadeneta,TINER,2.0,VOLUMEN,,,,,,unidad_raw=LITRO | seccion=SECCION PINTURA | precio_unitario_raw=8500.0 | total_raw=17000.0
cama del modelo cadeneta,COLOR,1.75,VOLUMEN,,,,,,unidad_raw=PISTOLADA | seccion=SECCION PINTURA | precio_unitario_raw=20000.0 | total_raw=35000.0
cama del modelo cadeneta,TINTE MIEL,0.0,VOLUMEN,,,,,,unidad_raw=galon | seccion=SECCION PINTURA | precio_unitario_raw=28000.0 | total_raw=0.0
cama del modelo cadeneta,GASOLINA,1.0,FIJO,,,,,,seccion=SECCION PINTURA | precio_unitario_raw=5000.0 | total_raw=5000.0
cama del modelo cadeneta,RESANE,0.5,VOLUMEN,,,,,,unidad_raw=LITRO | seccion=SECCION PINTURA | precio_unitario_raw=10000.0 | total_raw=5000.0
cama del modelo cadeneta,LACA,1.5,VOLUMEN,,,,,,unidad_raw=PISTOLADA | seccion=SECCION PINTURA | precio_unitario_raw=21000.0 | total_raw=31500.0
cama del modelo cadeneta,Gastos de Pintura 10%,1.0,FORMULA,,,,,,seccion=SECCION PINTURA | total_raw=25000.0
cama del modelo cadeneta,ESPEJOS DE CAMA,1.0,FIJO,,,,,,unidad_raw=unidades | seccion=SECCION TERMINACION | precio_unitario_raw=580000.0 | total_raw=580000.0
cama del modelo cadeneta,GANCHOS,1.0,FIJO,,,,,,unidad_raw=PAR | seccion=SECCION TERMINACION | precio_unitario_raw=20000.0 | total_raw=20000.0
cama del modelo cadeneta,CORREDERAS DE,1.0,FIJO,,,,,,unidad_raw=unidades | seccion=SECCION TERMINACION | precio_unitario_raw=20000.0 | total_raw=0.0
cama del modelo cadeneta,CORREDERAS DE NOCHERO,0.0,FORMULA,,,,,,unidad_raw=unidades | seccion=SECCION TERMINACION | precio_unitario_raw=20000.0 | total_raw=0.0
cama del modelo cadeneta,EMBALADA,1.0,FIJO,,,,,,unidad_raw=unidades | seccion=SECCION TERMINACION | precio_unitario_raw=100000.0 | total_raw=100000.0
cama del modelo cadeneta,COLAPATO,1.0,FIJO,,,,,,seccion=SECCION TERMINACION | precio_unitario_raw=50000.0 | total_raw=50000.0
cama del modelo cadeneta,SECCION TENDIDO,1.0,FORMULA,,,,,,seccion=SECCION TERMINACION | total_raw=0.0
cama del modelo cadeneta,MADERA 60X1X4,924.0,LINEAL,,,,,,unidad_raw=CMS | seccion=SECCION TERMINACION | precio_unitario_raw=135.0 | total_raw=124740.0
cama del modelo cadeneta,FABRICACION TENDIDO,1.0,FIJO,,,,,,unidad_raw=DE 2X2 | seccion=SECCION TERMINACION | precio_unitario_raw=63000.0 | total_raw=63000.0
cama del modelo cadeneta,lamina de 9 mdf,1.0,AREA,,,,,,unidad_raw=unidades | seccion=SECCION TERMINACION | precio_unitario_raw=136000.0 | total_raw=136000.0
cama del modelo cadeneta,COLBON,200.0,FORMULA,,,,,,unidad_raw=unidades | seccion=SECCION TERMINACION | precio_unitario_raw=100.0 | total_raw=20000.0
cama del modelo cadeneta,"TORNILLOS DE 2""",10.0,ESPACIADO,,,,,,seccion=SECCION TERMINACION | precio_unitario_raw=100.0 | total_raw=1000.0
cama del modelo cadeneta,CLAVILLO f.50,2.0,ESPACIADO,,,,,,seccion=SECCION TERMINACION | precio_unitario_raw=1000.0 | total_raw=2000.0
cama del modelo cadeneta,CLAVILLO f.40,4.0,ESPACIADO,,,,,,unidad_raw=TIRAS | seccion=SECCION TERMINACION | precio_unitario_raw=2000.0 | total_raw=8000.0
cama del modelo cadeneta,CLAVILLO f.20,2.0,ESPACIADO,,,,,,unidad_raw=METROS | seccion=SECCION TERMINACION | precio_unitario_raw=5000.0 | total_raw=10000.0
cama del modelo cadeneta,GRAPAS,5.0,ESPACIADO,,,,,,seccion=SECCION TERMINACION | precio_unitario_raw=1000.0 | total_raw=5000.0
cama del modelo cadeneta,pop,2.0,LINEAL,,,,,,unidad_raw=metros | seccion=SECCION TERMINACION | precio_unitario_raw=3000.0 | total_raw=6000.0
cama del modelo cadeneta,postura,1.0,FIJO,,,,,,unidad_raw=UNI | seccion=SECCION TERMINACION | precio_unitario_raw=10500.0 | total_raw=10500.0
cama del modelo cadeneta,TELA,5.0,AREA,,,,,,seccion=SECCION TAPICERIA | precio_unitario_raw=38000.0 | total_raw=190000.0
cama del modelo cadeneta,ESTOPEROLES,1.0,FORMULA,,,,,,unidad_raw=METROS | seccion=SECCION TAPICERIA | precio_unitario_raw=1800.0 | total_raw=0.0
cama del modelo cadeneta,ESPUMA DE1. 1/5,1.0,AREA,,,,,,unidad_raw=AZUL | seccion=SECCION TAPICERIA | precio_unitario_raw=26500.0 | total_raw=26500.0
cama del modelo cadeneta,GRAPAS,1.0,ESPACIADO,,,,,,unidad_raw=CAJA DE GRAPAS | seccion=SECCION TAPICERIA | precio_unitario_raw=10000.0 | total_raw=10000.0
cama del modelo cadeneta,"ESPUMA AZUL 2""",1.0,AREA,,,,,,unidad_raw=UNIDADES | seccion=SECCION TAPICERIA | precio_unitario_raw=39000.0 | total_raw=39000.0
cama del modelo cadeneta,"TORNILLOS DE 1 1/2""",100.0,ESPACIADO,,,,,,unidad_raw=ROSADA | seccion=SECCION TAPICERIA | precio_unitario_raw=100.0 | total_raw=10000.0
cama del modelo cadeneta,ESPUMA DE 1 PULGADA,1.0,AREA,,,,,,unidad_raw=AZUL | seccion=SECCION TAPICERIA | precio_unitario_raw=18000.0 | total_raw=18000.0
cama del modelo cadeneta,CANAMO,1.0,FORMULA,,,,,,unidad_raw=CMS | seccion=SECCION TAPICERIA | total_raw=0.0
cama del modelo cadeneta,PEOPE,4.0,LINEAL,,,,,,unidad_raw=METROS | seccion=SECCION TAPICERIA | precio_unitario_raw=3000.0 | total_raw=12000.0
cama del modelo cadeneta,COSTAL,2.0,AREA,,,,,,unidad_raw=METROS | seccion=SECCION TAPICERIA | precio_unitario_raw=3000.0 | total_raw=6000.0
cama del modelo cadeneta,HILO,1.0,FIJO,,,,,,unidad_raw=UNIIDAD | seccion=SECCION TAPICERIA | precio_unitario_raw=27000.0 | total_raw=27000.0
cama del modelo cadeneta,SUPER,0.5,VOLUMEN,,,,,,unidad_raw=LITRO | seccion=SECCION TAPICERIA | precio_unitario_raw=16000.0 | total_raw=8000.0
cama del modelo cadeneta,HECHURA,1.0,FIJO,,,,,,seccion=SECCION TAPICERIA | precio_unitario_raw=105000.0 | total_raw=105000.0
cama del modelo cadeneta,CABULLA,1.0,FIJO,,,,,,seccion=SECCION TAPICERIA | precio_unitario_raw=9000.0 | total_raw=9000.0
"CAMA ""CANADA 2*2",MADERA,1.3,LINEAL,,,,,,unidad_raw=CMS | precio_unitario_raw=135000.0 | total_raw=175500.0
"CAMA ""CANADA 2*2",COLBON,1.0,VOLUMEN,,,,,,unidad_raw=LITRO | precio_unitario_raw=14000.0 | total_raw=14000.0
"CAMA ""CANADA 2*2",UNDUPLAC,1.0,AREA,,,,,,unidad_raw=LAMINA ( 55*56) | precio_unitario_raw=13750.0 | total_raw=13750.0
"CAMA ""CANADA 2*2",PARES DE GANCHOS MULTIUSO,2.0,FORMULA,,,,,,unidad_raw=Unidad | precio_unitario_raw=3000.0 | total_raw=6000.0
"CAMA ""CANADA 2*2",CLAVILLOS,5.0,ESPACIADO,,,,,,unidad_raw=TIRA F15 | precio_unitario_raw=1000.0 | total_raw=5000.0
"CAMA ""CANADA 2*2",CLAVILLOS,10.0,ESPACIADO,,,,,,unidad_raw=TIRA F30 | precio_unitario_raw=1000.0 | total_raw=10000.0
"CAMA ""CANADA 2*2","TORNILLOS DE 2""",100.0,ESPACIADO,,,,,,unidad_raw=Unidad | precio_unitario_raw=100.0 | total_raw=10000.0
"CAMA ""CANADA 2*2",GRAPAS,0.8,ESPACIADO,,,,,,unidad_raw=TIRA | precio_unitario_raw=500.0 | total_raw=400.0
"CAMA ""CANADA 2*2",CLAVILLOS,0.0,ESPACIADO,,,,,,unidad_raw=TIRA F40 | precio_unitario_raw=1000.0 | total_raw=0.0
"CAMA ""CANADA 2*2",CLAVILLOS,10.0,ESPACIADO,,,,,,unidad_raw=TIRA F50 | precio_unitario_raw=1000.0 | total_raw=10000.0
"CAMA ""CANADA 2*2",GANCHOS PARA CAMA,1.0,FIJO,,,,,,unidad_raw=PAR | precio_unitario_raw=20000.0 | total_raw=20000.0
"CAMA ""CANADA 2*2","tablas de 1,00 de 10*2",2.0,FORMULA,,,,,,unidad_raw=tablas | precio_unitario_raw=8000.0 | total_raw=16000.0
"CAMA ""CANADA 2*2",MDF DE 9MM,1.0,AREA,,,,,,unidad_raw=RETAL | precio_unitario_raw=46000.0 | total_raw=23000.0
"CAMA ""CANADA 2*2",Gastos de Ebanisteria el 10%,1.0,FORMULA,,,,,,total_raw=61865.0
"CAMA ""CANADA 2*2",MADERA,1.25,LINEAL,,,,,,unidad_raw=CMS | seccion=TENDIDO DE REJAS | precio_unitario_raw=135000.0 | total_raw=168750.0
"CAMA ""CANADA 2*2",GRAPAS,0.7,ESPACIADO,,,,,,unidad_raw=TIRA | seccion=TENDIDO DE REJAS | precio_unitario_raw=500.0 | total_raw=350.0
"CAMA ""CANADA 2*2",CLAVILLOS,6.0,ESPACIADO,,,,,,unidad_raw=TIRA F30 | seccion=TENDIDO DE REJAS | precio_unitario_raw=1000.0 | total_raw=6000.0
"CAMA ""CANADA 2*2","TORNILLOS DE 2""",40.0,ESPACIADO,,,,,,unidad_raw=Unidad | seccion=TENDIDO DE REJAS | precio_unitario_raw=100.0 | total_raw=4000.0
"CAMA ""CANADA 2*2",COLBON,0.5,VOLUMEN,,,,,,unidad_raw=litro | seccion=TENDIDO DE REJAS | precio_unitario_raw=14000.0 | total_raw=7000.0
"CAMA ""CANADA 2*2",LIENCILLO,2.0,LINEAL,,,,,,unidad_raw=METROS | seccion=TENDIDO DE REJAS | precio_unitario_raw=3000.0 | total_raw=6000.0
"CAMA ""CANADA 2*2",HECHURA DEL TENDIDO,1.0,FIJO,,,,,,unidad_raw=* 5% | seccion=TENDIDO DE REJAS | precio_unitario_raw=40000.0 | total_raw=42000.0
"CAMA ""CANADA 2*2",Gastos de Ebanisteria el 10%,1.0,FORMULA,,,,,,seccion=TENDIDO DE REJAS | total_raw=24460.0
"CAMA ""CANADA 2*2",MADERA,0.12,LINEAL,,,,,,unidad_raw=CMS | seccion=TENDIDO DE REJAS | precio_unitario_raw=135000.0 | total_raw=16200.0
"CAMA ""CANADA 2*2","TORNILLOS DE 2""",10.0,ESPACIADO,,,,,,unidad_raw=Unidad | seccion=TENDIDO DE REJAS | precio_unitario_raw=100.0 | total_raw=1000.0
"CAMA ""CANADA 2*2",COLBON,0.1,VOLUMEN,,,,,,unidad_raw=litro | seccion=TENDIDO DE REJAS | precio_unitario_raw=14000.0 | total_raw=1400.0
"CAMA ""CANADA 2*2",Gastos de Ebanisteria el 10%,1.0,FORMULA,,,,,,seccion=TENDIDO DE REJAS | total_raw=3435.0
"CAMA ""CANADA 2*2",ESPUMA AZUL DE 1 P,0.5,AREA,,,,,,unidad_raw=* UNIDADES | seccion=SECCION TAPICERIA | precio_unitario_raw=18000.0 | total_raw=9000.0
"CAMA ""CANADA 2*2",ESPUMA ROSADA DE 1 1/2,0.75,AREA,,,,,,unidad_raw=* UNIDADES | seccion=SECCION TAPICERIA | precio_unitario_raw=33000.0 | total_raw=24750.0
"CAMA ""CANADA 2*2",ESPUMA AZUL DE 1 Y 1/2 P,0.5,AREA,,,,,,unidad_raw=* UNIDADES | seccion=SECCION TAPICERIA | precio_unitario_raw=26500.0 | total_raw=13250.0
"CAMA ""CANADA 2*2",ESPUMA GRIS DE 1 Y 1/2 P,1.0,AREA,,,,,,unidad_raw=* UNIDADES | seccion=SECCION TAPICERIA | precio_unitario_raw=46000.0 | total_raw=46000.0
"CAMA ""CANADA 2*2",CAZATA,0.2,LINEAL,,,,,,unidad_raw=* METRO | seccion=SECCION TAPICERIA | precio_unitario_raw=64000.0 | total_raw=12800.0
"CAMA ""CANADA 2*2",COSTAL,2.5,AREA,,,,,,unidad_raw=* METRO | seccion=SECCION TAPICERIA | precio_unitario_raw=25000.0 | total_raw=62500.0
"CAMA ""CANADA 2*2",ESPUMA ROSADA DE 2P,0.0,AREA,,,,,,unidad_raw=* UNIDADES | seccion=SECCION TAPICERIA | precio_unitario_raw=29000.0 | total_raw=0.0
"CAMA ""CANADA 2*2",ALGODON,2.0,FORMULA,,,,,,unidad_raw=* UNIDADES | seccion=SECCION TAPICERIA | precio_unitario_raw=14000.0 | total_raw=28000.0
"CAMA ""CANADA 2*2",CANAMO,0.1,FORMULA,,,,,,unidad_raw=* UNIDADES | seccion=SECCION TAPICERIA | precio_unitario_raw=30000.0 | total_raw=3000.0
"CAMA ""CANADA 2*2",TELA,8.0,AREA,,,,,,unidad_raw=* METRO | seccion=SECCION TAPICERIA | precio_unitario_raw=25000.0 | total_raw=200000.0
"CAMA ""CANADA 2*2",SUPER PARA PISTOLADA,1.0,VOLUMEN,,,,,,unidad_raw=PISTOLADA | seccion=SECCION TAPICERIA | precio_unitario_raw=19000.0 | total_raw=19000.0
"CAMA ""CANADA 2*2",GUATA 300,1.2,LINEAL,,,,,,unidad_raw=* METRO | seccion=SECCION TAPICERIA | precio_unitario_raw=18500.0 | total_raw=22200.0
"CAMA ""CANADA 2*2",HILO,1.0,FIJO,,,,,,unidad_raw=* UNIDADES | seccion=SECCION TAPICERIA | precio_unitario_raw=5000.0 | total_raw=5000.0
"CAMA ""CANADA 2*2",CAJA DE GRAPAS,0.5,ESPACIADO,,,,,,unidad_raw=CAJA | seccion=SECCION TAPICERIA | precio_unitario_raw=10000.0 | total_raw=5000.0
"CAMA ""CANADA 2*2","TORNILLOS DE 2""",15.0,ESPACIADO,,,,,,unidad_raw=Unidad | seccion=SECCION TAPICERIA | precio_unitario_raw=100.0 | total_raw=1500.0
"CAMA ""CANADA 2*2",FIELTRO,0.55,LINEAL,,,,,,unidad_raw=* METRO | seccion=SECCION TAPICERIA | precio_unitario_raw=17000.0 | total_raw=9350.0
"CAMA ""CANADA 2*2",Gastos deTapiceria el 10%,1.0,FORMULA,,,,,,seccion=SECCION TAPICERIA | total_raw=67135.0
"CAMA ""CANADA 2*2",CILINDRICAS DE 15 CM ALTO,2.0,FORMULA,,,,,,unidad_raw=* UNIDADES | seccion=SECCION TAPICERIA | precio_unitario_raw=18000.0 | total_raw=36000.0
"CAMA ""CANADA 2*2",LACA SEMI MATE,0.0,VOLUMEN,,,,,,unidad_raw=* LITRO | seccion=SECCION TAPICERIA | precio_unitario_raw=24000.0 | total_raw=0.0
"CAMA ""CANADA 2*2",SELLADOR,0.0,VOLUMEN,,,,,,unidad_raw=* LITRO | seccion=SECCION TAPICERIA | precio_unitario_raw=18000.0 | total_raw=0.0
"CAMA ""CANADA 2*2","TORNILLOS DE 2""",8.0,ESPACIADO,,,,,,unidad_raw=Unidad | seccion=SECCION TAPICERIA | precio_unitario_raw=100.0 | total_raw=800.0
"CAMA ""CANADA 2*2",PREPARADA(JOTA) PINTURA,0.0,FORMULA,,,,,,unidad_raw=* 5% | seccion=SECCION TAPICERIA | precio_unitario_raw=0.0 | total_raw=0.0
"CAMA ""CANADA 2*2",PINTURA ( ALEX),0.0,FORMULA,,,,,,unidad_raw=* 5% | seccion=SECCION TAPICERIA | precio_unitario_raw=0.0 | total_raw=0.0
"CAMA ""CANADA 2*2",Gastos de PINTURA el 10%,1.0,FORMULA,,,,,,seccion=SECCION TAPICERIA | total_raw=0.0
CAMA MODELO FRANYER DE 2X2 10/06/2025,MADERA (2),1500.0,FORMULA,,,,,,unidad_raw=APAMATE | precio_unitario_raw=140.0 | total_raw=210000.0
CAMA MODELO FRANYER DE 2X2 10/06/2025,"MDF DE 2,7",1.0,FORMULA,,,,,,unidad_raw=3 PEASOS DE 49X49 | precio_unitario_raw=65000.0 | total_raw=0.0
CAMA MODELO FRANYER DE 2X2 10/06/2025,INDUPLAX,0.0,AREA,,,,,,unidad_raw=Unidad | precio_unitario_raw=160000.0 | total_raw=0.0
CAMA MODELO FRANYER DE 2X2 10/06/2025,LAMINA DE 9,1.0,AREA,,,,,,unidad_raw=Unidad | precio_unitario_raw=140000.0 | total_raw=140000.0
CAMA MODELO FRANYER DE 2X2 10/06/2025,SUPER,1.0,FORMULA,,,,,,unidad_raw=LITROS | precio_unitario_raw=19000.0 | total_raw=0.0
CAMA MODELO FRANYER DE 2X2 10/06/2025,COLBON,1.0,VOLUMEN,,,,,,unidad_raw=LITROS | precio_unitario_raw=14000.0 | total_raw=14000.0
CAMA MODELO FRANYER DE 2X2 10/06/2025,GRAPAS,15.0,ESPACIADO,,,,,,unidad_raw=Unidad | precio_unitario_raw=600.0 | total_raw=9000.0
CAMA MODELO FRANYER DE 2X2 10/06/2025,CORREDERAS,1.0,FIJO,,,,,,unidad_raw=UNITARIO | precio_unitario_raw=30000.0 | total_raw=0.0
CAMA MODELO FRANYER DE 2X2 10/06/2025,CLAVILLOS,15.0,ESPACIADO,,,,,,unidad_raw=TIRA | precio_unitario_raw=1000.0 | total_raw=15000.0
CAMA MODELO FRANYER DE 2X2 10/06/2025,GANCHOS,1.0,FIJO,,,,,,unidad_raw=PAR | precio_unitario_raw=20000.0 | total_raw=20000.0
CAMA MODELO FRANYER DE 2X2 10/06/2025,MDF DE 9,1.0,FORMULA,,,,,,precio_unitario_raw=136000.0 | total_raw=0.0
CAMA MODELO FRANYER DE 2X2 10/06/2025,"TORNILLOS DE 2""",220.0,ESPACIADO,,,,,,unidad_raw=Unidad | precio_unitario_raw=100.0 | total_raw=22000.0
CAMA MODELO FRANYER DE 2X2 10/06/2025,ebanisteria 300.000 x 5% de m.o,1.0,FORMULA,,,,,,total_raw=315000.0
CAMA MODELO FRANYER DE 2X2 10/06/2025,gastos de Ebanisteria e 10%,1.0,FORMULA,,,,,,total_raw=74500.0
CAMA MODELO FRANYER DE 2X2 10/06/2025,MADERA (2),468.0,FORMULA,,,,,,"unidad_raw=2,10X22X18= 832 2,10X20X15=630 | precio_unitario_raw=140.0 | total_raw=65520.0"
CAMA MODELO FRANYER DE 2X2 10/06/2025,MDF DE 3,200.0,AREA,,,,,,"unidad_raw=1 PEDAZO DE 1,20X45=54 | precio_unitario_raw=65.0 | total_raw=13000.0"
CAMA MODELO FRANYER DE 2X2 10/06/2025,LAM MDF 15,250.0,AREA,,,,,,"unidad_raw=1 PEDASO DE 1.25 X55=68,75 | precio_unitario_raw=210.0 | total_raw=52500.0"
CAMA MODELO FRANYER DE 2X2 10/06/2025,LAM MDF 7,175.0,AREA,,,,,,"unidad_raw=1 PEDASO DE 1,50X40=60 | precio_unitario_raw=130.0 | total_raw=21875.0"
CAMA MODELO FRANYER DE 2X2 10/06/2025,COLBON,2.0,VOLUMEN,,,,,,unidad_raw=litros | precio_unitario_raw=14000.0 | total_raw=28000.0
CAMA MODELO FRANYER DE 2X2 10/06/2025,GRAPAS,10.0,ESPACIADO,,,,,,unidad_raw=Unidad | precio_unitario_raw=600.0 | total_raw=6000.0
CAMA MODELO FRANYER DE 2X2 10/06/2025,CLAVILLOS N F 40,6.0,ESPACIADO,,,,,,unidad_raw=TIRA | precio_unitario_raw=1000.0 | total_raw=6000.0
CAMA MODELO FRANYER DE 2X2 10/06/2025,HECHURA,2.0,FORMULA,,,,,,unidad_raw=PAR | precio_unitario_raw=105000.0 | total_raw=210000.0
CAMA MODELO FRANYER DE 2X2 10/06/2025,"TORNILLOS DE 2""",30.0,ESPACIADO,,,,,,unidad_raw=Unidad | precio_unitario_raw=100.0 | total_raw=3000.0
CAMA MODELO FRANYER DE 2X2 10/06/2025,CORREDERAS,4.0,FORMULA,,,,,,unidad_raw=DE CIERRELENTO | precio_unitario_raw=30000.0 | total_raw=120000.0
CAMA MODELO FRANYER DE 2X2 10/06/2025,gastos de Ebanisteria e 5%,1.0,FORMULA,,,,,,total_raw=26294.75
CAMA MODELO FRANYER DE 2X2 10/06/2025,SECCION PINTURA Y PREPARADA,1.0,FORMULA,,,,,DE 2 NOCHEROS,seccion=SECCION PINTURA Y PREPARADA DE 2 NOCHEROS
CAMA MODELO FRANYER DE 2X2 10/06/2025,PREPARADO JOTA,2.0,FORMULA,,,,,,unidad_raw=CON EL 5% | seccion=SECCION PINTURA Y PREPARADA DE 2 NOCHEROS | precio_unitario_raw=50000.0 | total_raw=52500.0
CAMA MODELO FRANYER DE 2X2 10/06/2025,PINTURA ALEX,2.0,FORMULA,,,,,,unidad_raw=CON EL 5% | seccion=SECCION PINTURA Y PREPARADA DE 2 NOCHEROS | precio_unitario_raw=36750.0 | total_raw=73500.0
CAMA MODELO FRANYER DE 2X2 10/06/2025,SELLADOR,3.0,VOLUMEN,,,,,,unidad_raw=PISTOLADAS | seccion=SECCION PINTURA Y PREPARADA DE 2 NOCHEROS | precio_unitario_raw=18000.0 | total_raw=54000.0
CAMA MODELO FRANYER DE 2X2 10/06/2025,LIJA 400,2.0,FORMULA,,,,,,unidad_raw=unidades | seccion=SECCION PINTURA Y PREPARADA DE 2 NOCHEROS | precio_unitario_raw=2000.0 | total_raw=4000.0
CAMA MODELO FRANYER DE 2X2 10/06/2025,NITRO,0.1,VOLUMEN,,,,,,unidad_raw=galon | seccion=SECCION PINTURA Y PREPARADA DE 2 NOCHEROS | precio_unitario_raw=70000.0 | total_raw=7000.0
CAMA MODELO FRANYER DE 2X2 10/06/2025,lija 240,2.0,FORMULA,,,,,,unidad_raw=unidad | seccion=SECCION PINTURA Y PREPARADA DE 2 NOCHEROS | precio_unitario_raw=2000.0 | total_raw=4000.0
CAMA MODELO FRANYER DE 2X2 10/06/2025,TALCO,0.3,FORMULA,,,,,,unidad_raw=unidad | seccion=SECCION PINTURA Y PREPARADA DE 2 NOCHEROS | precio_unitario_raw=2500.0 | total_raw=750.0
CAMA MODELO FRANYER DE 2X2 10/06/2025,TINER,0.2,VOLUMEN,,,,,,unidad_raw=GALON | seccion=SECCION PINTURA Y PREPARADA DE 2 NOCHEROS | precio_unitario_raw=34000.0 | total_raw=6800.0
CAMA MODELO FRANYER DE 2X2 10/06/2025,BOTONES,4.0,FORMULA,,,,,,unidad_raw=JALADORES | seccion=SECCION PINTURA Y PREPARADA DE 2 NOCHEROS | precio_unitario_raw=5000.0 | total_raw=20000.0
CAMA MODELO FRANYER DE 2X2 10/06/2025,COLOR GRIS,2.5,VOLUMEN,,,,,,unidad_raw=PISTOLADA | seccion=SECCION PINTURA Y PREPARADA DE 2 NOCHEROS | precio_unitario_raw=22000.0 | total_raw=55000.0
CAMA MODELO FRANYER DE 2X2 10/06/2025,ENCINA,0.1,VOLUMEN,,,,,,unidad_raw=galon | seccion=SECCION PINTURA Y PREPARADA DE 2 NOCHEROS | precio_unitario_raw=160000.0 | total_raw=16000.0
CAMA MODELO FRANYER DE 2X2 10/06/2025,GASOLINA,0.2,LINEAL,,,,,,unidad_raw=ML | seccion=SECCION PINTURA Y PREPARADA DE 2 NOCHEROS | precio_unitario_raw=4500.0 | total_raw=900.0
CAMA MODELO FRANYER DE 2X2 10/06/2025,RESANE,0.2,VOLUMEN,,,,,,unidad_raw=LITRO | seccion=SECCION PINTURA Y PREPARADA DE 2 NOCHEROS | precio_unitario_raw=20000.0 | total_raw=4000.0
CAMA MODELO FRANYER DE 2X2 10/06/2025,LACA,2.0,VOLUMEN,,,,,,unidad_raw=PISTOLADA | seccion=SECCION PINTURA Y PREPARADA DE 2 NOCHEROS | precio_unitario_raw=23000.0 | total_raw=46000.0
CAMA MODELO FRANYER DE 2X2 10/06/2025,Gastos de Pintura 10%,1.0,FORMULA,,,,,,seccion=SECCION PINTURA Y PREPARADA DE 2 NOCHEROS | total_raw=32445.0
CAMA MODELO FRANYER DE 2X2 10/06/2025,SECCION PINTURA Y PREPARADA,1.0,FORMULA,,,,,DE CAMA,seccion=SECCION PINTURA Y PREPARADA DE CAMA
CAMA MODELO FRANYER DE 2X2 10/06/2025,PREPARADO JOTA,1.0,FORMULA,,,,,,unidad_raw=CON EL 5% | seccion=SECCION PINTURA Y PREPARADA DE CAMA | precio_unitario_raw=30000.0
CAMA MODELO FRANYER DE 2X2 10/06/2025,PINTURA ALEX,1.0,FORMULA,,,,,,unidad_raw=CON EL 5% | seccion=SECCION PINTURA Y PREPARADA DE CAMA | precio_unitario_raw=20000.0
CAMA MODELO FRANYER DE 2X2 10/06/2025,PINTURA DE PATAS ALEX,12.0,FORMULA,,,,,,seccion=SECCION PINTURA Y PREPARADA DE CAMA | precio_unitario_raw=2000.0 | total_raw=24000.0
CAMA MODELO FRANYER DE 2X2 10/06/2025,SELLADOR,1.0,FORMULA,,,,,,unidad_raw=PISTOLADAS | seccion=SECCION PINTURA Y PREPARADA DE CAMA | precio_unitario_raw=18000.0 | total_raw=0.0
CAMA MODELO FRANYER DE 2X2 10/06/2025,LIJA 400,1.0,FORMULA,,,,,,unidad_raw=unidades | seccion=SECCION PINTURA Y PREPARADA DE CAMA | precio_unitario_raw=2000.0 | total_raw=0.0
CAMA MODELO FRANYER DE 2X2 10/06/2025,NITRO,1.0,FORMULA,,,,,,unidad_raw=galon | seccion=SECCION PINTURA Y PREPARADA DE CAMA | total_raw=0.0
CAMA MODELO FRANYER DE 2X2 10/06/2025,lija 240,1.0,FORMULA,,,,,,unidad_raw=unidad | seccion=SECCION PINTURA Y PREPARADA DE CAMA | precio_unitario_raw=2000.0 | total_raw=0.0
CAMA MODELO FRANYER DE 2X2 10/06/2025,lija 150,1.0,FORMULA,,,,,,unidad_raw=unidad | seccion=SECCION PINTURA Y PREPARADA DE CAMA | precio_unitario_raw=2000.0 | total_raw=0.0
CAMA MODELO FRANYER DE 2X2 10/06/2025,LACA SEMIMATE,1.0,FORMULA,,,,,,unidad_raw=GALON | seccion=SECCION PINTURA Y PREPARADA DE CAMA | precio_unitario_raw=23000.0 | total_raw=0.0
CAMA MODELO FRANYER DE 2X2 10/06/2025,kerosen,1.0,FORMULA,,,,,,unidad_raw=litro | seccion=SECCION PINTURA Y PREPARADA DE CAMA | precio_unitario_raw=18000.0 | total_raw=0.0
CAMA MODELO FRANYER DE 2X2 10/06/2025,COLOR GRIS,1.0,FORMULA,,,,,,unidad_raw=PISTOLADA | seccion=SECCION PINTURA Y PREPARADA DE CAMA | precio_unitario_raw=19000.0 | total_raw=0.0
CAMA MODELO FRANYER DE 2X2 10/06/2025,TINTE MIEL,1.0,FORMULA,,,,,,unidad_raw=galon | seccion=SECCION PINTURA Y PREPARADA DE CAMA | total_raw=0.0
CAMA MODELO FRANYER DE 2X2 10/06/2025,GASOLINA,1.0,FORMULA,,,,,,unidad_raw=LITRO | seccion=SECCION PINTURA Y PREPARADA DE CAMA | precio_unitario_raw=4.5 | total_raw=0.0
CAMA MODELO FRANYER DE 2X2 10/06/2025,RESANE,1.0,FORMULA,,,,,,unidad_raw=LITRO | seccion=SECCION PINTURA Y PREPARADA DE CAMA | total_raw=0.0
CAMA MODELO FRANYER DE 2X2 10/06/2025,LACA,1.0,FORMULA,,,,,,unidad_raw=PISTOLADA | seccion=SECCION PINTURA Y PREPARADA DE CAMA | precio_unitario_raw=22000.0 | total_raw=0.0
CAMA MODELO FRANYER DE 2X2 10/06/2025,COLAPATO,1.0,FORMULA,,,,,,seccion=SECCION TERMINACION | precio_unitario_raw=35000.0 | total_raw=0.0
CAMA MODELO FRANYER DE 2X2 10/06/2025,MULTIUSO,1.0,FORMULA,,,,,,unidad_raw=PAR | seccion=SECCION TERMINACION | total_raw=0.0
CAMA MODELO FRANYER DE 2X2 10/06/2025,PATAS DE CAMAS,1.0,FIJO,,,,,,unidad_raw=unidades | seccion=SECCION TERMINACION | precio_unitario_raw=11000.0 | total_raw=0.0
CAMA MODELO FRANYER DE 2X2 10/06/2025,PATAS DE NOCHEROS,1.0,FIJO,,,,,,unidad_raw=UNIDADES | seccion=SECCION TERMINACION | precio_unitario_raw=8000.0 | total_raw=0.0
CAMA MODELO FRANYER DE 2X2 10/06/2025,TORNILLOS,1.0,FIJO,,,,,,unidad_raw=unidades | seccion=SECCION TERMINACION | precio_unitario_raw=100.0 | total_raw=0.0
CAMA MODELO FRANYER DE 2X2 10/06/2025,EMBALADA,1.0,FIJO,,,,,,unidad_raw=unidades | seccion=SECCION TERMINACION | precio_unitario_raw=150000.0 | total_raw=150000.0
CAMA MODELO FRANYER DE 2X2 10/06/2025,SECCION TENDIDO DE PATAS,1.0,FIJO,,,,,,seccion=SECCION TERMINACION | total_raw=0.0
CAMA MODELO FRANYER DE 2X2 10/06/2025,MADERA 60X1X4,750.0,FORMULA,,,,,,unidad_raw=2X25X15 | seccion=SECCION TERMINACION | precio_unitario_raw=140.0 | total_raw=105000.0
CAMA MODELO FRANYER DE 2X2 10/06/2025,FABRICACION TENDIDO,1.0,FIJO,,,,,,unidad_raw=DE 2X2 | seccion=SECCION TERMINACION | precio_unitario_raw=63000.0 | total_raw=63000.0
CAMA MODELO FRANYER DE 2X2 10/06/2025,MDF DE 9,1.0,AREA,,,,,,unidad_raw=unidades | seccion=SECCION TERMINACION | precio_unitario_raw=140000.0 | total_raw=140000.0
CAMA MODELO FRANYER DE 2X2 10/06/2025,COLBON,0.5,VOLUMEN,,,,,,unidad_raw=LITRO | seccion=SECCION TERMINACION | precio_unitario_raw=14000.0 | total_raw=7000.0
CAMA MODELO FRANYER DE 2X2 10/06/2025,"TORNILLOS DE 2""",50.0,ESPACIADO,,,,,,unidad_raw=unidades | seccion=SECCION TERMINACION | precio_unitario_raw=100.0 | total_raw=5000.0
CAMA MODELO FRANYER DE 2X2 10/06/2025,CLAVILLO,2.0,ESPACIADO,,,,,,unidad_raw=TIRAS | seccion=SECCION TERMINACION | precio_unitario_raw=600.0 | total_raw=1200.0
CAMA MODELO FRANYER DE 2X2 10/06/2025,PEOPE,2.0,LINEAL,,,,,,unidad_raw=METROS | seccion=SECCION TERMINACION | precio_unitario_raw=3500.0 | total_raw=7000.0
CAMA MODELO FRANYER DE 2X2 10/06/2025,TELA,10.0,AREA,,,,,,unidad_raw=METROS | seccion=SECCION TAPICERIA | precio_unitario_raw=38000.0 | total_raw=380000.0
CAMA MODELO FRANYER DE 2X2 10/06/2025,BARILLA TRIPA POLLO,1.0,FORMULA,,,,,,seccion=SECCION TAPICERIA | precio_unitario_raw=15000.0 | total_raw=0.0
CAMA MODELO FRANYER DE 2X2 10/06/2025,CAZATA,0.4,LINEAL,,,,,,unidad_raw=METROS | seccion=SECCION TAPICERIA | precio_unitario_raw=56000.0 | total_raw=22400.0
CAMA MODELO FRANYER DE 2X2 10/06/2025,GRAPAS,0.5,ESPACIADO,,,,,,unidad_raw=CAJA DE GRAPAS | seccion=SECCION TAPICERIA | precio_unitario_raw=12000.0 | total_raw=6000.0
CAMA MODELO FRANYER DE 2X2 10/06/2025,ESPUMA AZUL DE 2 PULGADAS,1.0,AREA,,,,,,unidad_raw=LAMINA | seccion=SECCION TAPICERIA | precio_unitario_raw=39000.0 | total_raw=39000.0
CAMA MODELO FRANYER DE 2X2 10/06/2025,"TORNILLOS DE 1 1/2""",60.0,ESPACIADO,,,,,,unidad_raw=UNIDADES | seccion=SECCION TAPICERIA | precio_unitario_raw=100.0 | total_raw=6000.0
CAMA MODELO FRANYER DE 2X2 10/06/2025,ESPUMA DE 1 1/2PULGADA AZUL,3.0,AREA,,,,,,unidad_raw=UNIDADES | seccion=SECCION TAPICERIA | precio_unitario_raw=33000.0 | total_raw=99000.0
CAMA MODELO FRANYER DE 2X2 10/06/2025,ESPUMA BLANCA DE 1/2,0.5,AREA,,,,,,unidad_raw=UNIDAD | seccion=SECCION TAPICERIA | precio_unitario_raw=19900.0 | total_raw=9950.0
CAMA MODELO FRANYER DE 2X2 10/06/2025,CABULLA,0.5,LINEAL,,,,,,unidad_raw=MTS | seccion=SECCION TAPICERIA | precio_unitario_raw=16000.0 | total_raw=8000.0
CAMA MODELO FRANYER DE 2X2 10/06/2025,COSTAL,4.5,AREA,,,,,,unidad_raw=METROS | seccion=SECCION TAPICERIA | precio_unitario_raw=3000.0 | total_raw=13500.0
CAMA MODELO FRANYER DE 2X2 10/06/2025,HILO,0.2,FORMULA,,,,,,seccion=SECCION TAPICERIA | precio_unitario_raw=27000.0 | total_raw=5400.0
CAMA MODELO FRANYER DE 2X2 10/06/2025,ESPUMA AZUL 1CM,1.0,AREA,,,,,,unidad_raw=UNIIDAD | seccion=SECCION TAPICERIA | precio_unitario_raw=18000.0 | total_raw=18000.0
CAMA MODELO FRANYER DE 2X2 10/06/2025,SUPER,0.75,VOLUMEN,,,,,,unidad_raw=LITRO | seccion=SECCION TAPICERIA | precio_unitario_raw=16250.0 | total_raw=12187.5
CAMA MODELO FRANYER DE 2X2 10/06/2025,FIELTRO,1.1,LINEAL,,,,,,unidad_raw=CM | seccion=SECCION TAPICERIA | precio_unitario_raw=4000.0 | total_raw=4400.0
CAMA MODELO FRANYER DE 2X2 10/06/2025,HECHURA,1.0,FIJO,,,,,,seccion=SECCION TAPICERIA | precio_unitario_raw=210000.0 | total_raw=210000.0
CAMA MODELO FRANYER DE 2X2 10/06/2025,COLARATA,6.0,FORMULA,,,,,,unidad_raw=KG | seccion=SECCION TAPICERIA | precio_unitario_raw=2000.0 | total_raw=12000.0
CAMA MODELO CHOCOLATINA DE 2X2 10/06/2025,MADERA (2),1656.0,FORMULA,,,,,,unidad_raw=APAMATE | precio_unitario_raw=140.0 | total_raw=231840.0
CAMA MODELO CHOCOLATINA DE 2X2 10/06/2025,"MDF DE 2,7",1.0,FORMULA,,,,,,unidad_raw=3 PEASOS DE 49X49 | precio_unitario_raw=65000.0 | total_raw=0.0
CAMA MODELO CHOCOLATINA DE 2X2 10/06/2025,INDUPLAX,0.0,AREA,,,,,,unidad_raw=Unidad | precio_unitario_raw=160000.0 | total_raw=0.0
CAMA MODELO CHOCOLATINA DE 2X2 10/06/2025,LAMINA DE 9,1.0,FORMULA,,,,,,unidad_raw=Unidad | precio_unitario_raw=140000.0 | total_raw=0.0
CAMA MODELO CHOCOLATINA DE 2X2 10/06/2025,SUPER,1.0,FORMULA,,,,,,unidad_raw=LITROS | precio_unitario_raw=19000.0 | total_raw=0.0
CAMA MODELO CHOCOLATINA DE 2X2 10/06/2025,COLBON,1.0,VOLUMEN,,,,,,unidad_raw=LITROS | precio_unitario_raw=14000.0 | total_raw=14000.0
CAMA MODELO CHOCOLATINA DE 2X2 10/06/2025,GRAPAS,15.0,ESPACIADO,,,,,,unidad_raw=Unidad | precio_unitario_raw=600.0 | total_raw=9000.0
CAMA MODELO CHOCOLATINA DE 2X2 10/06/2025,CORREDERAS,1.0,FIJO,,,,,,unidad_raw=UNITARIO | precio_unitario_raw=30000.0 | total_raw=0.0
CAMA MODELO CHOCOLATINA DE 2X2 10/06/2025,CLAVILLOS,15.0,ESPACIADO,,,,,,unidad_raw=TIRA | precio_unitario_raw=1000.0 | total_raw=15000.0
CAMA MODELO CHOCOLATINA DE 2X2 10/06/2025,GANCHOS,1.0,FIJO,,,,,,unidad_raw=PAR | precio_unitario_raw=20000.0 | total_raw=20000.0
CAMA MODELO CHOCOLATINA DE 2X2 10/06/2025,MDF DE 9,1.0,FORMULA,,,,,,precio_unitario_raw=136000.0 | total_raw=0.0
CAMA MODELO CHOCOLATINA DE 2X2 10/06/2025,"TORNILLOS DE 2""",150.0,ESPACIADO,,,,,,unidad_raw=Unidad | precio_unitario_raw=100.0 | total_raw=15000.0
CAMA MODELO CHOCOLATINA DE 2X2 10/06/2025,ebanisteria 300.000 x 5% de m.o,1.0,FORMULA,,,,,,total_raw=315000.0
CAMA MODELO CHOCOLATINA DE 2X2 10/06/2025,gastos de Ebanisteria e 10%,1.0,FORMULA,,,,,,total_raw=60364.0
CAMA MODELO CHOCOLATINA DE 2X2 10/06/2025,MADERA (2),468.0,FORMULA,,,,,,"unidad_raw=2,10X22X18= 832 2,10X20X15=630 | precio_unitario_raw=140.0 | total_raw=65520.0"
CAMA MODELO CHOCOLATINA DE 2X2 10/06/2025,MDF DE 3,200.0,AREA,,,,,,"unidad_raw=1 PEDAZO DE 1,20X45=54 | precio_unitario_raw=65.0 | total_raw=13000.0"
CAMA MODELO CHOCOLATINA DE 2X2 10/06/2025,LAM MDF 15,250.0,AREA,,,,,,"unidad_raw=1 PEDASO DE 1.25 X55=68,75 | precio_unitario_raw=210.0 | total_raw=52500.0"
CAMA MODELO CHOCOLATINA DE 2X2 10/06/2025,LAM MDF 7,175.0,AREA,,,,,,"unidad_raw=1 PEDASO DE 1,50X40=60 | precio_unitario_raw=130.0 | total_raw=21875.0"
CAMA MODELO CHOCOLATINA DE 2X2 10/06/2025,COLBON,2.0,VOLUMEN,,,,,,unidad_raw=litros | precio_unitario_raw=14000.0 | total_raw=28000.0
CAMA MODELO CHOCOLATINA DE 2X2 10/06/2025,GRAPAS,10.0,ESPACIADO,,,,,,unidad_raw=Unidad | precio_unitario_raw=600.0 | total_raw=6000.0
CAMA MODELO CHOCOLATINA DE 2X2 10/06/2025,CLAVILLOS N F 40,6.0,ESPACIADO,,,,,,unidad_raw=TIRA | precio_unitario_raw=1000.0 | total_raw=6000.0
CAMA MODELO CHOCOLATINA DE 2X2 10/06/2025,HECHURA,2.0,FORMULA,,,,,,unidad_raw=PAR | precio_unitario_raw=105000.0 | total_raw=210000.0
CAMA MODELO CHOCOLATINA DE 2X2 10/06/2025,"TORNILLOS DE 2""",30.0,ESPACIADO,,,,,,unidad_raw=Unidad | precio_unitario_raw=100.0 | total_raw=3000.0
CAMA MODELO CHOCOLATINA DE 2X2 10/06/2025,CORREDERAS,4.0,FORMULA,,,,,,unidad_raw=DE CIERRELENTO | precio_unitario_raw=30000.0 | total_raw=120000.0
CAMA MODELO CHOCOLATINA DE 2X2 10/06/2025,gastos de Ebanisteria e 5%,1.0,FORMULA,,,,,,total_raw=26294.75
CAMA MODELO CHOCOLATINA DE 2X2 10/06/2025,SECCION PINTURA Y PREPARADA,1.0,FORMULA,,,,,DE 2 NOCHEROS,seccion=SECCION PINTURA Y PREPARADA DE 2 NOCHEROS
CAMA MODELO CHOCOLATINA DE 2X2 10/06/2025,PREPARADO JOTA,2.0,FORMULA,,,,,,unidad_raw=CON EL 5% | seccion=SECCION PINTURA Y PREPARADA DE 2 NOCHEROS | precio_unitario_raw=50000.0 | total_raw=52500.0
CAMA MODELO CHOCOLATINA DE 2X2 10/06/2025,PINTURA ALEX,2.0,FORMULA,,,,,,unidad_raw=CON EL 5% | seccion=SECCION PINTURA Y PREPARADA DE 2 NOCHEROS | precio_unitario_raw=36750.0 | total_raw=73500.0
CAMA MODELO CHOCOLATINA DE 2X2 10/06/2025,SELLADOR,3.0,VOLUMEN,,,,,,unidad_raw=PISTOLADAS | seccion=SECCION PINTURA Y PREPARADA DE 2 NOCHEROS | precio_unitario_raw=18000.0 | total_raw=54000.0
CAMA MODELO CHOCOLATINA DE 2X2 10/06/2025,LIJA 400,2.0,FORMULA,,,,,,unidad_raw=unidades | seccion=SECCION PINTURA Y PREPARADA DE 2 NOCHEROS | precio_unitario_raw=2000.0 | total_raw=4000.0
CAMA MODELO CHOCOLATINA DE 2X2 10/06/2025,NITRO,0.1,VOLUMEN,,,,,,unidad_raw=galon | seccion=SECCION PINTURA Y PREPARADA DE 2 NOCHEROS | precio_unitario_raw=70000.0 | total_raw=7000.0
CAMA MODELO CHOCOLATINA DE 2X2 10/06/2025,lija 240,2.0,FORMULA,,,,,,unidad_raw=unidad | seccion=SECCION PINTURA Y PREPARADA DE 2 NOCHEROS | precio_unitario_raw=2000.0 | total_raw=4000.0
CAMA MODELO CHOCOLATINA DE 2X2 10/06/2025,TALCO,0.3,FORMULA,,,,,,unidad_raw=unidad | seccion=SECCION PINTURA Y PREPARADA DE 2 NOCHEROS | precio_unitario_raw=2500.0 | total_raw=750.0
CAMA MODELO CHOCOLATINA DE 2X2 10/06/2025,TINER,0.2,VOLUMEN,,,,,,unidad_raw=GALON | seccion=SECCION PINTURA Y PREPARADA DE 2 NOCHEROS | precio_unitario_raw=34000.0 | total_raw=6800.0
CAMA MODELO CHOCOLATINA DE 2X2 10/06/2025,BOTONES,4.0,FORMULA,,,,,,unidad_raw=JALADORES | seccion=SECCION PINTURA Y PREPARADA DE 2 NOCHEROS | precio_unitario_raw=5000.0 | total_raw=20000.0
CAMA MODELO CHOCOLATINA DE 2X2 10/06/2025,COLOR GRIS,2.5,VOLUMEN,,,,,,unidad_raw=PISTOLADA | seccion=SECCION PINTURA Y PREPARADA DE 2 NOCHEROS | precio_unitario_raw=22000.0 | total_raw=55000.0
CAMA MODELO CHOCOLATINA DE 2X2 10/06/2025,ENCINA,0.1,VOLUMEN,,,,,,unidad_raw=galon | seccion=SECCION PINTURA Y PREPARADA DE 2 NOCHEROS | precio_unitario_raw=160000.0 | total_raw=16000.0
CAMA MODELO CHOCOLATINA DE 2X2 10/06/2025,GASOLINA,0.2,LINEAL,,,,,,unidad_raw=ML | seccion=SECCION PINTURA Y PREPARADA DE 2 NOCHEROS | precio_unitario_raw=4500.0 | total_raw=900.0
CAMA MODELO CHOCOLATINA DE 2X2 10/06/2025,RESANE,0.2,VOLUMEN,,,,,,unidad_raw=LITRO | seccion=SECCION PINTURA Y PREPARADA DE 2 NOCHEROS | precio_unitario_raw=20000.0 | total_raw=4000.0
CAMA MODELO CHOCOLATINA DE 2X2 10/06/2025,LACA,2.0,VOLUMEN,,,,,,unidad_raw=PISTOLADA | seccion=SECCION PINTURA Y PREPARADA DE 2 NOCHEROS | precio_unitario_raw=23000.0 | total_raw=46000.0
CAMA MODELO CHOCOLATINA DE 2X2 10/06/2025,Gastos de Pintura 10%,1.0,FORMULA,,,,,,seccion=SECCION PINTURA Y PREPARADA DE 2 NOCHEROS | total_raw=32445.0
CAMA MODELO CHOCOLATINA DE 2X2 10/06/2025,SECCION PINTURA Y PREPARADA,1.0,FORMULA,,,,,DE CAMA,seccion=SECCION PINTURA Y PREPARADA DE CAMA
CAMA MODELO CHOCOLATINA DE 2X2 10/06/2025,PREPARADO JOTA,1.0,FORMULA,,,,,,unidad_raw=CON EL 5% | seccion=SECCION PINTURA Y PREPARADA DE CAMA | precio_unitario_raw=30000.0
CAMA MODELO CHOCOLATINA DE 2X2 10/06/2025,PINTURA ALEX,1.0,FORMULA,,,,,,unidad_raw=CON EL 5% | seccion=SECCION PINTURA Y PREPARADA DE CAMA | precio_unitario_raw=20000.0
CAMA MODELO CHOCOLATINA DE 2X2 10/06/2025,PINTURA DE PATAS ALEX,4.0,FORMULA,,,,,,seccion=SECCION PINTURA Y PREPARADA DE CAMA | precio_unitario_raw=2000.0 | total_raw=8000.0
CAMA MODELO CHOCOLATINA DE 2X2 10/06/2025,SELLADOR,1.0,FORMULA,,,,,,unidad_raw=PISTOLADAS | seccion=SECCION PINTURA Y PREPARADA DE CAMA | precio_unitario_raw=18000.0 | total_raw=0.0
CAMA MODELO CHOCOLATINA DE 2X2 10/06/2025,LIJA 400,1.0,FORMULA,,,,,,unidad_raw=unidades | seccion=SECCION PINTURA Y PREPARADA DE CAMA | precio_unitario_raw=2000.0 | total_raw=0.0
CAMA MODELO CHOCOLATINA DE 2X2 10/06/2025,NITRO,1.0,FORMULA,,,,,,unidad_raw=galon | seccion=SECCION PINTURA Y PREPARADA DE CAMA | total_raw=0.0
CAMA MODELO CHOCOLATINA DE 2X2 10/06/2025,lija 240,1.0,FORMULA,,,,,,unidad_raw=unidad | seccion=SECCION PINTURA Y PREPARADA DE CAMA | precio_unitario_raw=2000.0 | total_raw=0.0
CAMA MODELO CHOCOLATINA DE 2X2 10/06/2025,lija 150,1.0,FORMULA,,,,,,unidad_raw=unidad | seccion=SECCION PINTURA Y PREPARADA DE CAMA | precio_unitario_raw=2000.0 | total_raw=0.0
CAMA MODELO CHOCOLATINA DE 2X2 10/06/2025,LACA SEMIMATE,1.0,FORMULA,,,,,,unidad_raw=GALON | seccion=SECCION PINTURA Y PREPARADA DE CAMA | precio_unitario_raw=23000.0 | total_raw=0.0
CAMA MODELO CHOCOLATINA DE 2X2 10/06/2025,kerosen,1.0,FORMULA,,,,,,unidad_raw=litro | seccion=SECCION PINTURA Y PREPARADA DE CAMA | precio_unitario_raw=18000.0 | total_raw=0.0
CAMA MODELO CHOCOLATINA DE 2X2 10/06/2025,COLOR GRIS,1.0,FORMULA,,,,,,unidad_raw=PISTOLADA | seccion=SECCION PINTURA Y PREPARADA DE CAMA | precio_unitario_raw=19000.0 | total_raw=0.0
CAMA MODELO CHOCOLATINA DE 2X2 10/06/2025,TINTE MIEL,1.0,FORMULA,,,,,,unidad_raw=galon | seccion=SECCION PINTURA Y PREPARADA DE CAMA | total_raw=0.0
CAMA MODELO CHOCOLATINA DE 2X2 10/06/2025,GASOLINA,1.0,FORMULA,,,,,,unidad_raw=LITRO | seccion=SECCION PINTURA Y PREPARADA DE CAMA | precio_unitario_raw=4.5 | total_raw=0.0
CAMA MODELO CHOCOLATINA DE 2X2 10/06/2025,RESANE,1.0,FORMULA,,,,,,unidad_raw=LITRO | seccion=SECCION PINTURA Y PREPARADA DE CAMA | total_raw=0.0
CAMA MODELO CHOCOLATINA DE 2X2 10/06/2025,LACA,1.0,FORMULA,,,,,,unidad_raw=PISTOLADA | seccion=SECCION PINTURA Y PREPARADA DE CAMA | precio_unitario_raw=22000.0 | total_raw=0.0
CAMA MODELO CHOCOLATINA DE 2X2 10/06/2025,COLAPATO,1.0,FIJO,,,,,,unidad_raw=2X7X5+1X7X5=105 | seccion=SECCION TERMINACION | precio_unitario_raw=35000.0 | total_raw=35000.0
CAMA MODELO CHOCOLATINA DE 2X2 10/06/2025,MULTIUSO,1.0,FIJO,,,,,,unidad_raw=PAR | seccion=SECCION TERMINACION | precio_unitario_raw=6000.0 | total_raw=6000.0
CAMA MODELO CHOCOLATINA DE 2X2 10/06/2025,PATAS DE CAMAS,4.0,FORMULA,,,,,,unidad_raw=unidades | seccion=SECCION TERMINACION | precio_unitario_raw=11000.0 | total_raw=44000.0
CAMA MODELO CHOCOLATINA DE 2X2 10/06/2025,PATAS DE NOCHEROS,8.0,FORMULA,,,,,,unidad_raw=UNIDADES | seccion=SECCION TERMINACION | precio_unitario_raw=8000.0 | total_raw=64000.0
CAMA MODELO CHOCOLATINA DE 2X2 10/06/2025,TORNILLOS,48.0,ESPACIADO,,,,,,unidad_raw=unidades | seccion=SECCION TERMINACION | precio_unitario_raw=100.0 | total_raw=4800.0
CAMA MODELO CHOCOLATINA DE 2X2 10/06/2025,EMBALADA,1.0,FIJO,,,,,,unidad_raw=unidades | seccion=SECCION TERMINACION | precio_unitario_raw=150000.0 | total_raw=150000.0
CAMA MODELO CHOCOLATINA DE 2X2 10/06/2025,SECCION TENDIDO DE REJAS,1.0,FORMULA,,,,,,seccion=SECCION TERMINACION | total_raw=0.0
CAMA MODELO CHOCOLATINA DE 2X2 10/06/2025,MADERA 60X1X4,750.0,FORMULA,,,,,,unidad_raw=2X25X15 | seccion=SECCION TERMINACION | precio_unitario_raw=140.0 | total_raw=105000.0
CAMA MODELO CHOCOLATINA DE 2X2 10/06/2025,FABRICACION TENDIDO,1.0,FIJO,,,,,,unidad_raw=DE 2X2 | seccion=SECCION TERMINACION | precio_unitario_raw=42000.0 | total_raw=42000.0
CAMA MODELO CHOCOLATINA DE 2X2 10/06/2025,MDF DE 9,1.0,AREA,,,,,,unidad_raw=unidades | seccion=SECCION TERMINACION | precio_unitario_raw=140000.0 | total_raw=140000.0
CAMA MODELO CHOCOLATINA DE 2X2 10/06/2025,COLBON,0.5,VOLUMEN,,,,,,unidad_raw=LITRO | seccion=SECCION TERMINACION | precio_unitario_raw=14000.0 | total_raw=7000.0
CAMA MODELO CHOCOLATINA DE 2X2 10/06/2025,"TORNILLOS DE 2""",50.0,ESPACIADO,,,,,,unidad_raw=unidades | seccion=SECCION TERMINACION | precio_unitario_raw=100.0 | total_raw=5000.0
CAMA MODELO CHOCOLATINA DE 2X2 10/06/2025,CLAVILLO,2.0,ESPACIADO,,,,,,unidad_raw=TIRAS | seccion=SECCION TERMINACION | precio_unitario_raw=600.0 | total_raw=1200.0
CAMA MODELO CHOCOLATINA DE 2X2 10/06/2025,PEOPE,2.0,LINEAL,,,,,,unidad_raw=METROS | seccion=SECCION TERMINACION | precio_unitario_raw=3500.0 | total_raw=7000.0
CAMA MODELO CHOCOLATINA DE 2X2 10/06/2025,TELA,10.0,AREA,,,,,,unidad_raw=METROS | seccion=SECCION TAPICERIA | precio_unitario_raw=34000.0 | total_raw=340000.0
CAMA MODELO CHOCOLATINA DE 2X2 10/06/2025,BARILLA TRIPA POLLO,1.0,FORMULA,,,,,,seccion=SECCION TAPICERIA | precio_unitario_raw=15000.0 | total_raw=0.0
CAMA MODELO CHOCOLATINA DE 2X2 10/06/2025,CAZATA,0.3,LINEAL,,,,,,unidad_raw=METROS | seccion=SECCION TAPICERIA | precio_unitario_raw=56000.0 | total_raw=16800.0
CAMA MODELO CHOCOLATINA DE 2X2 10/06/2025,GRAPAS,0.5,ESPACIADO,,,,,,unidad_raw=CAJA DE GRAPAS | seccion=SECCION TAPICERIA | precio_unitario_raw=12000.0 | total_raw=6000.0
CAMA MODELO CHOCOLATINA DE 2X2 10/06/2025,ESPUMA AZUL DE 2 PULGADAS,1.0,AREA,,,,,,unidad_raw=LAMINA | seccion=SECCION TAPICERIA | precio_unitario_raw=39000.0 | total_raw=39000.0
CAMA MODELO CHOCOLATINA DE 2X2 10/06/2025,"TORNILLOS DE 1 1/2""",30.0,ESPACIADO,,,,,,unidad_raw=UNIDADES | seccion=SECCION TAPICERIA | precio_unitario_raw=100.0 | total_raw=3000.0
CAMA MODELO CHOCOLATINA DE 2X2 10/06/2025,ESPUMA DE 1 1/2PULGADA ROSADA,1.33,AREA,,,,,,unidad_raw=UNIDADES | seccion=SECCION TAPICERIA | precio_unitario_raw=33000.0 | total_raw=43890.0
CAMA MODELO CHOCOLATINA DE 2X2 10/06/2025,ESPUMA BLANCA DE 1/2,0.5,AREA,,,,,,unidad_raw=UNIDAD | seccion=SECCION TAPICERIA | precio_unitario_raw=19900.0 | total_raw=9950.0
CAMA MODELO CHOCOLATINA DE 2X2 10/06/2025,CARTON,4.0,LINEAL,,,,,,unidad_raw=MTS | seccion=SECCION TAPICERIA | precio_unitario_raw=5000.0 | total_raw=20000.0
CAMA MODELO CHOCOLATINA DE 2X2 10/06/2025,COSTAL,3.0,AREA,,,,,,unidad_raw=METROS | seccion=SECCION TAPICERIA | precio_unitario_raw=3000.0 | total_raw=9000.0
CAMA MODELO CHOCOLATINA DE 2X2 10/06/2025,HILO,0.5,FORMULA,,,,,,seccion=SECCION TAPICERIA | precio_unitario_raw=4000.0 | total_raw=2000.0
CAMA MODELO CHOCOLATINA DE 2X2 10/06/2025,ESPUMA NARANJA 1CM,1.0,FORMULA,,,,,,unidad_raw=UNIIDAD | seccion=SECCION TAPICERIA | total_raw=0.0
CAMA MODELO CHOCOLATINA DE 2X2 10/06/2025,SUPER,0.75,VOLUMEN,,,,,,unidad_raw=LITRO | seccion=SECCION TAPICERIA | precio_unitario_raw=16250.0 | total_raw=12187.5
CAMA MODELO CHOCOLATINA DE 2X2 10/06/2025,FIELTRO,1.0,FORMULA,,,,,,unidad_raw=CM | seccion=SECCION TAPICERIA | precio_unitario_raw=14000.0 | total_raw=0.0
CAMA MODELO CHOCOLATINA DE 2X2 10/06/2025,HECHURA,1.0,FIJO,,,,,,seccion=SECCION TAPICERIA | precio_unitario_raw=210000.0 | total_raw=210000.0
CAMA MODELO CHOCOLATINA DE 2X2 10/06/2025,COLARATA,6.0,FORMULA,,,,,,unidad_raw=KG | seccion=SECCION TAPICERIA | precio_unitario_raw=2000.0 | total_raw=12000.0
CAMA MODEO NAUTICA DE 2X2 10/06/2025,MADERA (2),2450.0,FORMULA,,,,,,unidad_raw=APAMATE | precio_unitario_raw=140.0 | total_raw=343000.0
CAMA MODEO NAUTICA DE 2X2 10/06/2025,"MDF DE 2,7",1.0,FORMULA,,,,,,unidad_raw=3 PEASOS DE 49X49 | precio_unitario_raw=65000.0 | total_raw=0.0
CAMA MODEO NAUTICA DE 2X2 10/06/2025,INDUPLAX,0.0,AREA,,,,,,unidad_raw=Unidad | precio_unitario_raw=160000.0 | total_raw=0.0
CAMA MODEO NAUTICA DE 2X2 10/06/2025,LAMINA DE 9,0.5,AREA,,,,,,unidad_raw=Unidad | precio_unitario_raw=140000.0 | total_raw=70000.0
CAMA MODEO NAUTICA DE 2X2 10/06/2025,SUPER,1.0,FORMULA,,,,,,unidad_raw=LITROS | precio_unitario_raw=19000.0 | total_raw=0.0
CAMA MODEO NAUTICA DE 2X2 10/06/2025,COLBON,1.0,VOLUMEN,,,,,,unidad_raw=LITROS | precio_unitario_raw=14000.0 | total_raw=14000.0
CAMA MODEO NAUTICA DE 2X2 10/06/2025,GRAPAS,24.0,ESPACIADO,,,,,,unidad_raw=Unidad | precio_unitario_raw=600.0 | total_raw=14400.0
CAMA MODEO NAUTICA DE 2X2 10/06/2025,CORREDERAS,1.0,FIJO,,,,,,unidad_raw=UNITARIO | precio_unitario_raw=30000.0 | total_raw=0.0
CAMA MODEO NAUTICA DE 2X2 10/06/2025,CLAVILLOS,15.0,ESPACIADO,,,,,,unidad_raw=TIRA | precio_unitario_raw=1000.0 | total_raw=15000.0
CAMA MODEO NAUTICA DE 2X2 10/06/2025,GANCHOS,1.0,FIJO,,,,,,unidad_raw=PAR | precio_unitario_raw=20000.0 | total_raw=20000.0
CAMA MODEO NAUTICA DE 2X2 10/06/2025,MDF DE 9,1.0,FORMULA,,,,,,precio_unitario_raw=136000.0 | total_raw=0.0
CAMA MODEO NAUTICA DE 2X2 10/06/2025,"TORNILLOS DE 2""",167.0,ESPACIADO,,,,,,unidad_raw=Unidad | precio_unitario_raw=100.0 | total_raw=16700.0
CAMA MODEO NAUTICA DE 2X2 10/06/2025,ebanisteria 300.000 x 5% de m.o,1.0,FORMULA,,,,,,total_raw=315000.0
CAMA MODEO NAUTICA DE 2X2 10/06/2025,gastos de Ebanisteria e 10%,1.0,FORMULA,,,,,,total_raw=60364.0
CAMA MODEO NAUTICA DE 2X2 10/06/2025,MADERA (2),468.0,FORMULA,,,,,,"unidad_raw=2,10X22X18= 832 2,10X20X15=630 | precio_unitario_raw=140.0 | total_raw=65520.0"
CAMA MODEO NAUTICA DE 2X2 10/06/2025,MDF DE 3,200.0,AREA,,,,,,"unidad_raw=1 PEDAZO DE 1,20X45=54 | precio_unitario_raw=65.0 | total_raw=13000.0"
CAMA MODEO NAUTICA DE 2X2 10/06/2025,LAM MDF 15,250.0,AREA,,,,,,"unidad_raw=1 PEDASO DE 1.25 X55=68,75 | precio_unitario_raw=210.0 | total_raw=52500.0"
CAMA MODEO NAUTICA DE 2X2 10/06/2025,LAM MDF 7,175.0,AREA,,,,,,"unidad_raw=1 PEDASO DE 1,50X40=60 | precio_unitario_raw=130.0 | total_raw=21875.0"
CAMA MODEO NAUTICA DE 2X2 10/06/2025,COLBON,2.0,VOLUMEN,,,,,,unidad_raw=litros | precio_unitario_raw=14000.0 | total_raw=28000.0
CAMA MODEO NAUTICA DE 2X2 10/06/2025,GRAPAS,10.0,ESPACIADO,,,,,,unidad_raw=Unidad | precio_unitario_raw=600.0 | total_raw=6000.0
CAMA MODEO NAUTICA DE 2X2 10/06/2025,CLAVILLOS N F 40,6.0,ESPACIADO,,,,,,unidad_raw=TIRA | precio_unitario_raw=1000.0 | total_raw=6000.0
CAMA MODEO NAUTICA DE 2X2 10/06/2025,HECHURA,2.0,FORMULA,,,,,,unidad_raw=PAR | precio_unitario_raw=105000.0 | total_raw=210000.0
CAMA MODEO NAUTICA DE 2X2 10/06/2025,"TORNILLOS DE 2""",30.0,ESPACIADO,,,,,,unidad_raw=Unidad | precio_unitario_raw=100.0 | total_raw=3000.0
CAMA MODEO NAUTICA DE 2X2 10/06/2025,CORREDERAS,4.0,FORMULA,,,,,,unidad_raw=DE CIERRELENTO | precio_unitario_raw=30000.0 | total_raw=120000.0
CAMA MODEO NAUTICA DE 2X2 10/06/2025,gastos de Ebanisteria e 5%,1.0,FORMULA,,,,,,total_raw=26294.75
CAMA MODEO NAUTICA DE 2X2 10/06/2025,SECCION PINTURA Y PREPARADA,1.0,FORMULA,,,,,DE 2 NOCHEROS,seccion=SECCION PINTURA Y PREPARADA DE 2 NOCHEROS
CAMA MODEO NAUTICA DE 2X2 10/06/2025,PREPARADO JOTA,2.0,FORMULA,,,,,,unidad_raw=CON EL 5% | seccion=SECCION PINTURA Y PREPARADA DE 2 NOCHEROS | precio_unitario_raw=50000.0 | total_raw=52500.0
CAMA MODEO NAUTICA DE 2X2 10/06/2025,PINTURA ALEX,2.0,FORMULA,,,,,,unidad_raw=CON EL 5% | seccion=SECCION PINTURA Y PREPARADA DE 2 NOCHEROS | precio_unitario_raw=36750.0 | total_raw=73500.0
CAMA MODEO NAUTICA DE 2X2 10/06/2025,SELLADOR,3.0,VOLUMEN,,,,,,unidad_raw=PISTOLADAS | seccion=SECCION PINTURA Y PREPARADA DE 2 NOCHEROS | precio_unitario_raw=18000.0 | total_raw=54000.0
CAMA MODEO NAUTICA DE 2X2 10/06/2025,LIJA 400,2.0,FORMULA,,,,,,unidad_raw=unidades | seccion=SECCION PINTURA Y PREPARADA DE 2 NOCHEROS | precio_unitario_raw=2000.0 | total_raw=4000.0
CAMA MODEO NAUTICA DE 2X2 10/06/2025,NITRO,0.1,VOLUMEN,,,,,,unidad_raw=galon | seccion=SECCION PINTURA Y PREPARADA DE 2 NOCHEROS | precio_unitario_raw=70000.0 | total_raw=7000.0
CAMA MODEO NAUTICA DE 2X2 10/06/2025,lija 240,2.0,FORMULA,,,,,,unidad_raw=unidad | seccion=SECCION PINTURA Y PREPARADA DE 2 NOCHEROS | precio_unitario_raw=2000.0 | total_raw=4000.0
CAMA MODEO NAUTICA DE 2X2 10/06/2025,TALCO,0.3,FORMULA,,,,,,unidad_raw=unidad | seccion=SECCION PINTURA Y PREPARADA DE 2 NOCHEROS | precio_unitario_raw=2500.0 | total_raw=750.0
CAMA MODEO NAUTICA DE 2X2 10/06/2025,TINER,0.2,VOLUMEN,,,,,,unidad_raw=GALON | seccion=SECCION PINTURA Y PREPARADA DE 2 NOCHEROS | precio_unitario_raw=34000.0 | total_raw=6800.0
CAMA MODEO NAUTICA DE 2X2 10/06/2025,BOTONES,4.0,FORMULA,,,,,,unidad_raw=JALADORES | seccion=SECCION PINTURA Y PREPARADA DE 2 NOCHEROS | precio_unitario_raw=5000.0 | total_raw=20000.0
CAMA MODEO NAUTICA DE 2X2 10/06/2025,COLOR GRIS,2.5,VOLUMEN,,,,,,unidad_raw=PISTOLADA | seccion=SECCION PINTURA Y PREPARADA DE 2 NOCHEROS | precio_unitario_raw=22000.0 | total_raw=55000.0
CAMA MODEO NAUTICA DE 2X2 10/06/2025,ENCINA,0.1,VOLUMEN,,,,,,unidad_raw=galon | seccion=SECCION PINTURA Y PREPARADA DE 2 NOCHEROS | precio_unitario_raw=160000.0 | total_raw=16000.0
CAMA MODEO NAUTICA DE 2X2 10/06/2025,GASOLINA,0.2,LINEAL,,,,,,unidad_raw=ML | seccion=SECCION PINTURA Y PREPARADA DE 2 NOCHEROS | precio_unitario_raw=4500.0 | total_raw=900.0
CAMA MODEO NAUTICA DE 2X2 10/06/2025,RESANE,0.2,VOLUMEN,,,,,,unidad_raw=LITRO | seccion=SECCION PINTURA Y PREPARADA DE 2 NOCHEROS | precio_unitario_raw=20000.0 | total_raw=4000.0
CAMA MODEO NAUTICA DE 2X2 10/06/2025,LACA,2.0,VOLUMEN,,,,,,unidad_raw=PISTOLADA | seccion=SECCION PINTURA Y PREPARADA DE 2 NOCHEROS | precio_unitario_raw=23000.0 | total_raw=46000.0
CAMA MODEO NAUTICA DE 2X2 10/06/2025,Gastos de Pintura 10%,1.0,FORMULA,,,,,,seccion=SECCION PINTURA Y PREPARADA DE 2 NOCHEROS | total_raw=32445.0
CAMA MODEO NAUTICA DE 2X2 10/06/2025,SECCION PINTURA Y PREPARADA,1.0,FORMULA,,,,,DE CAMA,seccion=SECCION PINTURA Y PREPARADA DE CAMA
CAMA MODEO NAUTICA DE 2X2 10/06/2025,PREPARADO JOTA,1.0,FORMULA,,,,,,unidad_raw=CON EL 5% | seccion=SECCION PINTURA Y PREPARADA DE CAMA | precio_unitario_raw=30000.0
CAMA MODEO NAUTICA DE 2X2 10/06/2025,PINTURA ALEX,1.0,FORMULA,,,,,,unidad_raw=CON EL 5% | seccion=SECCION PINTURA Y PREPARADA DE CAMA | precio_unitario_raw=20000.0
CAMA MODEO NAUTICA DE 2X2 10/06/2025,PINTURA DE PATAS ALEX,20.0,FORMULA,,,,,,seccion=SECCION PINTURA Y PREPARADA DE CAMA | precio_unitario_raw=2000.0 | total_raw=40000.0
CAMA MODEO NAUTICA DE 2X2 10/06/2025,SELLADOR,1.0,FORMULA,,,,,,unidad_raw=PISTOLADAS | seccion=SECCION PINTURA Y PREPARADA DE CAMA | precio_unitario_raw=18000.0 | total_raw=0.0
CAMA MODEO NAUTICA DE 2X2 10/06/2025,LIJA 400,1.0,FORMULA,,,,,,unidad_raw=unidades | seccion=SECCION PINTURA Y PREPARADA DE CAMA | precio_unitario_raw=2000.0 | total_raw=0.0
CAMA MODEO NAUTICA DE 2X2 10/06/2025,NITRO,1.0,FORMULA,,,,,,unidad_raw=galon | seccion=SECCION PINTURA Y PREPARADA DE CAMA | total_raw=0.0
CAMA MODEO NAUTICA DE 2X2 10/06/2025,lija 240,1.0,FORMULA,,,,,,unidad_raw=unidad | seccion=SECCION PINTURA Y PREPARADA DE CAMA | precio_unitario_raw=2000.0 | total_raw=0.0
CAMA MODEO NAUTICA DE 2X2 10/06/2025,lija 150,1.0,FORMULA,,,,,,unidad_raw=unidad | seccion=SECCION PINTURA Y PREPARADA DE CAMA | precio_unitario_raw=2000.0 | total_raw=0.0
CAMA MODEO NAUTICA DE 2X2 10/06/2025,LACA SEMIMATE,1.0,FORMULA,,,,,,unidad_raw=GALON | seccion=SECCION PINTURA Y PREPARADA DE CAMA | precio_unitario_raw=23000.0 | total_raw=0.0
CAMA MODEO NAUTICA DE 2X2 10/06/2025,kerosen,1.0,FORMULA,,,,,,unidad_raw=litro | seccion=SECCION PINTURA Y PREPARADA DE CAMA | precio_unitario_raw=18000.0 | total_raw=0.0
CAMA MODEO NAUTICA DE 2X2 10/06/2025,COLOR GRIS,1.0,FORMULA,,,,,,unidad_raw=PISTOLADA | seccion=SECCION PINTURA Y PREPARADA DE CAMA | precio_unitario_raw=19000.0 | total_raw=0.0
CAMA MODEO NAUTICA DE 2X2 10/06/2025,TINTE MIEL,1.0,FORMULA,,,,,,unidad_raw=galon | seccion=SECCION PINTURA Y PREPARADA DE CAMA | total_raw=0.0
CAMA MODEO NAUTICA DE 2X2 10/06/2025,GASOLINA,1.0,FORMULA,,,,,,unidad_raw=LITRO | seccion=SECCION PINTURA Y PREPARADA DE CAMA | precio_unitario_raw=4.5 | total_raw=0.0
CAMA MODEO NAUTICA DE 2X2 10/06/2025,RESANE,1.0,FORMULA,,,,,,unidad_raw=LITRO | seccion=SECCION PINTURA Y PREPARADA DE CAMA | total_raw=0.0
CAMA MODEO NAUTICA DE 2X2 10/06/2025,LACA,1.0,FORMULA,,,,,,unidad_raw=PISTOLADA | seccion=SECCION PINTURA Y PREPARADA DE CAMA | precio_unitario_raw=22000.0 | total_raw=0.0
CAMA MODEO NAUTICA DE 2X2 10/06/2025,COLAPATO,1.0,FORMULA,,,,,,unidad_raw=2X7X5+1X7X5=105 | seccion=SECCION TERMINACION | precio_unitario_raw=35000.0 | total_raw=0.0
CAMA MODEO NAUTICA DE 2X2 10/06/2025,MULTIUSO,1.0,FORMULA,,,,,,unidad_raw=PAR | seccion=SECCION TERMINACION | precio_unitario_raw=6000.0 | total_raw=0.0
CAMA MODEO NAUTICA DE 2X2 10/06/2025,PATAS DE CAMAS,1.0,FIJO,,,,,,unidad_raw=unidades | seccion=SECCION TERMINACION | precio_unitario_raw=11000.0 | total_raw=0.0
CAMA MODEO NAUTICA DE 2X2 10/06/2025,TORNILLOS,1.0,FIJO,,,,,,unidad_raw=unidades | seccion=SECCION TERMINACION | precio_unitario_raw=100.0 | total_raw=0.0
CAMA MODEO NAUTICA DE 2X2 10/06/2025,EMBALADA,1.0,FIJO,,,,,,unidad_raw=unidades | seccion=SECCION TERMINACION | precio_unitario_raw=150000.0 | total_raw=150000.0
CAMA MODEO NAUTICA DE 2X2 10/06/2025,SECCION TENDIDO,1.0,FORMULA,,,,,,seccion=SECCION TERMINACION | total_raw=0.0
CAMA MODEO NAUTICA DE 2X2 10/06/2025,MADERA 60X1X4,750.0,FORMULA,,,,,,unidad_raw=2X25X15 | seccion=SECCION TERMINACION | precio_unitario_raw=140.0 | total_raw=105000.0
CAMA MODEO NAUTICA DE 2X2 10/06/2025,FABRICACION TENDIDO,1.0,FIJO,,,,,,unidad_raw=DE 2X2 | seccion=SECCION TERMINACION | precio_unitario_raw=63000.0 | total_raw=63000.0
CAMA MODEO NAUTICA DE 2X2 10/06/2025,MDF DE 9,1.0,AREA,,,,,,unidad_raw=unidades | seccion=SECCION TERMINACION | precio_unitario_raw=140000.0 | total_raw=140000.0
CAMA MODEO NAUTICA DE 2X2 10/06/2025,COLBON,0.5,VOLUMEN,,,,,,unidad_raw=LITRO | seccion=SECCION TERMINACION | precio_unitario_raw=14000.0 | total_raw=7000.0
CAMA MODEO NAUTICA DE 2X2 10/06/2025,"TORNILLOS DE 2""",50.0,ESPACIADO,,,,,,unidad_raw=unidades | seccion=SECCION TERMINACION | precio_unitario_raw=100.0 | total_raw=5000.0
CAMA MODEO NAUTICA DE 2X2 10/06/2025,CLAVILLO,2.0,ESPACIADO,,,,,,unidad_raw=TIRAS | seccion=SECCION TERMINACION | precio_unitario_raw=600.0 | total_raw=1200.0
CAMA MODEO NAUTICA DE 2X2 10/06/2025,PEOPE,2.0,LINEAL,,,,,,unidad_raw=METROS | seccion=SECCION TERMINACION | precio_unitario_raw=3500.0 | total_raw=7000.0
CAMA MODEO NAUTICA DE 2X2 10/06/2025,TELA,10.0,AREA,,,,,,unidad_raw=METROS | seccion=SECCION TAPICERIA | precio_unitario_raw=34000.0 | total_raw=340000.0
CAMA MODEO NAUTICA DE 2X2 10/06/2025,BARILLA TRIPA POLLO,0.3,FORMULA,,,,,,seccion=SECCION TAPICERIA | precio_unitario_raw=15000.0 | total_raw=4500.0
CAMA MODEO NAUTICA DE 2X2 10/06/2025,CAZATA,0.3,LINEAL,,,,,,unidad_raw=METROS | seccion=SECCION TAPICERIA | precio_unitario_raw=56000.0 | total_raw=16800.0
CAMA MODEO NAUTICA DE 2X2 10/06/2025,GRAPAS,0.5,ESPACIADO,,,,,,unidad_raw=CAJA DE GRAPAS | seccion=SECCION TAPICERIA | precio_unitario_raw=12000.0 | total_raw=6000.0
CAMA MODEO NAUTICA DE 2X2 10/06/2025,ESPUMA AZUL DE 2 PULGADAS,1.0,AREA,,,,,,unidad_raw=LAMINA | seccion=SECCION TAPICERIA | precio_unitario_raw=39000.0 | total_raw=39000.0
CAMA MODEO NAUTICA DE 2X2 10/06/2025,"TORNILLOS DE 1 1/2""",30.0,ESPACIADO,,,,,,unidad_raw=UNIDADES | seccion=SECCION TAPICERIA | precio_unitario_raw=100.0 | total_raw=3000.0
CAMA MODEO NAUTICA DE 2X2 10/06/2025,ESPUMA DE 1 1/2PULGADA ROSADA,1.0,AREA,,,,,,unidad_raw=UNIDADES | seccion=SECCION TAPICERIA | precio_unitario_raw=33000.0 | total_raw=33000.0
CAMA MODEO NAUTICA DE 2X2 10/06/2025,ESPUMA BLANCA DE 1/2,1.0,AREA,,,,,,unidad_raw=UNIDAD | seccion=SECCION TAPICERIA | precio_unitario_raw=19900.0 | total_raw=19900.0
CAMA MODEO NAUTICA DE 2X2 10/06/2025,CARTON,4.3,LINEAL,,,,,,unidad_raw=MTS | seccion=SECCION TAPICERIA | precio_unitario_raw=5000.0 | total_raw=21500.0
CAMA MODEO NAUTICA DE 2X2 10/06/2025,COSTAL,3.0,AREA,,,,,,unidad_raw=METROS | seccion=SECCION TAPICERIA | precio_unitario_raw=3000.0 | total_raw=9000.0
CAMA MODEO NAUTICA DE 2X2 10/06/2025,HILO,0.5,FORMULA,,,,,,seccion=SECCION TAPICERIA | precio_unitario_raw=4000.0 | total_raw=2000.0
CAMA MODEO NAUTICA DE 2X2 10/06/2025,ESPUMA NARANJA 1CM,1.0,FORMULA,,,,,,unidad_raw=UNIIDAD | seccion=SECCION TAPICERIA | total_raw=0.0
CAMA MODEO NAUTICA DE 2X2 10/06/2025,SUPER,0.75,VOLUMEN,,,,,,unidad_raw=LITRO | seccion=SECCION TAPICERIA | precio_unitario_raw=16250.0 | total_raw=12187.5
CAMA MODEO NAUTICA DE 2X2 10/06/2025,GUATA,1.1,LINEAL,,,,,,unidad_raw=CM | seccion=SECCION TAPICERIA | precio_unitario_raw=14000.0 | total_raw=15400.0
CAMA MODEO NAUTICA DE 2X2 10/06/2025,HECHURA,1.0,FIJO,,,,,,seccion=SECCION TAPICERIA | precio_unitario_raw=210000.0 | total_raw=210000.0
CAMA MODEO NAUTICA DE 2X2 10/06/2025,COLARATA,6.0,FORMULA,,,,,,unidad_raw=KG | seccion=SECCION TAPICERIA | precio_unitario_raw=2000.0 | total_raw=12000.0
CAMA MODELO VENECIA DE 2X2 10/06/2025,MADERA (2),1651.0,FORMULA,,,,,,unidad_raw=APAMATE | precio_unitario_raw=140.0 | total_raw=231140.0
CAMA MODELO VENECIA DE 2X2 10/06/2025,"MDF DE 2,7",1.0,FORMULA,,,,,,unidad_raw=3 PEASOS DE 49X49 | precio_unitario_raw=65000.0 | total_raw=0.0
CAMA MODELO VENECIA DE 2X2 10/06/2025,INDUPLAX,0.0,AREA,,,,,,unidad_raw=Unidad | precio_unitario_raw=160000.0 | total_raw=0.0
CAMA MODELO VENECIA DE 2X2 10/06/2025,LAMINA DE 9,0.34,AREA,,,,,,unidad_raw=Unidad | precio_unitario_raw=140000.0 | total_raw=47600.0
CAMA MODELO VENECIA DE 2X2 10/06/2025,SUPER,1.0,FORMULA,,,,,,unidad_raw=LITROS | precio_unitario_raw=19000.0 | total_raw=0.0
CAMA MODELO VENECIA DE 2X2 10/06/2025,COLBON,1.0,VOLUMEN,,,,,,unidad_raw=LITROS | precio_unitario_raw=14000.0 | total_raw=14000.0
CAMA MODELO VENECIA DE 2X2 10/06/2025,GRAPAS,15.0,ESPACIADO,,,,,,unidad_raw=Unidad | precio_unitario_raw=600.0 | total_raw=9000.0
CAMA MODELO VENECIA DE 2X2 10/06/2025,CORREDERAS,1.0,FIJO,,,,,,unidad_raw=UNITARIO | precio_unitario_raw=30000.0 | total_raw=0.0
CAMA MODELO VENECIA DE 2X2 10/06/2025,CLAVILLOS,15.0,ESPACIADO,,,,,,unidad_raw=TIRA | precio_unitario_raw=1000.0 | total_raw=15000.0
CAMA MODELO VENECIA DE 2X2 10/06/2025,GANCHOS,1.0,FIJO,,,,,,unidad_raw=PAR | precio_unitario_raw=20000.0 | total_raw=20000.0
CAMA MODELO VENECIA DE 2X2 10/06/2025,MDF DE 9,1.0,FORMULA,,,,,,precio_unitario_raw=136000.0 | total_raw=0.0
CAMA MODELO VENECIA DE 2X2 10/06/2025,"TORNILLOS DE 2""",100.0,ESPACIADO,,,,,,unidad_raw=Unidad | precio_unitario_raw=100.0 | total_raw=10000.0
CAMA MODELO VENECIA DE 2X2 10/06/2025,ebanisteria 300.000 x 5% de m.o,1.0,FORMULA,,,,,,total_raw=315000.0
CAMA MODELO VENECIA DE 2X2 10/06/2025,gastos de Ebanisteria e 10%,1.0,FORMULA,,,,,,total_raw=66174.0
CAMA MODELO VENECIA DE 2X2 10/06/2025,MADERA (2),468.0,FORMULA,,,,,,"unidad_raw=2,10X22X18= 832 2,10X20X15=630 | precio_unitario_raw=140.0 | total_raw=65520.0"
CAMA MODELO VENECIA DE 2X2 10/06/2025,MDF DE 3,200.0,AREA,,,,,,"unidad_raw=1 PEDAZO DE 1,20X45=54 | precio_unitario_raw=65.0 | total_raw=13000.0"
CAMA MODELO VENECIA DE 2X2 10/06/2025,LAM MDF 15,250.0,AREA,,,,,,"unidad_raw=1 PEDASO DE 1.25 X55=68,75 | precio_unitario_raw=210.0 | total_raw=52500.0"
CAMA MODELO VENECIA DE 2X2 10/06/2025,LAM MDF 7,175.0,AREA,,,,,,"unidad_raw=1 PEDASO DE 1,50X40=60 | precio_unitario_raw=130.0 | total_raw=21875.0"
CAMA MODELO VENECIA DE 2X2 10/06/2025,COLBON,2.0,VOLUMEN,,,,,,unidad_raw=litros | precio_unitario_raw=14000.0 | total_raw=28000.0
CAMA MODELO VENECIA DE 2X2 10/06/2025,GRAPAS,10.0,ESPACIADO,,,,,,unidad_raw=Unidad | precio_unitario_raw=600.0 | total_raw=6000.0
CAMA MODELO VENECIA DE 2X2 10/06/2025,CLAVILLOS N F 40,6.0,ESPACIADO,,,,,,unidad_raw=TIRA | precio_unitario_raw=1000.0 | total_raw=6000.0
CAMA MODELO VENECIA DE 2X2 10/06/2025,HECHURA,2.0,FORMULA,,,,,,unidad_raw=PAR | precio_unitario_raw=105000.0 | total_raw=210000.0
CAMA MODELO VENECIA DE 2X2 10/06/2025,"TORNILLOS DE 2""",30.0,ESPACIADO,,,,,,unidad_raw=Unidad | precio_unitario_raw=100.0 | total_raw=3000.0
CAMA MODELO VENECIA DE 2X2 10/06/2025,CORREDERAS,4.0,FORMULA,,,,,,unidad_raw=DE CIERRELENTO | precio_unitario_raw=30000.0 | total_raw=120000.0
CAMA MODELO VENECIA DE 2X2 10/06/2025,gastos de Ebanisteria e 5%,1.0,FORMULA,,,,,,total_raw=26294.75
CAMA MODELO VENECIA DE 2X2 10/06/2025,SECCION PINTURA Y PREPARADA,1.0,FORMULA,,,,,DE 2 NOCHEROS,seccion=SECCION PINTURA Y PREPARADA DE 2 NOCHEROS
CAMA MODELO VENECIA DE 2X2 10/06/2025,PREPARADO JOTA,2.0,FORMULA,,,,,,unidad_raw=CON EL 5% | seccion=SECCION PINTURA Y PREPARADA DE 2 NOCHEROS | precio_unitario_raw=50000.0 | total_raw=52500.0
CAMA MODELO VENECIA DE 2X2 10/06/2025,PINTURA ALEX,2.0,FORMULA,,,,,,unidad_raw=CON EL 5% | seccion=SECCION PINTURA Y PREPARADA DE 2 NOCHEROS | precio_unitario_raw=36750.0 | total_raw=73500.0
CAMA MODELO VENECIA DE 2X2 10/06/2025,SELLADOR,3.0,VOLUMEN,,,,,,unidad_raw=PISTOLADAS | seccion=SECCION PINTURA Y PREPARADA DE 2 NOCHEROS | precio_unitario_raw=18000.0 | total_raw=54000.0
CAMA MODELO VENECIA DE 2X2 10/06/2025,LIJA 400,2.0,FORMULA,,,,,,unidad_raw=unidades | seccion=SECCION PINTURA Y PREPARADA DE 2 NOCHEROS | precio_unitario_raw=2000.0 | total_raw=4000.0
CAMA MODELO VENECIA DE 2X2 10/06/2025,NITRO,0.1,VOLUMEN,,,,,,unidad_raw=galon | seccion=SECCION PINTURA Y PREPARADA DE 2 NOCHEROS | precio_unitario_raw=70000.0 | total_raw=7000.0
CAMA MODELO VENECIA DE 2X2 10/06/2025,VIDRIOS,2.0,FORMULA,,,,,,unidad_raw=unidad | seccion=SECCION PINTURA Y PREPARADA DE 2 NOCHEROS | precio_unitario_raw=45000.0 | total_raw=90000.0
CAMA MODELO VENECIA DE 2X2 10/06/2025,TALCO,0.3,FORMULA,,,,,,unidad_raw=unidad | seccion=SECCION PINTURA Y PREPARADA DE 2 NOCHEROS | precio_unitario_raw=2500.0 | total_raw=750.0
CAMA MODELO VENECIA DE 2X2 10/06/2025,TINER,0.2,VOLUMEN,,,,,,unidad_raw=GALON | seccion=SECCION PINTURA Y PREPARADA DE 2 NOCHEROS | precio_unitario_raw=34000.0 | total_raw=6800.0
CAMA MODELO VENECIA DE 2X2 10/06/2025,TOPES,8.0,FORMULA,,,,,,unidad_raw=JALADORES | seccion=SECCION PINTURA Y PREPARADA DE 2 NOCHEROS | precio_unitario_raw=3000.0 | total_raw=24000.0
CAMA MODELO VENECIA DE 2X2 10/06/2025,COLOR GRIS,2.5,VOLUMEN,,,,,,unidad_raw=PISTOLADA | seccion=SECCION PINTURA Y PREPARADA DE 2 NOCHEROS | precio_unitario_raw=22000.0 | total_raw=55000.0
CAMA MODELO VENECIA DE 2X2 10/06/2025,ENCINA,0.1,VOLUMEN,,,,,,unidad_raw=galon | seccion=SECCION PINTURA Y PREPARADA DE 2 NOCHEROS | precio_unitario_raw=160000.0 | total_raw=16000.0
CAMA MODELO VENECIA DE 2X2 10/06/2025,GASOLINA,0.2,LINEAL,,,,,,unidad_raw=ML | seccion=SECCION PINTURA Y PREPARADA DE 2 NOCHEROS | precio_unitario_raw=4500.0 | total_raw=900.0
CAMA MODELO VENECIA DE 2X2 10/06/2025,RESANE,0.2,VOLUMEN,,,,,,unidad_raw=LITRO | seccion=SECCION PINTURA Y PREPARADA DE 2 NOCHEROS | precio_unitario_raw=20000.0 | total_raw=4000.0
CAMA MODELO VENECIA DE 2X2 10/06/2025,LACA,2.0,VOLUMEN,,,,,,unidad_raw=PISTOLADA | seccion=SECCION PINTURA Y PREPARADA DE 2 NOCHEROS | precio_unitario_raw=23000.0 | total_raw=46000.0
CAMA MODELO VENECIA DE 2X2 10/06/2025,Gastos de Pintura 10%,1.0,FORMULA,,,,,,seccion=SECCION PINTURA Y PREPARADA DE 2 NOCHEROS | total_raw=43445.0
CAMA MODELO VENECIA DE 2X2 10/06/2025,SECCION PINTURA Y PREPARADA,1.0,FORMULA,,,,,DE CAMA,seccion=SECCION PINTURA Y PREPARADA DE CAMA
CAMA MODELO VENECIA DE 2X2 10/06/2025,PREPARADO JOTA,1.0,FORMULA,,,,,,unidad_raw=CON EL 5% | seccion=SECCION PINTURA Y PREPARADA DE CAMA | precio_unitario_raw=30000.0
CAMA MODELO VENECIA DE 2X2 10/06/2025,PINTURA ALEX,1.0,FORMULA,,,,,,unidad_raw=CON EL 5% | seccion=SECCION PINTURA Y PREPARADA DE CAMA | precio_unitario_raw=20000.0
CAMA MODELO VENECIA DE 2X2 10/06/2025,PINTURA DE PATAS ALEX,4.0,FORMULA,,,,,,seccion=SECCION PINTURA Y PREPARADA DE CAMA | precio_unitario_raw=2000.0 | total_raw=8000.0
CAMA MODELO VENECIA DE 2X2 10/06/2025,SELLADOR,1.0,FORMULA,,,,,,unidad_raw=PISTOLADAS | seccion=SECCION PINTURA Y PREPARADA DE CAMA | precio_unitario_raw=18000.0 | total_raw=0.0
CAMA MODELO VENECIA DE 2X2 10/06/2025,LIJA 400,1.0,FORMULA,,,,,,unidad_raw=unidades | seccion=SECCION PINTURA Y PREPARADA DE CAMA | precio_unitario_raw=2000.0 | total_raw=0.0
CAMA MODELO VENECIA DE 2X2 10/06/2025,NITRO,1.0,FORMULA,,,,,,unidad_raw=galon | seccion=SECCION PINTURA Y PREPARADA DE CAMA | total_raw=0.0
CAMA MODELO VENECIA DE 2X2 10/06/2025,lija 240,1.0,FORMULA,,,,,,unidad_raw=unidad | seccion=SECCION PINTURA Y PREPARADA DE CAMA | precio_unitario_raw=2000.0 | total_raw=0.0
CAMA MODELO VENECIA DE 2X2 10/06/2025,lija 150,1.0,FORMULA,,,,,,unidad_raw=unidad | seccion=SECCION PINTURA Y PREPARADA DE CAMA | precio_unitario_raw=2000.0 | total_raw=0.0
CAMA MODELO VENECIA DE 2X2 10/06/2025,LACA SEMIMATE,1.0,FORMULA,,,,,,unidad_raw=GALON | seccion=SECCION PINTURA Y PREPARADA DE CAMA | precio_unitario_raw=23000.0 | total_raw=0.0
CAMA MODELO VENECIA DE 2X2 10/06/2025,kerosen,1.0,FORMULA,,,,,,unidad_raw=litro | seccion=SECCION PINTURA Y PREPARADA DE CAMA | precio_unitario_raw=18000.0 | total_raw=0.0
CAMA MODELO VENECIA DE 2X2 10/06/2025,COLOR GRIS,1.0,FORMULA,,,,,,unidad_raw=PISTOLADA | seccion=SECCION PINTURA Y PREPARADA DE CAMA | precio_unitario_raw=19000.0 | total_raw=0.0
CAMA MODELO VENECIA DE 2X2 10/06/2025,TINTE MIEL,1.0,FORMULA,,,,,,unidad_raw=galon | seccion=SECCION PINTURA Y PREPARADA DE CAMA | total_raw=0.0
CAMA MODELO VENECIA DE 2X2 10/06/2025,GASOLINA,1.0,FORMULA,,,,,,unidad_raw=LITRO | seccion=SECCION PINTURA Y PREPARADA DE CAMA | precio_unitario_raw=4.5 | total_raw=0.0
CAMA MODELO VENECIA DE 2X2 10/06/2025,RESANE,1.0,FORMULA,,,,,,unidad_raw=LITRO | seccion=SECCION PINTURA Y PREPARADA DE CAMA | total_raw=0.0
CAMA MODELO VENECIA DE 2X2 10/06/2025,LACA,1.0,FORMULA,,,,,,unidad_raw=PISTOLADA | seccion=SECCION PINTURA Y PREPARADA DE CAMA | precio_unitario_raw=22000.0 | total_raw=0.0
CAMA MODELO VENECIA DE 2X2 10/06/2025,COLAPATO,1.0,FIJO,,,,,,unidad_raw=2X7X5+1X7X5=105 | seccion=SECCION TERMINACION | precio_unitario_raw=35000.0 | total_raw=35000.0
CAMA MODELO VENECIA DE 2X2 10/06/2025,MULTIUSO,1.0,FIJO,,,,,,unidad_raw=PAR | seccion=SECCION TERMINACION | precio_unitario_raw=6000.0 | total_raw=6000.0
CAMA MODELO VENECIA DE 2X2 10/06/2025,PATAS DE CAMAS,4.0,FORMULA,,,,,,unidad_raw=unidades | seccion=SECCION TERMINACION | precio_unitario_raw=11000.0 | total_raw=44000.0
CAMA MODELO VENECIA DE 2X2 10/06/2025,TORNILLOS,16.0,ESPACIADO,,,,,,unidad_raw=unidades | seccion=SECCION TERMINACION | precio_unitario_raw=100.0 | total_raw=1600.0
CAMA MODELO VENECIA DE 2X2 10/06/2025,EMBALADA,1.0,FIJO,,,,,,unidad_raw=unidades | seccion=SECCION TERMINACION | precio_unitario_raw=150000.0 | total_raw=150000.0
CAMA MODELO VENECIA DE 2X2 10/06/2025,SECCION TENDIDO,1.0,FORMULA,,,,,,seccion=SECCION TERMINACION | total_raw=0.0
CAMA MODELO VENECIA DE 2X2 10/06/2025,MADERA 60X1X4,750.0,FORMULA,,,,,,unidad_raw=2X25X15 | seccion=SECCION TERMINACION | precio_unitario_raw=140.0 | total_raw=105000.0
CAMA MODELO VENECIA DE 2X2 10/06/2025,FABRICACION TENDIDO,1.0,FIJO,,,,,,unidad_raw=DE 2X2 | seccion=SECCION TERMINACION | precio_unitario_raw=42000.0 | total_raw=42000.0
CAMA MODELO VENECIA DE 2X2 10/06/2025,MDF DE 9,1.0,AREA,,,,,,unidad_raw=unidades | seccion=SECCION TERMINACION | precio_unitario_raw=140000.0 | total_raw=140000.0
CAMA MODELO VENECIA DE 2X2 10/06/2025,COLBON,0.5,VOLUMEN,,,,,,unidad_raw=LITRO | seccion=SECCION TERMINACION | precio_unitario_raw=14000.0 | total_raw=7000.0
CAMA MODELO VENECIA DE 2X2 10/06/2025,"TORNILLOS DE 2""",50.0,ESPACIADO,,,,,,unidad_raw=unidades | seccion=SECCION TERMINACION | precio_unitario_raw=100.0 | total_raw=5000.0
CAMA MODELO VENECIA DE 2X2 10/06/2025,CLAVILLO,2.0,ESPACIADO,,,,,,unidad_raw=TIRAS | seccion=SECCION TERMINACION | precio_unitario_raw=600.0 | total_raw=1200.0
CAMA MODELO VENECIA DE 2X2 10/06/2025,PEOPE,2.0,LINEAL,,,,,,unidad_raw=METROS | seccion=SECCION TERMINACION | precio_unitario_raw=3500.0 | total_raw=7000.0
CAMA MODELO VENECIA DE 2X2 10/06/2025,TELA,9.0,AREA,,,,,,unidad_raw=METROS | seccion=SECCION TAPICERIA | precio_unitario_raw=34000.0 | total_raw=306000.0
CAMA MODELO VENECIA DE 2X2 10/06/2025,BARILLA TRIPA POLLO,0.3,FORMULA,,,,,,seccion=SECCION TAPICERIA | precio_unitario_raw=15000.0 | total_raw=4500.0
CAMA MODELO VENECIA DE 2X2 10/06/2025,CAZATA,0.3,LINEAL,,,,,,unidad_raw=METROS | seccion=SECCION TAPICERIA | precio_unitario_raw=56000.0 | total_raw=16800.0
CAMA MODELO VENECIA DE 2X2 10/06/2025,GRAPAS,0.5,ESPACIADO,,,,,,unidad_raw=CAJA DE GRAPAS | seccion=SECCION TAPICERIA | precio_unitario_raw=12000.0 | total_raw=6000.0
CAMA MODELO VENECIA DE 2X2 10/06/2025,ESPUMA AZUL DE 2 PULGADAS,1.3,AREA,,,,,,unidad_raw=LAMINA | seccion=SECCION TAPICERIA | precio_unitario_raw=39000.0 | total_raw=50700.0
CAMA MODELO VENECIA DE 2X2 10/06/2025,"TORNILLOS DE 1 1/2""",30.0,ESPACIADO,,,,,,unidad_raw=UNIDADES | seccion=SECCION TAPICERIA | precio_unitario_raw=100.0 | total_raw=3000.0
CAMA MODELO VENECIA DE 2X2 10/06/2025,ESPUMA DE 1 1/2PULGADA ROSADA,2.0,AREA,,,,,,unidad_raw=UNIDADES | seccion=SECCION TAPICERIA | precio_unitario_raw=33000.0 | total_raw=66000.0
CAMA MODELO VENECIA DE 2X2 10/06/2025,ESPUMA BLANCA DE 1/2,0.66,AREA,,,,,,unidad_raw=UNIDAD | seccion=SECCION TAPICERIA | precio_unitario_raw=19900.0 | total_raw=13134.0
CAMA MODELO VENECIA DE 2X2 10/06/2025,CARTON,4.0,LINEAL,,,,,,unidad_raw=MTS | seccion=SECCION TAPICERIA | precio_unitario_raw=5000.0 | total_raw=20000.0
CAMA MODELO VENECIA DE 2X2 10/06/2025,COSTAL,3.0,AREA,,,,,,unidad_raw=METROS | seccion=SECCION TAPICERIA | precio_unitario_raw=3000.0 | total_raw=9000.0
CAMA MODELO VENECIA DE 2X2 10/06/2025,HILO,0.5,FORMULA,,,,,,seccion=SECCION TAPICERIA | precio_unitario_raw=4000.0 | total_raw=2000.0
CAMA MODELO VENECIA DE 2X2 10/06/2025,CAUCHO,1.6,FORMULA,,,,,,unidad_raw=UNIIDAD | seccion=SECCION TAPICERIA | precio_unitario_raw=1500.0 | total_raw=2400.0
CAMA MODELO VENECIA DE 2X2 10/06/2025,SUPER,0.75,VOLUMEN,,,,,,unidad_raw=LITRO | seccion=SECCION TAPICERIA | precio_unitario_raw=16250.0 | total_raw=12187.5
CAMA MODELO VENECIA DE 2X2 10/06/2025,FIELTRO,0.7,LINEAL,,,,,,unidad_raw=CM | seccion=SECCION TAPICERIA | precio_unitario_raw=4000.0 | total_raw=2800.0
CAMA MODELO VENECIA DE 2X2 10/06/2025,HECHURA,1.0,FIJO,,,,,,seccion=SECCION TAPICERIA | precio_unitario_raw=210000.0 | total_raw=210000.0
CAMA MODELO VENECIA DE 2X2 10/06/2025,COLARATA,6.0,FORMULA,,,,,,unidad_raw=KG | seccion=SECCION TAPICERIA | precio_unitario_raw=2000.0 | total_raw=12000.0
CAMA MODELOFILIPINA DE 2X2 10/06/2025,MADERA (2),1576.0,FORMULA,,,,,,unidad_raw=APAMATE | precio_unitario_raw=140.0 | total_raw=220640.0
CAMA MODELOFILIPINA DE 2X2 10/06/2025,"MDF DE 2,7",1.0,FORMULA,,,,,,unidad_raw=3 PEASOS DE 49X49 | precio_unitario_raw=65000.0 | total_raw=0.0
CAMA MODELOFILIPINA DE 2X2 10/06/2025,INDUPLAX,0.0,AREA,,,,,,unidad_raw=Unidad | precio_unitario_raw=160000.0 | total_raw=0.0
CAMA MODELOFILIPINA DE 2X2 10/06/2025,LAMINA DE 9,1.0,FORMULA,,,,,,unidad_raw=Unidad | precio_unitario_raw=140000.0 | total_raw=0.0
CAMA MODELOFILIPINA DE 2X2 10/06/2025,SUPER,1.0,FORMULA,,,,,,unidad_raw=LITROS | precio_unitario_raw=19000.0 | total_raw=0.0
CAMA MODELOFILIPINA DE 2X2 10/06/2025,COLBON,1.0,VOLUMEN,,,,,,unidad_raw=LITROS | precio_unitario_raw=14000.0 | total_raw=14000.0
CAMA MODELOFILIPINA DE 2X2 10/06/2025,GRAPAS,15.0,ESPACIADO,,,,,,unidad_raw=Unidad | precio_unitario_raw=600.0 | total_raw=9000.0
CAMA MODELOFILIPINA DE 2X2 10/06/2025,CORREDERAS,1.0,FIJO,,,,,,unidad_raw=UNITARIO | precio_unitario_raw=30000.0 | total_raw=0.0
CAMA MODELOFILIPINA DE 2X2 10/06/2025,CLAVILLOS,15.0,ESPACIADO,,,,,,unidad_raw=TIRA | precio_unitario_raw=1000.0 | total_raw=15000.0
CAMA MODELOFILIPINA DE 2X2 10/06/2025,GANCHOS,1.0,FIJO,,,,,,unidad_raw=PAR | precio_unitario_raw=20000.0 | total_raw=20000.0
CAMA MODELOFILIPINA DE 2X2 10/06/2025,MDF DE 9,1.0,FORMULA,,,,,,precio_unitario_raw=136000.0 | total_raw=0.0
CAMA MODELOFILIPINA DE 2X2 10/06/2025,"TORNILLOS DE 2""",100.0,ESPACIADO,,,,,,unidad_raw=Unidad | precio_unitario_raw=100.0 | total_raw=10000.0
CAMA MODELOFILIPINA DE 2X2 10/06/2025,ebanisteria 300.000 x 5% de m.o,1.0,FORMULA,,,,,,total_raw=315000.0
CAMA MODELOFILIPINA DE 2X2 10/06/2025,gastos de Ebanisteria e 10%,1.0,FORMULA,,,,,,total_raw=60364.0
CAMA MODELOFILIPINA DE 2X2 10/06/2025,MADERA (2),468.0,FORMULA,,,,,,"unidad_raw=2,10X22X18= 832 2,10X20X15=630 | precio_unitario_raw=140.0 | total_raw=65520.0"
CAMA MODELOFILIPINA DE 2X2 10/06/2025,MDF DE 3,200.0,AREA,,,,,,"unidad_raw=1 PEDAZO DE 1,20X45=54 | precio_unitario_raw=65.0 | total_raw=13000.0"
CAMA MODELOFILIPINA DE 2X2 10/06/2025,LAM MDF 15,250.0,AREA,,,,,,"unidad_raw=1 PEDASO DE 1.25 X55=68,75 | precio_unitario_raw=210.0 | total_raw=52500.0"
CAMA MODELOFILIPINA DE 2X2 10/06/2025,LAM MDF 7,175.0,AREA,,,,,,"unidad_raw=1 PEDASO DE 1,50X40=60 | precio_unitario_raw=130.0 | total_raw=21875.0"
CAMA MODELOFILIPINA DE 2X2 10/06/2025,COLBON,2.0,VOLUMEN,,,,,,unidad_raw=litros | precio_unitario_raw=14000.0 | total_raw=28000.0
CAMA MODELOFILIPINA DE 2X2 10/06/2025,GRAPAS,10.0,ESPACIADO,,,,,,unidad_raw=Unidad | precio_unitario_raw=600.0 | total_raw=6000.0
CAMA MODELOFILIPINA DE 2X2 10/06/2025,CLAVILLOS N F 40,6.0,ESPACIADO,,,,,,unidad_raw=TIRA | precio_unitario_raw=1000.0 | total_raw=6000.0
CAMA MODELOFILIPINA DE 2X2 10/06/2025,HECHURA,2.0,FORMULA,,,,,,unidad_raw=PAR | precio_unitario_raw=105000.0 | total_raw=210000.0
CAMA MODELOFILIPINA DE 2X2 10/06/2025,"TORNILLOS DE 2""",30.0,ESPACIADO,,,,,,unidad_raw=Unidad | precio_unitario_raw=100.0 | total_raw=3000.0
CAMA MODELOFILIPINA DE 2X2 10/06/2025,CORREDERAS,4.0,FORMULA,,,,,,unidad_raw=DE CIERRELENTO | precio_unitario_raw=30000.0 | total_raw=120000.0
CAMA MODELOFILIPINA DE 2X2 10/06/2025,gastos de Ebanisteria e 5%,1.0,FORMULA,,,,,,total_raw=26294.75
CAMA MODELOFILIPINA DE 2X2 10/06/2025,SECCION PINTURA Y PREPARADA,1.0,FORMULA,,,,,DE 2 NOCHEROS,seccion=SECCION PINTURA Y PREPARADA DE 2 NOCHEROS
CAMA MODELOFILIPINA DE 2X2 10/06/2025,PREPARADO JOTA,2.0,FORMULA,,,,,,unidad_raw=CON EL 5% | seccion=SECCION PINTURA Y PREPARADA DE 2 NOCHEROS | precio_unitario_raw=50000.0 | total_raw=52500.0
CAMA MODELOFILIPINA DE 2X2 10/06/2025,PINTURA ALEX,2.0,FORMULA,,,,,,unidad_raw=CON EL 5% | seccion=SECCION PINTURA Y PREPARADA DE 2 NOCHEROS | precio_unitario_raw=36750.0 | total_raw=73500.0
CAMA MODELOFILIPINA DE 2X2 10/06/2025,SELLADOR,3.0,VOLUMEN,,,,,,unidad_raw=PISTOLADAS | seccion=SECCION PINTURA Y PREPARADA DE 2 NOCHEROS | precio_unitario_raw=18000.0 | total_raw=54000.0
CAMA MODELOFILIPINA DE 2X2 10/06/2025,LIJA 400,2.0,FORMULA,,,,,,unidad_raw=unidades | seccion=SECCION PINTURA Y PREPARADA DE 2 NOCHEROS | precio_unitario_raw=2000.0 | total_raw=4000.0
CAMA MODELOFILIPINA DE 2X2 10/06/2025,NITRO,0.1,VOLUMEN,,,,,,unidad_raw=galon | seccion=SECCION PINTURA Y PREPARADA DE 2 NOCHEROS | precio_unitario_raw=70000.0 | total_raw=7000.0
CAMA MODELOFILIPINA DE 2X2 10/06/2025,lija 240,2.0,FORMULA,,,,,,unidad_raw=unidad | seccion=SECCION PINTURA Y PREPARADA DE 2 NOCHEROS | precio_unitario_raw=2000.0 | total_raw=4000.0
CAMA MODELOFILIPINA DE 2X2 10/06/2025,TALCO,0.3,FORMULA,,,,,,unidad_raw=unidad | seccion=SECCION PINTURA Y PREPARADA DE 2 NOCHEROS | precio_unitario_raw=2500.0 | total_raw=750.0
CAMA MODELOFILIPINA DE 2X2 10/06/2025,TINER,0.2,VOLUMEN,,,,,,unidad_raw=GALON | seccion=SECCION PINTURA Y PREPARADA DE 2 NOCHEROS | precio_unitario_raw=34000.0 | total_raw=6800.0
CAMA MODELOFILIPINA DE 2X2 10/06/2025,BOTONES,4.0,FORMULA,,,,,,unidad_raw=JALADORES | seccion=SECCION PINTURA Y PREPARADA DE 2 NOCHEROS | precio_unitario_raw=5000.0 | total_raw=20000.0
CAMA MODELOFILIPINA DE 2X2 10/06/2025,COLOR GRIS,2.5,VOLUMEN,,,,,,unidad_raw=PISTOLADA | seccion=SECCION PINTURA Y PREPARADA DE 2 NOCHEROS | precio_unitario_raw=22000.0 | total_raw=55000.0
CAMA MODELOFILIPINA DE 2X2 10/06/2025,ENCINA,0.1,VOLUMEN,,,,,,unidad_raw=galon | seccion=SECCION PINTURA Y PREPARADA DE 2 NOCHEROS | precio_unitario_raw=160000.0 | total_raw=16000.0
CAMA MODELOFILIPINA DE 2X2 10/06/2025,GASOLINA,0.2,LINEAL,,,,,,unidad_raw=ML | seccion=SECCION PINTURA Y PREPARADA DE 2 NOCHEROS | precio_unitario_raw=4500.0 | total_raw=900.0
CAMA MODELOFILIPINA DE 2X2 10/06/2025,RESANE,0.2,VOLUMEN,,,,,,unidad_raw=LITRO | seccion=SECCION PINTURA Y PREPARADA DE 2 NOCHEROS | precio_unitario_raw=20000.0 | total_raw=4000.0
CAMA MODELOFILIPINA DE 2X2 10/06/2025,LACA,2.0,VOLUMEN,,,,,,unidad_raw=PISTOLADA | seccion=SECCION PINTURA Y PREPARADA DE 2 NOCHEROS | precio_unitario_raw=23000.0 | total_raw=46000.0
CAMA MODELOFILIPINA DE 2X2 10/06/2025,Gastos de Pintura 10%,1.0,FORMULA,,,,,,seccion=SECCION PINTURA Y PREPARADA DE 2 NOCHEROS | total_raw=32445.0
CAMA MODELOFILIPINA DE 2X2 10/06/2025,SECCION PINTURA Y PREPARADA,1.0,FORMULA,,,,,DE CAMA,seccion=SECCION PINTURA Y PREPARADA DE CAMA
CAMA MODELOFILIPINA DE 2X2 10/06/2025,PREPARADO JOTA,1.0,FORMULA,,,,,,unidad_raw=CON EL 5% | seccion=SECCION PINTURA Y PREPARADA DE CAMA | precio_unitario_raw=30000.0
CAMA MODELOFILIPINA DE 2X2 10/06/2025,PINTURA ALEX,1.0,FORMULA,,,,,,unidad_raw=CON EL 5% | seccion=SECCION PINTURA Y PREPARADA DE CAMA | precio_unitario_raw=20000.0
CAMA MODELOFILIPINA DE 2X2 10/06/2025,PINTURA DE PATAS ALEX,4.0,FORMULA,,,,,,seccion=SECCION PINTURA Y PREPARADA DE CAMA | precio_unitario_raw=2000.0 | total_raw=8000.0
CAMA MODELOFILIPINA DE 2X2 10/06/2025,SELLADOR,1.0,FORMULA,,,,,,unidad_raw=PISTOLADAS | seccion=SECCION PINTURA Y PREPARADA DE CAMA | precio_unitario_raw=18000.0 | total_raw=0.0
CAMA MODELOFILIPINA DE 2X2 10/06/2025,LIJA 400,1.0,FORMULA,,,,,,unidad_raw=unidades | seccion=SECCION PINTURA Y PREPARADA DE CAMA | precio_unitario_raw=2000.0 | total_raw=0.0
CAMA MODELOFILIPINA DE 2X2 10/06/2025,NITRO,1.0,FORMULA,,,,,,unidad_raw=galon | seccion=SECCION PINTURA Y PREPARADA DE CAMA | total_raw=0.0
CAMA MODELOFILIPINA DE 2X2 10/06/2025,lija 240,1.0,FORMULA,,,,,,unidad_raw=unidad | seccion=SECCION PINTURA Y PREPARADA DE CAMA | precio_unitario_raw=2000.0 | total_raw=0.0
CAMA MODELOFILIPINA DE 2X2 10/06/2025,lija 150,1.0,FORMULA,,,,,,unidad_raw=unidad | seccion=SECCION PINTURA Y PREPARADA DE CAMA | precio_unitario_raw=2000.0 | total_raw=0.0
CAMA MODELOFILIPINA DE 2X2 10/06/2025,LACA SEMIMATE,1.0,FORMULA,,,,,,unidad_raw=GALON | seccion=SECCION PINTURA Y PREPARADA DE CAMA | precio_unitario_raw=23000.0 | total_raw=0.0
CAMA MODELOFILIPINA DE 2X2 10/06/2025,kerosen,1.0,FORMULA,,,,,,unidad_raw=litro | seccion=SECCION PINTURA Y PREPARADA DE CAMA | precio_unitario_raw=18000.0 | total_raw=0.0
CAMA MODELOFILIPINA DE 2X2 10/06/2025,COLOR GRIS,1.0,FORMULA,,,,,,unidad_raw=PISTOLADA | seccion=SECCION PINTURA Y PREPARADA DE CAMA | precio_unitario_raw=19000.0 | total_raw=0.0
CAMA MODELOFILIPINA DE 2X2 10/06/2025,TINTE MIEL,1.0,FORMULA,,,,,,unidad_raw=galon | seccion=SECCION PINTURA Y PREPARADA DE CAMA | total_raw=0.0
CAMA MODELOFILIPINA DE 2X2 10/06/2025,GASOLINA,1.0,FORMULA,,,,,,unidad_raw=LITRO | seccion=SECCION PINTURA Y PREPARADA DE CAMA | precio_unitario_raw=4.5 | total_raw=0.0
CAMA MODELOFILIPINA DE 2X2 10/06/2025,RESANE,1.0,FORMULA,,,,,,unidad_raw=LITRO | seccion=SECCION PINTURA Y PREPARADA DE CAMA | total_raw=0.0
CAMA MODELOFILIPINA DE 2X2 10/06/2025,LACA,1.0,FORMULA,,,,,,unidad_raw=PISTOLADA | seccion=SECCION PINTURA Y PREPARADA DE CAMA | precio_unitario_raw=22000.0 | total_raw=0.0
CAMA MODELOFILIPINA DE 2X2 10/06/2025,COLAPATO,1.0,FIJO,,,,,,unidad_raw=2X7X5+1X7X5=105 | seccion=SECCION TERMINACION | precio_unitario_raw=35000.0 | total_raw=35000.0
CAMA MODELOFILIPINA DE 2X2 10/06/2025,MULTIUSO,1.0,FIJO,,,,,,unidad_raw=PAR | seccion=SECCION TERMINACION | precio_unitario_raw=6000.0 | total_raw=6000.0
CAMA MODELOFILIPINA DE 2X2 10/06/2025,PATAS DE CAMAS,4.0,FORMULA,,,,,,unidad_raw=unidades | seccion=SECCION TERMINACION | precio_unitario_raw=11000.0 | total_raw=44000.0
CAMA MODELOFILIPINA DE 2X2 10/06/2025,TORNILLOS,16.0,ESPACIADO,,,,,,unidad_raw=unidades | seccion=SECCION TERMINACION | precio_unitario_raw=100.0 | total_raw=1600.0
CAMA MODELOFILIPINA DE 2X2 10/06/2025,EMBALADA,1.0,FIJO,,,,,,unidad_raw=unidades | seccion=SECCION TERMINACION | precio_unitario_raw=150000.0 | total_raw=150000.0
CAMA MODELOFILIPINA DE 2X2 10/06/2025,SECCION TENDIDO,1.0,FORMULA,,,,,,seccion=SECCION TERMINACION | total_raw=0.0
CAMA MODELOFILIPINA DE 2X2 10/06/2025,MADERA 60X1X4,750.0,FORMULA,,,,,,unidad_raw=2X25X15 | seccion=SECCION TERMINACION | precio_unitario_raw=140.0 | total_raw=105000.0
CAMA MODELOFILIPINA DE 2X2 10/06/2025,FABRICACION TENDIDO,1.0,FIJO,,,,,,unidad_raw=DE 2X2 | seccion=SECCION TERMINACION | precio_unitario_raw=63000.0 | total_raw=63000.0
CAMA MODELOFILIPINA DE 2X2 10/06/2025,MDF DE 9,1.0,AREA,,,,,,unidad_raw=unidades | seccion=SECCION TERMINACION | precio_unitario_raw=140000.0 | total_raw=140000.0
CAMA MODELOFILIPINA DE 2X2 10/06/2025,COLBON,0.5,VOLUMEN,,,,,,unidad_raw=LITRO | seccion=SECCION TERMINACION | precio_unitario_raw=14000.0 | total_raw=7000.0
CAMA MODELOFILIPINA DE 2X2 10/06/2025,"TORNILLOS DE 2""",50.0,ESPACIADO,,,,,,unidad_raw=unidades | seccion=SECCION TERMINACION | precio_unitario_raw=100.0 | total_raw=5000.0
CAMA MODELOFILIPINA DE 2X2 10/06/2025,CLAVILLO,2.0,ESPACIADO,,,,,,unidad_raw=TIRAS | seccion=SECCION TERMINACION | precio_unitario_raw=600.0 | total_raw=1200.0
CAMA MODELOFILIPINA DE 2X2 10/06/2025,PEOPE,2.0,LINEAL,,,,,,unidad_raw=METROS | seccion=SECCION TERMINACION | precio_unitario_raw=3500.0 | total_raw=7000.0
CAMA MODELOFILIPINA DE 2X2 10/06/2025,TELA,10.0,AREA,,,,,,unidad_raw=METROS | seccion=SECCION TAPICERIA | precio_unitario_raw=34000.0 | total_raw=340000.0
CAMA MODELOFILIPINA DE 2X2 10/06/2025,BARILLA TRIPA POLLO,0.3,FORMULA,,,,,,seccion=SECCION TAPICERIA | precio_unitario_raw=15000.0 | total_raw=4500.0
CAMA MODELOFILIPINA DE 2X2 10/06/2025,CAZATA,0.3,LINEAL,,,,,,unidad_raw=METROS | seccion=SECCION TAPICERIA | precio_unitario_raw=56000.0 | total_raw=16800.0
CAMA MODELOFILIPINA DE 2X2 10/06/2025,GRAPAS,0.5,ESPACIADO,,,,,,unidad_raw=CAJA DE GRAPAS | seccion=SECCION TAPICERIA | precio_unitario_raw=12000.0 | total_raw=6000.0
CAMA MODELOFILIPINA DE 2X2 10/06/2025,ESPUMA AZUL DE 2 PULGADAS,1.0,AREA,,,,,,unidad_raw=LAMINA | seccion=SECCION TAPICERIA | precio_unitario_raw=39000.0 | total_raw=39000.0
CAMA MODELOFILIPINA DE 2X2 10/06/2025,"TORNILLOS DE 1 1/2""",30.0,ESPACIADO,,,,,,unidad_raw=UNIDADES | seccion=SECCION TAPICERIA | precio_unitario_raw=100.0 | total_raw=3000.0
CAMA MODELOFILIPINA DE 2X2 10/06/2025,ESPUMA DE 1 1/2PULGADA ROSADA,0.67,AREA,,,,,,unidad_raw=UNIDADES | seccion=SECCION TAPICERIA | precio_unitario_raw=33000.0 | total_raw=22110.0
CAMA MODELOFILIPINA DE 2X2 10/06/2025,ESPUMA BLANCA DE 1/2,1.0,AREA,,,,,,unidad_raw=UNIDAD | seccion=SECCION TAPICERIA | precio_unitario_raw=19900.0 | total_raw=19900.0
CAMA MODELOFILIPINA DE 2X2 10/06/2025,CARTON,4.0,LINEAL,,,,,,unidad_raw=MTS | seccion=SECCION TAPICERIA | precio_unitario_raw=5000.0 | total_raw=20000.0
CAMA MODELOFILIPINA DE 2X2 10/06/2025,COSTAL,3.0,AREA,,,,,,unidad_raw=METROS | seccion=SECCION TAPICERIA | precio_unitario_raw=3000.0 | total_raw=9000.0
CAMA MODELOFILIPINA DE 2X2 10/06/2025,HILO,0.5,FORMULA,,,,,,seccion=SECCION TAPICERIA | precio_unitario_raw=4000.0 | total_raw=2000.0
CAMA MODELOFILIPINA DE 2X2 10/06/2025,ESPUMA NARANJA 1CM,1.0,FORMULA,,,,,,unidad_raw=UNIIDAD | seccion=SECCION TAPICERIA | total_raw=0.0
CAMA MODELOFILIPINA DE 2X2 10/06/2025,SUPER,0.75,VOLUMEN,,,,,,unidad_raw=LITRO | seccion=SECCION TAPICERIA | precio_unitario_raw=16250.0 | total_raw=12187.5
CAMA MODELOFILIPINA DE 2X2 10/06/2025,FIELTRO,1.0,FORMULA,,,,,,unidad_raw=CM | seccion=SECCION TAPICERIA | precio_unitario_raw=14000.0 | total_raw=0.0
CAMA MODELOFILIPINA DE 2X2 10/06/2025,HECHURA,1.0,FIJO,,,,,,seccion=SECCION TAPICERIA | precio_unitario_raw=210000.0 | total_raw=210000.0
CAMA MODELOFILIPINA DE 2X2 10/06/2025,COLARATA,6.0,FORMULA,,,,,,unidad_raw=KG | seccion=SECCION TAPICERIA | precio_unitario_raw=2000.0 | total_raw=12000.0
CAMA MODELO EZAGONAL DE 2X2 10/06/2025,MADERA (2),931.0,FORMULA,,,,,,unidad_raw=APAMATE | precio_unitario_raw=140.0 | total_raw=130340.0
CAMA MODELO EZAGONAL DE 2X2 10/06/2025,"MDF DE 2,7",1.0,AREA,,,,,,unidad_raw=3 PEASOS DE 49X49 | precio_unitario_raw=65000.0 | total_raw=65000.0
CAMA MODELO EZAGONAL DE 2X2 10/06/2025,INDUPLAX,0.0,AREA,,,,,,unidad_raw=Unidad | precio_unitario_raw=160000.0 | total_raw=0.0
CAMA MODELO EZAGONAL DE 2X2 10/06/2025,LAMINA DE 9,1.0,AREA,,,,,,unidad_raw=Unidad | precio_unitario_raw=140000.0 | total_raw=140000.0
CAMA MODELO EZAGONAL DE 2X2 10/06/2025,SUPER,1.0,FORMULA,,,,,,unidad_raw=LITROS | precio_unitario_raw=19000.0 | total_raw=0.0
CAMA MODELO EZAGONAL DE 2X2 10/06/2025,COLBON,1.5,VOLUMEN,,,,,,unidad_raw=LITROS | precio_unitario_raw=13000.0 | total_raw=19500.0
CAMA MODELO EZAGONAL DE 2X2 10/06/2025,GRAPAS,15.0,ESPACIADO,,,,,,unidad_raw=Unidad | precio_unitario_raw=600.0 | total_raw=9000.0
CAMA MODELO EZAGONAL DE 2X2 10/06/2025,CORREDERAS,1.0,FIJO,,,,,,unidad_raw=UNITARIO | precio_unitario_raw=30000.0 | total_raw=0.0
CAMA MODELO EZAGONAL DE 2X2 10/06/2025,CLAVILLOS,15.0,ESPACIADO,,,,,,unidad_raw=TIRA | precio_unitario_raw=1000.0 | total_raw=15000.0
CAMA MODELO EZAGONAL DE 2X2 10/06/2025,GANCHOS,1.0,FIJO,,,,,,unidad_raw=PAR | precio_unitario_raw=20000.0 | total_raw=20000.0
CAMA MODELO EZAGONAL DE 2X2 10/06/2025,MDF DE 9,1.0,FORMULA,,,,,,precio_unitario_raw=136000.0 | total_raw=0.0
CAMA MODELO EZAGONAL DE 2X2 10/06/2025,"TORNILLOS DE 2""",100.0,ESPACIADO,,,,,,unidad_raw=Unidad | precio_unitario_raw=100.0 | total_raw=10000.0
CAMA MODELO EZAGONAL DE 2X2 10/06/2025,ebanisteria 300.000 x 5% de m.o,1.0,FORMULA,,,,,,total_raw=315000.0
CAMA MODELO EZAGONAL DE 2X2 10/06/2025,gastos de Ebanisteria e 10%,1.0,FORMULA,,,,,,total_raw=68984.0
CAMA MODELO EZAGONAL DE 2X2 10/06/2025,MADERA (2),468.0,FORMULA,,,,,,"unidad_raw=2,10X22X18= 832 2,10X20X15=630 | precio_unitario_raw=140.0 | total_raw=65520.0"
CAMA MODELO EZAGONAL DE 2X2 10/06/2025,MDF DE 3,200.0,AREA,,,,,,"unidad_raw=1 PEDAZO DE 1,20X45=54 | precio_unitario_raw=65.0 | total_raw=13000.0"
CAMA MODELO EZAGONAL DE 2X2 10/06/2025,LAM MDF 15,250.0,AREA,,,,,,"unidad_raw=1 PEDASO DE 1.25 X55=68,75 | precio_unitario_raw=210.0 | total_raw=52500.0"
CAMA MODELO EZAGONAL DE 2X2 10/06/2025,LAM MDF 7,175.0,AREA,,,,,,"unidad_raw=1 PEDASO DE 1,50X40=60 | precio_unitario_raw=130.0 | total_raw=21875.0"
CAMA MODELO EZAGONAL DE 2X2 10/06/2025,COLBON,2.0,VOLUMEN,,,,,,unidad_raw=litros | precio_unitario_raw=14000.0 | total_raw=28000.0
CAMA MODELO EZAGONAL DE 2X2 10/06/2025,GRAPAS,10.0,ESPACIADO,,,,,,unidad_raw=Unidad | precio_unitario_raw=600.0 | total_raw=6000.0
CAMA MODELO EZAGONAL DE 2X2 10/06/2025,CLAVILLOS N F 40,6.0,ESPACIADO,,,,,,unidad_raw=TIRA | precio_unitario_raw=1000.0 | total_raw=6000.0
CAMA MODELO EZAGONAL DE 2X2 10/06/2025,HECHURA,2.0,FORMULA,,,,,,unidad_raw=PAR | precio_unitario_raw=105000.0 | total_raw=210000.0
CAMA MODELO EZAGONAL DE 2X2 10/06/2025,"TORNILLOS DE 2""",30.0,ESPACIADO,,,,,,unidad_raw=Unidad | precio_unitario_raw=100.0 | total_raw=3000.0
CAMA MODELO EZAGONAL DE 2X2 10/06/2025,CORREDERAS,4.0,FORMULA,,,,,,unidad_raw=DE CIERRELENTO | precio_unitario_raw=30000.0 | total_raw=120000.0
CAMA MODELO EZAGONAL DE 2X2 10/06/2025,gastos de Ebanisteria e 5%,1.0,FORMULA,,,,,,total_raw=26294.75
CAMA MODELO EZAGONAL DE 2X2 10/06/2025,SECCION PINTURA Y PREPARADA,1.0,FORMULA,,,,,DE 2 NOCHEROS,seccion=SECCION PINTURA Y PREPARADA DE 2 NOCHEROS
CAMA MODELO EZAGONAL DE 2X2 10/06/2025,PREPARADO JOTA,2.0,FORMULA,,,,,,unidad_raw=CON EL 5% | seccion=SECCION PINTURA Y PREPARADA DE 2 NOCHEROS | precio_unitario_raw=50000.0 | total_raw=52500.0
CAMA MODELO EZAGONAL DE 2X2 10/06/2025,PINTURA ALEX,2.0,FORMULA,,,,,,unidad_raw=CON EL 5% | seccion=SECCION PINTURA Y PREPARADA DE 2 NOCHEROS | precio_unitario_raw=36750.0 | total_raw=73500.0
CAMA MODELO EZAGONAL DE 2X2 10/06/2025,SELLADOR,3.0,VOLUMEN,,,,,,unidad_raw=PISTOLADAS | seccion=SECCION PINTURA Y PREPARADA DE 2 NOCHEROS | precio_unitario_raw=18000.0 | total_raw=54000.0
CAMA MODELO EZAGONAL DE 2X2 10/06/2025,LIJA 400,2.0,FORMULA,,,,,,unidad_raw=unidades | seccion=SECCION PINTURA Y PREPARADA DE 2 NOCHEROS | precio_unitario_raw=2000.0 | total_raw=4000.0
CAMA MODELO EZAGONAL DE 2X2 10/06/2025,NITRO,0.1,VOLUMEN,,,,,,unidad_raw=galon | seccion=SECCION PINTURA Y PREPARADA DE 2 NOCHEROS | precio_unitario_raw=70000.0 | total_raw=7000.0
CAMA MODELO EZAGONAL DE 2X2 10/06/2025,lija 240,2.0,FORMULA,,,,,,unidad_raw=unidad | seccion=SECCION PINTURA Y PREPARADA DE 2 NOCHEROS | precio_unitario_raw=2000.0 | total_raw=4000.0
CAMA MODELO EZAGONAL DE 2X2 10/06/2025,TALCO,0.3,FORMULA,,,,,,unidad_raw=unidad | seccion=SECCION PINTURA Y PREPARADA DE 2 NOCHEROS | precio_unitario_raw=2500.0 | total_raw=750.0
CAMA MODELO EZAGONAL DE 2X2 10/06/2025,TINER,0.2,VOLUMEN,,,,,,unidad_raw=GALON | seccion=SECCION PINTURA Y PREPARADA DE 2 NOCHEROS | precio_unitario_raw=34000.0 | total_raw=6800.0
CAMA MODELO EZAGONAL DE 2X2 10/06/2025,kerosen,1.0,FORMULA,,,,,,unidad_raw=litro | seccion=SECCION PINTURA Y PREPARADA DE 2 NOCHEROS | precio_unitario_raw=18000.0 | total_raw=0.0
CAMA MODELO EZAGONAL DE 2X2 10/06/2025,COLOR GRIS,2.5,VOLUMEN,,,,,,unidad_raw=PISTOLADA | seccion=SECCION PINTURA Y PREPARADA DE 2 NOCHEROS | precio_unitario_raw=22000.0 | total_raw=55000.0
CAMA MODELO EZAGONAL DE 2X2 10/06/2025,ENCINA,0.1,VOLUMEN,,,,,,unidad_raw=galon | seccion=SECCION PINTURA Y PREPARADA DE 2 NOCHEROS | precio_unitario_raw=160000.0 | total_raw=16000.0
CAMA MODELO EZAGONAL DE 2X2 10/06/2025,GASOLINA,0.2,LINEAL,,,,,,unidad_raw=ML | seccion=SECCION PINTURA Y PREPARADA DE 2 NOCHEROS | precio_unitario_raw=4500.0 | total_raw=900.0
CAMA MODELO EZAGONAL DE 2X2 10/06/2025,RESANE,0.2,VOLUMEN,,,,,,unidad_raw=LITRO | seccion=SECCION PINTURA Y PREPARADA DE 2 NOCHEROS | precio_unitario_raw=20000.0 | total_raw=4000.0
CAMA MODELO EZAGONAL DE 2X2 10/06/2025,LACA,2.0,VOLUMEN,,,,,,unidad_raw=PISTOLADA | seccion=SECCION PINTURA Y PREPARADA DE 2 NOCHEROS | precio_unitario_raw=23000.0 | total_raw=46000.0
CAMA MODELO EZAGONAL DE 2X2 10/06/2025,Gastos de Pintura 10%,1.0,FORMULA,,,,,,seccion=SECCION PINTURA Y PREPARADA DE 2 NOCHEROS | total_raw=32445.0
CAMA MODELO EZAGONAL DE 2X2 10/06/2025,SECCION PINTURA Y PREPARADA,1.0,FORMULA,,,,,DE CAMA,seccion=SECCION PINTURA Y PREPARADA DE CAMA
CAMA MODELO EZAGONAL DE 2X2 10/06/2025,PREPARADO JOTA,1.0,FIJO,,,,,,unidad_raw=CON EL 5% | seccion=SECCION PINTURA Y PREPARADA DE CAMA | precio_unitario_raw=30000.0 | total_raw=31500.0
CAMA MODELO EZAGONAL DE 2X2 10/06/2025,PINTURA ALEX,1.0,FIJO,,,,,,unidad_raw=CON EL 5% | seccion=SECCION PINTURA Y PREPARADA DE CAMA | precio_unitario_raw=20000.0 | total_raw=21000.0
CAMA MODELO EZAGONAL DE 2X2 10/06/2025,PINTURA DE PATAS ALEX,4.0,FORMULA,,,,,,seccion=SECCION PINTURA Y PREPARADA DE CAMA | precio_unitario_raw=1050.0 | total_raw=4200.0
CAMA MODELO EZAGONAL DE 2X2 10/06/2025,SELLADOR,3.0,VOLUMEN,,,,,,unidad_raw=PISTOLADAS | seccion=SECCION PINTURA Y PREPARADA DE CAMA | precio_unitario_raw=18000.0 | total_raw=54000.0
CAMA MODELO EZAGONAL DE 2X2 10/06/2025,LIJA 400,2.0,FORMULA,,,,,,unidad_raw=unidades | seccion=SECCION PINTURA Y PREPARADA DE CAMA | precio_unitario_raw=2000.0 | total_raw=4000.0
CAMA MODELO EZAGONAL DE 2X2 10/06/2025,NITRO,1.0,FORMULA,,,,,,unidad_raw=galon | seccion=SECCION PINTURA Y PREPARADA DE CAMA | total_raw=0.0
CAMA MODELO EZAGONAL DE 2X2 10/06/2025,lija 240,1.0,FORMULA,,,,,,unidad_raw=unidad | seccion=SECCION PINTURA Y PREPARADA DE CAMA | precio_unitario_raw=2000.0 | total_raw=0.0
CAMA MODELO EZAGONAL DE 2X2 10/06/2025,lija 150,1.0,FORMULA,,,,,,unidad_raw=unidad | seccion=SECCION PINTURA Y PREPARADA DE CAMA | precio_unitario_raw=2000.0 | total_raw=0.0
CAMA MODELO EZAGONAL DE 2X2 10/06/2025,LACA SEMIMATE,2.0,VOLUMEN,,,,,,unidad_raw=GALON | seccion=SECCION PINTURA Y PREPARADA DE CAMA | precio_unitario_raw=23000.0 | total_raw=46000.0
CAMA MODELO EZAGONAL DE 2X2 10/06/2025,kerosen,1.0,VOLUMEN,,,,,,unidad_raw=litro | seccion=SECCION PINTURA Y PREPARADA DE CAMA | precio_unitario_raw=18000.0 | total_raw=18000.0
CAMA MODELO EZAGONAL DE 2X2 10/06/2025,COLOR GRIS,2.0,VOLUMEN,,,,,,unidad_raw=PISTOLADA | seccion=SECCION PINTURA Y PREPARADA DE CAMA | precio_unitario_raw=19000.0 | total_raw=38000.0
CAMA MODELO EZAGONAL DE 2X2 10/06/2025,TINTE MIEL,1.0,FORMULA,,,,,,unidad_raw=galon | seccion=SECCION PINTURA Y PREPARADA DE CAMA | total_raw=0.0
CAMA MODELO EZAGONAL DE 2X2 10/06/2025,GASOLINA,300.0,VOLUMEN,,,,,,unidad_raw=LITRO | seccion=SECCION PINTURA Y PREPARADA DE CAMA | precio_unitario_raw=4.5 | total_raw=1350.0
CAMA MODELO EZAGONAL DE 2X2 10/06/2025,RESANE,1.0,FORMULA,,,,,,unidad_raw=LITRO | seccion=SECCION PINTURA Y PREPARADA DE CAMA | total_raw=0.0
CAMA MODELO EZAGONAL DE 2X2 10/06/2025,LACA,1.0,FORMULA,,,,,,unidad_raw=PISTOLADA | seccion=SECCION PINTURA Y PREPARADA DE CAMA | precio_unitario_raw=22000.0 | total_raw=0.0
CAMA MODELO EZAGONAL DE 2X2 10/06/2025,Gastos de Pintura 10%,1.0,FORMULA,,,,,,seccion=SECCION PINTURA Y PREPARADA DE CAMA | total_raw=21805.0
CAMA MODELO EZAGONAL DE 2X2 10/06/2025,GATO DE LA CAMA,1.0,FORMULA,,,,,,unidad_raw=unidades | seccion=SECCION TERMINACION | precio_unitario_raw=150000.0 | total_raw=0.0
CAMA MODELO EZAGONAL DE 2X2 10/06/2025,LATA DE CIERRE,1.0,FORMULA,,,,,,unidad_raw=PAR | seccion=SECCION TERMINACION | precio_unitario_raw=2500.0 | total_raw=0.0
CAMA MODELO EZAGONAL DE 2X2 10/06/2025,PATAS DE CAMAS Y NOCHEROS,1.0,FIJO,,,,,,unidad_raw=unidades | seccion=SECCION TERMINACION | precio_unitario_raw=9000.0 | total_raw=0.0
CAMA MODELO EZAGONAL DE 2X2 10/06/2025,TORNILLOS,1.0,FIJO,,,,,,unidad_raw=unidades | seccion=SECCION TERMINACION | precio_unitario_raw=100.0 | total_raw=0.0
CAMA MODELO EZAGONAL DE 2X2 10/06/2025,EMBALADA,1.0,FIJO,,,,,,unidad_raw=unidades | seccion=SECCION TERMINACION | precio_unitario_raw=150000.0 | total_raw=150000.0
CAMA MODELO EZAGONAL DE 2X2 10/06/2025,SECCION TENDIDO,1.0,FORMULA,,,,,,seccion=SECCION TERMINACION | total_raw=0.0
CAMA MODELO EZAGONAL DE 2X2 10/06/2025,MADERA 60X1X4,750.0,FORMULA,,,,,,unidad_raw=2X25X15 | seccion=SECCION TERMINACION | precio_unitario_raw=140.0 | total_raw=105000.0
CAMA MODELO EZAGONAL DE 2X2 10/06/2025,FABRICACION TENDIDO,1.0,FIJO,,,,,,unidad_raw=DE 2X2 | seccion=SECCION TERMINACION | precio_unitario_raw=63000.0 | total_raw=63000.0
CAMA MODELO EZAGONAL DE 2X2 10/06/2025,MDF DE 9,1.0,AREA,,,,,,unidad_raw=unidades | seccion=SECCION TERMINACION | precio_unitario_raw=140000.0 | total_raw=140000.0
CAMA MODELO EZAGONAL DE 2X2 10/06/2025,COLBON,0.5,VOLUMEN,,,,,,unidad_raw=LITRO | seccion=SECCION TERMINACION | precio_unitario_raw=14000.0 | total_raw=7000.0
CAMA MODELO EZAGONAL DE 2X2 10/06/2025,"TORNILLOS DE 2""",50.0,ESPACIADO,,,,,,unidad_raw=unidades | seccion=SECCION TERMINACION | precio_unitario_raw=100.0 | total_raw=5000.0
CAMA MODELO EZAGONAL DE 2X2 10/06/2025,CLAVILLO,2.0,ESPACIADO,,,,,,unidad_raw=TIRAS | seccion=SECCION TERMINACION | precio_unitario_raw=600.0 | total_raw=1200.0
CAMA MODELO EZAGONAL DE 2X2 10/06/2025,PEOPE,2.0,LINEAL,,,,,,unidad_raw=METROS | seccion=SECCION TERMINACION | precio_unitario_raw=3500.0 | total_raw=7000.0
CAMA MODELO EZAGONAL DE 2X2 10/06/2025,TELA,8.0,AREA,,,,,,unidad_raw=METROS | seccion=SECCION TAPICERIA | precio_unitario_raw=34000.0 | total_raw=272000.0
CAMA MODELO EZAGONAL DE 2X2 10/06/2025,ESTOPEROLES,1.0,FORMULA,,,,,,seccion=SECCION TAPICERIA | precio_unitario_raw=500.0 | total_raw=0.0
CAMA MODELO EZAGONAL DE 2X2 10/06/2025,CAZATA,0.2,LINEAL,,,,,,unidad_raw=METROS | seccion=SECCION TAPICERIA | precio_unitario_raw=56000.0 | total_raw=11200.0
CAMA MODELO EZAGONAL DE 2X2 10/06/2025,GRAPAS,0.5,ESPACIADO,,,,,,unidad_raw=CAJA DE GRAPAS | seccion=SECCION TAPICERIA | precio_unitario_raw=12000.0 | total_raw=6000.0
CAMA MODELO EZAGONAL DE 2X2 10/06/2025,ESPUMA NARANJA 1CM,1.0,FORMULA,,,,,,unidad_raw=METROS | seccion=SECCION TAPICERIA | precio_unitario_raw=18000.0 | total_raw=0.0
CAMA MODELO EZAGONAL DE 2X2 10/06/2025,"TORNILLOS DE 1 1/2""",30.0,ESPACIADO,,,,,,unidad_raw=UNIDADES | seccion=SECCION TAPICERIA | precio_unitario_raw=100.0 | total_raw=3000.0
CAMA MODELO EZAGONAL DE 2X2 10/06/2025,ESPUMA DE 1 PULGADA ROSADA,2.5,AREA,,,,,,unidad_raw=UNIDADES | seccion=SECCION TAPICERIA | precio_unitario_raw=27000.0 | total_raw=67500.0
CAMA MODELO EZAGONAL DE 2X2 10/06/2025,CANAMO,1.0,FORMULA,,,,,,unidad_raw=ROLLO | seccion=SECCION TAPICERIA | precio_unitario_raw=15000.0 | total_raw=0.0
CAMA MODELO EZAGONAL DE 2X2 10/06/2025,CARTON,4.0,LINEAL,,,,,,unidad_raw=MTS | seccion=SECCION TAPICERIA | precio_unitario_raw=5000.0 | total_raw=20000.0
CAMA MODELO EZAGONAL DE 2X2 10/06/2025,COSTAL,1.0,FORMULA,,,,,,unidad_raw=METROS | seccion=SECCION TAPICERIA | precio_unitario_raw=3000.0 | total_raw=0.0
CAMA MODELO EZAGONAL DE 2X2 10/06/2025,HILO,0.5,FORMULA,,,,,,seccion=SECCION TAPICERIA | precio_unitario_raw=4000.0 | total_raw=2000.0
CAMA MODELO EZAGONAL DE 2X2 10/06/2025,ESPUMA NARANJA 1CM,1.0,FORMULA,,,,,,unidad_raw=UNIIDAD | seccion=SECCION TAPICERIA | total_raw=0.0
CAMA MODELO EZAGONAL DE 2X2 10/06/2025,SUPER,0.5,VOLUMEN,,,,,,unidad_raw=LITRO | seccion=SECCION TAPICERIA | precio_unitario_raw=16250.0 | total_raw=8125.0
CAMA MODELO EZAGONAL DE 2X2 10/06/2025,FIELTRO,1.0,FORMULA,,,,,,unidad_raw=CM | seccion=SECCION TAPICERIA | precio_unitario_raw=14000.0 | total_raw=0.0
CAMA MODELO EZAGONAL DE 2X2 10/06/2025,HECHURA,1.0,FIJO,,,,,,seccion=SECCION TAPICERIA | precio_unitario_raw=210000.0 | total_raw=210000.0
CAMA MODELO EZAGONAL DE 2X2 10/06/2025,RELLENO,1.0,FORMULA,,,,,,unidad_raw=KG | seccion=SECCION TAPICERIA | precio_unitario_raw=14000.0 | total_raw=0.0
CAMA DE 1.60 CON MESA DE NOCHE 2/10/2025,MADERA (2),1445.0,FORMULA,,,,,,"unidad_raw=2,10X22X18= 832 2,10X20X15=630 | precio_unitario_raw=140.0 | total_raw=202300.0"
CAMA DE 1.60 CON MESA DE NOCHE 2/10/2025,"MDF DE 2,7",1.0,FORMULA,,,,,,unidad_raw=6 PEDASOS DE 49X49 | precio_unitario_raw=20000.0 | total_raw=0.0
CAMA DE 1.60 CON MESA DE NOCHE 2/10/2025,LAM MDF 9,0.5,AREA,,,,,,unidad_raw=Unidad BASTIDORES | precio_unitario_raw=140000.0 | total_raw=70000.0
CAMA DE 1.60 CON MESA DE NOCHE 2/10/2025,COLBON,1.0,VOLUMEN,,,,,,unidad_raw=LITRO | precio_unitario_raw=13000.0 | total_raw=13000.0
CAMA DE 1.60 CON MESA DE NOCHE 2/10/2025,GRAPAS,1.0,FIJO,,,,,,unidad_raw=Unidad | precio_unitario_raw=10000.0 | total_raw=0.0
CAMA DE 1.60 CON MESA DE NOCHE 2/10/2025,CORREDERAS 45,4.0,FORMULA,,,,,,unidad_raw=UNITARIO | precio_unitario_raw=30000.0 | total_raw=120000.0
CAMA DE 1.60 CON MESA DE NOCHE 2/10/2025,CORREDERAS DE 40,4.0,FORMULA,,,,,,unidad_raw=UNIDAD | precio_unitario_raw=22000.0 | total_raw=88000.0
CAMA DE 1.60 CON MESA DE NOCHE 2/10/2025,GANCHOS,1.0,FIJO,,,,,,unidad_raw=PAR | precio_unitario_raw=20000.0 | total_raw=20000.0
CAMA DE 1.60 CON MESA DE NOCHE 2/10/2025,PL SUPER,1.0,VOLUMEN,,,,,,unidad_raw=LITRO | precio_unitario_raw=17000.0 | total_raw=17000.0
CAMA DE 1.60 CON MESA DE NOCHE 2/10/2025,"TORNILLOS DE 2""",1.0,FIJO,,,,,,unidad_raw=Unidad | precio_unitario_raw=100.0 | total_raw=0.0
CAMA DE 1.60 CON MESA DE NOCHE 2/10/2025,gastos de Ebanisteria e 10%,1.0,FORMULA,,,,,,seccion=ebanisteria 700.000 x 5% de m.o Corte | total_raw=150637.0
CAMA DE 1.60 CON MESA DE NOCHE 2/10/2025,GATOS,2.0,FORMULA,,,,,,unidad_raw=UNIDAD | seccion=ebanisteria 700.000 x 5% de m.o Corte | precio_unitario_raw=4500.0 | total_raw=9000.0
CAMA DE 1.60 CON MESA DE NOCHE 2/10/2025,LAMINA DE 6,3.4,AREA,,,,,,unidad_raw=LAMINA | seccion=ebanisteria 700.000 x 5% de m.o Corte | precio_unitario_raw=220000.0 | total_raw=748000.0
CAMA DE 1.60 CON MESA DE NOCHE 2/10/2025,LAM MDF 15,2.0,AREA,,,,,,unidad_raw=MELAMINA FLORMORADO | seccion=ebanisteria 700.000 x 5% de m.o Corte | precio_unitario_raw=340000.0 | total_raw=680000.0
CAMA DE 1.60 CON MESA DE NOCHE 2/10/2025,PASADA DE LAMINA,2.0,AREA,,,,,,unidad_raw=LAMINA | seccion=ebanisteria 700.000 x 5% de m.o Corte | precio_unitario_raw=40000.0 | total_raw=80000.0
CAMA DE 1.60 CON MESA DE NOCHE 2/10/2025,PASADA DE LAMINA,3.4,AREA,,,,,,unidad_raw=UNIDAD DE 6 | seccion=ebanisteria 700.000 x 5% de m.o Corte | precio_unitario_raw=20000.0 | total_raw=68000.0
CAMA DE 1.60 CON MESA DE NOCHE 2/10/2025,METROS DE TAPA CANTO,100.0,FORMULA,,,,,,unidad_raw=DE 19 | seccion=ebanisteria 700.000 x 5% de m.o Corte | precio_unitario_raw=770.0 | total_raw=77000.0
CAMA DE 1.60 CON MESA DE NOCHE 2/10/2025,METROS DE TAPA CANTO,50.0,FORMULA,,,,,,unidad_raw=DE 40 | seccion=ebanisteria 700.000 x 5% de m.o Corte | precio_unitario_raw=2000.0 | total_raw=100000.0
CAMA DE 1.60 CON MESA DE NOCHE 2/10/2025,HECHURA,1.0,FIJO,,,,,,unidad_raw=PAR | seccion=ebanisteria 700.000 x 5% de m.o Corte | precio_unitario_raw=850000.0 | total_raw=850000.0
CAMA DE 1.60 CON MESA DE NOCHE 2/10/2025,"TORNILLOS DE 2""",50.0,ESPACIADO,,,,,,unidad_raw=Unidad | seccion=ebanisteria 700.000 x 5% de m.o Corte | precio_unitario_raw=100.0 | total_raw=5000.0
CAMA DE 1.60 CON MESA DE NOCHE 2/10/2025,PU,0.4,FORMULA,,,,,,unidad_raw=UNIDADES | seccion=ebanisteria 700.000 x 5% de m.o Corte | precio_unitario_raw=30000.0 | total_raw=12000.0
CAMA DE 1.60 CON MESA DE NOCHE 2/10/2025,gastos de Ebanisteria e 5%,1.0,FORMULA,,,,,,seccion=ebanisteria 700.000 x 5% de m.o Corte | total_raw=2629000.0
CAMA DE 1.60 CON MESA DE NOCHE 2/10/2025,SECCION PINTURA Y PREPARADA,1.0,FORMULA,,,,,DE 2 NOCHEROS,seccion=SECCION PINTURA Y PREPARADA DE 2 NOCHEROS
CAMA DE 1.60 CON MESA DE NOCHE 2/10/2025,PREPARADO JOTA,1.0,FORMULA,,,,,,unidad_raw=CON EL 5% | seccion=SECCION PINTURA Y PREPARADA DE 2 NOCHEROS | precio_unitario_raw=50000.0
CAMA DE 1.60 CON MESA DE NOCHE 2/10/2025,PINTURA ALEX,1.0,FORMULA,,,,,,unidad_raw=CON EL 5% | seccion=SECCION PINTURA Y PREPARADA DE 2 NOCHEROS | precio_unitario_raw=30000.0
CAMA DE 1.60 CON MESA DE NOCHE 2/10/2025,SELLADOR,1.0,FORMULA,,,,,,unidad_raw=PISTOLADAS | seccion=SECCION PINTURA Y PREPARADA DE 2 NOCHEROS | precio_unitario_raw=18000.0 | total_raw=0.0
CAMA DE 1.60 CON MESA DE NOCHE 2/10/2025,LIJA 400,1.0,FORMULA,,,,,,unidad_raw=unidades | seccion=SECCION PINTURA Y PREPARADA DE 2 NOCHEROS | precio_unitario_raw=2000.0 | total_raw=0.0
CAMA DE 1.60 CON MESA DE NOCHE 2/10/2025,NITRO,1.0,FORMULA,,,,,,unidad_raw=galon | seccion=SECCION PINTURA Y PREPARADA DE 2 NOCHEROS | precio_unitario_raw=70000.0 | total_raw=0.0
CAMA DE 1.60 CON MESA DE NOCHE 2/10/2025,lija 240,1.0,FORMULA,,,,,,unidad_raw=unidad | seccion=SECCION PINTURA Y PREPARADA DE 2 NOCHEROS | precio_unitario_raw=2000.0 | total_raw=0.0
CAMA DE 1.60 CON MESA DE NOCHE 2/10/2025,TALCO,1.0,FORMULA,,,,,,unidad_raw=unidad | seccion=SECCION PINTURA Y PREPARADA DE 2 NOCHEROS | precio_unitario_raw=2500.0 | total_raw=0.0
CAMA DE 1.60 CON MESA DE NOCHE 2/10/2025,TINER,1.0,FORMULA,,,,,,unidad_raw=GALON | seccion=SECCION PINTURA Y PREPARADA DE 2 NOCHEROS | precio_unitario_raw=34000.0 | total_raw=0.0
CAMA DE 1.60 CON MESA DE NOCHE 2/10/2025,kerosen,1.0,FORMULA,,,,,,unidad_raw=litro | seccion=SECCION PINTURA Y PREPARADA DE 2 NOCHEROS | precio_unitario_raw=18000.0 | total_raw=0.0
CAMA DE 1.60 CON MESA DE NOCHE 2/10/2025,COLOR GRIS,1.0,FORMULA,,,,,,unidad_raw=PISTOLADA | seccion=SECCION PINTURA Y PREPARADA DE 2 NOCHEROS | precio_unitario_raw=22000.0 | total_raw=0.0
CAMA DE 1.60 CON MESA DE NOCHE 2/10/2025,ENCINA,1.0,FORMULA,,,,,,unidad_raw=galon | seccion=SECCION PINTURA Y PREPARADA DE 2 NOCHEROS | precio_unitario_raw=160000.0 | total_raw=0.0
CAMA DE 1.60 CON MESA DE NOCHE 2/10/2025,GASOLINA,1.0,FORMULA,,,,,,unidad_raw=LITRO | seccion=SECCION PINTURA Y PREPARADA DE 2 NOCHEROS | precio_unitario_raw=4500.0 | total_raw=0.0
CAMA DE 1.60 CON MESA DE NOCHE 2/10/2025,RESANE,1.0,FORMULA,,,,,,unidad_raw=LITRO | seccion=SECCION PINTURA Y PREPARADA DE 2 NOCHEROS | precio_unitario_raw=20000.0 | total_raw=0.0
CAMA DE 1.60 CON MESA DE NOCHE 2/10/2025,LACA,1.0,FORMULA,,,,,,unidad_raw=PISTOLADA | seccion=SECCION PINTURA Y PREPARADA DE 2 NOCHEROS | precio_unitario_raw=22000.0 | total_raw=0.0
CAMA DE 1.60 CON MESA DE NOCHE 2/10/2025,Gastos de Pintura 10%,1.0,FORMULA,,,,,,seccion=SECCION PINTURA Y PREPARADA DE 2 NOCHEROS | total_raw=0.0
CAMA DE 1.60 CON MESA DE NOCHE 2/10/2025,SECCION PINTURA Y PREPARADA,1.0,FORMULA,,,,,DE CAMA,seccion=SECCION PINTURA Y PREPARADA DE CAMA
CAMA DE 1.60 CON MESA DE NOCHE 2/10/2025,PREPARADO JOTA,1.0,FORMULA,,,,,,unidad_raw=CON EL 5% | seccion=SECCION PINTURA Y PREPARADA DE CAMA | precio_unitario_raw=60000.0
CAMA DE 1.60 CON MESA DE NOCHE 2/10/2025,PINTURA ALEX,1.0,FORMULA,,,,,,unidad_raw=CON EL 5% | seccion=SECCION PINTURA Y PREPARADA DE CAMA | precio_unitario_raw=30000.0
CAMA DE 1.60 CON MESA DE NOCHE 2/10/2025,SELLADOR,1.0,FORMULA,,,,,,unidad_raw=GALON | seccion=SECCION PINTURA Y PREPARADA DE CAMA | precio_unitario_raw=55000.0 | total_raw=0.0
CAMA DE 1.60 CON MESA DE NOCHE 2/10/2025,LIJA 400,1.0,FORMULA,,,,,,unidad_raw=unidades | seccion=SECCION PINTURA Y PREPARADA DE CAMA | precio_unitario_raw=2000.0 | total_raw=0.0
CAMA DE 1.60 CON MESA DE NOCHE 2/10/2025,NITRO,1.0,FORMULA,,,,,,unidad_raw=galon | seccion=SECCION PINTURA Y PREPARADA DE CAMA | total_raw=0.0
CAMA DE 1.60 CON MESA DE NOCHE 2/10/2025,lija 240,1.0,FORMULA,,,,,,unidad_raw=unidad | seccion=SECCION PINTURA Y PREPARADA DE CAMA | precio_unitario_raw=2000.0 | total_raw=0.0
CAMA DE 1.60 CON MESA DE NOCHE 2/10/2025,lija 150,1.0,FORMULA,,,,,,unidad_raw=unidad | seccion=SECCION PINTURA Y PREPARADA DE CAMA | precio_unitario_raw=2000.0 | total_raw=0.0
CAMA DE 1.60 CON MESA DE NOCHE 2/10/2025,LACA SEMIMATE,1.0,FORMULA,,,,,,unidad_raw=GALON | seccion=SECCION PINTURA Y PREPARADA DE CAMA | precio_unitario_raw=21000.0 | total_raw=0.0
CAMA DE 1.60 CON MESA DE NOCHE 2/10/2025,kerosen,1.0,FORMULA,,,,,,unidad_raw=litro | seccion=SECCION PINTURA Y PREPARADA DE CAMA | precio_unitario_raw=18000.0 | total_raw=0.0
CAMA DE 1.60 CON MESA DE NOCHE 2/10/2025,COLOR GRIS,1.0,FORMULA,,,,,,unidad_raw=PISTOLADA | seccion=SECCION PINTURA Y PREPARADA DE CAMA | precio_unitario_raw=19000.0 | total_raw=0.0
CAMA DE 1.60 CON MESA DE NOCHE 2/10/2025,TINTE MIEL,1.0,FORMULA,,,,,,unidad_raw=galon | seccion=SECCION PINTURA Y PREPARADA DE CAMA | total_raw=0.0
CAMA DE 1.60 CON MESA DE NOCHE 2/10/2025,GASOLINA,1.0,FORMULA,,,,,,unidad_raw=LITRO | seccion=SECCION PINTURA Y PREPARADA DE CAMA | total_raw=0.0
CAMA DE 1.60 CON MESA DE NOCHE 2/10/2025,RESANE,1.0,FORMULA,,,,,,unidad_raw=LITRO | seccion=SECCION PINTURA Y PREPARADA DE CAMA | total_raw=0.0
CAMA DE 1.60 CON MESA DE NOCHE 2/10/2025,LACA,1.0,FORMULA,,,,,,unidad_raw=PISTOLADA | seccion=SECCION PINTURA Y PREPARADA DE CAMA | precio_unitario_raw=22000.0 | total_raw=0.0
CAMA DE 1.60 CON MESA DE NOCHE 2/10/2025,Gastos de Pintura 10%,1.0,FORMULA,,,,,,seccion=SECCION PINTURA Y PREPARADA DE CAMA | total_raw=0.0
CAMA DE 1.60 CON MESA DE NOCHE 2/10/2025,REGLETA,1.0,FIJO,,,,,,unidad_raw=unidades | seccion=TERMINACION | precio_unitario_raw=10000.0 | total_raw=10000.0
CAMA DE 1.60 CON MESA DE NOCHE 2/10/2025,LUZ LET,1.0,FIJO,,,,,,unidad_raw=UNIDAD | seccion=TERMINACION | precio_unitario_raw=9000.0 | total_raw=9000.0
CAMA DE 1.60 CON MESA DE NOCHE 2/10/2025,CAFETERO,1.0,FORMULA,,,,,,unidad_raw=UNIDAD | seccion=TERMINACION | precio_unitario_raw=30000.0 | total_raw=0.0
CAMA DE 1.60 CON MESA DE NOCHE 2/10/2025,POSTURA DE LA LUZ 1,1.0,FIJO,,,,,,unidad_raw=unidades | seccion=TERMINACION | precio_unitario_raw=30000.0 | total_raw=30000.0
CAMA DE 1.60 CON MESA DE NOCHE 2/10/2025,ENCHUFE,2.0,FORMULA,,,,,,unidad_raw=UNIDAD | seccion=TERMINACION | precio_unitario_raw=5000.0 | total_raw=5000.0
CAMA DE 1.60 CON MESA DE NOCHE 2/10/2025,TOMA,2.0,FORMULA,,,,,,unidad_raw=UNIDAD | seccion=TERMINACION | precio_unitario_raw=15000.0 | total_raw=30000.0
CAMA DE 1.60 CON MESA DE NOCHE 2/10/2025,CABLE,6.0,LINEAL,,,,,,unidad_raw=METROS | seccion=TERMINACION | precio_unitario_raw=3000.0 | total_raw=18000.0
CAMA DE 1.60 CON MESA DE NOCHE 2/10/2025,EMBALADA,1.0,FIJO,,,,,,unidad_raw=unidades | seccion=TERMINACION | precio_unitario_raw=150000.0 | total_raw=150000.0
CAMA DE 1.60 CON MESA DE NOCHE 2/10/2025,SECCION TENDIDO,1.0,FORMULA,,,,,,seccion=TERMINACION | total_raw=0.0
CAMA DE 1.60 CON MESA DE NOCHE 2/10/2025,MADERA 60X1X4,750.0,LINEAL,,,,,,unidad_raw=CMS | seccion=TERMINACION | precio_unitario_raw=140.0 | total_raw=105000.0
CAMA DE 1.60 CON MESA DE NOCHE 2/10/2025,FABRICACION TENDIDO,1.0,FIJO,,,,,,unidad_raw=DE 2X2 | seccion=TERMINACION | precio_unitario_raw=63000.0 | total_raw=63000.0
CAMA DE 1.60 CON MESA DE NOCHE 2/10/2025,MDF DE 9,1.0,AREA,,,,,,unidad_raw=unidades | seccion=TERMINACION | precio_unitario_raw=140000.0 | total_raw=140000.0
CAMA DE 1.60 CON MESA DE NOCHE 2/10/2025,GRAPAS,5.0,ESPACIADO,,,,,,unidad_raw=TIRAS | seccion=TERMINACION | precio_unitario_raw=550.0 | total_raw=2750.0
CAMA DE 1.60 CON MESA DE NOCHE 2/10/2025,COLBON,0.5,VOLUMEN,,,,,,unidad_raw=LITRO | seccion=TERMINACION | precio_unitario_raw=12000.0 | total_raw=6000.0
CAMA DE 1.60 CON MESA DE NOCHE 2/10/2025,"TORNILLOS DE 2""",50.0,ESPACIADO,,,,,,unidad_raw=unidades | seccion=TERMINACION | precio_unitario_raw=100.0 | total_raw=5000.0
CAMA DE 1.60 CON MESA DE NOCHE 2/10/2025,CLAVILLO,5.0,ESPACIADO,,,,,,unidad_raw=TIRAS | seccion=TERMINACION | precio_unitario_raw=2000.0 | total_raw=10000.0
CAMA DE 1.60 CON MESA DE NOCHE 2/10/2025,PEOPE,2.0,LINEAL,,,,,,unidad_raw=METROS | seccion=TERMINACION | precio_unitario_raw=4000.0 | total_raw=8000.0
CAMA DE 1.60 CON MESA DE NOCHE 2/10/2025,TELA,2.6,AREA,,,,,,unidad_raw=METROS | seccion=SECCION TAPICERIA | precio_unitario_raw=40000.0 | total_raw=104000.0
CAMA DE 1.60 CON MESA DE NOCHE 2/10/2025,ESTOPEROLES,1.0,FORMULA,,,,,,seccion=SECCION TAPICERIA | precio_unitario_raw=500.0 | total_raw=0.0
CAMA DE 1.60 CON MESA DE NOCHE 2/10/2025,COLARATA,1.0,FORMULA,,,,,,unidad_raw=METROS | seccion=SECCION TAPICERIA | precio_unitario_raw=600.0 | total_raw=0.0
CAMA DE 1.60 CON MESA DE NOCHE 2/10/2025,GRAPAS,0.5,ESPACIADO,,,,,,unidad_raw=CAJA DE GRAPAS | seccion=SECCION TAPICERIA | precio_unitario_raw=10000.0 | total_raw=5000.0
CAMA DE 1.60 CON MESA DE NOCHE 2/10/2025,ESPUMA NARANJA 1CM,1.0,FORMULA,,,,,,unidad_raw=METROS | seccion=SECCION TAPICERIA | precio_unitario_raw=18000.0 | total_raw=0.0
CAMA DE 1.60 CON MESA DE NOCHE 2/10/2025,"TORNILLOS DE 1 1/2""",1.0,FIJO,,,,,,unidad_raw=UNIDADES | seccion=SECCION TAPICERIA | precio_unitario_raw=100.0 | total_raw=0.0
CAMA DE 1.60 CON MESA DE NOCHE 2/10/2025,EPUMA AZUL DE 11/2,1.0,FIJO,,,,,,unidad_raw=UNIDADES | seccion=SECCION TAPICERIA | precio_unitario_raw=26000.0 | total_raw=26000.0
CAMA DE 1.60 CON MESA DE NOCHE 2/10/2025,CANAMO,1.0,FORMULA,,,,,,unidad_raw=ROLLO | seccion=SECCION TAPICERIA | precio_unitario_raw=15000.0 | total_raw=0.0
CAMA DE 1.60 CON MESA DE NOCHE 2/10/2025,COLA DE RATA,1.0,FORMULA,,,,,,unidad_raw=MTS | seccion=SECCION TAPICERIA | precio_unitario_raw=1000.0 | total_raw=0.0
CAMA DE 1.60 CON MESA DE NOCHE 2/10/2025,COSTAL,2.0,AREA,,,,,,unidad_raw=METROS | seccion=SECCION TAPICERIA | precio_unitario_raw=3000.0 | total_raw=6000.0
CAMA DE 1.60 CON MESA DE NOCHE 2/10/2025,HILO,1.0,FORMULA,,,,,,seccion=SECCION TAPICERIA | precio_unitario_raw=4000.0 | total_raw=0.0
CAMA DE 1.60 CON MESA DE NOCHE 2/10/2025,ESPUMA NARANJA 1CM,1.0,FORMULA,,,,,,unidad_raw=UNIIDAD | seccion=SECCION TAPICERIA | total_raw=0.0
CAMA DE 1.60 CON MESA DE NOCHE 2/10/2025,SUPER,0.5,VOLUMEN,,,,,,unidad_raw=LITRO | seccion=SECCION TAPICERIA | precio_unitario_raw=19000.0 | total_raw=9500.0
CAMA DE 1.60 CON MESA DE NOCHE 2/10/2025,FIELTRO,1.0,FORMULA,,,,,,unidad_raw=CM | seccion=SECCION TAPICERIA | precio_unitario_raw=4000.0 | total_raw=0.0
CAMA DE 1.60 CON MESA DE NOCHE 2/10/2025,HECHURA,1.0,FIJO,,,,,,seccion=SECCION TAPICERIA | precio_unitario_raw=84000.0 | total_raw=84000.0
CAMA DE 1.60 CON MESA DE NOCHE 2/10/2025,RELLENO,1.0,FORMULA,,,,,,unidad_raw=KG | seccion=SECCION TAPICERIA | precio_unitario_raw=14000.0 | total_raw=0.0
CAMA DE 1.40 CON MESA DE NOCHE 7/07/2025,MADERA (2),1013.0,FORMULA,,,,,,"unidad_raw=2,10X22X18= 832 2,10X20X15=630 | precio_unitario_raw=140.0 | total_raw=141820.0"
CAMA DE 1.40 CON MESA DE NOCHE 7/07/2025,"MDF DE 2,7",1.0,FORMULA,,,,,,unidad_raw=6 PEDASOS DE 49X49 | precio_unitario_raw=20000.0 | total_raw=0.0
CAMA DE 1.40 CON MESA DE NOCHE 7/07/2025,INDUPLAX,1.0,FORMULA,,,,,,unidad_raw=Unidad | precio_unitario_raw=160000.0
CAMA DE 1.40 CON MESA DE NOCHE 7/07/2025,LAM MDF 15,1.0,AREA,,,,,,unidad_raw=Unidad BASTIDORES | precio_unitario_raw=210000.0 | total_raw=210000.0
CAMA DE 1.40 CON MESA DE NOCHE 7/07/2025,SUPER,1.0,FORMULA,,,,,,unidad_raw=LITROS | precio_unitario_raw=19000.0 | total_raw=0.0
CAMA DE 1.40 CON MESA DE NOCHE 7/07/2025,COLBON,1.0,VOLUMEN,,,,,,unidad_raw=LITRO | precio_unitario_raw=13000.0 | total_raw=13000.0
CAMA DE 1.40 CON MESA DE NOCHE 7/07/2025,GRAPAS,0.5,ESPACIADO,,,,,,unidad_raw=Unidad | precio_unitario_raw=10000.0 | total_raw=5000.0
CAMA DE 1.40 CON MESA DE NOCHE 7/07/2025,CORREDERAS 45,4.0,FORMULA,,,,,,unidad_raw=UNITARIO | precio_unitario_raw=30000.0 | total_raw=120000.0
CAMA DE 1.40 CON MESA DE NOCHE 7/07/2025,CORREDERAS DE 35,1.0,FIJO,,,,,,unidad_raw=UNIDAD | precio_unitario_raw=31000.0 | total_raw=31000.0
CAMA DE 1.40 CON MESA DE NOCHE 7/07/2025,GANCHOS,1.0,FIJO,,,,,,unidad_raw=PAR | precio_unitario_raw=20000.0 | total_raw=20000.0
CAMA DE 1.40 CON MESA DE NOCHE 7/07/2025,PL SUPER,1.0,VOLUMEN,,,,,,unidad_raw=LITRO | precio_unitario_raw=17000.0 | total_raw=17000.0
CAMA DE 1.40 CON MESA DE NOCHE 7/07/2025,"TORNILLOS DE 2""",100.0,ESPACIADO,,,,,,unidad_raw=Unidad | precio_unitario_raw=100.0 | total_raw=10000.0
CAMA DE 1.40 CON MESA DE NOCHE 7/07/2025,ebanisteria 700.000 x 5% de m.o,1.0,FORMULA,,,,,,total_raw=700000.0
CAMA DE 1.40 CON MESA DE NOCHE 7/07/2025,gastos de Ebanisteria e 10%,1.0,FORMULA,,,,,,total_raw=150637.0
CAMA DE 1.40 CON MESA DE NOCHE 7/07/2025,MADERA (2),1.0,FORMULA,,,,,,"unidad_raw=2,10X22X18= 832 2,10X20X15=630 | precio_unitario_raw=140.0 | total_raw=0.0"
CAMA DE 1.40 CON MESA DE NOCHE 7/07/2025,LAMINA DE 6,2.0,AREA,,,,,,unidad_raw=LAMINA | precio_unitario_raw=216000.0 | total_raw=432000.0
CAMA DE 1.40 CON MESA DE NOCHE 7/07/2025,LAM MDF 15,1.0,AREA,,,,,,unidad_raw=MELAMINA FLORMORADO | precio_unitario_raw=340000.0 | total_raw=340000.0
CAMA DE 1.40 CON MESA DE NOCHE 7/07/2025,PASADA DE LAMINA,1.0,AREA,,,,,,unidad_raw=LAMINA | precio_unitario_raw=40000.0 | total_raw=40000.0
CAMA DE 1.40 CON MESA DE NOCHE 7/07/2025,PASADA DE LAMINA,2.0,AREA,,,,,,unidad_raw=UNIDAD DE 6 | precio_unitario_raw=20000.0 | total_raw=40000.0
CAMA DE 1.40 CON MESA DE NOCHE 7/07/2025,SERVICIO,1.0,FIJO,,,,,,unidad_raw=Unidad | precio_unitario_raw=80000.0 | total_raw=80000.0
CAMA DE 1.40 CON MESA DE NOCHE 7/07/2025,CLAVILLOS N F 40,8.0,ESPACIADO,,,,,,unidad_raw=TIRA | precio_unitario_raw=1000.0 | total_raw=8000.0
CAMA DE 1.40 CON MESA DE NOCHE 7/07/2025,HECHURA,1.0,FIJO,,,,,,unidad_raw=PAR | precio_unitario_raw=105000.0 | total_raw=0.0
CAMA DE 1.40 CON MESA DE NOCHE 7/07/2025,"TORNILLOS DE 2""",1.0,FIJO,,,,,,unidad_raw=Unidad | precio_unitario_raw=100.0 | total_raw=0.0
CAMA DE 1.40 CON MESA DE NOCHE 7/07/2025,CORREDERAS,1.0,FIJO,,,,,,unidad_raw=UNIDADES | precio_unitario_raw=30000.0 | total_raw=0.0
CAMA DE 1.40 CON MESA DE NOCHE 7/07/2025,gastos de Ebanisteria e 5%,1.0,FORMULA,,,,,,total_raw=940000.0
CAMA DE 1.40 CON MESA DE NOCHE 7/07/2025,SECCION PINTURA Y PREPARADA,1.0,FORMULA,,,,,DE 2 NOCHEROS,seccion=SECCION PINTURA Y PREPARADA DE 2 NOCHEROS
CAMA DE 1.40 CON MESA DE NOCHE 7/07/2025,PREPARADO JOTA,1.0,FORMULA,,,,,,unidad_raw=CON EL 5% | seccion=SECCION PINTURA Y PREPARADA DE 2 NOCHEROS | precio_unitario_raw=50000.0
CAMA DE 1.40 CON MESA DE NOCHE 7/07/2025,PINTURA ALEX,1.0,FORMULA,,,,,,unidad_raw=CON EL 5% | seccion=SECCION PINTURA Y PREPARADA DE 2 NOCHEROS | precio_unitario_raw=30000.0
CAMA DE 1.40 CON MESA DE NOCHE 7/07/2025,SELLADOR,1.0,FORMULA,,,,,,unidad_raw=PISTOLADAS | seccion=SECCION PINTURA Y PREPARADA DE 2 NOCHEROS | precio_unitario_raw=18000.0 | total_raw=0.0
CAMA DE 1.40 CON MESA DE NOCHE 7/07/2025,LIJA 400,1.0,FORMULA,,,,,,unidad_raw=unidades | seccion=SECCION PINTURA Y PREPARADA DE 2 NOCHEROS | precio_unitario_raw=2000.0 | total_raw=0.0
CAMA DE 1.40 CON MESA DE NOCHE 7/07/2025,NITRO,1.0,FORMULA,,,,,,unidad_raw=galon | seccion=SECCION PINTURA Y PREPARADA DE 2 NOCHEROS | precio_unitario_raw=70000.0 | total_raw=0.0
CAMA DE 1.40 CON MESA DE NOCHE 7/07/2025,lija 240,1.0,FORMULA,,,,,,unidad_raw=unidad | seccion=SECCION PINTURA Y PREPARADA DE 2 NOCHEROS | precio_unitario_raw=2000.0 | total_raw=0.0
CAMA DE 1.40 CON MESA DE NOCHE 7/07/2025,TALCO,1.0,FORMULA,,,,,,unidad_raw=unidad | seccion=SECCION PINTURA Y PREPARADA DE 2 NOCHEROS | precio_unitario_raw=2500.0 | total_raw=0.0
CAMA DE 1.40 CON MESA DE NOCHE 7/07/2025,TINER,1.0,FORMULA,,,,,,unidad_raw=GALON | seccion=SECCION PINTURA Y PREPARADA DE 2 NOCHEROS | precio_unitario_raw=34000.0 | total_raw=0.0
CAMA DE 1.40 CON MESA DE NOCHE 7/07/2025,kerosen,1.0,FORMULA,,,,,,unidad_raw=litro | seccion=SECCION PINTURA Y PREPARADA DE 2 NOCHEROS | precio_unitario_raw=18000.0 | total_raw=0.0
CAMA DE 1.40 CON MESA DE NOCHE 7/07/2025,COLOR GRIS,1.0,FORMULA,,,,,,unidad_raw=PISTOLADA | seccion=SECCION PINTURA Y PREPARADA DE 2 NOCHEROS | precio_unitario_raw=22000.0 | total_raw=0.0
CAMA DE 1.40 CON MESA DE NOCHE 7/07/2025,ENCINA,1.0,FORMULA,,,,,,unidad_raw=galon | seccion=SECCION PINTURA Y PREPARADA DE 2 NOCHEROS | precio_unitario_raw=160000.0 | total_raw=0.0
CAMA DE 1.40 CON MESA DE NOCHE 7/07/2025,GASOLINA,1.0,FORMULA,,,,,,unidad_raw=LITRO | seccion=SECCION PINTURA Y PREPARADA DE 2 NOCHEROS | precio_unitario_raw=4500.0 | total_raw=0.0
CAMA DE 1.40 CON MESA DE NOCHE 7/07/2025,RESANE,1.0,FORMULA,,,,,,unidad_raw=LITRO | seccion=SECCION PINTURA Y PREPARADA DE 2 NOCHEROS | precio_unitario_raw=20000.0 | total_raw=0.0
CAMA DE 1.40 CON MESA DE NOCHE 7/07/2025,LACA,1.0,FORMULA,,,,,,unidad_raw=PISTOLADA | seccion=SECCION PINTURA Y PREPARADA DE 2 NOCHEROS | precio_unitario_raw=22000.0 | total_raw=0.0
CAMA DE 1.40 CON MESA DE NOCHE 7/07/2025,Gastos de Pintura 10%,1.0,FORMULA,,,,,,seccion=SECCION PINTURA Y PREPARADA DE 2 NOCHEROS | total_raw=0.0
CAMA DE 1.40 CON MESA DE NOCHE 7/07/2025,SECCION PINTURA Y PREPARADA,1.0,FORMULA,,,,,DE CAMA,seccion=SECCION PINTURA Y PREPARADA DE CAMA
CAMA DE 1.40 CON MESA DE NOCHE 7/07/2025,PREPARADO JOTA,1.0,FORMULA,,,,,,unidad_raw=CON EL 5% | seccion=SECCION PINTURA Y PREPARADA DE CAMA | precio_unitario_raw=60000.0
CAMA DE 1.40 CON MESA DE NOCHE 7/07/2025,PINTURA ALEX,1.0,FORMULA,,,,,,unidad_raw=CON EL 5% | seccion=SECCION PINTURA Y PREPARADA DE CAMA | precio_unitario_raw=30000.0
CAMA DE 1.40 CON MESA DE NOCHE 7/07/2025,SELLADOR,1.0,FORMULA,,,,,,unidad_raw=GALON | seccion=SECCION PINTURA Y PREPARADA DE CAMA | precio_unitario_raw=55000.0 | total_raw=0.0
CAMA DE 1.40 CON MESA DE NOCHE 7/07/2025,LIJA 400,1.0,FORMULA,,,,,,unidad_raw=unidades | seccion=SECCION PINTURA Y PREPARADA DE CAMA | precio_unitario_raw=2000.0 | total_raw=0.0
CAMA DE 1.40 CON MESA DE NOCHE 7/07/2025,NITRO,1.0,FORMULA,,,,,,unidad_raw=galon | seccion=SECCION PINTURA Y PREPARADA DE CAMA | total_raw=0.0
CAMA DE 1.40 CON MESA DE NOCHE 7/07/2025,lija 240,1.0,FORMULA,,,,,,unidad_raw=unidad | seccion=SECCION PINTURA Y PREPARADA DE CAMA | precio_unitario_raw=2000.0 | total_raw=0.0
CAMA DE 1.40 CON MESA DE NOCHE 7/07/2025,lija 150,1.0,FORMULA,,,,,,unidad_raw=unidad | seccion=SECCION PINTURA Y PREPARADA DE CAMA | precio_unitario_raw=2000.0 | total_raw=0.0
CAMA DE 1.40 CON MESA DE NOCHE 7/07/2025,LACA SEMIMATE,1.0,FORMULA,,,,,,unidad_raw=GALON | seccion=SECCION PINTURA Y PREPARADA DE CAMA | precio_unitario_raw=21000.0 | total_raw=0.0
CAMA DE 1.40 CON MESA DE NOCHE 7/07/2025,kerosen,1.0,FORMULA,,,,,,unidad_raw=litro | seccion=SECCION PINTURA Y PREPARADA DE CAMA | precio_unitario_raw=18000.0 | total_raw=0.0
CAMA DE 1.40 CON MESA DE NOCHE 7/07/2025,COLOR GRIS,1.0,FORMULA,,,,,,unidad_raw=PISTOLADA | seccion=SECCION PINTURA Y PREPARADA DE CAMA | precio_unitario_raw=19000.0 | total_raw=0.0
CAMA DE 1.40 CON MESA DE NOCHE 7/07/2025,TINTE MIEL,1.0,FORMULA,,,,,,unidad_raw=galon | seccion=SECCION PINTURA Y PREPARADA DE CAMA | total_raw=0.0
CAMA DE 1.40 CON MESA DE NOCHE 7/07/2025,GASOLINA,1.0,FORMULA,,,,,,unidad_raw=LITRO | seccion=SECCION PINTURA Y PREPARADA DE CAMA | total_raw=0.0
CAMA DE 1.40 CON MESA DE NOCHE 7/07/2025,RESANE,1.0,FORMULA,,,,,,unidad_raw=LITRO | seccion=SECCION PINTURA Y PREPARADA DE CAMA | total_raw=0.0
CAMA DE 1.40 CON MESA DE NOCHE 7/07/2025,LACA,1.0,FORMULA,,,,,,unidad_raw=PISTOLADA | seccion=SECCION PINTURA Y PREPARADA DE CAMA | precio_unitario_raw=22000.0 | total_raw=0.0
CAMA DE 1.40 CON MESA DE NOCHE 7/07/2025,Gastos de Pintura 10%,1.0,FORMULA,,,,,,seccion=SECCION PINTURA Y PREPARADA DE CAMA | total_raw=0.0
CAMA DE 1.40 CON MESA DE NOCHE 7/07/2025,REGLETA,1.0,FIJO,,,,,,unidad_raw=unidades | seccion=TERMINACION | precio_unitario_raw=10000.0 | total_raw=10000.0
CAMA DE 1.40 CON MESA DE NOCHE 7/07/2025,LUZ LET,1.0,FIJO,,,,,,unidad_raw=UNIDAD | seccion=TERMINACION | precio_unitario_raw=9000.0 | total_raw=9000.0
CAMA DE 1.40 CON MESA DE NOCHE 7/07/2025,CAFETERO,1.0,FIJO,,,,,,unidad_raw=UNIDAD | seccion=TERMINACION | precio_unitario_raw=30000.0 | total_raw=30000.0
CAMA DE 1.40 CON MESA DE NOCHE 7/07/2025,POSTURA DE LA LUZ 1,1.0,FIJO,,,,,,unidad_raw=unidades | seccion=TERMINACION | precio_unitario_raw=30000.0 | total_raw=30000.0
CAMA DE 1.40 CON MESA DE NOCHE 7/07/2025,ENCHUFE,1.0,FIJO,,,,,,unidad_raw=UNIDAD | seccion=TERMINACION | precio_unitario_raw=5000.0 | total_raw=5000.0
CAMA DE 1.40 CON MESA DE NOCHE 7/07/2025,TOMA,1.0,FIJO,,,,,,unidad_raw=UNIDAD | seccion=TERMINACION | precio_unitario_raw=28000.0 | total_raw=28000.0
CAMA DE 1.40 CON MESA DE NOCHE 7/07/2025,CABLE,3.0,LINEAL,,,,,,unidad_raw=METROS | seccion=TERMINACION | precio_unitario_raw=3000.0 | total_raw=9000.0
CAMA DE 1.40 CON MESA DE NOCHE 7/07/2025,EMBALADA,1.0,FIJO,,,,,,unidad_raw=unidades | seccion=TERMINACION | precio_unitario_raw=150000.0 | total_raw=150000.0
CAMA DE 1.40 CON MESA DE NOCHE 7/07/2025,SECCION TENDIDO,1.0,FORMULA,,,,,,seccion=TERMINACION | total_raw=0.0
CAMA DE 1.40 CON MESA DE NOCHE 7/07/2025,MADERA 60X1X4,750.0,LINEAL,,,,,,unidad_raw=CMS | seccion=TERMINACION | precio_unitario_raw=140.0 | total_raw=105000.0
CAMA DE 1.40 CON MESA DE NOCHE 7/07/2025,FABRICACION TENDIDO,1.0,FIJO,,,,,,unidad_raw=DE 2X2 | seccion=TERMINACION | precio_unitario_raw=63000.0 | total_raw=63000.0
CAMA DE 1.40 CON MESA DE NOCHE 7/07/2025,MDF DE 9,1.0,AREA,,,,,,unidad_raw=unidades | seccion=TERMINACION | precio_unitario_raw=140000.0 | total_raw=140000.0
CAMA DE 1.40 CON MESA DE NOCHE 7/07/2025,GRAPAS,5.0,ESPACIADO,,,,,,unidad_raw=TIRAS | seccion=TERMINACION | precio_unitario_raw=550.0 | total_raw=2750.0
CAMA DE 1.40 CON MESA DE NOCHE 7/07/2025,COLBON,0.5,VOLUMEN,,,,,,unidad_raw=LITRO | seccion=TERMINACION | precio_unitario_raw=12000.0 | total_raw=6000.0
CAMA DE 1.40 CON MESA DE NOCHE 7/07/2025,"TORNILLOS DE 2""",50.0,ESPACIADO,,,,,,unidad_raw=unidades | seccion=TERMINACION | precio_unitario_raw=100.0 | total_raw=5000.0
CAMA DE 1.40 CON MESA DE NOCHE 7/07/2025,CLAVILLO,5.0,ESPACIADO,,,,,,unidad_raw=TIRAS | seccion=TERMINACION | precio_unitario_raw=2000.0 | total_raw=10000.0
CAMA DE 1.40 CON MESA DE NOCHE 7/07/2025,PEOPE,2.0,LINEAL,,,,,,unidad_raw=METROS | seccion=TERMINACION | precio_unitario_raw=4000.0 | total_raw=8000.0
CAMA DE 1.40 CON MESA DE NOCHE 7/07/2025,TELA,2.0,AREA,,,,,,unidad_raw=METROS | seccion=SECCION TAPICERIA | precio_unitario_raw=40000.0 | total_raw=80000.0
CAMA DE 1.40 CON MESA DE NOCHE 7/07/2025,ESTOPEROLES,1.0,FORMULA,,,,,,seccion=SECCION TAPICERIA | precio_unitario_raw=500.0 | total_raw=0.0
CAMA DE 1.40 CON MESA DE NOCHE 7/07/2025,COLARATA,1.0,FORMULA,,,,,,unidad_raw=METROS | seccion=SECCION TAPICERIA | precio_unitario_raw=600.0 | total_raw=0.0
CAMA DE 1.40 CON MESA DE NOCHE 7/07/2025,GRAPAS,0.5,ESPACIADO,,,,,,unidad_raw=CAJA DE GRAPAS | seccion=SECCION TAPICERIA | precio_unitario_raw=10000.0 | total_raw=5000.0
CAMA DE 1.40 CON MESA DE NOCHE 7/07/2025,ESPUMA NARANJA 1CM,1.0,FORMULA,,,,,,unidad_raw=METROS | seccion=SECCION TAPICERIA | precio_unitario_raw=18000.0 | total_raw=0.0
CAMA DE 1.40 CON MESA DE NOCHE 7/07/2025,"TORNILLOS DE 1 1/2""",1.0,FIJO,,,,,,unidad_raw=UNIDADES | seccion=SECCION TAPICERIA | precio_unitario_raw=100.0 | total_raw=0.0
CAMA DE 1.40 CON MESA DE NOCHE 7/07/2025,EPUMA AZUL DE 2,1.0,FIJO,,,,,,unidad_raw=UNIDADES | seccion=SECCION TAPICERIA | precio_unitario_raw=41000.0 | total_raw=41000.0
CAMA DE 1.40 CON MESA DE NOCHE 7/07/2025,CANAMO,1.0,FORMULA,,,,,,unidad_raw=ROLLO | seccion=SECCION TAPICERIA | precio_unitario_raw=15000.0 | total_raw=0.0
CAMA DE 1.40 CON MESA DE NOCHE 7/07/2025,COLA DE RATA,1.0,FORMULA,,,,,,unidad_raw=MTS | seccion=SECCION TAPICERIA | precio_unitario_raw=1000.0 | total_raw=0.0
CAMA DE 1.40 CON MESA DE NOCHE 7/07/2025,COSTAL,2.0,AREA,,,,,,unidad_raw=METROS | seccion=SECCION TAPICERIA | precio_unitario_raw=3000.0 | total_raw=6000.0
CAMA DE 1.40 CON MESA DE NOCHE 7/07/2025,HILO,1.0,FORMULA,,,,,,seccion=SECCION TAPICERIA | precio_unitario_raw=4000.0 | total_raw=0.0
CAMA DE 1.40 CON MESA DE NOCHE 7/07/2025,ESPUMA NARANJA 1CM,1.0,FORMULA,,,,,,unidad_raw=UNIIDAD | seccion=SECCION TAPICERIA | total_raw=0.0
CAMA DE 1.40 CON MESA DE NOCHE 7/07/2025,SUPER,0.25,VOLUMEN,,,,,,unidad_raw=LITRO | seccion=SECCION TAPICERIA | precio_unitario_raw=19000.0 | total_raw=4750.0
CAMA DE 1.40 CON MESA DE NOCHE 7/07/2025,FIELTRO,1.5,LINEAL,,,,,,unidad_raw=CM | seccion=SECCION TAPICERIA | precio_unitario_raw=4000.0 | total_raw=6000.0
CAMA DE 1.40 CON MESA DE NOCHE 7/07/2025,HECHURA,1.0,FIJO,,,,,,seccion=SECCION TAPICERIA | precio_unitario_raw=84000.0 | total_raw=84000.0
CAMA DE 1.40 CON MESA DE NOCHE 7/07/2025,RELLENO,1.0,FORMULA,,,,,,unidad_raw=KG | seccion=SECCION TAPICERIA | precio_unitario_raw=14000.0 | total_raw=0.0
CAMA MODELO HERRAJE EN CRUDO DE 2X2,MADERA (2),1462.0,FORMULA,,,,,,"unidad_raw=2,10X22X18= 832 2,10X20X15=630 | precio_unitario_raw=135.0 | total_raw=197370.0"
CAMA MODELO HERRAJE EN CRUDO DE 2X2,"MDF DE 2,7",0.25,AREA,,,,,,unidad_raw=3 PEASOS DE 49X49 | precio_unitario_raw=65000.0 | total_raw=16250.0
CAMA MODELO HERRAJE EN CRUDO DE 2X2,INDUPLAX,1.5,AREA,,,,,,unidad_raw=Unidad | precio_unitario_raw=160000.0 | total_raw=240000.0
CAMA MODELO HERRAJE EN CRUDO DE 2X2,LAM MDF 15,1.0,AREA,,,,,,unidad_raw=Unidad | precio_unitario_raw=207000.0 | total_raw=207000.0
CAMA MODELO HERRAJE EN CRUDO DE 2X2,SUPER,0.25,VOLUMEN,,,,,,unidad_raw=LITROS | precio_unitario_raw=19000.0 | total_raw=4750.0
CAMA MODELO HERRAJE EN CRUDO DE 2X2,COLBON,0.5,VOLUMEN,,,,,,unidad_raw=GALON | precio_unitario_raw=49000.0 | total_raw=24500.0
CAMA MODELO HERRAJE EN CRUDO DE 2X2,GRAPAS,0.5,ESPACIADO,,,,,,unidad_raw=Unidad | precio_unitario_raw=10000.0 | total_raw=5000.0
CAMA MODELO HERRAJE EN CRUDO DE 2X2,CORREDERAS,3.0,FORMULA,,,,,,unidad_raw=UNITARIO | precio_unitario_raw=30000.0 | total_raw=90000.0
CAMA MODELO HERRAJE EN CRUDO DE 2X2,CLAVILLOS,15.0,ESPACIADO,,,,,,unidad_raw=TIRA | precio_unitario_raw=1000.0 | total_raw=15000.0
CAMA MODELO HERRAJE EN CRUDO DE 2X2,GANCHOS,1.0,FIJO,,,,,,unidad_raw=PAR | precio_unitario_raw=20000.0 | total_raw=20000.0
CAMA MODELO HERRAJE EN CRUDO DE 2X2,MDF DE 9,1.25,AREA,,,,,,precio_unitario_raw=136000.0 | total_raw=170000.0
CAMA MODELO HERRAJE EN CRUDO DE 2X2,"TORNILLOS DE 2""",125.0,ESPACIADO,,,,,,unidad_raw=Unidad | precio_unitario_raw=100.0 | total_raw=12500.0
CAMA MODELO HERRAJE EN CRUDO DE 2X2,ebanisteria 200.000 x 5% de m.o,1.0,FORMULA,,,,,,total_raw=504000.0
CAMA MODELO HERRAJE EN CRUDO DE 2X2,gastos de Ebanisteria e 10%,1.0,FORMULA,,,,,,total_raw=150637.0
CAMA MODELO HERRAJE EN CRUDO DE 2X2,MADERA (2),468.0,FORMULA,,,,,,"unidad_raw=2,10X22X18= 832 2,10X20X15=630 | precio_unitario_raw=140.0 | total_raw=65520.0"
CAMA MODELO HERRAJE EN CRUDO DE 2X2,MDF DE 3,200.0,AREA,,,,,,"unidad_raw=1 PEDAZO DE 1,20X45=54 | precio_unitario_raw=65.0 | total_raw=13000.0"
CAMA MODELO HERRAJE EN CRUDO DE 2X2,LAM MDF 15,250.0,AREA,,,,,,"unidad_raw=1 PEDASO DE 1.25 X55=68,75 | precio_unitario_raw=207.0 | total_raw=51750.0"
CAMA MODELO HERRAJE EN CRUDO DE 2X2,LAM MDF 7,175.0,AREA,,,,,,"unidad_raw=1 PEDASO DE 1,50X40=60 | precio_unitario_raw=130.0 | total_raw=21875.0"
CAMA MODELO HERRAJE EN CRUDO DE 2X2,COLBON,2.0,VOLUMEN,,,,,,unidad_raw=litros | precio_unitario_raw=14000.0 | total_raw=28000.0
CAMA MODELO HERRAJE EN CRUDO DE 2X2,GRAPAS,10.0,ESPACIADO,,,,,,unidad_raw=Unidad | precio_unitario_raw=500.0 | total_raw=5000.0
CAMA MODELO HERRAJE EN CRUDO DE 2X2,CLAVILLOS N F 40,6.0,ESPACIADO,,,,,,unidad_raw=TIRA | precio_unitario_raw=1000.0 | total_raw=6000.0
CAMA MODELO HERRAJE EN CRUDO DE 2X2,HECHURA,2.0,FORMULA,,,,,,unidad_raw=PAR | precio_unitario_raw=105000.0 | total_raw=210000.0
CAMA MODELO HERRAJE EN CRUDO DE 2X2,"TORNILLOS DE 2""",30.0,ESPACIADO,,,,,,unidad_raw=Unidad | precio_unitario_raw=100.0 | total_raw=3000.0
CAMA MODELO HERRAJE EN CRUDO DE 2X2,CORREDERAS,4.0,FORMULA,,,,,,unidad_raw=UNIDADES | precio_unitario_raw=30000.0 | total_raw=120000.0
CAMA MODELO HERRAJE EN CRUDO DE 2X2,SECCION PINTURA Y PREPARADA,1.0,FORMULA,,,,,DE 2 NOCHEROS,seccion=SECCION PINTURA Y PREPARADA DE 2 NOCHEROS
CAMA MODELO HERRAJE EN CRUDO DE 2X2,PREPARADO JOTA,2.0,FORMULA,,,,,,unidad_raw=CON EL 5% | seccion=SECCION PINTURA Y PREPARADA DE 2 NOCHEROS | precio_unitario_raw=36750.0 | total_raw=73500.0
CAMA MODELO HERRAJE EN CRUDO DE 2X2,PINTURA ALEX,2.0,FORMULA,,,,,,unidad_raw=CON EL 5% | seccion=SECCION PINTURA Y PREPARADA DE 2 NOCHEROS | precio_unitario_raw=36750.0 | total_raw=73500.0
CAMA MODELO HERRAJE EN CRUDO DE 2X2,SELLADOR,3.0,VOLUMEN,,,,,,unidad_raw=PISTOLADAS | seccion=SECCION PINTURA Y PREPARADA DE 2 NOCHEROS | precio_unitario_raw=18000.0 | total_raw=54000.0
CAMA MODELO HERRAJE EN CRUDO DE 2X2,LIJA 400,2.0,FORMULA,,,,,,unidad_raw=unidades | seccion=SECCION PINTURA Y PREPARADA DE 2 NOCHEROS | precio_unitario_raw=2000.0 | total_raw=4000.0
CAMA MODELO HERRAJE EN CRUDO DE 2X2,NITRO,0.1,VOLUMEN,,,,,,unidad_raw=galon | seccion=SECCION PINTURA Y PREPARADA DE 2 NOCHEROS | precio_unitario_raw=70000.0 | total_raw=7000.0
CAMA MODELO HERRAJE EN CRUDO DE 2X2,lija 240,2.0,FORMULA,,,,,,unidad_raw=unidad | seccion=SECCION PINTURA Y PREPARADA DE 2 NOCHEROS | precio_unitario_raw=2000.0 | total_raw=4000.0
CAMA MODELO HERRAJE EN CRUDO DE 2X2,TALCO,0.3,FORMULA,,,,,,unidad_raw=unidad | seccion=SECCION PINTURA Y PREPARADA DE 2 NOCHEROS | precio_unitario_raw=2500.0 | total_raw=750.0
CAMA MODELO HERRAJE EN CRUDO DE 2X2,TINER,0.2,VOLUMEN,,,,,,unidad_raw=GALON | seccion=SECCION PINTURA Y PREPARADA DE 2 NOCHEROS | precio_unitario_raw=34000.0 | total_raw=6800.0
CAMA MODELO HERRAJE EN CRUDO DE 2X2,kerosen,1.0,FORMULA,,,,,,unidad_raw=litro | seccion=SECCION PINTURA Y PREPARADA DE 2 NOCHEROS | precio_unitario_raw=18000.0 | total_raw=0.0
CAMA MODELO HERRAJE EN CRUDO DE 2X2,COLOR GRIS,2.0,VOLUMEN,,,,,,unidad_raw=PISTOLADA | seccion=SECCION PINTURA Y PREPARADA DE 2 NOCHEROS | precio_unitario_raw=22000.0 | total_raw=44000.0
CAMA MODELO HERRAJE EN CRUDO DE 2X2,ENCINA,0.1,VOLUMEN,,,,,,unidad_raw=galon | seccion=SECCION PINTURA Y PREPARADA DE 2 NOCHEROS | precio_unitario_raw=160000.0 | total_raw=16000.0
CAMA MODELO HERRAJE EN CRUDO DE 2X2,GASOLINA,1.0,VOLUMEN,,,,,,unidad_raw=LITRO | seccion=SECCION PINTURA Y PREPARADA DE 2 NOCHEROS | precio_unitario_raw=4500.0 | total_raw=4500.0
CAMA MODELO HERRAJE EN CRUDO DE 2X2,RESANE,0.2,VOLUMEN,,,,,,unidad_raw=LITRO | seccion=SECCION PINTURA Y PREPARADA DE 2 NOCHEROS | precio_unitario_raw=20000.0 | total_raw=4000.0
CAMA MODELO HERRAJE EN CRUDO DE 2X2,LACA,4.0,VOLUMEN,,,,,,unidad_raw=PISTOLADA | seccion=SECCION PINTURA Y PREPARADA DE 2 NOCHEROS | precio_unitario_raw=22000.0 | total_raw=88000.0
CAMA MODELO HERRAJE EN CRUDO DE 2X2,Gastos de Pintura 10%,1.0,FORMULA,,,,,,seccion=SECCION PINTURA Y PREPARADA DE 2 NOCHEROS | total_raw=38005.0
CAMA MODELO HERRAJE EN CRUDO DE 2X2,SECCION PINTURA Y PREPARADA,1.0,FORMULA,,,,,DE CAMA,seccion=SECCION PINTURA Y PREPARADA DE CAMA
CAMA MODELO HERRAJE EN CRUDO DE 2X2,PREPARADO JOTA,1.0,FIJO,,,,,,unidad_raw=CON EL 5% | seccion=SECCION PINTURA Y PREPARADA DE CAMA | precio_unitario_raw=60000.0 | total_raw=63000.0
CAMA MODELO HERRAJE EN CRUDO DE 2X2,PINTURA ALEX,1.0,FIJO,,,,,,unidad_raw=CON EL 5% | seccion=SECCION PINTURA Y PREPARADA DE CAMA | precio_unitario_raw=30000.0 | total_raw=31500.0
CAMA MODELO HERRAJE EN CRUDO DE 2X2,SELLADOR,1.0,VOLUMEN,,,,,,unidad_raw=GALON | seccion=SECCION PINTURA Y PREPARADA DE CAMA | precio_unitario_raw=55000.0 | total_raw=55000.0
CAMA MODELO HERRAJE EN CRUDO DE 2X2,LIJA 400,1.0,FIJO,,,,,,unidad_raw=unidades | seccion=SECCION PINTURA Y PREPARADA DE CAMA | precio_unitario_raw=2000.0 | total_raw=2000.0
CAMA MODELO HERRAJE EN CRUDO DE 2X2,NITRO,1.0,FORMULA,,,,,,unidad_raw=galon | seccion=SECCION PINTURA Y PREPARADA DE CAMA | total_raw=0.0
CAMA MODELO HERRAJE EN CRUDO DE 2X2,lija 240,1.0,FIJO,,,,,,unidad_raw=unidad | seccion=SECCION PINTURA Y PREPARADA DE CAMA | precio_unitario_raw=2000.0 | total_raw=2000.0
CAMA MODELO HERRAJE EN CRUDO DE 2X2,lija 150,1.0,FIJO,,,,,,unidad_raw=unidad | seccion=SECCION PINTURA Y PREPARADA DE CAMA | precio_unitario_raw=2000.0 | total_raw=2000.0
CAMA MODELO HERRAJE EN CRUDO DE 2X2,LACA SEMIMATE,4.5,VOLUMEN,,,,,,unidad_raw=GALON | seccion=SECCION PINTURA Y PREPARADA DE CAMA | precio_unitario_raw=21000.0 | total_raw=94500.0
CAMA MODELO HERRAJE EN CRUDO DE 2X2,kerosen,1.0,VOLUMEN,,,,,,unidad_raw=litro | seccion=SECCION PINTURA Y PREPARADA DE CAMA | precio_unitario_raw=18000.0 | total_raw=18000.0
CAMA MODELO HERRAJE EN CRUDO DE 2X2,COLOR GRIS,5.0,VOLUMEN,,,,,,unidad_raw=PISTOLADA | seccion=SECCION PINTURA Y PREPARADA DE CAMA | precio_unitario_raw=19000.0 | total_raw=95000.0
CAMA MODELO HERRAJE EN CRUDO DE 2X2,TINTE MIEL,1.0,FORMULA,,,,,,unidad_raw=galon | seccion=SECCION PINTURA Y PREPARADA DE CAMA | total_raw=0.0
CAMA MODELO HERRAJE EN CRUDO DE 2X2,GASOLINA,1.0,FORMULA,,,,,,unidad_raw=LITRO | seccion=SECCION PINTURA Y PREPARADA DE CAMA | total_raw=0.0
CAMA MODELO HERRAJE EN CRUDO DE 2X2,RESANE,1.0,FORMULA,,,,,,unidad_raw=LITRO | seccion=SECCION PINTURA Y PREPARADA DE CAMA | total_raw=0.0
CAMA MODELO HERRAJE EN CRUDO DE 2X2,LACA,1.0,FORMULA,,,,,,unidad_raw=PISTOLADA | seccion=SECCION PINTURA Y PREPARADA DE CAMA | precio_unitario_raw=22000.0 | total_raw=0.0
CAMA MODELO HERRAJE EN CRUDO DE 2X2,Gastos de Pintura 10%,1.0,FORMULA,,,,,,seccion=SECCION PINTURA Y PREPARADA DE CAMA | total_raw=36300.0
CAMA MODELO HERRAJE EN CRUDO DE 2X2,GATO DE LA CAMA,1.0,FIJO,,,,,,unidad_raw=unidades | seccion=SECCION TERMINACION | precio_unitario_raw=160000.0 | total_raw=160000.0
CAMA MODELO HERRAJE EN CRUDO DE 2X2,LATA DE CIERRE,1.0,FIJO,,,,,,unidad_raw=PAR | seccion=SECCION TERMINACION | precio_unitario_raw=2500.0 | total_raw=2500.0
CAMA MODELO HERRAJE EN CRUDO DE 2X2,PATAS DE CAMAS Y NOCHEROS,15.0,FORMULA,,,,,,unidad_raw=unidades | seccion=SECCION TERMINACION | precio_unitario_raw=9000.0 | total_raw=135000.0
CAMA MODELO HERRAJE EN CRUDO DE 2X2,TORNILLOS,64.0,ESPACIADO,,,,,,unidad_raw=unidades | seccion=SECCION TERMINACION | precio_unitario_raw=100.0 | total_raw=6400.0
CAMA MODELO HERRAJE EN CRUDO DE 2X2,EMBALADA,1.0,FIJO,,,,,,unidad_raw=unidades | seccion=SECCION TERMINACION | precio_unitario_raw=150000.0 | total_raw=150000.0
CAMA MODELO HERRAJE EN CRUDO DE 2X2,SECCION TENDIDO,1.0,FORMULA,,,,,,seccion=SECCION TERMINACION | total_raw=0.0
CAMA MODELO HERRAJE EN CRUDO DE 2X2,MADERA 60X1X4,1.0,FORMULA,,,,,,unidad_raw=CMS | seccion=SECCION TERMINACION | precio_unitario_raw=140.0 | total_raw=0.0
CAMA MODELO HERRAJE EN CRUDO DE 2X2,FABRICACION TENDIDO,1.0,FORMULA,,,,,,unidad_raw=DE 2X2 | seccion=SECCION TERMINACION | precio_unitario_raw=42000.0 | total_raw=0.0
CAMA MODELO HERRAJE EN CRUDO DE 2X2,TABLAS,1.0,FORMULA,,,,,,unidad_raw=unidades | seccion=SECCION TERMINACION | precio_unitario_raw=40000.0 | total_raw=0.0
CAMA MODELO HERRAJE EN CRUDO DE 2X2,COLBON,1.0,FORMULA,,,,,,unidad_raw=LITRO | seccion=SECCION TERMINACION | precio_unitario_raw=19000.0 | total_raw=0.0
CAMA MODELO HERRAJE EN CRUDO DE 2X2,"TORNILLOS DE 2""",1.0,FIJO,,,,,,unidad_raw=unidades | seccion=SECCION TERMINACION | precio_unitario_raw=100.0 | total_raw=0.0
CAMA MODELO HERRAJE EN CRUDO DE 2X2,CLAVILLO,1.0,FIJO,,,,,,unidad_raw=TIRAS | seccion=SECCION TERMINACION | precio_unitario_raw=2000.0 | total_raw=0.0
CAMA MODELO HERRAJE EN CRUDO DE 2X2,PEOPE,1.0,FORMULA,,,,,,unidad_raw=METROS | seccion=SECCION TERMINACION | precio_unitario_raw=5000.0 | total_raw=0.0
CAMA MODELO HERRAJE EN CRUDO DE 2X2,TELA,5.5,AREA,,,,,,unidad_raw=METROS | seccion=SECCION TAPICERIA | precio_unitario_raw=38000.0 | total_raw=209000.0
CAMA MODELO HERRAJE EN CRUDO DE 2X2,ESTOPEROLES,1.0,FORMULA,,,,,,seccion=SECCION TAPICERIA | precio_unitario_raw=500.0 | total_raw=0.0
CAMA MODELO HERRAJE EN CRUDO DE 2X2,COLARATA,5.0,LINEAL,,,,,,unidad_raw=METROS | seccion=SECCION TAPICERIA | precio_unitario_raw=600.0 | total_raw=3000.0
CAMA MODELO HERRAJE EN CRUDO DE 2X2,GRAPAS,0.5,ESPACIADO,,,,,,unidad_raw=CAJA DE GRAPAS | seccion=SECCION TAPICERIA | precio_unitario_raw=10000.0 | total_raw=5000.0
CAMA MODELO HERRAJE EN CRUDO DE 2X2,ESPUMA NARANJA 1CM,1.0,AREA,,,,,,unidad_raw=METROS | seccion=SECCION TAPICERIA | precio_unitario_raw=18000.0 | total_raw=18000.0
CAMA MODELO HERRAJE EN CRUDO DE 2X2,"TORNILLOS DE 1 1/2""",1.0,FIJO,,,,,,unidad_raw=UNIDADES | seccion=SECCION TAPICERIA | precio_unitario_raw=100.0 | total_raw=0.0
CAMA MODELO HERRAJE EN CRUDO DE 2X2,ESPUMA DE 1 PULGADA ROSADA,1.0,FORMULA,,,,,,unidad_raw=UNIDADES | seccion=SECCION TAPICERIA | precio_unitario_raw=20000.0 | total_raw=0.0
CAMA MODELO HERRAJE EN CRUDO DE 2X2,CANAMO,1.0,FORMULA,,,,,,unidad_raw=ROLLO | seccion=SECCION TAPICERIA | precio_unitario_raw=15000.0 | total_raw=0.0
CAMA MODELO HERRAJE EN CRUDO DE 2X2,COLA DE RATA,4.0,LINEAL,,,,,,unidad_raw=MTS | seccion=SECCION TAPICERIA | precio_unitario_raw=1000.0 | total_raw=4000.0
CAMA MODELO HERRAJE EN CRUDO DE 2X2,COSTAL,4.0,AREA,,,,,,unidad_raw=METROS | seccion=SECCION TAPICERIA | precio_unitario_raw=3000.0 | total_raw=12000.0
CAMA MODELO HERRAJE EN CRUDO DE 2X2,HILO,1.0,FIJO,,,,,,seccion=SECCION TAPICERIA | precio_unitario_raw=4000.0 | total_raw=4000.0
CAMA MODELO HERRAJE EN CRUDO DE 2X2,ESPUMA NARANJA 1CM,1.0,FORMULA,,,,,,unidad_raw=UNIIDAD | seccion=SECCION TAPICERIA | total_raw=0.0
CAMA MODELO HERRAJE EN CRUDO DE 2X2,SUPER,1.0,VOLUMEN,,,,,,unidad_raw=LITRO | seccion=SECCION TAPICERIA | precio_unitario_raw=16250.0 | total_raw=16250.0
CAMA MODELO HERRAJE EN CRUDO DE 2X2,FIELTRO,1.5,LINEAL,,,,,,unidad_raw=CM | seccion=SECCION TAPICERIA | precio_unitario_raw=14000.0 | total_raw=21000.0
CAMA MODELO HERRAJE EN CRUDO DE 2X2,HECHURA,1.0,FIJO,,,,,,seccion=SECCION TAPICERIA | precio_unitario_raw=84000.0 | total_raw=84000.0
CAMA MODELO HERRAJE EN CRUDO DE 2X2,RELLENO,3.0,FORMULA,,,,,,unidad_raw=KG | seccion=SECCION TAPICERIA | precio_unitario_raw=14000.0 | total_raw=42000.0
NOCHERO 3 D EN COLOR CHAMPANA,MADERA,232.0,LINEAL,,,,,,unidad_raw=CMS | precio_unitario_raw=135.0 | total_raw=31320.0
NOCHERO 3 D EN COLOR CHAMPANA,LAM MDF 9,0.225,AREA,,,,,,unidad_raw=Unidad | precio_unitario_raw=136000.0 | total_raw=30600.0
NOCHERO 3 D EN COLOR CHAMPANA,LAM MDF 15,0.25,AREA,,,,,,unidad_raw=Unidad | precio_unitario_raw=207000.0 | total_raw=51750.0
NOCHERO 3 D EN COLOR CHAMPANA,"LAM MDF 3,2.7",0.2,AREA,,,,,,unidad_raw=Unidad | precio_unitario_raw=65000.0 | total_raw=13000.0
NOCHERO 3 D EN COLOR CHAMPANA,COLBON,0.3,FORMULA,,,,,,unidad_raw=Unidad | precio_unitario_raw=14000.0 | total_raw=4200.0
NOCHERO 3 D EN COLOR CHAMPANA,GRAPAS,1.0,ESPACIADO,,,,,,unidad_raw=Unidad | precio_unitario_raw=540.0 | total_raw=540.0
NOCHERO 3 D EN COLOR CHAMPANA,CLAVILLOS,1.0,ESPACIADO,,,,,,unidad_raw=TIRA | precio_unitario_raw=1000.0 | total_raw=1000.0
NOCHERO 3 D EN COLOR CHAMPANA,"TORNILLOS DE 2""",15.0,ESPACIADO,,,,,,unidad_raw=Unidad | precio_unitario_raw=100.0 | total_raw=1500.0
NOCHERO 3 D EN COLOR CHAMPANA,EBANISTERIA,1.0,FIJO,,,,,,unidad_raw=0.05 | precio_unitario_raw=100000.0 | total_raw=105000.0
NOCHERO 3 D EN COLOR CHAMPANA,gastos de Ebanisteria e 5%,1.0,FORMULA,,,,,,total_raw=23891.0
NOCHERO 3 D EN COLOR CHAMPANA,PREPARADO,1.0,FIJO,,,,,,unidad_raw=CON EL 5% | seccion=SECCION PINTURA | precio_unitario_raw=35000.0 | total_raw=36750.0
NOCHERO 3 D EN COLOR CHAMPANA,PINTURA,1.0,FIJO,,,,,,unidad_raw=CON EL 5% | seccion=SECCION PINTURA | precio_unitario_raw=35000.0 | total_raw=36750.0
NOCHERO 3 D EN COLOR CHAMPANA,SELLADOR,2.0,VOLUMEN,,,,,,unidad_raw=PISTOLADA | seccion=SECCION PINTURA | precio_unitario_raw=18000.0 | total_raw=36000.0
NOCHERO 3 D EN COLOR CHAMPANA,LIJA,1.5,FORMULA,,,,,,unidad_raw=unidades | seccion=SECCION PINTURA | precio_unitario_raw=2000.0 | total_raw=3000.0
NOCHERO 3 D EN COLOR CHAMPANA,NITRO,0.1,VOLUMEN,,,,,,unidad_raw=galon | seccion=SECCION PINTURA | precio_unitario_raw=70000.0 | total_raw=7000.0
NOCHERO 3 D EN COLOR CHAMPANA,TALCO,0.3,FORMULA,,,,,,unidad_raw=KILOS | seccion=SECCION PINTURA | precio_unitario_raw=2500.0 | total_raw=750.0
NOCHERO 3 D EN COLOR CHAMPANA,ESMALTE NEGRO,1.0,FORMULA,,,,,,seccion=SECCION PINTURA | precio_unitario_raw=13000.0 | total_raw=0.0
NOCHERO 3 D EN COLOR CHAMPANA,ENCINA,0.1,FORMULA,,,,,,unidad_raw=UN POQUITO | seccion=SECCION PINTURA | precio_unitario_raw=160000.0 | total_raw=16000.0
NOCHERO 3 D EN COLOR CHAMPANA,TINER,0.2,VOLUMEN,,,,,,unidad_raw=galon | seccion=SECCION PINTURA | precio_unitario_raw=34000.0 | total_raw=6800.0
NOCHERO 3 D EN COLOR CHAMPANA,NEGRO MESCLA,1.0,FORMULA,,,,,,seccion=SECCION PINTURA | precio_unitario_raw=100000.0
NOCHERO 3 D EN COLOR CHAMPANA,COLOR,1.0,VOLUMEN,,,,,,unidad_raw=PISTOLADA | seccion=SECCION PINTURA | precio_unitario_raw=18000.0 | total_raw=18000.0
NOCHERO 3 D EN COLOR CHAMPANA,GASOLINA,0.2,FORMULA,,,,,,seccion=SECCION PINTURA | precio_unitario_raw=5000.0 | total_raw=5000.0
NOCHERO 3 D EN COLOR CHAMPANA,RESANE,0.2,FORMULA,,,,,,seccion=SECCION PINTURA | precio_unitario_raw=20000.0 | total_raw=4000.0
NOCHERO 3 D EN COLOR CHAMPANA,LACA,1.0,VOLUMEN,,,,,,unidad_raw=PISTOLADA | seccion=SECCION PINTURA | precio_unitario_raw=24000.0 | total_raw=24000.0
NOCHERO 3 D EN COLOR CHAMPANA,Gastos de Pintura 10%,1.0,FORMULA,,,,,,seccion=SECCION PINTURA | total_raw=19405.0
NOCHERO 3 D EN COLOR CHAMPANA,CABLE # 12,1.0,FORMULA,,,,,,unidad_raw=METROS | seccion=SECCION TERMINACION | precio_unitario_raw=2500.0
NOCHERO 3 D EN COLOR CHAMPANA,LUS LET,1.0,FORMULA,,,,,,unidad_raw=unidades | seccion=SECCION TERMINACION | precio_unitario_raw=9000.0
NOCHERO 3 D EN COLOR CHAMPANA,CAFETERO,1.0,FORMULA,,,,,,unidad_raw=unidades | seccion=SECCION TERMINACION | total_raw=0.0
NOCHERO 3 D EN COLOR CHAMPANA,TERMICOINGIBLE,1.0,FORMULA,,,,,,unidad_raw=METROS | seccion=SECCION TERMINACION | precio_unitario_raw=1000.0
NOCHERO 3 D EN COLOR CHAMPANA,POSTURA DE LUZ,1.0,FORMULA,,,,,,unidad_raw=unidades | seccion=SECCION TERMINACION | precio_unitario_raw=27000.0
NOCHERO 3 D EN COLOR CHAMPANA,CAPACITADORES,1.0,FORMULA,,,,,,unidad_raw=unidades | seccion=SECCION TERMINACION | total_raw=0.0
NOCHERO 3 D EN COLOR CHAMPANA,ESPEJOS DE NOCHERO,1.0,FORMULA,,,,,,unidad_raw=unidades | seccion=SECCION TERMINACION | precio_unitario_raw=60000.0 | total_raw=0.0
NOCHERO 3 D EN COLOR CHAMPANA,APAGADORES,0.0,FORMULA,,,,,,unidad_raw=unidades | seccion=SECCION TERMINACION | precio_unitario_raw=5000.0
NOCHERO 3 D EN COLOR CHAMPANA,ESPEJO,1.0,FORMULA,,,,,,unidad_raw=1 X 1 | seccion=SECCION TERMINACION | precio_unitario_raw=50000.0
NOCHERO 3 D EN COLOR CHAMPANA,POSTURA DE ESPEJO,1.0,FORMULA,,,,,,unidad_raw=unidades | seccion=SECCION TERMINACION | precio_unitario_raw=2000.0
NOCHERO 3 D EN COLOR CHAMPANA,GANCHOS,1.0,FIJO,,,,,,unidad_raw=PAR | seccion=SECCION TERMINACION | precio_unitario_raw=20000.0
NOCHERO 3 D EN COLOR CHAMPANA,CORREDERAS,1.0,FIJO,,,,,,unidad_raw=unidades | seccion=SECCION TERMINACION | precio_unitario_raw=20000.0
NOCHERO 3 D EN COLOR CHAMPANA,INTERRUPTORES,1.0,FORMULA,,,,,,unidad_raw=unidades | seccion=SECCION TERMINACION | precio_unitario_raw=2000.0
NOCHERO 3 D EN COLOR CHAMPANA,EMBALADA,1.0,FIJO,,,,,,unidad_raw=unidades | seccion=SECCION TERMINACION | precio_unitario_raw=20000.0 | total_raw=20000.0
NOCHERO 3 D EN COLOR CHAMPANA,SECCION TENDIDO,1.0,FORMULA,,,,,,seccion=SECCION TERMINACION | total_raw=0.0
CAMA MODELO YISED DE 2X2 8/08/2025,MADERA (2),1300.0,FORMULA,,,,,,unidad_raw=APAMATE | precio_unitario_raw=140.0 | total_raw=182000.0
CAMA MODELO YISED DE 2X2 8/08/2025,"MDF DE 2,7",0.4,AREA,,,,,,unidad_raw=3 PEASOS DE 49X49 | precio_unitario_raw=65000.0 | total_raw=26000.0
CAMA MODELO YISED DE 2X2 8/08/2025,INDUPLAX,0.0,AREA,,,,,,unidad_raw=Unidad | precio_unitario_raw=160000.0 | total_raw=0.0
CAMA MODELO YISED DE 2X2 8/08/2025,LAMINA DE 15,1.0,FORMULA,,,,,,unidad_raw=Unidad | precio_unitario_raw=210000.0 | total_raw=0.0
CAMA MODELO YISED DE 2X2 8/08/2025,SUPER,1.0,FORMULA,,,,,,unidad_raw=LITROS | precio_unitario_raw=19000.0 | total_raw=0.0
CAMA MODELO YISED DE 2X2 8/08/2025,COLBON,1.0,VOLUMEN,,,,,,unidad_raw=LITROS | precio_unitario_raw=14000.0 | total_raw=14000.0
CAMA MODELO YISED DE 2X2 8/08/2025,GRAPAS,15.0,ESPACIADO,,,,,,unidad_raw=Unidad | precio_unitario_raw=600.0 | total_raw=9000.0
CAMA MODELO YISED DE 2X2 8/08/2025,CORREDERAS,1.0,FIJO,,,,,,unidad_raw=UNITARIO | precio_unitario_raw=30000.0 | total_raw=0.0
CAMA MODELO YISED DE 2X2 8/08/2025,CLAVILLOS,15.0,ESPACIADO,,,,,,unidad_raw=TIRA | precio_unitario_raw=1000.0 | total_raw=15000.0
CAMA MODELO YISED DE 2X2 8/08/2025,GANCHOS,1.0,FIJO,,,,,,unidad_raw=PAR | precio_unitario_raw=20000.0 | total_raw=20000.0
CAMA MODELO YISED DE 2X2 8/08/2025,MDF DE 9,1.0,FORMULA,,,,,,precio_unitario_raw=136000.0 | total_raw=0.0
CAMA MODELO YISED DE 2X2 8/08/2025,"TORNILLOS DE 2""",197.0,ESPACIADO,,,,,,unidad_raw=Unidad | precio_unitario_raw=100.0 | total_raw=19700.0
CAMA MODELO YISED DE 2X2 8/08/2025,ebanisteria 300.000 x 5% de m.o,1.0,FORMULA,,,,,,total_raw=315000.0
CAMA MODELO YISED DE 2X2 8/08/2025,gastos de Ebanisteria e 10%,1.0,FORMULA,,,,,,total_raw=73814.0
CAMA MODELO YISED DE 2X2 8/08/2025,MADERA (2),468.0,FORMULA,,,,,,"unidad_raw=2,10X22X18= 832 2,10X20X15=630 | precio_unitario_raw=140.0 | total_raw=65520.0"
CAMA MODELO YISED DE 2X2 8/08/2025,MDF DE 3,200.0,AREA,,,,,,"unidad_raw=1 PEDAZO DE 1,20X45=54 | precio_unitario_raw=65.0 | total_raw=13000.0"
CAMA MODELO YISED DE 2X2 8/08/2025,LAM MDF 15,250.0,AREA,,,,,,"unidad_raw=1 PEDASO DE 1.25 X55=68,75 | precio_unitario_raw=210.0 | total_raw=52500.0"
CAMA MODELO YISED DE 2X2 8/08/2025,LAM MDF 7,175.0,AREA,,,,,,"unidad_raw=1 PEDASO DE 1,50X40=60 | precio_unitario_raw=130.0 | total_raw=21875.0"
CAMA MODELO YISED DE 2X2 8/08/2025,COLBON,2.0,VOLUMEN,,,,,,unidad_raw=litros | precio_unitario_raw=14000.0 | total_raw=28000.0
CAMA MODELO YISED DE 2X2 8/08/2025,GRAPAS,10.0,ESPACIADO,,,,,,unidad_raw=Unidad | precio_unitario_raw=600.0 | total_raw=6000.0
CAMA MODELO YISED DE 2X2 8/08/2025,CLAVILLOS N F 40,6.0,ESPACIADO,,,,,,unidad_raw=TIRA | precio_unitario_raw=1000.0 | total_raw=6000.0
CAMA MODELO YISED DE 2X2 8/08/2025,HECHURA,2.0,FORMULA,,,,,,unidad_raw=PAR | precio_unitario_raw=105000.0 | total_raw=210000.0
CAMA MODELO YISED DE 2X2 8/08/2025,"TORNILLOS DE 2""",30.0,ESPACIADO,,,,,,unidad_raw=Unidad | precio_unitario_raw=100.0 | total_raw=3000.0
CAMA MODELO YISED DE 2X2 8/08/2025,CORREDERAS,4.0,FORMULA,,,,,,unidad_raw=DE CIERRELENTO | precio_unitario_raw=30000.0 | total_raw=120000.0
CAMA MODELO YISED DE 2X2 8/08/2025,gastos de Ebanisteria e 5%,1.0,FORMULA,,,,,,total_raw=26294.75
CAMA MODELO YISED DE 2X2 8/08/2025,SECCION PINTURA Y PREPARADA,1.0,FORMULA,,,,,DE 2 NOCHEROS,seccion=SECCION PINTURA Y PREPARADA DE 2 NOCHEROS
CAMA MODELO YISED DE 2X2 8/08/2025,PREPARADO JOTA,2.0,FORMULA,,,,,,unidad_raw=CON EL 5% | seccion=SECCION PINTURA Y PREPARADA DE 2 NOCHEROS | precio_unitario_raw=36750.0 | total_raw=73500.0
CAMA MODELO YISED DE 2X2 8/08/2025,PINTURA ALEX,2.0,FORMULA,,,,,,unidad_raw=CON EL 5% | seccion=SECCION PINTURA Y PREPARADA DE 2 NOCHEROS | precio_unitario_raw=36750.0 | total_raw=73500.0
CAMA MODELO YISED DE 2X2 8/08/2025,SELLADOR,3.0,VOLUMEN,,,,,,unidad_raw=PISTOLADAS | seccion=SECCION PINTURA Y PREPARADA DE 2 NOCHEROS | precio_unitario_raw=18000.0 | total_raw=54000.0
CAMA MODELO YISED DE 2X2 8/08/2025,LIJA 400,2.0,FORMULA,,,,,,unidad_raw=unidades | seccion=SECCION PINTURA Y PREPARADA DE 2 NOCHEROS | precio_unitario_raw=2000.0 | total_raw=4000.0
CAMA MODELO YISED DE 2X2 8/08/2025,NITRO,0.1,VOLUMEN,,,,,,unidad_raw=galon | seccion=SECCION PINTURA Y PREPARADA DE 2 NOCHEROS | precio_unitario_raw=70000.0 | total_raw=7000.0
CAMA MODELO YISED DE 2X2 8/08/2025,VIDRIOS,1.0,FORMULA,,,,,,unidad_raw=unidad | seccion=SECCION PINTURA Y PREPARADA DE 2 NOCHEROS | precio_unitario_raw=45000.0 | total_raw=0.0
CAMA MODELO YISED DE 2X2 8/08/2025,TALCO,0.3,FORMULA,,,,,,unidad_raw=unidad | seccion=SECCION PINTURA Y PREPARADA DE 2 NOCHEROS | precio_unitario_raw=2500.0 | total_raw=750.0
CAMA MODELO YISED DE 2X2 8/08/2025,TINER,0.2,VOLUMEN,,,,,,unidad_raw=GALON | seccion=SECCION PINTURA Y PREPARADA DE 2 NOCHEROS | precio_unitario_raw=34000.0 | total_raw=6800.0
CAMA MODELO YISED DE 2X2 8/08/2025,TOPES,1.0,FORMULA,,,,,,unidad_raw=JALADORES | seccion=SECCION PINTURA Y PREPARADA DE 2 NOCHEROS | precio_unitario_raw=3000.0 | total_raw=0.0
CAMA MODELO YISED DE 2X2 8/08/2025,COLOR GRIS,2.5,VOLUMEN,,,,,,unidad_raw=PISTOLADA | seccion=SECCION PINTURA Y PREPARADA DE 2 NOCHEROS | precio_unitario_raw=22000.0 | total_raw=55000.0
CAMA MODELO YISED DE 2X2 8/08/2025,ENCINA,0.1,VOLUMEN,,,,,,unidad_raw=galon | seccion=SECCION PINTURA Y PREPARADA DE 2 NOCHEROS | precio_unitario_raw=160000.0 | total_raw=16000.0
CAMA MODELO YISED DE 2X2 8/08/2025,GASOLINA,0.2,LINEAL,,,,,,unidad_raw=ML | seccion=SECCION PINTURA Y PREPARADA DE 2 NOCHEROS | precio_unitario_raw=4500.0 | total_raw=900.0
CAMA MODELO YISED DE 2X2 8/08/2025,RESANE,0.2,VOLUMEN,,,,,,unidad_raw=LITRO | seccion=SECCION PINTURA Y PREPARADA DE 2 NOCHEROS | precio_unitario_raw=20000.0 | total_raw=4000.0
CAMA MODELO YISED DE 2X2 8/08/2025,LACA,2.0,VOLUMEN,,,,,,unidad_raw=PISTOLADA | seccion=SECCION PINTURA Y PREPARADA DE 2 NOCHEROS | precio_unitario_raw=23000.0 | total_raw=46000.0
CAMA MODELO YISED DE 2X2 8/08/2025,Gastos de Pintura 10%,1.0,FORMULA,,,,,,seccion=SECCION PINTURA Y PREPARADA DE 2 NOCHEROS | total_raw=34145.0
CAMA MODELO YISED DE 2X2 8/08/2025,SECCION PINTURA Y PREPARADA,1.0,FORMULA,,,,,DE CAMA,seccion=SECCION PINTURA Y PREPARADA DE CAMA
CAMA MODELO YISED DE 2X2 8/08/2025,PREPARADO JOTA,1.0,FORMULA,,,,,,unidad_raw=CON EL 5% | seccion=SECCION PINTURA Y PREPARADA DE CAMA | precio_unitario_raw=30000.0
CAMA MODELO YISED DE 2X2 8/08/2025,PINTURA ALEX,1.0,FORMULA,,,,,,unidad_raw=CON EL 5% | seccion=SECCION PINTURA Y PREPARADA DE CAMA | precio_unitario_raw=20000.0
CAMA MODELO YISED DE 2X2 8/08/2025,PINTURA DE PATAS ALEX,4.0,FORMULA,,,,,,seccion=SECCION PINTURA Y PREPARADA DE CAMA | precio_unitario_raw=2100.0 | total_raw=8400.0
CAMA MODELO YISED DE 2X2 8/08/2025,SELLADOR,1.0,FORMULA,,,,,,unidad_raw=PISTOLADAS | seccion=SECCION PINTURA Y PREPARADA DE CAMA | precio_unitario_raw=18000.0 | total_raw=0.0
CAMA MODELO YISED DE 2X2 8/08/2025,LIJA 400,1.0,FORMULA,,,,,,unidad_raw=unidades | seccion=SECCION PINTURA Y PREPARADA DE CAMA | precio_unitario_raw=2000.0 | total_raw=0.0
CAMA MODELO YISED DE 2X2 8/08/2025,NITRO,1.0,FORMULA,,,,,,unidad_raw=galon | seccion=SECCION PINTURA Y PREPARADA DE CAMA | total_raw=0.0
CAMA MODELO YISED DE 2X2 8/08/2025,lija 240,1.0,FORMULA,,,,,,unidad_raw=unidad | seccion=SECCION PINTURA Y PREPARADA DE CAMA | precio_unitario_raw=2000.0 | total_raw=0.0
CAMA MODELO YISED DE 2X2 8/08/2025,lija 150,1.0,FORMULA,,,,,,unidad_raw=unidad | seccion=SECCION PINTURA Y PREPARADA DE CAMA | precio_unitario_raw=2000.0 | total_raw=0.0
CAMA MODELO YISED DE 2X2 8/08/2025,LACA SEMIMATE,1.0,FORMULA,,,,,,unidad_raw=GALON | seccion=SECCION PINTURA Y PREPARADA DE CAMA | precio_unitario_raw=23000.0 | total_raw=0.0
CAMA MODELO YISED DE 2X2 8/08/2025,kerosen,1.0,FORMULA,,,,,,unidad_raw=litro | seccion=SECCION PINTURA Y PREPARADA DE CAMA | precio_unitario_raw=18000.0 | total_raw=0.0
CAMA MODELO YISED DE 2X2 8/08/2025,COLOR GRIS,1.0,FORMULA,,,,,,unidad_raw=PISTOLADA | seccion=SECCION PINTURA Y PREPARADA DE CAMA | precio_unitario_raw=19000.0 | total_raw=0.0
CAMA MODELO YISED DE 2X2 8/08/2025,TINTE MIEL,1.0,FORMULA,,,,,,unidad_raw=galon | seccion=SECCION PINTURA Y PREPARADA DE CAMA | total_raw=0.0
CAMA MODELO YISED DE 2X2 8/08/2025,GASOLINA,1.0,FORMULA,,,,,,unidad_raw=LITRO | seccion=SECCION PINTURA Y PREPARADA DE CAMA | precio_unitario_raw=4.5 | total_raw=0.0
CAMA MODELO YISED DE 2X2 8/08/2025,RESANE,1.0,FORMULA,,,,,,unidad_raw=LITRO | seccion=SECCION PINTURA Y PREPARADA DE CAMA | total_raw=0.0
CAMA MODELO YISED DE 2X2 8/08/2025,LACA,1.0,FORMULA,,,,,,unidad_raw=PISTOLADA | seccion=SECCION PINTURA Y PREPARADA DE CAMA | precio_unitario_raw=22000.0 | total_raw=0.0
CAMA MODELO YISED DE 2X2 8/08/2025,COLAPATO MADERA,210.0,LINEAL,,,,,,unidad_raw=187 CENTIMETROS | seccion=SECCION TERMINACION | precio_unitario_raw=140.0 | total_raw=29400.0
CAMA MODELO YISED DE 2X2 8/08/2025,MULTIUSO,1.0,FIJO,,,,,,unidad_raw=PAR | seccion=SECCION TERMINACION | precio_unitario_raw=6000.0 | total_raw=6000.0
CAMA MODELO YISED DE 2X2 8/08/2025,PATAS DE CAMAS,4.0,FORMULA,,,,,,unidad_raw=unidades | seccion=SECCION TERMINACION | precio_unitario_raw=17500.0 | total_raw=70000.0
CAMA MODELO YISED DE 2X2 8/08/2025,TORNILLOS,16.0,ESPACIADO,,,,,,unidad_raw=unidades | seccion=SECCION TERMINACION | precio_unitario_raw=100.0 | total_raw=1600.0
CAMA MODELO YISED DE 2X2 8/08/2025,EMBALADA,1.0,FIJO,,,,,,unidad_raw=unidades | seccion=SECCION TERMINACION | precio_unitario_raw=150000.0 | total_raw=150000.0
CAMA MODELO YISED DE 2X2 8/08/2025,SECCION TENDIDO,1.0,FORMULA,,,,,,seccion=SECCION TERMINACION | total_raw=0.0
CAMA MODELO YISED DE 2X2 8/08/2025,MADERA 60X1X4,1277.0,FORMULA,,,,,,unidad_raw=2X25X15 | seccion=SECCION TERMINACION | precio_unitario_raw=140.0 | total_raw=178780.0
CAMA MODELO YISED DE 2X2 8/08/2025,FABRICACION TENDIDO,1.0,FIJO,,,,,,unidad_raw=DE 2X2 | seccion=SECCION TERMINACION | precio_unitario_raw=42000.0 | total_raw=42000.0
CAMA MODELO YISED DE 2X2 8/08/2025,MDF DE 9,1.0,FORMULA,,,,,,unidad_raw=unidades | seccion=SECCION TERMINACION | precio_unitario_raw=140000.0 | total_raw=0.0
CAMA MODELO YISED DE 2X2 8/08/2025,COLBON,0.5,VOLUMEN,,,,,,unidad_raw=LITRO | seccion=SECCION TERMINACION | precio_unitario_raw=14000.0 | total_raw=7000.0
CAMA MODELO YISED DE 2X2 8/08/2025,"TORNILLOS DE 2""",50.0,ESPACIADO,,,,,,unidad_raw=unidades | seccion=SECCION TERMINACION | precio_unitario_raw=100.0 | total_raw=5000.0
CAMA MODELO YISED DE 2X2 8/08/2025,CLAVILLO,2.0,ESPACIADO,,,,,,unidad_raw=TIRAS | seccion=SECCION TERMINACION | precio_unitario_raw=600.0 | total_raw=1200.0
CAMA MODELO YISED DE 2X2 8/08/2025,PEOPE,2.0,LINEAL,,,,,,unidad_raw=METROS | seccion=SECCION TERMINACION | precio_unitario_raw=3500.0 | total_raw=7000.0
CAMA MODELO YISED DE 2X2 8/08/2025,TELA,11.0,AREA,,,,,,unidad_raw=METROS | seccion=SECCION TAPICERIA | precio_unitario_raw=34000.0 | total_raw=374000.0
CAMA MODELO YISED DE 2X2 8/08/2025,BARILLA TRIPA POLLO,1.0,FORMULA,,,,,,seccion=SECCION TAPICERIA | precio_unitario_raw=15000.0 | total_raw=0.0
CAMA MODELO YISED DE 2X2 8/08/2025,GAZATA,1.0,FORMULA,,,,,,unidad_raw=METROS | seccion=SECCION TAPICERIA | precio_unitario_raw=53000.0 | total_raw=0.0
CAMA MODELO YISED DE 2X2 8/08/2025,COLARATA,4.0,LINEAL,,,,,,unidad_raw=METROS | seccion=SECCION TAPICERIA | precio_unitario_raw=1000.0 | total_raw=4000.0
CAMA MODELO YISED DE 2X2 8/08/2025,GRAPAS,0.5,ESPACIADO,,,,,,unidad_raw=CAJA DE GRAPAS | seccion=SECCION TAPICERIA | precio_unitario_raw=12000.0 | total_raw=6000.0
CAMA MODELO YISED DE 2X2 8/08/2025,PICADILLO,3.0,FORMULA,,,,,,unidad_raw=KILOS | seccion=SECCION TAPICERIA | precio_unitario_raw=15000.0 | total_raw=45000.0
CAMA MODELO YISED DE 2X2 8/08/2025,"TORNILLOS DE 1 1/2""",30.0,ESPACIADO,,,,,,unidad_raw=UNIDADES | seccion=SECCION TAPICERIA | precio_unitario_raw=100.0 | total_raw=3000.0
CAMA MODELO YISED DE 2X2 8/08/2025,ESPUMA DE 1 PULGADA ROSADA,1.17,AREA,,,,,,unidad_raw=UNIDADES | seccion=SECCION TAPICERIA | precio_unitario_raw=30000.0 | total_raw=35100.0
CAMA MODELO YISED DE 2X2 8/08/2025,ESPUMA DE 1. BLANCA DE 1,1.0,AREA,,,,,,unidad_raw=UNIDADES | seccion=SECCION TAPICERIA | precio_unitario_raw=20000.0 | total_raw=20000.0
CAMA MODELO YISED DE 2X2 8/08/2025,ESPUMA ROSADA,1.0,FORMULA,,,,,,unidad_raw=UNIDAD | seccion=SECCION TAPICERIA | precio_unitario_raw=18700.0 | total_raw=0.0
CAMA MODELO YISED DE 2X2 8/08/2025,CARTON,2.5,LINEAL,,,,,,unidad_raw=MTS | seccion=SECCION TAPICERIA | precio_unitario_raw=5000.0 | total_raw=12500.0
CAMA MODELO YISED DE 2X2 8/08/2025,COSTAL,4.5,AREA,,,,,,unidad_raw=METROS | seccion=SECCION TAPICERIA | precio_unitario_raw=4000.0 | total_raw=18000.0
CAMA MODELO YISED DE 2X2 8/08/2025,LENCILLO,2.0,LINEAL,,,,,,unidad_raw=METROS | seccion=SECCION TAPICERIA | precio_unitario_raw=4000.0 | total_raw=8000.0
CAMA MODELO YISED DE 2X2 8/08/2025,HILO,0.5,FORMULA,,,,,,seccion=SECCION TAPICERIA | precio_unitario_raw=25000.0 | total_raw=12500.0
CAMA MODELO YISED DE 2X2 8/08/2025,GUATA,1.0,FIJO,,,,,,unidad_raw=KILO | seccion=SECCION TAPICERIA | precio_unitario_raw=15000.0 | total_raw=15000.0
CAMA MODELO YISED DE 2X2 8/08/2025,SUPER,0.6,VOLUMEN,,,,,,unidad_raw=LITRO | seccion=SECCION TAPICERIA | precio_unitario_raw=15000.0 | total_raw=9000.0
CAMA MODELO YISED DE 2X2 8/08/2025,ALGODON,3.0,LINEAL,,,,,,unidad_raw=CM | seccion=SECCION TAPICERIA | precio_unitario_raw=15000.0 | total_raw=45000.0
CAMA MODELO YISED DE 2X2 8/08/2025,HECHURA,1.0,FIJO,,,,,,seccion=SECCION TAPICERIA | precio_unitario_raw=210000.0 | total_raw=210000.0
CAMA MODELO YISED DE 2X2 8/08/2025,CASQUETES,1.0,FORMULA,,,,,,unidad_raw=UNIDADES | seccion=SECCION TAPICERIA | precio_unitario_raw=600.0 | total_raw=0.0
CAMA MODELO LONDRES DE 2X2 8/08/2025,MADERA (2),1300.0,FORMULA,,,,,,unidad_raw=APAMATE | precio_unitario_raw=140.0 | total_raw=182000.0
CAMA MODELO LONDRES DE 2X2 8/08/2025,"MDF DE 2,7",0.4,AREA,,,,,,unidad_raw=3 PEASOS DE 49X49 | precio_unitario_raw=65000.0 | total_raw=26000.0
CAMA MODELO LONDRES DE 2X2 8/08/2025,INDUPLAX,0.0,AREA,,,,,,unidad_raw=Unidad | precio_unitario_raw=160000.0 | total_raw=0.0
CAMA MODELO LONDRES DE 2X2 8/08/2025,LAMINA DE 15,1.0,FORMULA,,,,,,unidad_raw=Unidad | precio_unitario_raw=210000.0 | total_raw=0.0
CAMA MODELO LONDRES DE 2X2 8/08/2025,SUPER,1.0,FORMULA,,,,,,unidad_raw=LITROS | precio_unitario_raw=19000.0 | total_raw=0.0
CAMA MODELO LONDRES DE 2X2 8/08/2025,COLBON,1.0,VOLUMEN,,,,,,unidad_raw=LITROS | precio_unitario_raw=14000.0 | total_raw=14000.0
CAMA MODELO LONDRES DE 2X2 8/08/2025,GRAPAS,15.0,ESPACIADO,,,,,,unidad_raw=Unidad | precio_unitario_raw=600.0 | total_raw=9000.0
CAMA MODELO LONDRES DE 2X2 8/08/2025,CORREDERAS,1.0,FIJO,,,,,,unidad_raw=UNITARIO | precio_unitario_raw=30000.0 | total_raw=0.0
CAMA MODELO LONDRES DE 2X2 8/08/2025,CLAVILLOS,15.0,ESPACIADO,,,,,,unidad_raw=TIRA | precio_unitario_raw=1000.0 | total_raw=15000.0
CAMA MODELO LONDRES DE 2X2 8/08/2025,GANCHOS,1.0,FIJO,,,,,,unidad_raw=PAR | precio_unitario_raw=20000.0 | total_raw=20000.0
CAMA MODELO LONDRES DE 2X2 8/08/2025,MDF DE 9,1.0,FORMULA,,,,,,precio_unitario_raw=136000.0 | total_raw=0.0
CAMA MODELO LONDRES DE 2X2 8/08/2025,"TORNILLOS DE 2""",197.0,ESPACIADO,,,,,,unidad_raw=Unidad | precio_unitario_raw=100.0 | total_raw=19700.0
CAMA MODELO LONDRES DE 2X2 8/08/2025,ebanisteria 300.000 x 5% de m.o,1.0,FORMULA,,,,,,total_raw=315000.0
CAMA MODELO LONDRES DE 2X2 8/08/2025,gastos de Ebanisteria e 10%,1.0,FORMULA,,,,,,total_raw=73814.0
CAMA MODELO LONDRES DE 2X2 8/08/2025,MADERA (2),468.0,FORMULA,,,,,,"unidad_raw=2,10X22X18= 832 2,10X20X15=630 | precio_unitario_raw=140.0 | total_raw=65520.0"
CAMA MODELO LONDRES DE 2X2 8/08/2025,MDF DE 3,200.0,AREA,,,,,,"unidad_raw=1 PEDAZO DE 1,20X45=54 | precio_unitario_raw=65.0 | total_raw=13000.0"
CAMA MODELO LONDRES DE 2X2 8/08/2025,LAM MDF 15,250.0,AREA,,,,,,"unidad_raw=1 PEDASO DE 1.25 X55=68,75 | precio_unitario_raw=210.0 | total_raw=52500.0"
CAMA MODELO LONDRES DE 2X2 8/08/2025,LAM MDF 7,175.0,AREA,,,,,,"unidad_raw=1 PEDASO DE 1,50X40=60 | precio_unitario_raw=130.0 | total_raw=21875.0"
CAMA MODELO LONDRES DE 2X2 8/08/2025,COLBON,2.0,VOLUMEN,,,,,,unidad_raw=litros | precio_unitario_raw=14000.0 | total_raw=28000.0
CAMA MODELO LONDRES DE 2X2 8/08/2025,GRAPAS,10.0,ESPACIADO,,,,,,unidad_raw=Unidad | precio_unitario_raw=600.0 | total_raw=6000.0
CAMA MODELO LONDRES DE 2X2 8/08/2025,CLAVILLOS N F 40,6.0,ESPACIADO,,,,,,unidad_raw=TIRA | precio_unitario_raw=1000.0 | total_raw=6000.0
CAMA MODELO LONDRES DE 2X2 8/08/2025,HECHURA,2.0,FORMULA,,,,,,unidad_raw=PAR | precio_unitario_raw=105000.0 | total_raw=210000.0
CAMA MODELO LONDRES DE 2X2 8/08/2025,"TORNILLOS DE 2""",30.0,ESPACIADO,,,,,,unidad_raw=Unidad | precio_unitario_raw=100.0 | total_raw=3000.0
CAMA MODELO LONDRES DE 2X2 8/08/2025,CORREDERAS,4.0,FORMULA,,,,,,unidad_raw=DE CIERRELENTO | precio_unitario_raw=30000.0 | total_raw=120000.0
CAMA MODELO LONDRES DE 2X2 8/08/2025,gastos de Ebanisteria e 5%,1.0,FORMULA,,,,,,total_raw=26294.75
CAMA MODELO LONDRES DE 2X2 8/08/2025,SECCION PINTURA Y PREPARADA,1.0,FORMULA,,,,,DE 2 NOCHEROS,seccion=SECCION PINTURA Y PREPARADA DE 2 NOCHEROS
CAMA MODELO LONDRES DE 2X2 8/08/2025,PREPARADO JOTA,2.0,FORMULA,,,,,,unidad_raw=CON EL 5% | seccion=SECCION PINTURA Y PREPARADA DE 2 NOCHEROS | precio_unitario_raw=36750.0 | total_raw=73500.0
CAMA MODELO LONDRES DE 2X2 8/08/2025,PINTURA ALEX,2.0,FORMULA,,,,,,unidad_raw=CON EL 5% | seccion=SECCION PINTURA Y PREPARADA DE 2 NOCHEROS | precio_unitario_raw=36750.0 | total_raw=73500.0
CAMA MODELO LONDRES DE 2X2 8/08/2025,SELLADOR,3.0,VOLUMEN,,,,,,unidad_raw=PISTOLADAS | seccion=SECCION PINTURA Y PREPARADA DE 2 NOCHEROS | precio_unitario_raw=18000.0 | total_raw=54000.0
CAMA MODELO LONDRES DE 2X2 8/08/2025,LIJA 400,2.0,FORMULA,,,,,,unidad_raw=unidades | seccion=SECCION PINTURA Y PREPARADA DE 2 NOCHEROS | precio_unitario_raw=2000.0 | total_raw=4000.0
CAMA MODELO LONDRES DE 2X2 8/08/2025,NITRO,0.1,VOLUMEN,,,,,,unidad_raw=galon | seccion=SECCION PINTURA Y PREPARADA DE 2 NOCHEROS | precio_unitario_raw=70000.0 | total_raw=7000.0
CAMA MODELO LONDRES DE 2X2 8/08/2025,VIDRIOS,1.0,FORMULA,,,,,,unidad_raw=unidad | seccion=SECCION PINTURA Y PREPARADA DE 2 NOCHEROS | precio_unitario_raw=45000.0 | total_raw=0.0
CAMA MODELO LONDRES DE 2X2 8/08/2025,TALCO,0.3,FORMULA,,,,,,unidad_raw=unidad | seccion=SECCION PINTURA Y PREPARADA DE 2 NOCHEROS | precio_unitario_raw=2500.0 | total_raw=750.0
CAMA MODELO LONDRES DE 2X2 8/08/2025,TINER,0.2,VOLUMEN,,,,,,unidad_raw=GALON | seccion=SECCION PINTURA Y PREPARADA DE 2 NOCHEROS | precio_unitario_raw=34000.0 | total_raw=6800.0
CAMA MODELO LONDRES DE 2X2 8/08/2025,TOPES,1.0,FORMULA,,,,,,unidad_raw=JALADORES | seccion=SECCION PINTURA Y PREPARADA DE 2 NOCHEROS | precio_unitario_raw=3000.0 | total_raw=0.0
CAMA MODELO LONDRES DE 2X2 8/08/2025,COLOR GRIS,2.5,VOLUMEN,,,,,,unidad_raw=PISTOLADA | seccion=SECCION PINTURA Y PREPARADA DE 2 NOCHEROS | precio_unitario_raw=22000.0 | total_raw=55000.0
CAMA MODELO LONDRES DE 2X2 8/08/2025,ENCINA,0.1,VOLUMEN,,,,,,unidad_raw=galon | seccion=SECCION PINTURA Y PREPARADA DE 2 NOCHEROS | precio_unitario_raw=160000.0 | total_raw=16000.0
CAMA MODELO LONDRES DE 2X2 8/08/2025,GASOLINA,0.2,LINEAL,,,,,,unidad_raw=ML | seccion=SECCION PINTURA Y PREPARADA DE 2 NOCHEROS | precio_unitario_raw=4500.0 | total_raw=900.0
CAMA MODELO LONDRES DE 2X2 8/08/2025,RESANE,0.2,VOLUMEN,,,,,,unidad_raw=LITRO | seccion=SECCION PINTURA Y PREPARADA DE 2 NOCHEROS | precio_unitario_raw=20000.0 | total_raw=4000.0
CAMA MODELO LONDRES DE 2X2 8/08/2025,LACA,2.0,VOLUMEN,,,,,,unidad_raw=PISTOLADA | seccion=SECCION PINTURA Y PREPARADA DE 2 NOCHEROS | precio_unitario_raw=23000.0 | total_raw=46000.0
CAMA MODELO LONDRES DE 2X2 8/08/2025,Gastos de Pintura 10%,1.0,FORMULA,,,,,,seccion=SECCION PINTURA Y PREPARADA DE 2 NOCHEROS | total_raw=34145.0
CAMA MODELO LONDRES DE 2X2 8/08/2025,SECCION PINTURA Y PREPARADA,1.0,FORMULA,,,,,DE CAMA,seccion=SECCION PINTURA Y PREPARADA DE CAMA
CAMA MODELO LONDRES DE 2X2 8/08/2025,PREPARADO JOTA,1.0,FORMULA,,,,,,unidad_raw=CON EL 5% | seccion=SECCION PINTURA Y PREPARADA DE CAMA | precio_unitario_raw=30000.0
CAMA MODELO LONDRES DE 2X2 8/08/2025,PINTURA ALEX,1.0,FORMULA,,,,,,unidad_raw=CON EL 5% | seccion=SECCION PINTURA Y PREPARADA DE CAMA | precio_unitario_raw=20000.0
CAMA MODELO LONDRES DE 2X2 8/08/2025,PINTURA DE PATAS ALEX,4.0,FORMULA,,,,,,seccion=SECCION PINTURA Y PREPARADA DE CAMA | precio_unitario_raw=2100.0 | total_raw=8400.0
CAMA MODELO LONDRES DE 2X2 8/08/2025,SELLADOR,1.0,FORMULA,,,,,,unidad_raw=PISTOLADAS | seccion=SECCION PINTURA Y PREPARADA DE CAMA | precio_unitario_raw=18000.0 | total_raw=0.0
CAMA MODELO LONDRES DE 2X2 8/08/2025,LIJA 400,1.0,FORMULA,,,,,,unidad_raw=unidades | seccion=SECCION PINTURA Y PREPARADA DE CAMA | precio_unitario_raw=2000.0 | total_raw=0.0
CAMA MODELO LONDRES DE 2X2 8/08/2025,NITRO,1.0,FORMULA,,,,,,unidad_raw=galon | seccion=SECCION PINTURA Y PREPARADA DE CAMA | total_raw=0.0
CAMA MODELO LONDRES DE 2X2 8/08/2025,lija 240,1.0,FORMULA,,,,,,unidad_raw=unidad | seccion=SECCION PINTURA Y PREPARADA DE CAMA | precio_unitario_raw=2000.0 | total_raw=0.0
CAMA MODELO LONDRES DE 2X2 8/08/2025,lija 150,1.0,FORMULA,,,,,,unidad_raw=unidad | seccion=SECCION PINTURA Y PREPARADA DE CAMA | precio_unitario_raw=2000.0 | total_raw=0.0
CAMA MODELO LONDRES DE 2X2 8/08/2025,LACA SEMIMATE,1.0,FORMULA,,,,,,unidad_raw=GALON | seccion=SECCION PINTURA Y PREPARADA DE CAMA | precio_unitario_raw=23000.0 | total_raw=0.0
CAMA MODELO LONDRES DE 2X2 8/08/2025,kerosen,1.0,FORMULA,,,,,,unidad_raw=litro | seccion=SECCION PINTURA Y PREPARADA DE CAMA | precio_unitario_raw=18000.0 | total_raw=0.0
CAMA MODELO LONDRES DE 2X2 8/08/2025,COLOR GRIS,1.0,FORMULA,,,,,,unidad_raw=PISTOLADA | seccion=SECCION PINTURA Y PREPARADA DE CAMA | precio_unitario_raw=19000.0 | total_raw=0.0
CAMA MODELO LONDRES DE 2X2 8/08/2025,TINTE MIEL,1.0,FORMULA,,,,,,unidad_raw=galon | seccion=SECCION PINTURA Y PREPARADA DE CAMA | total_raw=0.0
CAMA MODELO LONDRES DE 2X2 8/08/2025,GASOLINA,1.0,FORMULA,,,,,,unidad_raw=LITRO | seccion=SECCION PINTURA Y PREPARADA DE CAMA | precio_unitario_raw=4.5 | total_raw=0.0
CAMA MODELO LONDRES DE 2X2 8/08/2025,RESANE,1.0,FORMULA,,,,,,unidad_raw=LITRO | seccion=SECCION PINTURA Y PREPARADA DE CAMA | total_raw=0.0
CAMA MODELO LONDRES DE 2X2 8/08/2025,LACA,1.0,FORMULA,,,,,,unidad_raw=PISTOLADA | seccion=SECCION PINTURA Y PREPARADA DE CAMA | precio_unitario_raw=22000.0 | total_raw=0.0
CAMA MODELO LONDRES DE 2X2 8/08/2025,COLAPATO MADERA,210.0,LINEAL,,,,,,unidad_raw=187 CENTIMETROS | seccion=SECCION TERMINACION | precio_unitario_raw=140.0 | total_raw=29400.0
CAMA MODELO LONDRES DE 2X2 8/08/2025,MULTIUSO,1.0,FIJO,,,,,,unidad_raw=PAR | seccion=SECCION TERMINACION | precio_unitario_raw=6000.0 | total_raw=6000.0
CAMA MODELO LONDRES DE 2X2 8/08/2025,PATAS DE CAMAS,4.0,FORMULA,,,,,,unidad_raw=unidades | seccion=SECCION TERMINACION | precio_unitario_raw=17500.0 | total_raw=70000.0
CAMA MODELO LONDRES DE 2X2 8/08/2025,TORNILLOS,16.0,ESPACIADO,,,,,,unidad_raw=unidades | seccion=SECCION TERMINACION | precio_unitario_raw=100.0 | total_raw=1600.0
CAMA MODELO LONDRES DE 2X2 8/08/2025,EMBALADA,1.0,FIJO,,,,,,unidad_raw=unidades | seccion=SECCION TERMINACION | precio_unitario_raw=150000.0 | total_raw=150000.0
CAMA MODELO LONDRES DE 2X2 8/08/2025,SECCION TENDIDO,1.0,FORMULA,,,,,,seccion=SECCION TERMINACION | total_raw=0.0
CAMA MODELO LONDRES DE 2X2 8/08/2025,MADERA 60X1X4,1277.0,FORMULA,,,,,,unidad_raw=2X25X15 | seccion=SECCION TERMINACION | precio_unitario_raw=140.0 | total_raw=178780.0
CAMA MODELO LONDRES DE 2X2 8/08/2025,FABRICACION TENDIDO,1.0,FIJO,,,,,,unidad_raw=DE 2X2 | seccion=SECCION TERMINACION | precio_unitario_raw=42000.0 | total_raw=42000.0
CAMA MODELO LONDRES DE 2X2 8/08/2025,MDF DE 9,1.0,FORMULA,,,,,,unidad_raw=unidades | seccion=SECCION TERMINACION | precio_unitario_raw=140000.0 | total_raw=0.0
CAMA MODELO LONDRES DE 2X2 8/08/2025,COLBON,0.5,VOLUMEN,,,,,,unidad_raw=LITRO | seccion=SECCION TERMINACION | precio_unitario_raw=14000.0 | total_raw=7000.0
CAMA MODELO LONDRES DE 2X2 8/08/2025,"TORNILLOS DE 2""",50.0,ESPACIADO,,,,,,unidad_raw=unidades | seccion=SECCION TERMINACION | precio_unitario_raw=100.0 | total_raw=5000.0
CAMA MODELO LONDRES DE 2X2 8/08/2025,CLAVILLO,2.0,ESPACIADO,,,,,,unidad_raw=TIRAS | seccion=SECCION TERMINACION | precio_unitario_raw=600.0 | total_raw=1200.0
CAMA MODELO LONDRES DE 2X2 8/08/2025,PEOPE,2.0,LINEAL,,,,,,unidad_raw=METROS | seccion=SECCION TERMINACION | precio_unitario_raw=3500.0 | total_raw=7000.0
CAMA MODELO LONDRES DE 2X2 8/08/2025,TELA,11.6,AREA,,,,,,unidad_raw=METROS | seccion=SECCION TAPICERIA | precio_unitario_raw=34000.0 | total_raw=394400.0
CAMA MODELO LONDRES DE 2X2 8/08/2025,BARILLA TRIPA POLLO,1.0,FORMULA,,,,,,seccion=SECCION TAPICERIA | precio_unitario_raw=15000.0 | total_raw=0.0
CAMA MODELO LONDRES DE 2X2 8/08/2025,GAZATA,1.0,FORMULA,,,,,,unidad_raw=METROS | seccion=SECCION TAPICERIA | precio_unitario_raw=53000.0 | total_raw=0.0
CAMA MODELO LONDRES DE 2X2 8/08/2025,COLARATA,4.0,LINEAL,,,,,,unidad_raw=METROS | seccion=SECCION TAPICERIA | precio_unitario_raw=1000.0 | total_raw=4000.0
CAMA MODELO LONDRES DE 2X2 8/08/2025,GRAPAS,0.5,ESPACIADO,,,,,,unidad_raw=CAJA DE GRAPAS | seccion=SECCION TAPICERIA | precio_unitario_raw=12000.0 | total_raw=6000.0
CAMA MODELO LONDRES DE 2X2 8/08/2025,ESPUMA AZUL DE 2 PULGADAS,1.34,AREA,,,,,,unidad_raw=LAMINA | seccion=SECCION TAPICERIA | precio_unitario_raw=41000.0 | total_raw=54940.0
CAMA MODELO LONDRES DE 2X2 8/08/2025,"TORNILLOS DE 1 1/2""",30.0,ESPACIADO,,,,,,unidad_raw=UNIDADES | seccion=SECCION TAPICERIA | precio_unitario_raw=100.0 | total_raw=3000.0
CAMA MODELO LONDRES DE 2X2 8/08/2025,ESPUMA DE 1 PULGADA ROSADA,1.17,AREA,,,,,,unidad_raw=UNIDADES | seccion=SECCION TAPICERIA | precio_unitario_raw=20000.0 | total_raw=23400.0
CAMA MODELO LONDRES DE 2X2 8/08/2025,ESPUMA DE 1. BLANCA DE 1,1.0,AREA,,,,,,unidad_raw=UNIDADES | seccion=SECCION TAPICERIA | precio_unitario_raw=20000.0 | total_raw=20000.0
CAMA MODELO LONDRES DE 2X2 8/08/2025,ESPUMA ROSADA,1.0,FORMULA,,,,,,unidad_raw=UNIDAD | seccion=SECCION TAPICERIA | precio_unitario_raw=18700.0 | total_raw=0.0
CAMA MODELO LONDRES DE 2X2 8/08/2025,CARTON,2.5,LINEAL,,,,,,unidad_raw=MTS | seccion=SECCION TAPICERIA | precio_unitario_raw=5000.0 | total_raw=12500.0
CAMA MODELO LONDRES DE 2X2 8/08/2025,COSTAL,4.0,AREA,,,,,,unidad_raw=METROS | seccion=SECCION TAPICERIA | precio_unitario_raw=4000.0 | total_raw=16000.0
CAMA MODELO LONDRES DE 2X2 8/08/2025,LENCILLO,2.0,LINEAL,,,,,,unidad_raw=METROS | seccion=SECCION TAPICERIA | precio_unitario_raw=4000.0 | total_raw=8000.0
CAMA MODELO LONDRES DE 2X2 8/08/2025,HILO,0.5,FORMULA,,,,,,seccion=SECCION TAPICERIA | precio_unitario_raw=25000.0 | total_raw=12500.0
CAMA MODELO LONDRES DE 2X2 8/08/2025,PICADILLO,1.0,FORMULA,,,,,,unidad_raw=KILO | seccion=SECCION TAPICERIA | precio_unitario_raw=15000.0 | total_raw=0.0
CAMA MODELO LONDRES DE 2X2 8/08/2025,SUPER,0.6,VOLUMEN,,,,,,unidad_raw=LITRO | seccion=SECCION TAPICERIA | precio_unitario_raw=15000.0 | total_raw=9000.0
CAMA MODELO LONDRES DE 2X2 8/08/2025,ALGODON,1.0,FORMULA,,,,,,unidad_raw=CM | seccion=SECCION TAPICERIA | precio_unitario_raw=15000.0 | total_raw=0.0
CAMA MODELO LONDRES DE 2X2 8/08/2025,HECHURA,1.0,FIJO,,,,,,seccion=SECCION TAPICERIA | precio_unitario_raw=210000.0 | total_raw=210000.0
CAMA MODELO LONDRES DE 2X2 8/08/2025,CASQUETES,1.0,FORMULA,,,,,,unidad_raw=UNIDADES | seccion=SECCION TAPICERIA | precio_unitario_raw=600.0 | total_raw=0.0
CAMA MODELO TURKIA DE 2X2 8/08/2025,MADERA (2),1872.0,FORMULA,,,,,,unidad_raw=APAMATE | precio_unitario_raw=140.0 | total_raw=262080.0
CAMA MODELO TURKIA DE 2X2 8/08/2025,"MDF DE 2,7",0.75,AREA,,,,,,unidad_raw=3 PEASOS DE 49X49 | precio_unitario_raw=65000.0 | total_raw=48750.0
CAMA MODELO TURKIA DE 2X2 8/08/2025,INDUPLAX,0.0,AREA,,,,,,unidad_raw=Unidad | precio_unitario_raw=160000.0 | total_raw=0.0
CAMA MODELO TURKIA DE 2X2 8/08/2025,LAMINA DE 15,0.5,AREA,,,,,,unidad_raw=MDF | precio_unitario_raw=210000.0 | total_raw=105000.0
CAMA MODELO TURKIA DE 2X2 8/08/2025,SUPER,1.0,FORMULA,,,,,,unidad_raw=LITROS | precio_unitario_raw=19000.0 | total_raw=0.0
CAMA MODELO TURKIA DE 2X2 8/08/2025,COLBON,1.0,VOLUMEN,,,,,,unidad_raw=LITROS | precio_unitario_raw=14000.0 | total_raw=14000.0
CAMA MODELO TURKIA DE 2X2 8/08/2025,GRAPAS,15.0,ESPACIADO,,,,,,unidad_raw=Unidad | precio_unitario_raw=600.0 | total_raw=9000.0
CAMA MODELO TURKIA DE 2X2 8/08/2025,CORREDERAS,1.0,FIJO,,,,,,unidad_raw=UNITARIO | precio_unitario_raw=30000.0 | total_raw=0.0
CAMA MODELO TURKIA DE 2X2 8/08/2025,CLAVILLOS,15.0,ESPACIADO,,,,,,unidad_raw=TIRA | precio_unitario_raw=1000.0 | total_raw=15000.0
CAMA MODELO TURKIA DE 2X2 8/08/2025,GANCHOS,1.0,FIJO,,,,,,unidad_raw=PAR | precio_unitario_raw=20000.0 | total_raw=20000.0
CAMA MODELO TURKIA DE 2X2 8/08/2025,MDF DE 9,1.0,FORMULA,,,,,,precio_unitario_raw=136000.0 | total_raw=0.0
CAMA MODELO TURKIA DE 2X2 8/08/2025,"TORNILLOS DE 2""",197.0,ESPACIADO,,,,,,unidad_raw=Unidad | precio_unitario_raw=100.0 | total_raw=19700.0
CAMA MODELO TURKIA DE 2X2 8/08/2025,ebanisteria 300.000 x 5% de m.o,1.0,FORMULA,,,,,,total_raw=315000.0
CAMA MODELO TURKIA DE 2X2 8/08/2025,gastos de Ebanisteria e 10%,1.0,FORMULA,,,,,,total_raw=73814.0
CAMA MODELO TURKIA DE 2X2 8/08/2025,MADERA (2),468.0,FORMULA,,,,,,"unidad_raw=2,10X22X18= 832 2,10X20X15=630 | precio_unitario_raw=140.0 | total_raw=65520.0"
CAMA MODELO TURKIA DE 2X2 8/08/2025,MDF DE 3,200.0,AREA,,,,,,"unidad_raw=1 PEDAZO DE 1,20X45=54 | precio_unitario_raw=65.0 | total_raw=13000.0"
CAMA MODELO TURKIA DE 2X2 8/08/2025,LAM MDF 15,250.0,AREA,,,,,,"unidad_raw=1 PEDASO DE 1.25 X55=68,75 | precio_unitario_raw=210.0 | total_raw=52500.0"
CAMA MODELO TURKIA DE 2X2 8/08/2025,LAM MDF 7,175.0,AREA,,,,,,"unidad_raw=1 PEDASO DE 1,50X40=60 | precio_unitario_raw=130.0 | total_raw=21875.0"
CAMA MODELO TURKIA DE 2X2 8/08/2025,COLBON,2.0,VOLUMEN,,,,,,unidad_raw=litros | precio_unitario_raw=14000.0 | total_raw=28000.0
CAMA MODELO TURKIA DE 2X2 8/08/2025,GRAPAS,10.0,ESPACIADO,,,,,,unidad_raw=Unidad | precio_unitario_raw=600.0 | total_raw=6000.0
CAMA MODELO TURKIA DE 2X2 8/08/2025,CLAVILLOS N F 40,6.0,ESPACIADO,,,,,,unidad_raw=TIRA | precio_unitario_raw=1000.0 | total_raw=6000.0
CAMA MODELO TURKIA DE 2X2 8/08/2025,HECHURA,2.0,FORMULA,,,,,,unidad_raw=PAR | precio_unitario_raw=105000.0 | total_raw=210000.0
CAMA MODELO TURKIA DE 2X2 8/08/2025,"TORNILLOS DE 2""",30.0,ESPACIADO,,,,,,unidad_raw=Unidad | precio_unitario_raw=100.0 | total_raw=3000.0
CAMA MODELO TURKIA DE 2X2 8/08/2025,CORREDERAS,4.0,FORMULA,,,,,,unidad_raw=DE CIERRELENTO | precio_unitario_raw=30000.0 | total_raw=120000.0
CAMA MODELO TURKIA DE 2X2 8/08/2025,gastos de Ebanisteria e 5%,1.0,FORMULA,,,,,,total_raw=26294.75
CAMA MODELO TURKIA DE 2X2 8/08/2025,SECCION PINTURA Y PREPARADA,1.0,FORMULA,,,,,DE 2 NOCHEROS,seccion=SECCION PINTURA Y PREPARADA DE 2 NOCHEROS
CAMA MODELO TURKIA DE 2X2 8/08/2025,PREPARADO JOTA,2.0,FORMULA,,,,,,unidad_raw=CON EL 5% | seccion=SECCION PINTURA Y PREPARADA DE 2 NOCHEROS | precio_unitario_raw=36750.0 | total_raw=73500.0
CAMA MODELO TURKIA DE 2X2 8/08/2025,PINTURA ALEX,2.0,FORMULA,,,,,,unidad_raw=CON EL 5% | seccion=SECCION PINTURA Y PREPARADA DE 2 NOCHEROS | precio_unitario_raw=36750.0 | total_raw=73500.0
CAMA MODELO TURKIA DE 2X2 8/08/2025,SELLADOR,3.0,VOLUMEN,,,,,,unidad_raw=PISTOLADAS | seccion=SECCION PINTURA Y PREPARADA DE 2 NOCHEROS | precio_unitario_raw=18000.0 | total_raw=54000.0
CAMA MODELO TURKIA DE 2X2 8/08/2025,LIJA 400,2.0,FORMULA,,,,,,unidad_raw=unidades | seccion=SECCION PINTURA Y PREPARADA DE 2 NOCHEROS | precio_unitario_raw=2000.0 | total_raw=4000.0
CAMA MODELO TURKIA DE 2X2 8/08/2025,NITRO,0.1,VOLUMEN,,,,,,unidad_raw=galon | seccion=SECCION PINTURA Y PREPARADA DE 2 NOCHEROS | precio_unitario_raw=70000.0 | total_raw=7000.0
CAMA MODELO TURKIA DE 2X2 8/08/2025,VIDRIOS,1.0,FORMULA,,,,,,unidad_raw=unidad | seccion=SECCION PINTURA Y PREPARADA DE 2 NOCHEROS | precio_unitario_raw=45000.0 | total_raw=0.0
CAMA MODELO TURKIA DE 2X2 8/08/2025,TALCO,0.3,FORMULA,,,,,,unidad_raw=unidad | seccion=SECCION PINTURA Y PREPARADA DE 2 NOCHEROS | precio_unitario_raw=2500.0 | total_raw=750.0
CAMA MODELO TURKIA DE 2X2 8/08/2025,TINER,0.2,VOLUMEN,,,,,,unidad_raw=GALON | seccion=SECCION PINTURA Y PREPARADA DE 2 NOCHEROS | precio_unitario_raw=34000.0 | total_raw=6800.0
CAMA MODELO TURKIA DE 2X2 8/08/2025,TOPES,1.0,FORMULA,,,,,,unidad_raw=JALADORES | seccion=SECCION PINTURA Y PREPARADA DE 2 NOCHEROS | precio_unitario_raw=3000.0 | total_raw=0.0
CAMA MODELO TURKIA DE 2X2 8/08/2025,COLOR GRIS,2.5,VOLUMEN,,,,,,unidad_raw=PISTOLADA | seccion=SECCION PINTURA Y PREPARADA DE 2 NOCHEROS | precio_unitario_raw=22000.0 | total_raw=55000.0
CAMA MODELO TURKIA DE 2X2 8/08/2025,ENCINA,0.1,VOLUMEN,,,,,,unidad_raw=galon | seccion=SECCION PINTURA Y PREPARADA DE 2 NOCHEROS | precio_unitario_raw=160000.0 | total_raw=16000.0
CAMA MODELO TURKIA DE 2X2 8/08/2025,GASOLINA,0.2,LINEAL,,,,,,unidad_raw=ML | seccion=SECCION PINTURA Y PREPARADA DE 2 NOCHEROS | precio_unitario_raw=4500.0 | total_raw=900.0
CAMA MODELO TURKIA DE 2X2 8/08/2025,RESANE,0.2,VOLUMEN,,,,,,unidad_raw=LITRO | seccion=SECCION PINTURA Y PREPARADA DE 2 NOCHEROS | precio_unitario_raw=20000.0 | total_raw=4000.0
CAMA MODELO TURKIA DE 2X2 8/08/2025,LACA,2.0,VOLUMEN,,,,,,unidad_raw=PISTOLADA | seccion=SECCION PINTURA Y PREPARADA DE 2 NOCHEROS | precio_unitario_raw=23000.0 | total_raw=46000.0
CAMA MODELO TURKIA DE 2X2 8/08/2025,Gastos de Pintura 10%,1.0,FORMULA,,,,,,seccion=SECCION PINTURA Y PREPARADA DE 2 NOCHEROS | total_raw=34145.0
CAMA MODELO TURKIA DE 2X2 8/08/2025,SECCION PINTURA Y PREPARADA,1.0,FORMULA,,,,,DE CAMA,seccion=SECCION PINTURA Y PREPARADA DE CAMA
CAMA MODELO TURKIA DE 2X2 8/08/2025,PREPARADO JOTA,1.0,FORMULA,,,,,,unidad_raw=CON EL 5% | seccion=SECCION PINTURA Y PREPARADA DE CAMA | precio_unitario_raw=30000.0
CAMA MODELO TURKIA DE 2X2 8/08/2025,PINTURA ALEX,1.0,FORMULA,,,,,,unidad_raw=CON EL 5% | seccion=SECCION PINTURA Y PREPARADA DE CAMA | precio_unitario_raw=20000.0
CAMA MODELO TURKIA DE 2X2 8/08/2025,PINTURA DE PATAS ALEX,4.0,FORMULA,,,,,,seccion=SECCION PINTURA Y PREPARADA DE CAMA | precio_unitario_raw=2100.0 | total_raw=8400.0
CAMA MODELO TURKIA DE 2X2 8/08/2025,SELLADOR,1.0,FORMULA,,,,,,unidad_raw=PISTOLADAS | seccion=SECCION PINTURA Y PREPARADA DE CAMA | precio_unitario_raw=18000.0 | total_raw=0.0
CAMA MODELO TURKIA DE 2X2 8/08/2025,LIJA 400,1.0,FORMULA,,,,,,unidad_raw=unidades | seccion=SECCION PINTURA Y PREPARADA DE CAMA | precio_unitario_raw=2000.0 | total_raw=0.0
CAMA MODELO TURKIA DE 2X2 8/08/2025,NITRO,1.0,FORMULA,,,,,,unidad_raw=galon | seccion=SECCION PINTURA Y PREPARADA DE CAMA | total_raw=0.0
CAMA MODELO TURKIA DE 2X2 8/08/2025,lija 240,1.0,FORMULA,,,,,,unidad_raw=unidad | seccion=SECCION PINTURA Y PREPARADA DE CAMA | precio_unitario_raw=2000.0 | total_raw=0.0
CAMA MODELO TURKIA DE 2X2 8/08/2025,lija 150,1.0,FORMULA,,,,,,unidad_raw=unidad | seccion=SECCION PINTURA Y PREPARADA DE CAMA | precio_unitario_raw=2000.0 | total_raw=0.0
CAMA MODELO TURKIA DE 2X2 8/08/2025,LACA SEMIMATE,1.0,FORMULA,,,,,,unidad_raw=GALON | seccion=SECCION PINTURA Y PREPARADA DE CAMA | precio_unitario_raw=23000.0 | total_raw=0.0
CAMA MODELO TURKIA DE 2X2 8/08/2025,kerosen,1.0,FORMULA,,,,,,unidad_raw=litro | seccion=SECCION PINTURA Y PREPARADA DE CAMA | precio_unitario_raw=18000.0 | total_raw=0.0
CAMA MODELO TURKIA DE 2X2 8/08/2025,COLOR GRIS,1.0,FORMULA,,,,,,unidad_raw=PISTOLADA | seccion=SECCION PINTURA Y PREPARADA DE CAMA | precio_unitario_raw=19000.0 | total_raw=0.0
CAMA MODELO TURKIA DE 2X2 8/08/2025,TINTE MIEL,1.0,FORMULA,,,,,,unidad_raw=galon | seccion=SECCION PINTURA Y PREPARADA DE CAMA | total_raw=0.0
CAMA MODELO TURKIA DE 2X2 8/08/2025,GASOLINA,1.0,FORMULA,,,,,,unidad_raw=LITRO | seccion=SECCION PINTURA Y PREPARADA DE CAMA | precio_unitario_raw=4.5 | total_raw=0.0
CAMA MODELO TURKIA DE 2X2 8/08/2025,RESANE,1.0,FORMULA,,,,,,unidad_raw=LITRO | seccion=SECCION PINTURA Y PREPARADA DE CAMA | total_raw=0.0
CAMA MODELO TURKIA DE 2X2 8/08/2025,LACA,1.0,FORMULA,,,,,,unidad_raw=PISTOLADA | seccion=SECCION PINTURA Y PREPARADA DE CAMA | precio_unitario_raw=22000.0 | total_raw=0.0
CAMA MODELO TURKIA DE 2X2 8/08/2025,COLAPATO MADERA,210.0,LINEAL,,,,,,unidad_raw=187 CENTIMETROS | seccion=SECCION TERMINACION | precio_unitario_raw=140.0 | total_raw=29400.0
CAMA MODELO TURKIA DE 2X2 8/08/2025,MULTIUSO,1.0,FIJO,,,,,,unidad_raw=PAR | seccion=SECCION TERMINACION | precio_unitario_raw=6000.0 | total_raw=6000.0
CAMA MODELO TURKIA DE 2X2 8/08/2025,PATAS DE CAMAS,4.0,FORMULA,,,,,,unidad_raw=unidades | seccion=SECCION TERMINACION | precio_unitario_raw=17500.0 | total_raw=70000.0
CAMA MODELO TURKIA DE 2X2 8/08/2025,TORNILLOS,16.0,ESPACIADO,,,,,,unidad_raw=unidades | seccion=SECCION TERMINACION | precio_unitario_raw=100.0 | total_raw=1600.0
CAMA MODELO TURKIA DE 2X2 8/08/2025,EMBALADA,1.0,FIJO,,,,,,unidad_raw=unidades | seccion=SECCION TERMINACION | precio_unitario_raw=150000.0 | total_raw=150000.0
CAMA MODELO TURKIA DE 2X2 8/08/2025,SECCION TENDIDO,1.0,FORMULA,,,,,,seccion=SECCION TERMINACION | total_raw=0.0
CAMA MODELO TURKIA DE 2X2 8/08/2025,MADERA 60X1X4,1277.0,FORMULA,,,,,,unidad_raw=2X25X15 | seccion=SECCION TERMINACION | precio_unitario_raw=140.0 | total_raw=178780.0
CAMA MODELO TURKIA DE 2X2 8/08/2025,FABRICACION TENDIDO,1.0,FIJO,,,,,,unidad_raw=DE 2X2 | seccion=SECCION TERMINACION | precio_unitario_raw=42000.0 | total_raw=42000.0
CAMA MODELO TURKIA DE 2X2 8/08/2025,MDF DE 9,1.0,FORMULA,,,,,,unidad_raw=unidades | seccion=SECCION TERMINACION | precio_unitario_raw=140000.0 | total_raw=0.0
CAMA MODELO TURKIA DE 2X2 8/08/2025,COLBON,0.5,VOLUMEN,,,,,,unidad_raw=LITRO | seccion=SECCION TERMINACION | precio_unitario_raw=14000.0 | total_raw=7000.0
CAMA MODELO TURKIA DE 2X2 8/08/2025,"TORNILLOS DE 2""",50.0,ESPACIADO,,,,,,unidad_raw=unidades | seccion=SECCION TERMINACION | precio_unitario_raw=100.0 | total_raw=5000.0
CAMA MODELO TURKIA DE 2X2 8/08/2025,CLAVILLO,2.0,ESPACIADO,,,,,,unidad_raw=TIRAS | seccion=SECCION TERMINACION | precio_unitario_raw=600.0 | total_raw=1200.0
CAMA MODELO TURKIA DE 2X2 8/08/2025,PEOPE,2.0,LINEAL,,,,,,unidad_raw=METROS | seccion=SECCION TERMINACION | precio_unitario_raw=3500.0 | total_raw=7000.0
CAMA MODELO TURKIA DE 2X2 8/08/2025,TELA,10.0,AREA,,,,,,unidad_raw=METROS | seccion=SECCION TAPICERIA | precio_unitario_raw=34000.0 | total_raw=340000.0
CAMA MODELO TURKIA DE 2X2 8/08/2025,BARILLA TRIPA POLLO,1.0,FORMULA,,,,,,seccion=SECCION TAPICERIA | precio_unitario_raw=15000.0 | total_raw=0.0
CAMA MODELO TURKIA DE 2X2 8/08/2025,GAZATA,1.0,FORMULA,,,,,,unidad_raw=METROS | seccion=SECCION TAPICERIA | precio_unitario_raw=53000.0 | total_raw=0.0
CAMA MODELO TURKIA DE 2X2 8/08/2025,COLARATA,1.0,FORMULA,,,,,,unidad_raw=METROS | seccion=SECCION TAPICERIA | precio_unitario_raw=1000.0 | total_raw=0.0
CAMA MODELO TURKIA DE 2X2 8/08/2025,GRAPAS,0.5,ESPACIADO,,,,,,unidad_raw=CAJA DE GRAPAS | seccion=SECCION TAPICERIA | precio_unitario_raw=12000.0 | total_raw=6000.0
CAMA MODELO TURKIA DE 2X2 8/08/2025,ESPUMA AZUL DE 2 PULGADAS,1.0,AREA,,,,,,unidad_raw=LAMINA | seccion=SECCION TAPICERIA | precio_unitario_raw=41000.0 | total_raw=41000.0
CAMA MODELO TURKIA DE 2X2 8/08/2025,"TORNILLOS DE 1 1/2""",30.0,ESPACIADO,,,,,,unidad_raw=UNIDADES | seccion=SECCION TAPICERIA | precio_unitario_raw=100.0 | total_raw=3000.0
CAMA MODELO TURKIA DE 2X2 8/08/2025,ESPUMA DE 1 PULGADA ROSADA,2.0,AREA,,,,,,unidad_raw=UNIDADES | seccion=SECCION TAPICERIA | precio_unitario_raw=20000.0 | total_raw=40000.0
CAMA MODELO TURKIA DE 2X2 8/08/2025,ESPUMA DE 1. BLANCA DE 1,1.0,FORMULA,,,,,,unidad_raw=UNIDADES | seccion=SECCION TAPICERIA | precio_unitario_raw=20000.0 | total_raw=0.0
CAMA MODELO TURKIA DE 2X2 8/08/2025,ESPUMA ROSADA,1.0,FORMULA,,,,,,unidad_raw=UNIDAD | seccion=SECCION TAPICERIA | precio_unitario_raw=18700.0 | total_raw=0.0
CAMA MODELO TURKIA DE 2X2 8/08/2025,CARTON,2.5,LINEAL,,,,,,unidad_raw=MTS | seccion=SECCION TAPICERIA | precio_unitario_raw=5000.0 | total_raw=12500.0
CAMA MODELO TURKIA DE 2X2 8/08/2025,COSTAL,5.0,AREA,,,,,,unidad_raw=METROS | seccion=SECCION TAPICERIA | precio_unitario_raw=4000.0 | total_raw=20000.0
CAMA MODELO TURKIA DE 2X2 8/08/2025,LENCILLO,2.0,LINEAL,,,,,,unidad_raw=METROS | seccion=SECCION TAPICERIA | precio_unitario_raw=4000.0 | total_raw=8000.0
CAMA MODELO TURKIA DE 2X2 8/08/2025,HILO,0.5,FORMULA,,,,,,seccion=SECCION TAPICERIA | precio_unitario_raw=25000.0 | total_raw=12500.0
CAMA MODELO TURKIA DE 2X2 8/08/2025,PICADILLO,3.0,FORMULA,,,,,,unidad_raw=KILO | seccion=SECCION TAPICERIA | precio_unitario_raw=15000.0 | total_raw=45000.0
CAMA MODELO TURKIA DE 2X2 8/08/2025,SUPER,0.2,VOLUMEN,,,,,,unidad_raw=LITRO | seccion=SECCION TAPICERIA | precio_unitario_raw=15000.0 | total_raw=3000.0
CAMA MODELO TURKIA DE 2X2 8/08/2025,ALGODON,3.0,LINEAL,,,,,,unidad_raw=CM | seccion=SECCION TAPICERIA | precio_unitario_raw=15000.0 | total_raw=45000.0
CAMA MODELO TURKIA DE 2X2 8/08/2025,HECHURA,1.0,FIJO,,,,,,seccion=SECCION TAPICERIA | precio_unitario_raw=210000.0 | total_raw=210000.0
CAMA MODELO TURKIA DE 2X2 8/08/2025,GUATA,2.5,FORMULA,,,,,,unidad_raw=UNIDADES | seccion=SECCION TAPICERIA | precio_unitario_raw=13000.0 | total_raw=32500.0
CAMA MODELO KATI DE 2X2 18/08/2025,MADERA (2),1400.0,FORMULA,,,,,,unidad_raw=APAMATE | precio_unitario_raw=140.0 | total_raw=196000.0
CAMA MODELO KATI DE 2X2 18/08/2025,"MDF DE 2,7",0.2,AREA,,,,,,unidad_raw=3 PEASOS DE 49X49 | precio_unitario_raw=65000.0 | total_raw=13000.0
CAMA MODELO KATI DE 2X2 18/08/2025,INDUPLAX,0.0,AREA,,,,,,unidad_raw=Unidad | precio_unitario_raw=160000.0 | total_raw=0.0
CAMA MODELO KATI DE 2X2 18/08/2025,LAMINA DE 15,1.0,FORMULA,,,,,,unidad_raw=Unidad | precio_unitario_raw=210000.0 | total_raw=0.0
CAMA MODELO KATI DE 2X2 18/08/2025,SUPER,1.0,FORMULA,,,,,,unidad_raw=LITROS | precio_unitario_raw=19000.0 | total_raw=0.0
CAMA MODELO KATI DE 2X2 18/08/2025,COLBON,1.0,VOLUMEN,,,,,,unidad_raw=LITROS | precio_unitario_raw=14000.0 | total_raw=14000.0
CAMA MODELO KATI DE 2X2 18/08/2025,GRAPAS,15.0,ESPACIADO,,,,,,unidad_raw=Unidad | precio_unitario_raw=600.0 | total_raw=9000.0
CAMA MODELO KATI DE 2X2 18/08/2025,CORREDERAS,1.0,FIJO,,,,,,unidad_raw=UNITARIO | precio_unitario_raw=30000.0 | total_raw=0.0
CAMA MODELO KATI DE 2X2 18/08/2025,CLAVILLOS,15.0,ESPACIADO,,,,,,unidad_raw=TIRA | precio_unitario_raw=1000.0 | total_raw=15000.0
CAMA MODELO KATI DE 2X2 18/08/2025,GANCHOS,1.0,FIJO,,,,,,unidad_raw=PAR | precio_unitario_raw=20000.0 | total_raw=20000.0
CAMA MODELO KATI DE 2X2 18/08/2025,MDF DE 9,1.0,FORMULA,,,,,,precio_unitario_raw=136000.0 | total_raw=0.0
CAMA MODELO KATI DE 2X2 18/08/2025,"TORNILLOS DE 2""",197.0,ESPACIADO,,,,,,unidad_raw=Unidad | precio_unitario_raw=100.0 | total_raw=19700.0
CAMA MODELO KATI DE 2X2 18/08/2025,ebanisteria 300.000 x 5% de m.o,1.0,FORMULA,,,,,,total_raw=315000.0
CAMA MODELO KATI DE 2X2 18/08/2025,gastos de Ebanisteria e 10%,1.0,FORMULA,,,,,,total_raw=73814.0
CAMA MODELO KATI DE 2X2 18/08/2025,MADERA (2),468.0,FORMULA,,,,,,"unidad_raw=2,10X22X18= 832 2,10X20X15=630 | precio_unitario_raw=140.0 | total_raw=65520.0"
CAMA MODELO KATI DE 2X2 18/08/2025,MDF DE 3,200.0,AREA,,,,,,"unidad_raw=1 PEDAZO DE 1,20X45=54 | precio_unitario_raw=65.0 | total_raw=13000.0"
CAMA MODELO KATI DE 2X2 18/08/2025,LAM MDF 15,250.0,AREA,,,,,,"unidad_raw=1 PEDASO DE 1.25 X55=68,75 | precio_unitario_raw=210.0 | total_raw=52500.0"
CAMA MODELO KATI DE 2X2 18/08/2025,LAM MDF 7,175.0,AREA,,,,,,"unidad_raw=1 PEDASO DE 1,50X40=60 | precio_unitario_raw=130.0 | total_raw=21875.0"
CAMA MODELO KATI DE 2X2 18/08/2025,COLBON,2.0,VOLUMEN,,,,,,unidad_raw=litros | precio_unitario_raw=14000.0 | total_raw=28000.0
CAMA MODELO KATI DE 2X2 18/08/2025,GRAPAS,10.0,ESPACIADO,,,,,,unidad_raw=Unidad | precio_unitario_raw=600.0 | total_raw=6000.0
CAMA MODELO KATI DE 2X2 18/08/2025,CLAVILLOS N F 40,6.0,ESPACIADO,,,,,,unidad_raw=TIRA | precio_unitario_raw=1000.0 | total_raw=6000.0
CAMA MODELO KATI DE 2X2 18/08/2025,HECHURA,2.0,FORMULA,,,,,,unidad_raw=PAR | precio_unitario_raw=105000.0 | total_raw=210000.0
CAMA MODELO KATI DE 2X2 18/08/2025,"TORNILLOS DE 2""",30.0,ESPACIADO,,,,,,unidad_raw=Unidad | precio_unitario_raw=100.0 | total_raw=3000.0
CAMA MODELO KATI DE 2X2 18/08/2025,CORREDERAS,4.0,FORMULA,,,,,,unidad_raw=DE CIERRELENTO | precio_unitario_raw=30000.0 | total_raw=120000.0
CAMA MODELO KATI DE 2X2 18/08/2025,gastos de Ebanisteria e 5%,1.0,FORMULA,,,,,,total_raw=26294.75
CAMA MODELO KATI DE 2X2 18/08/2025,SECCION PINTURA Y PREPARADA,1.0,FORMULA,,,,,DE 2 NOCHEROS,seccion=SECCION PINTURA Y PREPARADA DE 2 NOCHEROS
CAMA MODELO KATI DE 2X2 18/08/2025,PREPARADO JOTA,2.0,FORMULA,,,,,,unidad_raw=CON EL 5% | seccion=SECCION PINTURA Y PREPARADA DE 2 NOCHEROS | precio_unitario_raw=36750.0 | total_raw=73500.0
CAMA MODELO KATI DE 2X2 18/08/2025,PINTURA ALEX,2.0,FORMULA,,,,,,unidad_raw=CON EL 5% | seccion=SECCION PINTURA Y PREPARADA DE 2 NOCHEROS | precio_unitario_raw=36750.0 | total_raw=73500.0
CAMA MODELO KATI DE 2X2 18/08/2025,SELLADOR,3.0,VOLUMEN,,,,,,unidad_raw=PISTOLADAS | seccion=SECCION PINTURA Y PREPARADA DE 2 NOCHEROS | precio_unitario_raw=18000.0 | total_raw=54000.0
CAMA MODELO KATI DE 2X2 18/08/2025,LIJA 400,2.0,FORMULA,,,,,,unidad_raw=unidades | seccion=SECCION PINTURA Y PREPARADA DE 2 NOCHEROS | precio_unitario_raw=2000.0 | total_raw=4000.0
CAMA MODELO KATI DE 2X2 18/08/2025,NITRO,0.1,VOLUMEN,,,,,,unidad_raw=galon | seccion=SECCION PINTURA Y PREPARADA DE 2 NOCHEROS | precio_unitario_raw=70000.0 | total_raw=7000.0
CAMA MODELO KATI DE 2X2 18/08/2025,VIDRIOS,1.0,FORMULA,,,,,,unidad_raw=unidad | seccion=SECCION PINTURA Y PREPARADA DE 2 NOCHEROS | precio_unitario_raw=45000.0 | total_raw=0.0
CAMA MODELO KATI DE 2X2 18/08/2025,TALCO,0.3,FORMULA,,,,,,unidad_raw=unidad | seccion=SECCION PINTURA Y PREPARADA DE 2 NOCHEROS | precio_unitario_raw=2500.0 | total_raw=750.0
CAMA MODELO KATI DE 2X2 18/08/2025,TINER,0.2,VOLUMEN,,,,,,unidad_raw=GALON | seccion=SECCION PINTURA Y PREPARADA DE 2 NOCHEROS | precio_unitario_raw=34000.0 | total_raw=6800.0
CAMA MODELO KATI DE 2X2 18/08/2025,TOPES,1.0,FORMULA,,,,,,unidad_raw=JALADORES | seccion=SECCION PINTURA Y PREPARADA DE 2 NOCHEROS | precio_unitario_raw=3000.0 | total_raw=0.0
CAMA MODELO KATI DE 2X2 18/08/2025,COLOR GRIS,2.5,VOLUMEN,,,,,,unidad_raw=PISTOLADA | seccion=SECCION PINTURA Y PREPARADA DE 2 NOCHEROS | precio_unitario_raw=22000.0 | total_raw=55000.0
CAMA MODELO KATI DE 2X2 18/08/2025,ENCINA,0.1,VOLUMEN,,,,,,unidad_raw=galon | seccion=SECCION PINTURA Y PREPARADA DE 2 NOCHEROS | precio_unitario_raw=160000.0 | total_raw=16000.0
CAMA MODELO KATI DE 2X2 18/08/2025,GASOLINA,0.2,LINEAL,,,,,,unidad_raw=ML | seccion=SECCION PINTURA Y PREPARADA DE 2 NOCHEROS | precio_unitario_raw=4500.0 | total_raw=900.0
CAMA MODELO KATI DE 2X2 18/08/2025,RESANE,0.2,VOLUMEN,,,,,,unidad_raw=LITRO | seccion=SECCION PINTURA Y PREPARADA DE 2 NOCHEROS | precio_unitario_raw=20000.0 | total_raw=4000.0
CAMA MODELO KATI DE 2X2 18/08/2025,LACA,2.0,VOLUMEN,,,,,,unidad_raw=PISTOLADA | seccion=SECCION PINTURA Y PREPARADA DE 2 NOCHEROS | precio_unitario_raw=23000.0 | total_raw=46000.0
CAMA MODELO KATI DE 2X2 18/08/2025,Gastos de Pintura 10%,1.0,FORMULA,,,,,,seccion=SECCION PINTURA Y PREPARADA DE 2 NOCHEROS | total_raw=34145.0
CAMA MODELO KATI DE 2X2 18/08/2025,SECCION PINTURA Y PREPARADA,1.0,FORMULA,,,,,DE CAMA,seccion=SECCION PINTURA Y PREPARADA DE CAMA
CAMA MODELO KATI DE 2X2 18/08/2025,PREPARADO JOTA,1.0,FORMULA,,,,,,unidad_raw=CON EL 5% | seccion=SECCION PINTURA Y PREPARADA DE CAMA | precio_unitario_raw=30000.0
CAMA MODELO KATI DE 2X2 18/08/2025,PINTURA ALEX,1.0,FORMULA,,,,,,unidad_raw=CON EL 5% | seccion=SECCION PINTURA Y PREPARADA DE CAMA | precio_unitario_raw=20000.0
CAMA MODELO KATI DE 2X2 18/08/2025,PINTURA DE PATAS ALEX,4.0,FORMULA,,,,,,seccion=SECCION PINTURA Y PREPARADA DE CAMA | precio_unitario_raw=2100.0 | total_raw=8400.0
CAMA MODELO KATI DE 2X2 18/08/2025,SELLADOR,1.0,FORMULA,,,,,,unidad_raw=PISTOLADAS | seccion=SECCION PINTURA Y PREPARADA DE CAMA | precio_unitario_raw=18000.0 | total_raw=0.0
CAMA MODELO KATI DE 2X2 18/08/2025,LIJA 400,1.0,FORMULA,,,,,,unidad_raw=unidades | seccion=SECCION PINTURA Y PREPARADA DE CAMA | precio_unitario_raw=2000.0 | total_raw=0.0
CAMA MODELO KATI DE 2X2 18/08/2025,NITRO,1.0,FORMULA,,,,,,unidad_raw=galon | seccion=SECCION PINTURA Y PREPARADA DE CAMA | total_raw=0.0
CAMA MODELO KATI DE 2X2 18/08/2025,lija 240,1.0,FORMULA,,,,,,unidad_raw=unidad | seccion=SECCION PINTURA Y PREPARADA DE CAMA | precio_unitario_raw=2000.0 | total_raw=0.0
CAMA MODELO KATI DE 2X2 18/08/2025,lija 150,1.0,FORMULA,,,,,,unidad_raw=unidad | seccion=SECCION PINTURA Y PREPARADA DE CAMA | precio_unitario_raw=2000.0 | total_raw=0.0
CAMA MODELO KATI DE 2X2 18/08/2025,LACA SEMIMATE,1.0,FORMULA,,,,,,unidad_raw=GALON | seccion=SECCION PINTURA Y PREPARADA DE CAMA | precio_unitario_raw=23000.0 | total_raw=0.0
CAMA MODELO KATI DE 2X2 18/08/2025,kerosen,1.0,FORMULA,,,,,,unidad_raw=litro | seccion=SECCION PINTURA Y PREPARADA DE CAMA | precio_unitario_raw=18000.0 | total_raw=0.0
CAMA MODELO KATI DE 2X2 18/08/2025,COLOR GRIS,1.0,FORMULA,,,,,,unidad_raw=PISTOLADA | seccion=SECCION PINTURA Y PREPARADA DE CAMA | precio_unitario_raw=19000.0 | total_raw=0.0
CAMA MODELO KATI DE 2X2 18/08/2025,TINTE MIEL,1.0,FORMULA,,,,,,unidad_raw=galon | seccion=SECCION PINTURA Y PREPARADA DE CAMA | total_raw=0.0
CAMA MODELO KATI DE 2X2 18/08/2025,GASOLINA,1.0,FORMULA,,,,,,unidad_raw=LITRO | seccion=SECCION PINTURA Y PREPARADA DE CAMA | precio_unitario_raw=4.5 | total_raw=0.0
CAMA MODELO KATI DE 2X2 18/08/2025,RESANE,1.0,FORMULA,,,,,,unidad_raw=LITRO | seccion=SECCION PINTURA Y PREPARADA DE CAMA | total_raw=0.0
CAMA MODELO KATI DE 2X2 18/08/2025,LACA,1.0,FORMULA,,,,,,unidad_raw=PISTOLADA | seccion=SECCION PINTURA Y PREPARADA DE CAMA | precio_unitario_raw=22000.0 | total_raw=0.0
CAMA MODELO KATI DE 2X2 18/08/2025,COLAPATO MADERA,210.0,LINEAL,,,,,,unidad_raw=187 CENTIMETROS | seccion=SECCION TERMINACION | precio_unitario_raw=140.0 | total_raw=29400.0
CAMA MODELO KATI DE 2X2 18/08/2025,MULTIUSO,1.0,FIJO,,,,,,unidad_raw=PAR | seccion=SECCION TERMINACION | precio_unitario_raw=6000.0 | total_raw=6000.0
CAMA MODELO KATI DE 2X2 18/08/2025,PATAS DE CAMAS,4.0,FORMULA,,,,,,unidad_raw=unidades | seccion=SECCION TERMINACION | precio_unitario_raw=17500.0 | total_raw=70000.0
CAMA MODELO KATI DE 2X2 18/08/2025,TORNILLOS,16.0,ESPACIADO,,,,,,unidad_raw=unidades | seccion=SECCION TERMINACION | precio_unitario_raw=100.0 | total_raw=1600.0
CAMA MODELO KATI DE 2X2 18/08/2025,EMBALADA,1.0,FIJO,,,,,,unidad_raw=unidades | seccion=SECCION TERMINACION | precio_unitario_raw=150000.0 | total_raw=150000.0
CAMA MODELO KATI DE 2X2 18/08/2025,SECCION TENDIDO,1.0,FORMULA,,,,,,seccion=SECCION TERMINACION | total_raw=0.0
CAMA MODELO KATI DE 2X2 18/08/2025,MADERA 60X1X4,1277.0,FORMULA,,,,,,unidad_raw=2X25X15 | seccion=SECCION TERMINACION | precio_unitario_raw=140.0 | total_raw=178780.0
CAMA MODELO KATI DE 2X2 18/08/2025,FABRICACION TENDIDO,1.0,FIJO,,,,,,unidad_raw=DE 2X2 | seccion=SECCION TERMINACION | precio_unitario_raw=42000.0 | total_raw=42000.0
CAMA MODELO KATI DE 2X2 18/08/2025,MDF DE 9,1.0,FORMULA,,,,,,unidad_raw=unidades | seccion=SECCION TERMINACION | precio_unitario_raw=140000.0 | total_raw=0.0
CAMA MODELO KATI DE 2X2 18/08/2025,COLBON,0.5,VOLUMEN,,,,,,unidad_raw=LITRO | seccion=SECCION TERMINACION | precio_unitario_raw=14000.0 | total_raw=7000.0
CAMA MODELO KATI DE 2X2 18/08/2025,"TORNILLOS DE 2""",50.0,ESPACIADO,,,,,,unidad_raw=unidades | seccion=SECCION TERMINACION | precio_unitario_raw=100.0 | total_raw=5000.0
CAMA MODELO KATI DE 2X2 18/08/2025,CLAVILLO,2.0,ESPACIADO,,,,,,unidad_raw=TIRAS | seccion=SECCION TERMINACION | precio_unitario_raw=600.0 | total_raw=1200.0
CAMA MODELO KATI DE 2X2 18/08/2025,PEOPE,2.0,LINEAL,,,,,,unidad_raw=METROS | seccion=SECCION TERMINACION | precio_unitario_raw=3500.0 | total_raw=7000.0
CAMA MODELO KATI DE 2X2 18/08/2025,TELA,10.0,AREA,,,,,,unidad_raw=METROS | seccion=SECCION TAPICERIA | precio_unitario_raw=34000.0 | total_raw=340000.0
CAMA MODELO KATI DE 2X2 18/08/2025,BARILLA TRIPA POLLO,1.0,FORMULA,,,,,,seccion=SECCION TAPICERIA | precio_unitario_raw=15000.0 | total_raw=0.0
CAMA MODELO KATI DE 2X2 18/08/2025,GAZATA,0.16,LINEAL,,,,,,unidad_raw=METROS | seccion=SECCION TAPICERIA | precio_unitario_raw=53000.0 | total_raw=8480.0
CAMA MODELO KATI DE 2X2 18/08/2025,COLARATA,4.8,LINEAL,,,,,,unidad_raw=METROS | seccion=SECCION TAPICERIA | precio_unitario_raw=1000.0 | total_raw=4800.0
CAMA MODELO KATI DE 2X2 18/08/2025,GRAPAS,0.5,ESPACIADO,,,,,,unidad_raw=CAJA DE GRAPAS | seccion=SECCION TAPICERIA | precio_unitario_raw=12000.0 | total_raw=6000.0
CAMA MODELO KATI DE 2X2 18/08/2025,ESPUMA AZUL DE 2 PULGADAS,1.0,AREA,,,,,,unidad_raw=LAMINA | seccion=SECCION TAPICERIA | precio_unitario_raw=41000.0 | total_raw=41000.0
CAMA MODELO KATI DE 2X2 18/08/2025,"TORNILLOS DE 1 1/2""",30.0,ESPACIADO,,,,,,unidad_raw=UNIDADES | seccion=SECCION TAPICERIA | precio_unitario_raw=100.0 | total_raw=3000.0
CAMA MODELO KATI DE 2X2 18/08/2025,ESPUMA DE 1 1/2PULGADA ROSADA,1.0,AREA,,,,,,unidad_raw=UNIDADES | seccion=SECCION TAPICERIA | precio_unitario_raw=30000.0 | total_raw=30000.0
CAMA MODELO KATI DE 2X2 18/08/2025,ESPUMA DE 1. BLANCA,1.0,AREA,,,,,,unidad_raw=UNIDADES | seccion=SECCION TAPICERIA | precio_unitario_raw=12500.0 | total_raw=12500.0
CAMA MODELO KATI DE 2X2 18/08/2025,"ESPUMA BLANCA DE 1,1/2",1.0,AREA,,,,,,unidad_raw=UNIDAD | seccion=SECCION TAPICERIA | precio_unitario_raw=18700.0 | total_raw=18700.0
CAMA MODELO KATI DE 2X2 18/08/2025,CARTON,1.8,LINEAL,,,,,,unidad_raw=MTS | seccion=SECCION TAPICERIA | precio_unitario_raw=5000.0 | total_raw=9000.0
CAMA MODELO KATI DE 2X2 18/08/2025,COSTAL,5.0,AREA,,,,,,unidad_raw=METROS | seccion=SECCION TAPICERIA | precio_unitario_raw=4000.0 | total_raw=20000.0
CAMA MODELO KATI DE 2X2 18/08/2025,LENCILLO,1.5,LINEAL,,,,,,unidad_raw=METROS | seccion=SECCION TAPICERIA | precio_unitario_raw=4000.0 | total_raw=6000.0
CAMA MODELO KATI DE 2X2 18/08/2025,HILO,0.5,FORMULA,,,,,,seccion=SECCION TAPICERIA | precio_unitario_raw=25000.0 | total_raw=12500.0
CAMA MODELO KATI DE 2X2 18/08/2025,PICADILLO,1.0,FORMULA,,,,,,unidad_raw=KILO | seccion=SECCION TAPICERIA | precio_unitario_raw=15000.0 | total_raw=0.0
CAMA MODELO KATI DE 2X2 18/08/2025,SUPER,0.2,VOLUMEN,,,,,,unidad_raw=LITRO | seccion=SECCION TAPICERIA | precio_unitario_raw=15000.0 | total_raw=3000.0
CAMA MODELO KATI DE 2X2 18/08/2025,ALGODON,1.0,FORMULA,,,,,,unidad_raw=CM | seccion=SECCION TAPICERIA | precio_unitario_raw=15000.0 | total_raw=0.0
CAMA MODELO KATI DE 2X2 18/08/2025,HECHURA,1.0,FIJO,,,,,,seccion=SECCION TAPICERIA | precio_unitario_raw=210000.0 | total_raw=210000.0
CAMA MODELO KATI DE 2X2 18/08/2025,CASQUETES,1.0,FORMULA,,,,,,unidad_raw=UNIDADES | seccion=SECCION TAPICERIA | precio_unitario_raw=600.0 | total_raw=0.0
CAMA MODELO TABAY DE 2X2 18/08/2025,MADERA (2),1400.0,FORMULA,,,,,,unidad_raw=APAMATE | precio_unitario_raw=140.0 | total_raw=196000.0
CAMA MODELO TABAY DE 2X2 18/08/2025,"MDF DE 2,7",0.2,AREA,,,,,,unidad_raw=3 PEASOS DE 49X49 | precio_unitario_raw=65000.0 | total_raw=13000.0
CAMA MODELO TABAY DE 2X2 18/08/2025,INDUPLAX,0.0,AREA,,,,,,unidad_raw=Unidad | precio_unitario_raw=160000.0 | total_raw=0.0
CAMA MODELO TABAY DE 2X2 18/08/2025,LAMINA DE 15,1.0,FORMULA,,,,,,unidad_raw=Unidad | precio_unitario_raw=210000.0 | total_raw=0.0
CAMA MODELO TABAY DE 2X2 18/08/2025,SUPER,1.0,FORMULA,,,,,,unidad_raw=LITROS | precio_unitario_raw=19000.0 | total_raw=0.0
CAMA MODELO TABAY DE 2X2 18/08/2025,COLBON,1.0,VOLUMEN,,,,,,unidad_raw=LITROS | precio_unitario_raw=14000.0 | total_raw=14000.0
CAMA MODELO TABAY DE 2X2 18/08/2025,GRAPAS,15.0,ESPACIADO,,,,,,unidad_raw=Unidad | precio_unitario_raw=600.0 | total_raw=9000.0
CAMA MODELO TABAY DE 2X2 18/08/2025,CORREDERAS,1.0,FIJO,,,,,,unidad_raw=UNITARIO | precio_unitario_raw=30000.0 | total_raw=0.0
CAMA MODELO TABAY DE 2X2 18/08/2025,CLAVILLOS,15.0,ESPACIADO,,,,,,unidad_raw=TIRA | precio_unitario_raw=1000.0 | total_raw=15000.0
CAMA MODELO TABAY DE 2X2 18/08/2025,GANCHOS,1.0,FIJO,,,,,,unidad_raw=PAR | precio_unitario_raw=20000.0 | total_raw=20000.0
CAMA MODELO TABAY DE 2X2 18/08/2025,MDF DE 9,1.0,FORMULA,,,,,,precio_unitario_raw=136000.0 | total_raw=0.0
CAMA MODELO TABAY DE 2X2 18/08/2025,"TORNILLOS DE 2""",197.0,ESPACIADO,,,,,,unidad_raw=Unidad | precio_unitario_raw=100.0 | total_raw=19700.0
CAMA MODELO TABAY DE 2X2 18/08/2025,ebanisteria 300.000 x 5% de m.o,1.0,FORMULA,,,,,,total_raw=315000.0
CAMA MODELO TABAY DE 2X2 18/08/2025,gastos de Ebanisteria e 10%,1.0,FORMULA,,,,,,total_raw=73814.0
CAMA MODELO TABAY DE 2X2 18/08/2025,MADERA (2),468.0,FORMULA,,,,,,"unidad_raw=2,10X22X18= 832 2,10X20X15=630 | precio_unitario_raw=140.0 | total_raw=65520.0"
CAMA MODELO TABAY DE 2X2 18/08/2025,MDF DE 3,200.0,AREA,,,,,,"unidad_raw=1 PEDAZO DE 1,20X45=54 | precio_unitario_raw=65.0 | total_raw=13000.0"
CAMA MODELO TABAY DE 2X2 18/08/2025,LAM MDF 15,250.0,AREA,,,,,,"unidad_raw=1 PEDASO DE 1.25 X55=68,75 | precio_unitario_raw=210.0 | total_raw=52500.0"
CAMA MODELO TABAY DE 2X2 18/08/2025,LAM MDF 7,175.0,AREA,,,,,,"unidad_raw=1 PEDASO DE 1,50X40=60 | precio_unitario_raw=130.0 | total_raw=21875.0"
CAMA MODELO TABAY DE 2X2 18/08/2025,COLBON,2.0,VOLUMEN,,,,,,unidad_raw=litros | precio_unitario_raw=14000.0 | total_raw=28000.0
CAMA MODELO TABAY DE 2X2 18/08/2025,GRAPAS,10.0,ESPACIADO,,,,,,unidad_raw=Unidad | precio_unitario_raw=600.0 | total_raw=6000.0
CAMA MODELO TABAY DE 2X2 18/08/2025,CLAVILLOS N F 40,6.0,ESPACIADO,,,,,,unidad_raw=TIRA | precio_unitario_raw=1000.0 | total_raw=6000.0
CAMA MODELO TABAY DE 2X2 18/08/2025,HECHURA,2.0,FORMULA,,,,,,unidad_raw=PAR | precio_unitario_raw=105000.0 | total_raw=210000.0
CAMA MODELO TABAY DE 2X2 18/08/2025,"TORNILLOS DE 2""",30.0,ESPACIADO,,,,,,unidad_raw=Unidad | precio_unitario_raw=100.0 | total_raw=3000.0
CAMA MODELO TABAY DE 2X2 18/08/2025,CORREDERAS,4.0,FORMULA,,,,,,unidad_raw=DE CIERRELENTO | precio_unitario_raw=30000.0 | total_raw=120000.0
CAMA MODELO TABAY DE 2X2 18/08/2025,gastos de Ebanisteria e 5%,1.0,FORMULA,,,,,,total_raw=26294.75
CAMA MODELO TABAY DE 2X2 18/08/2025,SECCION PINTURA Y PREPARADA,1.0,FORMULA,,,,,DE 2 NOCHEROS,seccion=SECCION PINTURA Y PREPARADA DE 2 NOCHEROS
CAMA MODELO TABAY DE 2X2 18/08/2025,PREPARADO JOTA,2.0,FORMULA,,,,,,unidad_raw=CON EL 5% | seccion=SECCION PINTURA Y PREPARADA DE 2 NOCHEROS | precio_unitario_raw=36750.0 | total_raw=73500.0
CAMA MODELO TABAY DE 2X2 18/08/2025,PINTURA ALEX,2.0,FORMULA,,,,,,unidad_raw=CON EL 5% | seccion=SECCION PINTURA Y PREPARADA DE 2 NOCHEROS | precio_unitario_raw=36750.0 | total_raw=73500.0
CAMA MODELO TABAY DE 2X2 18/08/2025,SELLADOR,3.0,VOLUMEN,,,,,,unidad_raw=PISTOLADAS | seccion=SECCION PINTURA Y PREPARADA DE 2 NOCHEROS | precio_unitario_raw=18000.0 | total_raw=54000.0
CAMA MODELO TABAY DE 2X2 18/08/2025,LIJA 400,2.0,FORMULA,,,,,,unidad_raw=unidades | seccion=SECCION PINTURA Y PREPARADA DE 2 NOCHEROS | precio_unitario_raw=2000.0 | total_raw=4000.0
CAMA MODELO TABAY DE 2X2 18/08/2025,NITRO,0.1,VOLUMEN,,,,,,unidad_raw=galon | seccion=SECCION PINTURA Y PREPARADA DE 2 NOCHEROS | precio_unitario_raw=70000.0 | total_raw=7000.0
CAMA MODELO TABAY DE 2X2 18/08/2025,VIDRIOS,1.0,FORMULA,,,,,,unidad_raw=unidad | seccion=SECCION PINTURA Y PREPARADA DE 2 NOCHEROS | precio_unitario_raw=45000.0 | total_raw=0.0
CAMA MODELO TABAY DE 2X2 18/08/2025,TALCO,0.3,FORMULA,,,,,,unidad_raw=unidad | seccion=SECCION PINTURA Y PREPARADA DE 2 NOCHEROS | precio_unitario_raw=2500.0 | total_raw=750.0
CAMA MODELO TABAY DE 2X2 18/08/2025,TINER,0.2,VOLUMEN,,,,,,unidad_raw=GALON | seccion=SECCION PINTURA Y PREPARADA DE 2 NOCHEROS | precio_unitario_raw=34000.0 | total_raw=6800.0
CAMA MODELO TABAY DE 2X2 18/08/2025,TOPES,1.0,FORMULA,,,,,,unidad_raw=JALADORES | seccion=SECCION PINTURA Y PREPARADA DE 2 NOCHEROS | precio_unitario_raw=3000.0 | total_raw=0.0
CAMA MODELO TABAY DE 2X2 18/08/2025,COLOR GRIS,2.5,VOLUMEN,,,,,,unidad_raw=PISTOLADA | seccion=SECCION PINTURA Y PREPARADA DE 2 NOCHEROS | precio_unitario_raw=22000.0 | total_raw=55000.0
CAMA MODELO TABAY DE 2X2 18/08/2025,ENCINA,0.1,VOLUMEN,,,,,,unidad_raw=galon | seccion=SECCION PINTURA Y PREPARADA DE 2 NOCHEROS | precio_unitario_raw=160000.0 | total_raw=16000.0
CAMA MODELO TABAY DE 2X2 18/08/2025,GASOLINA,0.2,LINEAL,,,,,,unidad_raw=ML | seccion=SECCION PINTURA Y PREPARADA DE 2 NOCHEROS | precio_unitario_raw=4500.0 | total_raw=900.0
CAMA MODELO TABAY DE 2X2 18/08/2025,RESANE,0.2,VOLUMEN,,,,,,unidad_raw=LITRO | seccion=SECCION PINTURA Y PREPARADA DE 2 NOCHEROS | precio_unitario_raw=20000.0 | total_raw=4000.0
CAMA MODELO TABAY DE 2X2 18/08/2025,LACA,2.0,VOLUMEN,,,,,,unidad_raw=PISTOLADA | seccion=SECCION PINTURA Y PREPARADA DE 2 NOCHEROS | precio_unitario_raw=23000.0 | total_raw=46000.0
CAMA MODELO TABAY DE 2X2 18/08/2025,Gastos de Pintura 10%,1.0,FORMULA,,,,,,seccion=SECCION PINTURA Y PREPARADA DE 2 NOCHEROS | total_raw=34145.0
CAMA MODELO TABAY DE 2X2 18/08/2025,SECCION PINTURA Y PREPARADA,1.0,FORMULA,,,,,DE CAMA,seccion=SECCION PINTURA Y PREPARADA DE CAMA
CAMA MODELO TABAY DE 2X2 18/08/2025,PREPARADO JOTA,1.0,FORMULA,,,,,,unidad_raw=CON EL 5% | seccion=SECCION PINTURA Y PREPARADA DE CAMA | precio_unitario_raw=30000.0
CAMA MODELO TABAY DE 2X2 18/08/2025,PINTURA ALEX,1.0,FORMULA,,,,,,unidad_raw=CON EL 5% | seccion=SECCION PINTURA Y PREPARADA DE CAMA | precio_unitario_raw=20000.0
CAMA MODELO TABAY DE 2X2 18/08/2025,PINTURA DE PATAS ALEX,4.0,FORMULA,,,,,,seccion=SECCION PINTURA Y PREPARADA DE CAMA | precio_unitario_raw=2100.0 | total_raw=8400.0
CAMA MODELO TABAY DE 2X2 18/08/2025,SELLADOR,1.0,FORMULA,,,,,,unidad_raw=PISTOLADAS | seccion=SECCION PINTURA Y PREPARADA DE CAMA | precio_unitario_raw=18000.0 | total_raw=0.0
CAMA MODELO TABAY DE 2X2 18/08/2025,LIJA 400,1.0,FORMULA,,,,,,unidad_raw=unidades | seccion=SECCION PINTURA Y PREPARADA DE CAMA | precio_unitario_raw=2000.0 | total_raw=0.0
CAMA MODELO TABAY DE 2X2 18/08/2025,NITRO,1.0,FORMULA,,,,,,unidad_raw=galon | seccion=SECCION PINTURA Y PREPARADA DE CAMA | total_raw=0.0
CAMA MODELO TABAY DE 2X2 18/08/2025,lija 240,1.0,FORMULA,,,,,,unidad_raw=unidad | seccion=SECCION PINTURA Y PREPARADA DE CAMA | precio_unitario_raw=2000.0 | total_raw=0.0
CAMA MODELO TABAY DE 2X2 18/08/2025,lija 150,1.0,FORMULA,,,,,,unidad_raw=unidad | seccion=SECCION PINTURA Y PREPARADA DE CAMA | precio_unitario_raw=2000.0 | total_raw=0.0
CAMA MODELO TABAY DE 2X2 18/08/2025,LACA SEMIMATE,1.0,FORMULA,,,,,,unidad_raw=GALON | seccion=SECCION PINTURA Y PREPARADA DE CAMA | precio_unitario_raw=23000.0 | total_raw=0.0
CAMA MODELO TABAY DE 2X2 18/08/2025,kerosen,1.0,FORMULA,,,,,,unidad_raw=litro | seccion=SECCION PINTURA Y PREPARADA DE CAMA | precio_unitario_raw=18000.0 | total_raw=0.0
CAMA MODELO TABAY DE 2X2 18/08/2025,COLOR GRIS,1.0,FORMULA,,,,,,unidad_raw=PISTOLADA | seccion=SECCION PINTURA Y PREPARADA DE CAMA | precio_unitario_raw=19000.0 | total_raw=0.0
CAMA MODELO TABAY DE 2X2 18/08/2025,TINTE MIEL,1.0,FORMULA,,,,,,unidad_raw=galon | seccion=SECCION PINTURA Y PREPARADA DE CAMA | total_raw=0.0
CAMA MODELO TABAY DE 2X2 18/08/2025,GASOLINA,1.0,FORMULA,,,,,,unidad_raw=LITRO | seccion=SECCION PINTURA Y PREPARADA DE CAMA | precio_unitario_raw=4.5 | total_raw=0.0
CAMA MODELO TABAY DE 2X2 18/08/2025,RESANE,1.0,FORMULA,,,,,,unidad_raw=LITRO | seccion=SECCION PINTURA Y PREPARADA DE CAMA | total_raw=0.0
CAMA MODELO TABAY DE 2X2 18/08/2025,LACA,1.0,FORMULA,,,,,,unidad_raw=PISTOLADA | seccion=SECCION PINTURA Y PREPARADA DE CAMA | precio_unitario_raw=22000.0 | total_raw=0.0
CAMA MODELO TABAY DE 2X2 18/08/2025,COLAPATO MADERA,210.0,LINEAL,,,,,,unidad_raw=187 CENTIMETROS | seccion=SECCION TERMINACION | precio_unitario_raw=140.0 | total_raw=29400.0
CAMA MODELO TABAY DE 2X2 18/08/2025,MULTIUSO,1.0,FIJO,,,,,,unidad_raw=PAR | seccion=SECCION TERMINACION | precio_unitario_raw=6000.0 | total_raw=6000.0
CAMA MODELO TABAY DE 2X2 18/08/2025,PATAS DE CAMAS,4.0,FORMULA,,,,,,unidad_raw=unidades | seccion=SECCION TERMINACION | precio_unitario_raw=17500.0 | total_raw=70000.0
CAMA MODELO TABAY DE 2X2 18/08/2025,TORNILLOS,16.0,ESPACIADO,,,,,,unidad_raw=unidades | seccion=SECCION TERMINACION | precio_unitario_raw=100.0 | total_raw=1600.0
CAMA MODELO TABAY DE 2X2 18/08/2025,EMBALADA,1.0,FIJO,,,,,,unidad_raw=unidades | seccion=SECCION TERMINACION | precio_unitario_raw=150000.0 | total_raw=150000.0
CAMA MODELO TABAY DE 2X2 18/08/2025,SECCION TENDIDO,1.0,FORMULA,,,,,,seccion=SECCION TERMINACION | total_raw=0.0
CAMA MODELO TABAY DE 2X2 18/08/2025,MADERA 60X1X4,1277.0,FORMULA,,,,,,unidad_raw=2X25X15 | seccion=SECCION TERMINACION | precio_unitario_raw=140.0 | total_raw=178780.0
CAMA MODELO TABAY DE 2X2 18/08/2025,FABRICACION TENDIDO,1.0,FIJO,,,,,,unidad_raw=DE 2X2 | seccion=SECCION TERMINACION | precio_unitario_raw=42000.0 | total_raw=42000.0
CAMA MODELO TABAY DE 2X2 18/08/2025,MDF DE 9,1.0,FORMULA,,,,,,unidad_raw=unidades | seccion=SECCION TERMINACION | precio_unitario_raw=140000.0 | total_raw=0.0
CAMA MODELO TABAY DE 2X2 18/08/2025,COLBON,0.5,VOLUMEN,,,,,,unidad_raw=LITRO | seccion=SECCION TERMINACION | precio_unitario_raw=14000.0 | total_raw=7000.0
CAMA MODELO TABAY DE 2X2 18/08/2025,"TORNILLOS DE 2""",50.0,ESPACIADO,,,,,,unidad_raw=unidades | seccion=SECCION TERMINACION | precio_unitario_raw=100.0 | total_raw=5000.0
CAMA MODELO TABAY DE 2X2 18/08/2025,CLAVILLO,2.0,ESPACIADO,,,,,,unidad_raw=TIRAS | seccion=SECCION TERMINACION | precio_unitario_raw=600.0 | total_raw=1200.0
CAMA MODELO TABAY DE 2X2 18/08/2025,PEOPE,2.0,LINEAL,,,,,,unidad_raw=METROS | seccion=SECCION TERMINACION | precio_unitario_raw=3500.0 | total_raw=7000.0
CAMA MODELO TABAY DE 2X2 18/08/2025,TELA,10.0,AREA,,,,,,unidad_raw=METROS | seccion=SECCION TAPICERIA | precio_unitario_raw=34000.0 | total_raw=340000.0
CAMA MODELO TABAY DE 2X2 18/08/2025,BARILLA TRIPA POLLO,1.0,FORMULA,,,,,,seccion=SECCION TAPICERIA | precio_unitario_raw=15000.0 | total_raw=0.0
CAMA MODELO TABAY DE 2X2 18/08/2025,COLARATA,4.8,LINEAL,,,,,,unidad_raw=METROS | seccion=SECCION TAPICERIA | precio_unitario_raw=1000.0 | total_raw=4800.0
CAMA MODELO TABAY DE 2X2 18/08/2025,GRAPAS,0.5,ESPACIADO,,,,,,unidad_raw=CAJA DE GRAPAS | seccion=SECCION TAPICERIA | precio_unitario_raw=12000.0 | total_raw=6000.0
CAMA MODELO TABAY DE 2X2 18/08/2025,"ESPUMA AZUL DE 1,5 PULGADAS",1.0,AREA,,,,,,unidad_raw=LAMINA | seccion=SECCION TAPICERIA | precio_unitario_raw=17000.0 | total_raw=17000.0
CAMA MODELO TABAY DE 2X2 18/08/2025,"TORNILLOS DE 1 1/2""",30.0,ESPACIADO,,,,,,unidad_raw=UNIDADES | seccion=SECCION TAPICERIA | precio_unitario_raw=100.0 | total_raw=3000.0
CAMA MODELO TABAY DE 2X2 18/08/2025,ESPUMA DE 1 1/2PULGADA ROSADA,1.5,AREA,,,,,,unidad_raw=UNIDADES | seccion=SECCION TAPICERIA | precio_unitario_raw=30000.0 | total_raw=45000.0
CAMA MODELO TABAY DE 2X2 18/08/2025,ESPUMA BLANCA DE 1/2,1.0,AREA,,,,,,unidad_raw=UNIDAD | seccion=SECCION TAPICERIA | precio_unitario_raw=12500.0 | total_raw=12500.0
CAMA MODELO TABAY DE 2X2 18/08/2025,CARTON,1.0,LINEAL,,,,,,unidad_raw=MTS | seccion=SECCION TAPICERIA | precio_unitario_raw=5000.0 | total_raw=5000.0
CAMA MODELO TABAY DE 2X2 18/08/2025,COSTAL,4.0,AREA,,,,,,unidad_raw=METROS | seccion=SECCION TAPICERIA | precio_unitario_raw=4000.0 | total_raw=16000.0
CAMA MODELO TABAY DE 2X2 18/08/2025,LENCILLO,2.5,LINEAL,,,,,,unidad_raw=METROS | seccion=SECCION TAPICERIA | precio_unitario_raw=4000.0 | total_raw=10000.0
CAMA MODELO TABAY DE 2X2 18/08/2025,HILO,0.5,FORMULA,,,,,,seccion=SECCION TAPICERIA | precio_unitario_raw=25000.0 | total_raw=12500.0
CAMA MODELO TABAY DE 2X2 18/08/2025,PICADILLO,1.5,FORMULA,,,,,,unidad_raw=KILO | seccion=SECCION TAPICERIA | precio_unitario_raw=15000.0 | total_raw=22500.0
CAMA MODELO TABAY DE 2X2 18/08/2025,SUPER,0.2,VOLUMEN,,,,,,unidad_raw=LITRO | seccion=SECCION TAPICERIA | precio_unitario_raw=15000.0 | total_raw=3000.0
CAMA MODELO TABAY DE 2X2 18/08/2025,ALGODON,2.0,LINEAL,,,,,,unidad_raw=CM | seccion=SECCION TAPICERIA | precio_unitario_raw=15000.0 | total_raw=30000.0
CAMA MODELO TABAY DE 2X2 18/08/2025,HECHURA,1.0,FIJO,,,,,,seccion=SECCION TAPICERIA | precio_unitario_raw=210000.0 | total_raw=210000.0
CAMA MODELO TABAY DE 2X2 18/08/2025,CASQUETES,36.0,FORMULA,,,,,,unidad_raw=UNIDADES | seccion=SECCION TAPICERIA | precio_unitario_raw=600.0 | total_raw=21600.0
CAMA MODELO GRECIA DE 2X2 18/08/2025,MADERA (2),1651.0,FORMULA,,,,,,unidad_raw=APAMATE | precio_unitario_raw=140.0 | total_raw=231140.0
CAMA MODELO GRECIA DE 2X2 18/08/2025,"MDF DE 2,7",0.66,AREA,,,,,,unidad_raw=3 PEASOS DE 49X49 | precio_unitario_raw=65000.0 | total_raw=42900.0
CAMA MODELO GRECIA DE 2X2 18/08/2025,INDUPLAX,0.0,AREA,,,,,,unidad_raw=Unidad | precio_unitario_raw=160000.0 | total_raw=0.0
CAMA MODELO GRECIA DE 2X2 18/08/2025,LAMINA DE 15,0.34,AREA,,,,,,unidad_raw=Unidad | precio_unitario_raw=210000.0 | total_raw=71400.0
CAMA MODELO GRECIA DE 2X2 18/08/2025,SUPER,1.0,FORMULA,,,,,,unidad_raw=LITROS | precio_unitario_raw=19000.0 | total_raw=0.0
CAMA MODELO GRECIA DE 2X2 18/08/2025,COLBON,1.0,VOLUMEN,,,,,,unidad_raw=LITROS | precio_unitario_raw=14000.0 | total_raw=14000.0
CAMA MODELO GRECIA DE 2X2 18/08/2025,GRAPAS,15.0,ESPACIADO,,,,,,unidad_raw=Unidad | precio_unitario_raw=600.0 | total_raw=9000.0
CAMA MODELO GRECIA DE 2X2 18/08/2025,CORREDERAS,1.0,FIJO,,,,,,unidad_raw=UNITARIO | precio_unitario_raw=30000.0 | total_raw=0.0
CAMA MODELO GRECIA DE 2X2 18/08/2025,CLAVILLOS,15.0,ESPACIADO,,,,,,unidad_raw=TIRA | precio_unitario_raw=1000.0 | total_raw=15000.0
CAMA MODELO GRECIA DE 2X2 18/08/2025,GANCHOS,1.0,FIJO,,,,,,unidad_raw=PAR | precio_unitario_raw=20000.0 | total_raw=20000.0
CAMA MODELO GRECIA DE 2X2 18/08/2025,MDF DE 9,1.0,FORMULA,,,,,,precio_unitario_raw=136000.0 | total_raw=0.0
CAMA MODELO GRECIA DE 2X2 18/08/2025,"TORNILLOS DE 2""",197.0,ESPACIADO,,,,,,unidad_raw=Unidad | precio_unitario_raw=100.0 | total_raw=19700.0
CAMA MODELO GRECIA DE 2X2 18/08/2025,ebanisteria 300.000 x 5% de m.o,1.0,FORMULA,,,,,,total_raw=315000.0
CAMA MODELO GRECIA DE 2X2 18/08/2025,gastos de Ebanisteria e 10%,1.0,FORMULA,,,,,,total_raw=73814.0
CAMA MODELO GRECIA DE 2X2 18/08/2025,MADERA (2),468.0,FORMULA,,,,,,"unidad_raw=2,10X22X18= 832 2,10X20X15=630 | precio_unitario_raw=140.0 | total_raw=65520.0"
CAMA MODELO GRECIA DE 2X2 18/08/2025,MDF DE 3,200.0,AREA,,,,,,"unidad_raw=1 PEDAZO DE 1,20X45=54 | precio_unitario_raw=65.0 | total_raw=13000.0"
CAMA MODELO GRECIA DE 2X2 18/08/2025,LAM MDF 15,250.0,AREA,,,,,,"unidad_raw=1 PEDASO DE 1.25 X55=68,75 | precio_unitario_raw=210.0 | total_raw=52500.0"
CAMA MODELO GRECIA DE 2X2 18/08/2025,LAM MDF 7,175.0,AREA,,,,,,"unidad_raw=1 PEDASO DE 1,50X40=60 | precio_unitario_raw=130.0 | total_raw=21875.0"
CAMA MODELO GRECIA DE 2X2 18/08/2025,COLBON,2.0,VOLUMEN,,,,,,unidad_raw=litros | precio_unitario_raw=14000.0 | total_raw=28000.0
CAMA MODELO GRECIA DE 2X2 18/08/2025,GRAPAS,10.0,ESPACIADO,,,,,,unidad_raw=Unidad | precio_unitario_raw=600.0 | total_raw=6000.0
CAMA MODELO GRECIA DE 2X2 18/08/2025,CLAVILLOS N F 40,6.0,ESPACIADO,,,,,,unidad_raw=TIRA | precio_unitario_raw=1000.0 | total_raw=6000.0
CAMA MODELO GRECIA DE 2X2 18/08/2025,HECHURA,2.0,FORMULA,,,,,,unidad_raw=PAR | precio_unitario_raw=105000.0 | total_raw=210000.0
CAMA MODELO GRECIA DE 2X2 18/08/2025,"TORNILLOS DE 2""",30.0,ESPACIADO,,,,,,unidad_raw=Unidad | precio_unitario_raw=100.0 | total_raw=3000.0
CAMA MODELO GRECIA DE 2X2 18/08/2025,CORREDERAS,4.0,FORMULA,,,,,,unidad_raw=DE CIERRELENTO | precio_unitario_raw=30000.0 | total_raw=120000.0
CAMA MODELO GRECIA DE 2X2 18/08/2025,gastos de Ebanisteria e 5%,1.0,FORMULA,,,,,,total_raw=26294.75
CAMA MODELO GRECIA DE 2X2 18/08/2025,SECCION PINTURA Y PREPARADA,1.0,FORMULA,,,,,DE 2 NOCHEROS,seccion=SECCION PINTURA Y PREPARADA DE 2 NOCHEROS
CAMA MODELO GRECIA DE 2X2 18/08/2025,PREPARADO JOTA,2.0,FORMULA,,,,,,unidad_raw=CON EL 5% | seccion=SECCION PINTURA Y PREPARADA DE 2 NOCHEROS | precio_unitario_raw=36750.0 | total_raw=73500.0
CAMA MODELO GRECIA DE 2X2 18/08/2025,PINTURA ALEX,2.0,FORMULA,,,,,,unidad_raw=CON EL 5% | seccion=SECCION PINTURA Y PREPARADA DE 2 NOCHEROS | precio_unitario_raw=36750.0 | total_raw=73500.0
CAMA MODELO GRECIA DE 2X2 18/08/2025,SELLADOR,3.0,VOLUMEN,,,,,,unidad_raw=PISTOLADAS | seccion=SECCION PINTURA Y PREPARADA DE 2 NOCHEROS | precio_unitario_raw=18000.0 | total_raw=54000.0
CAMA MODELO GRECIA DE 2X2 18/08/2025,LIJA 400,2.0,FORMULA,,,,,,unidad_raw=unidades | seccion=SECCION PINTURA Y PREPARADA DE 2 NOCHEROS | precio_unitario_raw=2000.0 | total_raw=4000.0
CAMA MODELO GRECIA DE 2X2 18/08/2025,NITRO,0.1,VOLUMEN,,,,,,unidad_raw=galon | seccion=SECCION PINTURA Y PREPARADA DE 2 NOCHEROS | precio_unitario_raw=70000.0 | total_raw=7000.0
CAMA MODELO GRECIA DE 2X2 18/08/2025,VIDRIOS,1.0,FORMULA,,,,,,unidad_raw=unidad | seccion=SECCION PINTURA Y PREPARADA DE 2 NOCHEROS | precio_unitario_raw=45000.0 | total_raw=0.0
CAMA MODELO GRECIA DE 2X2 18/08/2025,TALCO,0.3,FORMULA,,,,,,unidad_raw=unidad | seccion=SECCION PINTURA Y PREPARADA DE 2 NOCHEROS | precio_unitario_raw=2500.0 | total_raw=750.0
CAMA MODELO GRECIA DE 2X2 18/08/2025,TINER,0.2,VOLUMEN,,,,,,unidad_raw=GALON | seccion=SECCION PINTURA Y PREPARADA DE 2 NOCHEROS | precio_unitario_raw=34000.0 | total_raw=6800.0
CAMA MODELO GRECIA DE 2X2 18/08/2025,TOPES,1.0,FORMULA,,,,,,unidad_raw=JALADORES | seccion=SECCION PINTURA Y PREPARADA DE 2 NOCHEROS | precio_unitario_raw=3000.0 | total_raw=0.0
CAMA MODELO GRECIA DE 2X2 18/08/2025,COLOR GRIS,2.5,VOLUMEN,,,,,,unidad_raw=PISTOLADA | seccion=SECCION PINTURA Y PREPARADA DE 2 NOCHEROS | precio_unitario_raw=22000.0 | total_raw=55000.0
CAMA MODELO GRECIA DE 2X2 18/08/2025,ENCINA,0.1,VOLUMEN,,,,,,unidad_raw=galon | seccion=SECCION PINTURA Y PREPARADA DE 2 NOCHEROS | precio_unitario_raw=160000.0 | total_raw=16000.0
CAMA MODELO GRECIA DE 2X2 18/08/2025,GASOLINA,0.2,LINEAL,,,,,,unidad_raw=ML | seccion=SECCION PINTURA Y PREPARADA DE 2 NOCHEROS | precio_unitario_raw=4500.0 | total_raw=900.0
CAMA MODELO GRECIA DE 2X2 18/08/2025,RESANE,0.2,VOLUMEN,,,,,,unidad_raw=LITRO | seccion=SECCION PINTURA Y PREPARADA DE 2 NOCHEROS | precio_unitario_raw=20000.0 | total_raw=4000.0
CAMA MODELO GRECIA DE 2X2 18/08/2025,LACA,2.0,VOLUMEN,,,,,,unidad_raw=PISTOLADA | seccion=SECCION PINTURA Y PREPARADA DE 2 NOCHEROS | precio_unitario_raw=23000.0 | total_raw=46000.0
CAMA MODELO GRECIA DE 2X2 18/08/2025,Gastos de Pintura 10%,1.0,FORMULA,,,,,,seccion=SECCION PINTURA Y PREPARADA DE 2 NOCHEROS | total_raw=34145.0
CAMA MODELO GRECIA DE 2X2 18/08/2025,SECCION PINTURA Y PREPARADA,1.0,FORMULA,,,,,DE CAMA,seccion=SECCION PINTURA Y PREPARADA DE CAMA
CAMA MODELO GRECIA DE 2X2 18/08/2025,PREPARADO JOTA,1.0,FORMULA,,,,,,unidad_raw=CON EL 5% | seccion=SECCION PINTURA Y PREPARADA DE CAMA | precio_unitario_raw=30000.0
CAMA MODELO GRECIA DE 2X2 18/08/2025,PINTURA ALEX,1.0,FORMULA,,,,,,unidad_raw=CON EL 5% | seccion=SECCION PINTURA Y PREPARADA DE CAMA | precio_unitario_raw=20000.0
CAMA MODELO GRECIA DE 2X2 18/08/2025,PINTURA DE PATAS ALEX,4.0,FORMULA,,,,,,seccion=SECCION PINTURA Y PREPARADA DE CAMA | precio_unitario_raw=2100.0 | total_raw=8400.0
CAMA MODELO GRECIA DE 2X2 18/08/2025,SELLADOR,1.0,FORMULA,,,,,,unidad_raw=PISTOLADAS | seccion=SECCION PINTURA Y PREPARADA DE CAMA | precio_unitario_raw=18000.0 | total_raw=0.0
CAMA MODELO GRECIA DE 2X2 18/08/2025,LIJA 400,1.0,FORMULA,,,,,,unidad_raw=unidades | seccion=SECCION PINTURA Y PREPARADA DE CAMA | precio_unitario_raw=2000.0 | total_raw=0.0
CAMA MODELO GRECIA DE 2X2 18/08/2025,NITRO,1.0,FORMULA,,,,,,unidad_raw=galon | seccion=SECCION PINTURA Y PREPARADA DE CAMA | total_raw=0.0
CAMA MODELO GRECIA DE 2X2 18/08/2025,lija 240,1.0,FORMULA,,,,,,unidad_raw=unidad | seccion=SECCION PINTURA Y PREPARADA DE CAMA | precio_unitario_raw=2000.0 | total_raw=0.0
CAMA MODELO GRECIA DE 2X2 18/08/2025,lija 150,1.0,FORMULA,,,,,,unidad_raw=unidad | seccion=SECCION PINTURA Y PREPARADA DE CAMA | precio_unitario_raw=2000.0 | total_raw=0.0
CAMA MODELO GRECIA DE 2X2 18/08/2025,LACA SEMIMATE,1.0,FORMULA,,,,,,unidad_raw=GALON | seccion=SECCION PINTURA Y PREPARADA DE CAMA | precio_unitario_raw=23000.0 | total_raw=0.0
CAMA MODELO GRECIA DE 2X2 18/08/2025,kerosen,1.0,FORMULA,,,,,,unidad_raw=litro | seccion=SECCION PINTURA Y PREPARADA DE CAMA | precio_unitario_raw=18000.0 | total_raw=0.0
CAMA MODELO GRECIA DE 2X2 18/08/2025,COLOR GRIS,1.0,FORMULA,,,,,,unidad_raw=PISTOLADA | seccion=SECCION PINTURA Y PREPARADA DE CAMA | precio_unitario_raw=19000.0 | total_raw=0.0
CAMA MODELO GRECIA DE 2X2 18/08/2025,TINTE MIEL,1.0,FORMULA,,,,,,unidad_raw=galon | seccion=SECCION PINTURA Y PREPARADA DE CAMA | total_raw=0.0
CAMA MODELO GRECIA DE 2X2 18/08/2025,GASOLINA,1.0,FORMULA,,,,,,unidad_raw=LITRO | seccion=SECCION PINTURA Y PREPARADA DE CAMA | precio_unitario_raw=4.5 | total_raw=0.0
CAMA MODELO GRECIA DE 2X2 18/08/2025,RESANE,1.0,FORMULA,,,,,,unidad_raw=LITRO | seccion=SECCION PINTURA Y PREPARADA DE CAMA | total_raw=0.0
CAMA MODELO GRECIA DE 2X2 18/08/2025,LACA,1.0,FORMULA,,,,,,unidad_raw=PISTOLADA | seccion=SECCION PINTURA Y PREPARADA DE CAMA | precio_unitario_raw=22000.0 | total_raw=0.0
CAMA MODELO GRECIA DE 2X2 18/08/2025,COLAPATO MADERA,187.0,LINEAL,,,,,,unidad_raw=187 CENTIMETROS | seccion=SECCION TERMINACION | precio_unitario_raw=140.0 | total_raw=26180.0
CAMA MODELO GRECIA DE 2X2 18/08/2025,MULTIUSO,1.0,FIJO,,,,,,unidad_raw=PAR | seccion=SECCION TERMINACION | precio_unitario_raw=6000.0 | total_raw=6000.0
CAMA MODELO GRECIA DE 2X2 18/08/2025,PATAS DE CAMAS,4.0,FORMULA,,,,,,unidad_raw=unidades | seccion=SECCION TERMINACION | precio_unitario_raw=17500.0 | total_raw=70000.0
CAMA MODELO GRECIA DE 2X2 18/08/2025,TORNILLOS,16.0,ESPACIADO,,,,,,unidad_raw=unidades | seccion=SECCION TERMINACION | precio_unitario_raw=100.0 | total_raw=1600.0
CAMA MODELO GRECIA DE 2X2 18/08/2025,EMBALADA,1.0,FIJO,,,,,,unidad_raw=unidades | seccion=SECCION TERMINACION | precio_unitario_raw=150000.0 | total_raw=150000.0
CAMA MODELO GRECIA DE 2X2 18/08/2025,SECCION TENDIDO,1.0,FORMULA,,,,,,seccion=SECCION TERMINACION | total_raw=0.0
CAMA MODELO GRECIA DE 2X2 18/08/2025,MADERA 60X1X4,1277.0,FORMULA,,,,,,unidad_raw=2X25X15 | seccion=SECCION TERMINACION | precio_unitario_raw=140.0 | total_raw=178780.0
CAMA MODELO GRECIA DE 2X2 18/08/2025,FABRICACION TENDIDO,1.0,FIJO,,,,,,unidad_raw=DE 2X2 | seccion=SECCION TERMINACION | precio_unitario_raw=42000.0 | total_raw=42000.0
CAMA MODELO GRECIA DE 2X2 18/08/2025,MDF DE 9,1.0,FORMULA,,,,,,unidad_raw=unidades | seccion=SECCION TERMINACION | precio_unitario_raw=140000.0 | total_raw=0.0
CAMA MODELO GRECIA DE 2X2 18/08/2025,COLBON,0.5,VOLUMEN,,,,,,unidad_raw=LITRO | seccion=SECCION TERMINACION | precio_unitario_raw=14000.0 | total_raw=7000.0
CAMA MODELO GRECIA DE 2X2 18/08/2025,"TORNILLOS DE 2""",50.0,ESPACIADO,,,,,,unidad_raw=unidades | seccion=SECCION TERMINACION | precio_unitario_raw=100.0 | total_raw=5000.0
CAMA MODELO GRECIA DE 2X2 18/08/2025,CLAVILLO,2.0,ESPACIADO,,,,,,unidad_raw=TIRAS | seccion=SECCION TERMINACION | precio_unitario_raw=600.0 | total_raw=1200.0
CAMA MODELO GRECIA DE 2X2 18/08/2025,PEOPE,2.0,LINEAL,,,,,,unidad_raw=METROS | seccion=SECCION TERMINACION | precio_unitario_raw=3500.0 | total_raw=7000.0
CAMA MODELO GRECIA DE 2X2 18/08/2025,TELA,10.0,AREA,,,,,,unidad_raw=METROS | seccion=SECCION TAPICERIA | precio_unitario_raw=34000.0 | total_raw=340000.0
CAMA MODELO GRECIA DE 2X2 18/08/2025,BARILLA TRIPA POLLO,1.0,FORMULA,,,,,,seccion=SECCION TAPICERIA | precio_unitario_raw=15000.0 | total_raw=0.0
CAMA MODELO GRECIA DE 2X2 18/08/2025,CAZATA,0.3,LINEAL,,,,,,unidad_raw=METROS | seccion=SECCION TAPICERIA | precio_unitario_raw=56000.0 | total_raw=16800.0
CAMA MODELO GRECIA DE 2X2 18/08/2025,GRAPAS,0.5,ESPACIADO,,,,,,unidad_raw=CAJA DE GRAPAS | seccion=SECCION TAPICERIA | precio_unitario_raw=12000.0 | total_raw=6000.0
CAMA MODELO GRECIA DE 2X2 18/08/2025,ESPUMA AZUL DE 2 PULGADAS,1.3,AREA,,,,,,unidad_raw=LAMINA | seccion=SECCION TAPICERIA | precio_unitario_raw=41000.0 | total_raw=53300.0
CAMA MODELO GRECIA DE 2X2 18/08/2025,"TORNILLOS DE 1 1/2""",30.0,ESPACIADO,,,,,,unidad_raw=UNIDADES | seccion=SECCION TAPICERIA | precio_unitario_raw=100.0 | total_raw=3000.0
CAMA MODELO GRECIA DE 2X2 18/08/2025,ESPUMA DE 1 1/2PULGADA AZUL,1.5,AREA,,,,,,unidad_raw=UNIDADES | seccion=SECCION TAPICERIA | precio_unitario_raw=26000.0 | total_raw=39000.0
CAMA MODELO GRECIA DE 2X2 18/08/2025,ESPUMA BLANCA DE 1/2,1.0,AREA,,,,,,unidad_raw=UNIDAD | seccion=SECCION TAPICERIA | precio_unitario_raw=12500.0 | total_raw=12500.0
CAMA MODELO GRECIA DE 2X2 18/08/2025,CARTON,2.0,LINEAL,,,,,,unidad_raw=MTS | seccion=SECCION TAPICERIA | precio_unitario_raw=5000.0 | total_raw=10000.0
CAMA MODELO GRECIA DE 2X2 18/08/2025,COSTAL,3.0,AREA,,,,,,unidad_raw=METROS | seccion=SECCION TAPICERIA | precio_unitario_raw=4000.0 | total_raw=12000.0
CAMA MODELO GRECIA DE 2X2 18/08/2025,HILO,0.5,FORMULA,,,,,,seccion=SECCION TAPICERIA | precio_unitario_raw=25000.0 | total_raw=12500.0
CAMA MODELO GRECIA DE 2X2 18/08/2025,CAUCHO,1.6,FORMULA,,,,,,unidad_raw=UNIIDAD | seccion=SECCION TAPICERIA | precio_unitario_raw=1500.0 | total_raw=2400.0
CAMA MODELO GRECIA DE 2X2 18/08/2025,SUPER,0.75,VOLUMEN,,,,,,unidad_raw=LITRO | seccion=SECCION TAPICERIA | precio_unitario_raw=16250.0 | total_raw=12187.5
CAMA MODELO GRECIA DE 2X2 18/08/2025,FIELTRO,0.7,LINEAL,,,,,,unidad_raw=CM | seccion=SECCION TAPICERIA | precio_unitario_raw=4000.0 | total_raw=2800.0
CAMA MODELO GRECIA DE 2X2 18/08/2025,HECHURA,1.0,FIJO,,,,,,seccion=SECCION TAPICERIA | precio_unitario_raw=210000.0 | total_raw=210000.0
CAMA MODELO GRECIA DE 2X2 18/08/2025,COLARATA,12.0,FORMULA,,,,,,unidad_raw=KG | seccion=SECCION TAPICERIA | precio_unitario_raw=1000.0 | total_raw=12000.0
CAMA MODELO WUALPANEL DE 2X2 28/08/2025,MADERA (2),1756.0,FORMULA,,,,,,unidad_raw=APAMATE | precio_unitario_raw=140.0 | total_raw=245840.0
CAMA MODELO WUALPANEL DE 2X2 28/08/2025,"MDF DE 2,7",2.0,AREA,,,,,,unidad_raw=LAMINA | precio_unitario_raw=65000.0 | total_raw=130000.0
CAMA MODELO WUALPANEL DE 2X2 28/08/2025,INDUPLAX,0.0,AREA,,,,,,unidad_raw=Unidad | precio_unitario_raw=160000.0 | total_raw=0.0
CAMA MODELO WUALPANEL DE 2X2 28/08/2025,LAMINA DE 9,2.0,AREA,,,,,,unidad_raw=Unidad | precio_unitario_raw=140000.0 | total_raw=280000.0
CAMA MODELO WUALPANEL DE 2X2 28/08/2025,SUPER,1.0,FORMULA,,,,,,unidad_raw=LITROS | precio_unitario_raw=19000.0 | total_raw=0.0
CAMA MODELO WUALPANEL DE 2X2 28/08/2025,COLBON,1.0,VOLUMEN,,,,,,unidad_raw=LITROS | precio_unitario_raw=14000.0 | total_raw=14000.0
CAMA MODELO WUALPANEL DE 2X2 28/08/2025,GRAPAS,15.0,ESPACIADO,,,,,,unidad_raw=Unidad | precio_unitario_raw=600.0 | total_raw=9000.0
CAMA MODELO WUALPANEL DE 2X2 28/08/2025,CORREDERAS,1.0,FIJO,,,,,,unidad_raw=UNITARIOS | precio_unitario_raw=32000.0 | total_raw=0.0
CAMA MODELO WUALPANEL DE 2X2 28/08/2025,CLAVILLOS,10.0,ESPACIADO,,,,,,unidad_raw=TIRA | precio_unitario_raw=1000.0 | total_raw=10000.0
CAMA MODELO WUALPANEL DE 2X2 28/08/2025,GANCHOS,1.0,FIJO,,,,,,unidad_raw=PAR | precio_unitario_raw=20000.0 | total_raw=20000.0
CAMA MODELO WUALPANEL DE 2X2 28/08/2025,MDF DE 9,1.0,FORMULA,,,,,,precio_unitario_raw=136000.0 | total_raw=0.0
CAMA MODELO WUALPANEL DE 2X2 28/08/2025,"TORNILLOS DE 2""",150.0,ESPACIADO,,,,,,unidad_raw=Unidad | precio_unitario_raw=100.0 | total_raw=15000.0
CAMA MODELO WUALPANEL DE 2X2 28/08/2025,ebanisteria 300.000 x 5% de m.o,1.0,FORMULA,,,,,,total_raw=315000.0
CAMA MODELO WUALPANEL DE 2X2 28/08/2025,gastos de Ebanisteria e 10%,1.0,FORMULA,,,,,,total_raw=73814.0
CAMA MODELO WUALPANEL DE 2X2 28/08/2025,MADERA (2),468.0,FORMULA,,,,,,"unidad_raw=2,10X22X18= 832 2,10X20X15=630 | precio_unitario_raw=140.0 | total_raw=65520.0"
CAMA MODELO WUALPANEL DE 2X2 28/08/2025,MDF DE 3,200.0,AREA,,,,,,"unidad_raw=1 PEDAZO DE 1,20X45=54 | precio_unitario_raw=65.0 | total_raw=13000.0"
CAMA MODELO WUALPANEL DE 2X2 28/08/2025,LAM MDF 15,250.0,AREA,,,,,,"unidad_raw=1 PEDASO DE 1.25 X55=68,75 | precio_unitario_raw=210.0 | total_raw=52500.0"
CAMA MODELO WUALPANEL DE 2X2 28/08/2025,LAM MDF 9,1.0,AREA,,,,,,"unidad_raw=1 PEDASO DE 1,50X40=60 | precio_unitario_raw=140000.0 | total_raw=140000.0"
CAMA MODELO WUALPANEL DE 2X2 28/08/2025,COLBON,2.0,VOLUMEN,,,,,,unidad_raw=litros | precio_unitario_raw=14000.0 | total_raw=28000.0
CAMA MODELO WUALPANEL DE 2X2 28/08/2025,GRAPAS,10.0,ESPACIADO,,,,,,unidad_raw=Unidad | precio_unitario_raw=600.0 | total_raw=6000.0
CAMA MODELO WUALPANEL DE 2X2 28/08/2025,CLAVILLOS N F 40,6.0,ESPACIADO,,,,,,unidad_raw=TIRA | precio_unitario_raw=1000.0 | total_raw=6000.0
CAMA MODELO WUALPANEL DE 2X2 28/08/2025,HECHURA,2.0,FORMULA,,,,,,unidad_raw=PAR | precio_unitario_raw=105000.0 | total_raw=210000.0
CAMA MODELO WUALPANEL DE 2X2 28/08/2025,"TORNILLOS DE 2""",30.0,ESPACIADO,,,,,,unidad_raw=Unidad | precio_unitario_raw=100.0 | total_raw=3000.0
CAMA MODELO WUALPANEL DE 2X2 28/08/2025,CORREDERAS,4.0,FORMULA,,,,,,unidad_raw=DE CIERRELENTO | precio_unitario_raw=32000.0 | total_raw=128000.0
CAMA MODELO WUALPANEL DE 2X2 28/08/2025,gastos de Ebanisteria e 5%,1.0,FORMULA,,,,,,total_raw=26294.75
CAMA MODELO WUALPANEL DE 2X2 28/08/2025,SECCION PINTURA Y PREPARADA,1.0,FORMULA,,,,,DE 2 NOCHEROS,seccion=SECCION PINTURA Y PREPARADA DE 2 NOCHEROS
CAMA MODELO WUALPANEL DE 2X2 28/08/2025,PREPARADO JOTA,2.0,FORMULA,,,,,,unidad_raw=CON EL 5% | seccion=SECCION PINTURA Y PREPARADA DE 2 NOCHEROS | precio_unitario_raw=36750.0 | total_raw=73500.0
CAMA MODELO WUALPANEL DE 2X2 28/08/2025,PINTURA ALEX,2.0,FORMULA,,,,,,unidad_raw=CON EL 5% | seccion=SECCION PINTURA Y PREPARADA DE 2 NOCHEROS | precio_unitario_raw=36750.0 | total_raw=73500.0
CAMA MODELO WUALPANEL DE 2X2 28/08/2025,SELLADOR,3.0,VOLUMEN,,,,,,unidad_raw=PISTOLADAS | seccion=SECCION PINTURA Y PREPARADA DE 2 NOCHEROS | precio_unitario_raw=18000.0 | total_raw=54000.0
CAMA MODELO WUALPANEL DE 2X2 28/08/2025,LIJA 400,2.0,FORMULA,,,,,,unidad_raw=unidades | seccion=SECCION PINTURA Y PREPARADA DE 2 NOCHEROS | precio_unitario_raw=2000.0 | total_raw=4000.0
CAMA MODELO WUALPANEL DE 2X2 28/08/2025,NITRO,0.1,VOLUMEN,,,,,,unidad_raw=galon | seccion=SECCION PINTURA Y PREPARADA DE 2 NOCHEROS | precio_unitario_raw=70000.0 | total_raw=7000.0
CAMA MODELO WUALPANEL DE 2X2 28/08/2025,VIDRIOS,1.0,FORMULA,,,,,,unidad_raw=unidad | seccion=SECCION PINTURA Y PREPARADA DE 2 NOCHEROS | precio_unitario_raw=45000.0 | total_raw=0.0
CAMA MODELO WUALPANEL DE 2X2 28/08/2025,TALCO,0.3,FORMULA,,,,,,unidad_raw=unidad | seccion=SECCION PINTURA Y PREPARADA DE 2 NOCHEROS | precio_unitario_raw=2500.0 | total_raw=750.0
CAMA MODELO WUALPANEL DE 2X2 28/08/2025,TINER,0.2,VOLUMEN,,,,,,unidad_raw=GALON | seccion=SECCION PINTURA Y PREPARADA DE 2 NOCHEROS | precio_unitario_raw=34000.0 | total_raw=6800.0
CAMA MODELO WUALPANEL DE 2X2 28/08/2025,TOPES,1.0,FORMULA,,,,,,unidad_raw=JALADORES | seccion=SECCION PINTURA Y PREPARADA DE 2 NOCHEROS | precio_unitario_raw=3000.0 | total_raw=0.0
CAMA MODELO WUALPANEL DE 2X2 28/08/2025,COLOR NEGRO,2.5,VOLUMEN,,,,,,unidad_raw=PISTOLADA | seccion=SECCION PINTURA Y PREPARADA DE 2 NOCHEROS | precio_unitario_raw=22000.0 | total_raw=55000.0
CAMA MODELO WUALPANEL DE 2X2 28/08/2025,ENCINA,0.1,VOLUMEN,,,,,,unidad_raw=galon | seccion=SECCION PINTURA Y PREPARADA DE 2 NOCHEROS | precio_unitario_raw=160000.0 | total_raw=16000.0
CAMA MODELO WUALPANEL DE 2X2 28/08/2025,GASOLINA,0.2,LINEAL,,,,,,unidad_raw=ML | seccion=SECCION PINTURA Y PREPARADA DE 2 NOCHEROS | precio_unitario_raw=4500.0 | total_raw=900.0
CAMA MODELO WUALPANEL DE 2X2 28/08/2025,RESANE,0.2,VOLUMEN,,,,,,unidad_raw=LITRO | seccion=SECCION PINTURA Y PREPARADA DE 2 NOCHEROS | precio_unitario_raw=20000.0 | total_raw=4000.0
CAMA MODELO WUALPANEL DE 2X2 28/08/2025,LACA,2.0,VOLUMEN,,,,,,unidad_raw=PISTOLADA | seccion=SECCION PINTURA Y PREPARADA DE 2 NOCHEROS | precio_unitario_raw=23000.0 | total_raw=46000.0
CAMA MODELO WUALPANEL DE 2X2 28/08/2025,Gastos de Pintura 10%,1.0,FORMULA,,,,,,seccion=SECCION PINTURA Y PREPARADA DE 2 NOCHEROS | total_raw=34145.0
CAMA MODELO WUALPANEL DE 2X2 28/08/2025,SECCION PINTURA Y PREPARADA,1.0,FORMULA,,,,,DE CAMA,seccion=SECCION PINTURA Y PREPARADA DE CAMA
CAMA MODELO WUALPANEL DE 2X2 28/08/2025,PREPARADO JOTA,1.0,FIJO,,,,,,unidad_raw=CON EL 5% | seccion=SECCION PINTURA Y PREPARADA DE CAMA | precio_unitario_raw=31000.0 | total_raw=31000.0
CAMA MODELO WUALPANEL DE 2X2 28/08/2025,PINTURA ALEX,1.0,FIJO,,,,,,unidad_raw=CON EL 5% | seccion=SECCION PINTURA Y PREPARADA DE CAMA | precio_unitario_raw=31000.0 | total_raw=31000.0
CAMA MODELO WUALPANEL DE 2X2 28/08/2025,PINTURA DE PATAS ALEX,4.0,FORMULA,,,,,,seccion=SECCION PINTURA Y PREPARADA DE CAMA | precio_unitario_raw=2100.0 | total_raw=8400.0
CAMA MODELO WUALPANEL DE 2X2 28/08/2025,SELLADOR,3.0,VOLUMEN,,,,,,unidad_raw=PISTOLADAS | seccion=SECCION PINTURA Y PREPARADA DE CAMA | precio_unitario_raw=18000.0 | total_raw=54000.0
CAMA MODELO WUALPANEL DE 2X2 28/08/2025,LIJA 400,3.0,FORMULA,,,,,,unidad_raw=unidades | seccion=SECCION PINTURA Y PREPARADA DE CAMA | precio_unitario_raw=2000.0 | total_raw=6000.0
CAMA MODELO WUALPANEL DE 2X2 28/08/2025,NITRO,1.0,FORMULA,,,,,,unidad_raw=galon | seccion=SECCION PINTURA Y PREPARADA DE CAMA | total_raw=0.0
CAMA MODELO WUALPANEL DE 2X2 28/08/2025,lija 240,1.0,FIJO,,,,,,unidad_raw=unidad | seccion=SECCION PINTURA Y PREPARADA DE CAMA | precio_unitario_raw=2000.0 | total_raw=2000.0
CAMA MODELO WUALPANEL DE 2X2 28/08/2025,lija 150,1.0,FORMULA,,,,,,unidad_raw=unidad | seccion=SECCION PINTURA Y PREPARADA DE CAMA | precio_unitario_raw=2000.0 | total_raw=0.0
CAMA MODELO WUALPANEL DE 2X2 28/08/2025,LACA SEMIMATE,1.0,FORMULA,,,,,,unidad_raw=GALON | seccion=SECCION PINTURA Y PREPARADA DE CAMA | precio_unitario_raw=23000.0 | total_raw=0.0
CAMA MODELO WUALPANEL DE 2X2 28/08/2025,kerosen,1.0,FORMULA,,,,,,unidad_raw=litro | seccion=SECCION PINTURA Y PREPARADA DE CAMA | precio_unitario_raw=18000.0 | total_raw=0.0
CAMA MODELO WUALPANEL DE 2X2 28/08/2025,COLOR NEGRO,3.0,VOLUMEN,,,,,,unidad_raw=PISTOLADA | seccion=SECCION PINTURA Y PREPARADA DE CAMA | precio_unitario_raw=20000.0 | total_raw=60000.0
CAMA MODELO WUALPANEL DE 2X2 28/08/2025,TINTE MIEL,1.0,FORMULA,,,,,,unidad_raw=galon | seccion=SECCION PINTURA Y PREPARADA DE CAMA | total_raw=0.0
CAMA MODELO WUALPANEL DE 2X2 28/08/2025,GASOLINA,1.0,FORMULA,,,,,,unidad_raw=LITRO | seccion=SECCION PINTURA Y PREPARADA DE CAMA | precio_unitario_raw=4.5 | total_raw=0.0
CAMA MODELO WUALPANEL DE 2X2 28/08/2025,RESANE,1.0,FORMULA,,,,,,unidad_raw=LITRO | seccion=SECCION PINTURA Y PREPARADA DE CAMA | total_raw=0.0
CAMA MODELO WUALPANEL DE 2X2 28/08/2025,LACA BRILLANTE,2.5,VOLUMEN,,,,,,unidad_raw=PISTOLADA | seccion=SECCION PINTURA Y PREPARADA DE CAMA | precio_unitario_raw=23000.0 | total_raw=57500.0
CAMA MODELO WUALPANEL DE 2X2 28/08/2025,TOMAS,2.0,FORMULA,,,,,,unidad_raw=UNIDADES | seccion=SECCION TERMINACION | precio_unitario_raw=5000.0 | total_raw=10000.0
CAMA MODELO WUALPANEL DE 2X2 28/08/2025,LAMPARAS DE LUZ,2.0,FORMULA,,,,,,unidad_raw=UNIDADES | seccion=SECCION TERMINACION | precio_unitario_raw=135000.0 | total_raw=270000.0
CAMA MODELO WUALPANEL DE 2X2 28/08/2025,CABLE DE 12,4.0,LINEAL,,,,,,unidad_raw=METROS | seccion=SECCION TERMINACION | precio_unitario_raw=3000.0 | total_raw=12000.0
CAMA MODELO WUALPANEL DE 2X2 28/08/2025,ELECTRICIDAD,1.0,FIJO,,,,,,unidad_raw=PAR | seccion=SECCION TERMINACION | precio_unitario_raw=31000.0 | total_raw=31000.0
CAMA MODELO WUALPANEL DE 2X2 28/08/2025,CAFETEROS,2.0,FORMULA,,,,,,unidad_raw=UNIDADES | seccion=SECCION TERMINACION | precio_unitario_raw=3000.0 | total_raw=6000.0
CAMA MODELO WUALPANEL DE 2X2 28/08/2025,TORNILLOS DE UNA,3.0,ESPACIADO,,,,,,unidad_raw=UNIDADES | seccion=SECCION TERMINACION | precio_unitario_raw=1800.0 | total_raw=5400.0
CAMA MODELO WUALPANEL DE 2X2 28/08/2025,SAMBLASTE,1.0,FIJO,,,,,,unidad_raw=DANIEL | seccion=SECCION TERMINACION | precio_unitario_raw=26800.0 | total_raw=26800.0
CAMA MODELO WUALPANEL DE 2X2 28/08/2025,ESPEJO,1.0,FIJO,,,,,,unidad_raw=unidades | seccion=SECCION TERMINACION | precio_unitario_raw=50000.0 | total_raw=50000.0
CAMA MODELO WUALPANEL DE 2X2 28/08/2025,EMBALADA,1.0,FIJO,,,,,,unidad_raw=unidades | seccion=SECCION TERMINACION | precio_unitario_raw=150000.0 | total_raw=150000.0
CAMA MODELO WUALPANEL DE 2X2 28/08/2025,SECCION TENDIDO,1.0,FORMULA,,,,,,seccion=SECCION TERMINACION | total_raw=0.0
CAMA MODELO WUALPANEL DE 2X2 28/08/2025,MADERA 60X1X4,1277.0,FORMULA,,,,,,unidad_raw=2X25X15 | seccion=SECCION TERMINACION | precio_unitario_raw=140.0 | total_raw=178780.0
CAMA MODELO WUALPANEL DE 2X2 28/08/2025,FABRICACION TENDIDO,1.0,FIJO,,,,,,unidad_raw=DE 2X2 | seccion=SECCION TERMINACION | precio_unitario_raw=42000.0 | total_raw=42000.0
CAMA MODELO WUALPANEL DE 2X2 28/08/2025,MDF DE 9,1.0,FORMULA,,,,,,unidad_raw=unidades | seccion=SECCION TERMINACION | precio_unitario_raw=140000.0 | total_raw=0.0
CAMA MODELO WUALPANEL DE 2X2 28/08/2025,COLBON,0.5,VOLUMEN,,,,,,unidad_raw=LITRO | seccion=SECCION TERMINACION | precio_unitario_raw=14000.0 | total_raw=7000.0
CAMA MODELO WUALPANEL DE 2X2 28/08/2025,"TORNILLOS DE 2""",50.0,ESPACIADO,,,,,,unidad_raw=unidades | seccion=SECCION TERMINACION | precio_unitario_raw=100.0 | total_raw=5000.0
CAMA MODELO WUALPANEL DE 2X2 28/08/2025,CLAVILLO,2.0,ESPACIADO,,,,,,unidad_raw=TIRAS | seccion=SECCION TERMINACION | precio_unitario_raw=600.0 | total_raw=1200.0
CAMA MODELO WUALPANEL DE 2X2 28/08/2025,PEOPE,2.0,LINEAL,,,,,,unidad_raw=METROS | seccion=SECCION TERMINACION | precio_unitario_raw=3500.0 | total_raw=7000.0
CAMA MODELO WUALPANEL DE 2X2 28/08/2025,TELA,10.0,AREA,,,,,,unidad_raw=METROS | seccion=SECCION TAPICERIA | precio_unitario_raw=30000.0 | total_raw=300000.0
CAMA MODELO WUALPANEL DE 2X2 28/08/2025,BARILLA TRIPA POLLO,1.0,FORMULA,,,,,,seccion=SECCION TAPICERIA | precio_unitario_raw=15000.0 | total_raw=0.0
CAMA MODELO WUALPANEL DE 2X2 28/08/2025,CAZATA,0.3,LINEAL,,,,,,unidad_raw=METROS | seccion=SECCION TAPICERIA | precio_unitario_raw=56000.0 | total_raw=16800.0
CAMA MODELO WUALPANEL DE 2X2 28/08/2025,GRAPAS,0.5,ESPACIADO,,,,,,unidad_raw=CAJA DE GRAPAS | seccion=SECCION TAPICERIA | precio_unitario_raw=12000.0 | total_raw=6000.0
CAMA MODELO WUALPANEL DE 2X2 28/08/2025,ESPUMA AZUL DE 2 PULGADAS,1.3,AREA,,,,,,unidad_raw=LAMINA | seccion=SECCION TAPICERIA | precio_unitario_raw=41000.0 | total_raw=53300.0
CAMA MODELO WUALPANEL DE 2X2 28/08/2025,"TORNILLOS DE 1 1/2""",50.0,ESPACIADO,,,,,,unidad_raw=UNIDADES | seccion=SECCION TAPICERIA | precio_unitario_raw=100.0 | total_raw=5000.0
CAMA MODELO WUALPANEL DE 2X2 28/08/2025,ESPUMA DE 1 1/2PULGADA AZUL,2.5,AREA,,,,,,unidad_raw=UNIDADES | seccion=SECCION TAPICERIA | precio_unitario_raw=40000.0 | total_raw=100000.0
CAMA MODELO WUALPANEL DE 2X2 28/08/2025,ESPUMA BLANCA DE 1/2,1.0,AREA,,,,,,unidad_raw=UNIDAD | seccion=SECCION TAPICERIA | precio_unitario_raw=12500.0 | total_raw=12500.0
CAMA MODELO WUALPANEL DE 2X2 28/08/2025,RIATA,0.5,LINEAL,,,,,,unidad_raw=MTS | seccion=SECCION TAPICERIA | precio_unitario_raw=50000.0 | total_raw=25000.0
CAMA MODELO WUALPANEL DE 2X2 28/08/2025,COSTAL,3.0,AREA,,,,,,unidad_raw=METROS | seccion=SECCION TAPICERIA | precio_unitario_raw=4000.0 | total_raw=12000.0
CAMA MODELO WUALPANEL DE 2X2 28/08/2025,HILO,0.5,FORMULA,,,,,,seccion=SECCION TAPICERIA | precio_unitario_raw=25000.0 | total_raw=12500.0
CAMA MODELO WUALPANEL DE 2X2 28/08/2025,CAUCHO,1.0,FORMULA,,,,,,unidad_raw=UNIIDAD | seccion=SECCION TAPICERIA | precio_unitario_raw=1500.0 | total_raw=0.0
CAMA MODELO WUALPANEL DE 2X2 28/08/2025,SUPER,0.2,VOLUMEN,,,,,,unidad_raw=LITRO | seccion=SECCION TAPICERIA | precio_unitario_raw=16250.0 | total_raw=3250.0
CAMA MODELO WUALPANEL DE 2X2 28/08/2025,FIELTRO,0.7,LINEAL,,,,,,unidad_raw=CM | seccion=SECCION TAPICERIA | precio_unitario_raw=4000.0 | total_raw=2800.0
CAMA MODELO WUALPANEL DE 2X2 28/08/2025,HECHURA,1.0,FIJO,,,,,,seccion=SECCION TAPICERIA | precio_unitario_raw=210000.0 | total_raw=210000.0
CAMA MODELO WUALPANEL DE 2X2 28/08/2025,LENCILLO,3.0,FORMULA,,,,,,unidad_raw=KG | seccion=SECCION TAPICERIA | precio_unitario_raw=4000.0 | total_raw=12000.0
CAMA EMILI 1.60 CON SUS NOCHEROS 16/09/2025,MADERA (2),1450.0,FORMULA,,,,,,unidad_raw=APAMATE | seccion=EBANISTAEDUAR OLAYA MANO DE OBRA= | precio_unitario_raw=140.0 | total_raw=203000.0
CAMA EMILI 1.60 CON SUS NOCHEROS 16/09/2025,"MDF DE 2,7",0.0,AREA,,,,,,unidad_raw=LAMINA | seccion=EBANISTAEDUAR OLAYA MANO DE OBRA= | precio_unitario_raw=65000.0 | total_raw=0.0
CAMA EMILI 1.60 CON SUS NOCHEROS 16/09/2025,INDUPLAX,0.0,AREA,,,,,,unidad_raw=Unidad | seccion=EBANISTAEDUAR OLAYA MANO DE OBRA= | precio_unitario_raw=160000.0 | total_raw=0.0
CAMA EMILI 1.60 CON SUS NOCHEROS 16/09/2025,LAMINA DE 9,1.7,AREA,,,,,,unidad_raw=Unidad | seccion=EBANISTAEDUAR OLAYA MANO DE OBRA= | precio_unitario_raw=140000.0 | total_raw=238000.0
CAMA EMILI 1.60 CON SUS NOCHEROS 16/09/2025,SUPER,1.0,FORMULA,,,,,,unidad_raw=LITROS | seccion=EBANISTAEDUAR OLAYA MANO DE OBRA= | precio_unitario_raw=19000.0 | total_raw=0.0
CAMA EMILI 1.60 CON SUS NOCHEROS 16/09/2025,COLBON,1.0,VOLUMEN,,,,,,unidad_raw=LITROS | seccion=EBANISTAEDUAR OLAYA MANO DE OBRA= | precio_unitario_raw=14000.0 | total_raw=14000.0
CAMA EMILI 1.60 CON SUS NOCHEROS 16/09/2025,GRAPAS,0.5,ESPACIADO,,,,,,unidad_raw=Unidad | seccion=EBANISTAEDUAR OLAYA MANO DE OBRA= | precio_unitario_raw=12000.0 | total_raw=6000.0
CAMA EMILI 1.60 CON SUS NOCHEROS 16/09/2025,CORREDERAS,1.0,FIJO,,,,,,unidad_raw=UNITARIOS | seccion=EBANISTAEDUAR OLAYA MANO DE OBRA= | precio_unitario_raw=32000.0 | total_raw=0.0
CAMA EMILI 1.60 CON SUS NOCHEROS 16/09/2025,CLAVILLOS F40,0.5,ESPACIADO,,,,,,unidad_raw=TIRA | seccion=EBANISTAEDUAR OLAYA MANO DE OBRA= | precio_unitario_raw=28000.0 | total_raw=14000.0
CAMA EMILI 1.60 CON SUS NOCHEROS 16/09/2025,TUERCA UNA,1.0,FIJO,,,,,,unidad_raw=PAR | seccion=EBANISTAEDUAR OLAYA MANO DE OBRA= | precio_unitario_raw=2400.0 | total_raw=2400.0
CAMA EMILI 1.60 CON SUS NOCHEROS 16/09/2025,MDF 15,0.0,AREA,,,,,,unidad_raw=LAMINA | seccion=EBANISTAEDUAR OLAYA MANO DE OBRA= | precio_unitario_raw=207000.0 | total_raw=0.0
CAMA EMILI 1.60 CON SUS NOCHEROS 16/09/2025,"TORNILLOS DE 2""",50.0,ESPACIADO,,,,,,unidad_raw=Unidad | seccion=EBANISTAEDUAR OLAYA MANO DE OBRA= | precio_unitario_raw=100.0 | total_raw=5000.0
CAMA EMILI 1.60 CON SUS NOCHEROS 16/09/2025,ebanisteria 300.000 x 5% de m.o,1.0,FORMULA,,,,,,seccion=EBANISTAEDUAR OLAYA MANO DE OBRA= | total_raw=315000.0
CAMA EMILI 1.60 CON SUS NOCHEROS 16/09/2025,gastos de Ebanisteria e 10%,1.0,FORMULA,,,,,,seccion=EBANISTAEDUAR OLAYA MANO DE OBRA= | total_raw=79740.0
CAMA EMILI 1.60 CON SUS NOCHEROS 16/09/2025,MADERA (2),468.0,FORMULA,,,,,,"unidad_raw=2,10X22X18= 832 2,10X20X15=630 | seccion=EBANISTAEDUAR OLAYA MANO DE OBRA= | precio_unitario_raw=140.0 | total_raw=65520.0"
CAMA EMILI 1.60 CON SUS NOCHEROS 16/09/2025,MDF DE 3,200.0,AREA,,,,,,"unidad_raw=1 PEDAZO DE 1,20X45=54 | seccion=EBANISTAEDUAR OLAYA MANO DE OBRA= | precio_unitario_raw=67.0 | total_raw=13400.0"
CAMA EMILI 1.60 CON SUS NOCHEROS 16/09/2025,LAM MDF 15,250.0,AREA,,,,,,"unidad_raw=1 PEDASO DE 1.25 X55=68,75 | seccion=EBANISTAEDUAR OLAYA MANO DE OBRA= | precio_unitario_raw=217.0 | total_raw=54250.0"
CAMA EMILI 1.60 CON SUS NOCHEROS 16/09/2025,LAM MDF 9,175.0,AREA,,,,,,"unidad_raw=1 PEDASO DE 1,50X40=60 | seccion=EBANISTAEDUAR OLAYA MANO DE OBRA= | precio_unitario_raw=140.0 | total_raw=21875.0"
CAMA EMILI 1.60 CON SUS NOCHEROS 16/09/2025,COLBON,2.0,VOLUMEN,,,,,,unidad_raw=litros | seccion=EBANISTAEDUAR OLAYA MANO DE OBRA= | precio_unitario_raw=14000.0 | total_raw=28000.0
CAMA EMILI 1.60 CON SUS NOCHEROS 16/09/2025,GRAPAS,10.0,ESPACIADO,,,,,,unidad_raw=Unidad | seccion=EBANISTAEDUAR OLAYA MANO DE OBRA= | precio_unitario_raw=600.0 | total_raw=6000.0
CAMA EMILI 1.60 CON SUS NOCHEROS 16/09/2025,CLAVILLOS N F 40,6.0,ESPACIADO,,,,,,unidad_raw=TIRA | seccion=EBANISTAEDUAR OLAYA MANO DE OBRA= | precio_unitario_raw=1000.0 | total_raw=6000.0
CAMA EMILI 1.60 CON SUS NOCHEROS 16/09/2025,HECHURA,2.0,FORMULA,,,,,,unidad_raw=PAR | seccion=EBANISTAEDUAR OLAYA MANO DE OBRA= | precio_unitario_raw=157500.0 | total_raw=315000.0
CAMA EMILI 1.60 CON SUS NOCHEROS 16/09/2025,"TORNILLOS DE 2""",30.0,ESPACIADO,,,,,,unidad_raw=Unidad | seccion=EBANISTAEDUAR OLAYA MANO DE OBRA= | precio_unitario_raw=100.0 | total_raw=3000.0
CAMA EMILI 1.60 CON SUS NOCHEROS 16/09/2025,gastos de Ebanisteria e 5%,1.0,FORMULA,,,,,,seccion=EBANISTAEDUAR OLAYA MANO DE OBRA= | total_raw=26294.75
CAMA EMILI 1.60 CON SUS NOCHEROS 16/09/2025,SECCION PINTURA Y PREPARADA,1.0,FORMULA,,,,,DE 2 NOCHEROS,seccion=SECCION PINTURA Y PREPARADA DE 2 NOCHEROS
CAMA EMILI 1.60 CON SUS NOCHEROS 16/09/2025,PREPARADO JOTA,2.0,FORMULA,,,,,,unidad_raw=CON EL 5% | seccion=SECCION PINTURA Y PREPARADA DE 2 NOCHEROS | precio_unitario_raw=36750.0 | total_raw=73500.0
CAMA EMILI 1.60 CON SUS NOCHEROS 16/09/2025,PINTURA ALEX,2.0,FORMULA,,,,,,unidad_raw=CON EL 5% | seccion=SECCION PINTURA Y PREPARADA DE 2 NOCHEROS | precio_unitario_raw=36750.0 | total_raw=73500.0
CAMA EMILI 1.60 CON SUS NOCHEROS 16/09/2025,SELLADOR,5.0,VOLUMEN,,,,,,unidad_raw=PISTOLADAS | seccion=SECCION PINTURA Y PREPARADA DE 2 NOCHEROS | precio_unitario_raw=18000.0 | total_raw=90000.0
CAMA EMILI 1.60 CON SUS NOCHEROS 16/09/2025,LIJA 400,1.0,FIJO,,,,,,unidad_raw=unidades | seccion=SECCION PINTURA Y PREPARADA DE 2 NOCHEROS | precio_unitario_raw=2000.0 | total_raw=2000.0
CAMA EMILI 1.60 CON SUS NOCHEROS 16/09/2025,NITRO,0.0,VOLUMEN,,,,,,unidad_raw=galon | seccion=SECCION PINTURA Y PREPARADA DE 2 NOCHEROS | precio_unitario_raw=70000.0 | total_raw=0.0
CAMA EMILI 1.60 CON SUS NOCHEROS 16/09/2025,VIDRIOS,0.0,FORMULA,,,,,,unidad_raw=unidad | seccion=SECCION PINTURA Y PREPARADA DE 2 NOCHEROS | precio_unitario_raw=45000.0 | total_raw=0.0
CAMA EMILI 1.60 CON SUS NOCHEROS 16/09/2025,TALCO,0.3,FORMULA,,,,,,unidad_raw=unidad | seccion=SECCION PINTURA Y PREPARADA DE 2 NOCHEROS | precio_unitario_raw=2500.0 | total_raw=750.0
CAMA EMILI 1.60 CON SUS NOCHEROS 16/09/2025,TINER,0.2,VOLUMEN,,,,,,unidad_raw=GALON | seccion=SECCION PINTURA Y PREPARADA DE 2 NOCHEROS | precio_unitario_raw=34000.0 | total_raw=6800.0
CAMA EMILI 1.60 CON SUS NOCHEROS 16/09/2025,TOPES,2.0,FORMULA,,,,,,unidad_raw=JALADORES | seccion=SECCION PINTURA Y PREPARADA DE 2 NOCHEROS | precio_unitario_raw=3000.0 | total_raw=6000.0
CAMA EMILI 1.60 CON SUS NOCHEROS 16/09/2025,COLOR,4.0,VOLUMEN,,,,,,unidad_raw=PISTOLADA | seccion=SECCION PINTURA Y PREPARADA DE 2 NOCHEROS | precio_unitario_raw=22000.0 | total_raw=88000.0
CAMA EMILI 1.60 CON SUS NOCHEROS 16/09/2025,ENCINA,0.1,VOLUMEN,,,,,,unidad_raw=galon | seccion=SECCION PINTURA Y PREPARADA DE 2 NOCHEROS | precio_unitario_raw=160000.0 | total_raw=16000.0
CAMA EMILI 1.60 CON SUS NOCHEROS 16/09/2025,GASOLINA,0.6,LINEAL,,,,,,unidad_raw=ML | seccion=SECCION PINTURA Y PREPARADA DE 2 NOCHEROS | precio_unitario_raw=4500.0 | total_raw=2700.0
CAMA EMILI 1.60 CON SUS NOCHEROS 16/09/2025,RESANE,0.2,VOLUMEN,,,,,,unidad_raw=LITRO | seccion=SECCION PINTURA Y PREPARADA DE 2 NOCHEROS | precio_unitario_raw=20000.0 | total_raw=4000.0
CAMA EMILI 1.60 CON SUS NOCHEROS 16/09/2025,LACA,3.0,VOLUMEN,,,,,,unidad_raw=PISTOLADA | seccion=SECCION PINTURA Y PREPARADA DE 2 NOCHEROS | precio_unitario_raw=23000.0 | total_raw=69000.0
CAMA EMILI 1.60 CON SUS NOCHEROS 16/09/2025,Gastos de Pintura 10%,1.0,FORMULA,,,,,,seccion=SECCION PINTURA Y PREPARADA DE 2 NOCHEROS | total_raw=43225.0
CAMA EMILI 1.60 CON SUS NOCHEROS 16/09/2025,SECCION PINTURA Y PREPARADA,1.0,FORMULA,,,,,DE CAMAS,seccion=SECCION PINTURA Y PREPARADA DE CAMAS
CAMA EMILI 1.60 CON SUS NOCHEROS 16/09/2025,PREPARADO JOTA,0.0,FORMULA,,,,,,unidad_raw=CON EL 5% | seccion=SECCION PINTURA Y PREPARADA DE CAMAS | precio_unitario_raw=63000.0 | total_raw=0.0
CAMA EMILI 1.60 CON SUS NOCHEROS 16/09/2025,PINTURA ALEX,0.0,FORMULA,,,,,,unidad_raw=CON EL 5% | seccion=SECCION PINTURA Y PREPARADA DE CAMAS | precio_unitario_raw=26250.0 | total_raw=0.0
CAMA EMILI 1.60 CON SUS NOCHEROS 16/09/2025,PINTURA DE PATAS ALEX,0.0,FORMULA,,,,,,unidad_raw=16.0 | seccion=SECCION PINTURA Y PREPARADA DE CAMAS | precio_unitario_raw=2100.0 | total_raw=0.0
CAMA EMILI 1.60 CON SUS NOCHEROS 16/09/2025,SELLADOR,0.0,VOLUMEN,,,,,,unidad_raw=PISTOLADAS | seccion=SECCION PINTURA Y PREPARADA DE CAMAS | precio_unitario_raw=18000.0 | total_raw=0.0
CAMA EMILI 1.60 CON SUS NOCHEROS 16/09/2025,LIJA 400,0.0,FORMULA,,,,,,unidad_raw=unidades | seccion=SECCION PINTURA Y PREPARADA DE CAMAS | precio_unitario_raw=2000.0 | total_raw=0.0
CAMA EMILI 1.60 CON SUS NOCHEROS 16/09/2025,NITRO,1.0,FORMULA,,,,,,unidad_raw=galon | seccion=SECCION PINTURA Y PREPARADA DE CAMAS | total_raw=0.0
CAMA EMILI 1.60 CON SUS NOCHEROS 16/09/2025,lija 240,0.0,FORMULA,,,,,,unidad_raw=unidad | seccion=SECCION PINTURA Y PREPARADA DE CAMAS | precio_unitario_raw=2000.0 | total_raw=0.0
CAMA EMILI 1.60 CON SUS NOCHEROS 16/09/2025,lija 120,0.0,FORMULA,,,,,,unidad_raw=unidad | seccion=SECCION PINTURA Y PREPARADA DE CAMAS | precio_unitario_raw=2000.0 | total_raw=0.0
CAMA EMILI 1.60 CON SUS NOCHEROS 16/09/2025,LACA SEMIMATE,0.0,VOLUMEN,,,,,,unidad_raw=GALON | seccion=SECCION PINTURA Y PREPARADA DE CAMAS | precio_unitario_raw=23000.0 | total_raw=0.0
CAMA EMILI 1.60 CON SUS NOCHEROS 16/09/2025,kerosen,0.0,VOLUMEN,,,,,,unidad_raw=litro | seccion=SECCION PINTURA Y PREPARADA DE CAMAS | precio_unitario_raw=18000.0 | total_raw=0.0
CAMA EMILI 1.60 CON SUS NOCHEROS 16/09/2025,COLOR,0.0,VOLUMEN,,,,,,unidad_raw=PISTOLADA | seccion=SECCION PINTURA Y PREPARADA DE CAMAS | precio_unitario_raw=20000.0 | total_raw=0.0
CAMA EMILI 1.60 CON SUS NOCHEROS 16/09/2025,TINTE MIEL,0.0,VOLUMEN,,,,,,unidad_raw=galon | seccion=SECCION PINTURA Y PREPARADA DE CAMAS | total_raw=0.0
CAMA EMILI 1.60 CON SUS NOCHEROS 16/09/2025,GASOLINA,0.0,VOLUMEN,,,,,,unidad_raw=LITRO | seccion=SECCION PINTURA Y PREPARADA DE CAMAS | precio_unitario_raw=4.5 | total_raw=0.0
CAMA EMILI 1.60 CON SUS NOCHEROS 16/09/2025,RESANE,0.0,VOLUMEN,,,,,,unidad_raw=LITRO | seccion=SECCION PINTURA Y PREPARADA DE CAMAS | precio_unitario_raw=23000.0 | total_raw=0.0
CAMA EMILI 1.60 CON SUS NOCHEROS 16/09/2025,LACA BRILLANTE,0.0,VOLUMEN,,,,,,unidad_raw=PISTOLADA | seccion=SECCION PINTURA Y PREPARADA DE CAMAS | precio_unitario_raw=23000.0 | total_raw=0.0
CAMA EMILI 1.60 CON SUS NOCHEROS 16/09/2025,PATAS NEGRAS,4.0,FORMULA,,,,,,unidad_raw=UNIDADES | seccion=SECCION TERMINACION | precio_unitario_raw=16000.0 | total_raw=64000.0
CAMA EMILI 1.60 CON SUS NOCHEROS 16/09/2025,TORNILLOS 1' DE UNAS,3.0,ESPACIADO,,,,,,unidad_raw=UNIDADES | seccion=SECCION TERMINACION | precio_unitario_raw=2400.0 | total_raw=7200.0
CAMA EMILI 1.60 CON SUS NOCHEROS 16/09/2025,TOMAS NEGROS CON USB,0.0,FORMULA,,,,,,unidad_raw=UNIDADES | seccion=SECCION TERMINACION | precio_unitario_raw=23000.0 | total_raw=0.0
CAMA EMILI 1.60 CON SUS NOCHEROS 16/09/2025,LAMPARAS DE LUZ,0.0,FORMULA,,,,,,unidad_raw=UNIDADES | seccion=SECCION TERMINACION | precio_unitario_raw=100000.0 | total_raw=0.0
CAMA EMILI 1.60 CON SUS NOCHEROS 16/09/2025,CABLE DE 12,0.0,LINEAL,,,,,,unidad_raw=METROS | seccion=SECCION TERMINACION | precio_unitario_raw=3000.0 | total_raw=0.0
CAMA EMILI 1.60 CON SUS NOCHEROS 16/09/2025,APAGADORES,0.0,FORMULA,,,,,,unidad_raw=PAR | seccion=SECCION TERMINACION | precio_unitario_raw=1500.0 | total_raw=0.0
CAMA EMILI 1.60 CON SUS NOCHEROS 16/09/2025,"TORNILLOS DE 2""",8.0,ESPACIADO,,,,,,unidad_raw=UNIDADES | seccion=SECCION TERMINACION | precio_unitario_raw=100.0 | total_raw=800.0
CAMA EMILI 1.60 CON SUS NOCHEROS 16/09/2025,ENCHUFLES BLANCO MACHO,1.0,FORMULA,,,,,,unidad_raw=UNIDADES | seccion=SECCION TERMINACION | precio_unitario_raw=2000.0 | total_raw=0.0
CAMA EMILI 1.60 CON SUS NOCHEROS 16/09/2025,HERRAJES DE CAMA,0.0,FORMULA,,,,,,unidad_raw=PAR | seccion=SECCION TERMINACION | precio_unitario_raw=160000.0 | total_raw=0.0
CAMA EMILI 1.60 CON SUS NOCHEROS 16/09/2025,JALADORES,1.0,FIJO,,,,,,unidad_raw=UNIDAD | seccion=SECCION TERMINACION | precio_unitario_raw=26800.0 | total_raw=0.0
CAMA EMILI 1.60 CON SUS NOCHEROS 16/09/2025,MULTIUSOS,0.0,FORMULA,,,,,,unidad_raw=UNIDADES | seccion=SECCION TERMINACION | precio_unitario_raw=3000.0 | total_raw=0.0
CAMA EMILI 1.60 CON SUS NOCHEROS 16/09/2025,CORREDERAS,2.0,FORMULA,,,,,,unidad_raw=PAR | seccion=SECCION TERMINACION | precio_unitario_raw=20000.0 | total_raw=40000.0
CAMA EMILI 1.60 CON SUS NOCHEROS 16/09/2025,EMBALADA,1.0,FIJO,,,,,,unidad_raw=unidades | seccion=SECCION TERMINACION | precio_unitario_raw=150000.0 | total_raw=150000.0
CAMA EMILI 1.60 CON SUS NOCHEROS 16/09/2025,2 COLAPATOS,1.0,FORMULA,,,,,,seccion=SECCION TERMINACION | total_raw=0.0
CAMA EMILI 1.60 CON SUS NOCHEROS 16/09/2025,SECCION COLA DE PATO,1.0,FORMULA,,,,,,seccion=SECCION TERMINACION | total_raw=0.0
CAMA EMILI 1.60 CON SUS NOCHEROS 16/09/2025,MADERA 60X1X4,510.0,FORMULA,,,,,,unidad_raw=APAMATE | seccion=SECCION TERMINACION | precio_unitario_raw=140.0 | total_raw=71400.0
CAMA EMILI 1.60 CON SUS NOCHEROS 16/09/2025,"TORNILLOS DE 2""",20.0,ESPACIADO,,,,,,seccion=FABRICACION TENDIDO | precio_unitario_raw=100.0 | total_raw=2000.0
CAMA EMILI 1.60 CON SUS NOCHEROS 16/09/2025,HECHURA,2.0,FORMULA,,,,,,unidad_raw=UNIDAD | seccion=FABRICACION TENDIDO | precio_unitario_raw=15750.0 | total_raw=31500.0
CAMA EMILI 1.60 CON SUS NOCHEROS 16/09/2025,SECCION TAPICERIA CARLOS,1.0,FORMULA,,,,,,unidad_raw=MANO DE OBRA= | seccion=SECCION TAPICERIA CARLOS MANO DE OBRA=
CAMA EMILI 1.60 CON SUS NOCHEROS 16/09/2025,TEL PRANNA NEGRA,9.0,LINEAL,,,,,,unidad_raw=METROS | seccion=SECCION TAPICERIA CARLOS MANO DE OBRA= | precio_unitario_raw=35000.0 | total_raw=315000.0
CAMA EMILI 1.60 CON SUS NOCHEROS 16/09/2025,BARILLA TRIPA POLLO,1.0,FORMULA,,,,,,seccion=SECCION TAPICERIA CARLOS MANO DE OBRA= | precio_unitario_raw=15000.0 | total_raw=0.0
CAMA EMILI 1.60 CON SUS NOCHEROS 16/09/2025,ESPUMA AZUL DE 1 PULGADA,0.25,AREA,,,,,,unidad_raw=METROS | seccion=SECCION TAPICERIA CARLOS MANO DE OBRA= | precio_unitario_raw=17500.0 | total_raw=4375.0
CAMA EMILI 1.60 CON SUS NOCHEROS 16/09/2025,GRAPAS,0.4,ESPACIADO,,,,,,unidad_raw=CAJA DE GRAPAS | seccion=SECCION TAPICERIA CARLOS MANO DE OBRA= | precio_unitario_raw=12000.0 | total_raw=4800.0
CAMA EMILI 1.60 CON SUS NOCHEROS 16/09/2025,ESPUMA AZUL DE 2 PULGADAS,1.5,AREA,,,,,,unidad_raw=LAMINA | seccion=SECCION TAPICERIA CARLOS MANO DE OBRA= | precio_unitario_raw=41000.0 | total_raw=61500.0
CAMA EMILI 1.60 CON SUS NOCHEROS 16/09/2025,"TORNILLOS DE 1 1/2""",50.0,ESPACIADO,,,,,,unidad_raw=UNIDADES | seccion=SECCION TAPICERIA CARLOS MANO DE OBRA= | precio_unitario_raw=100.0 | total_raw=5000.0
CAMA EMILI 1.60 CON SUS NOCHEROS 16/09/2025,ESPUMA DE 1 1/2'' NARANJA,0.375,AREA,,,,,,unidad_raw=UNIDADES | seccion=SECCION TAPICERIA CARLOS MANO DE OBRA= | precio_unitario_raw=40000.0 | total_raw=15000.0
CAMA EMILI 1.60 CON SUS NOCHEROS 16/09/2025,ESPUMA BLANCA DE 1',0.25,AREA,,,,,,unidad_raw=UNIDAD | seccion=SECCION TAPICERIA CARLOS MANO DE OBRA= | precio_unitario_raw=14500.0 | total_raw=3625.0
CAMA EMILI 1.60 CON SUS NOCHEROS 16/09/2025,ESPUMA 1/2 BLANCA,1.0,AREA,,,,,,unidad_raw=UNIDADES | seccion=SECCION TAPICERIA CARLOS MANO DE OBRA= | precio_unitario_raw=7000.0 | total_raw=7000.0
CAMA EMILI 1.60 CON SUS NOCHEROS 16/09/2025,CIERRE MAGICO,2.5,LINEAL,,,,,,unidad_raw=METROS | seccion=SECCION TAPICERIA CARLOS MANO DE OBRA= | precio_unitario_raw=5000.0 | total_raw=12500.0
CAMA EMILI 1.60 CON SUS NOCHEROS 16/09/2025,HILO,0.5,FORMULA,,,,,,unidad_raw=UNIDAD | seccion=SECCION TAPICERIA CARLOS MANO DE OBRA= | precio_unitario_raw=25000.0 | total_raw=12500.0
CAMA EMILI 1.60 CON SUS NOCHEROS 16/09/2025,COLA DE RATA,5.5,LINEAL,,,,,,unidad_raw=METROS | seccion=SECCION TAPICERIA CARLOS MANO DE OBRA= | precio_unitario_raw=1570.0 | total_raw=8635.0
CAMA EMILI 1.60 CON SUS NOCHEROS 16/09/2025,SUPER,0.5,VOLUMEN,,,,,,unidad_raw=LITRO | seccion=SECCION TAPICERIA CARLOS MANO DE OBRA= | precio_unitario_raw=19000.0 | total_raw=9500.0
CAMA EMILI 1.60 CON SUS NOCHEROS 16/09/2025,FIELTRO,0.0,LINEAL,,,,,,unidad_raw=CM | seccion=SECCION TAPICERIA CARLOS MANO DE OBRA= | precio_unitario_raw=4000.0
CAMA EMILI 1.60 CON SUS NOCHEROS 16/09/2025,HECHURA,1.0,FIJO,,,,,,seccion=SECCION TAPICERIA CARLOS MANO DE OBRA= | precio_unitario_raw=210000.0 | total_raw=210000.0
CAMA EMILI 1.60 CON SUS NOCHEROS 16/09/2025,LENCILLO,6.5,LINEAL,,,,,,unidad_raw=METROS | seccion=SECCION TAPICERIA CARLOS MANO DE OBRA= | precio_unitario_raw=3500.0 | total_raw=22750.0
CAMA BRISA 2X2 CON SUS NOCHEROS 16/09/2025,MADERA (2),1100.0,FORMULA,,,,,,unidad_raw=APAMATE | seccion=EBANISTA WILMER MANO DE OBRA= | precio_unitario_raw=140.0 | total_raw=154000.0
CAMA BRISA 2X2 CON SUS NOCHEROS 16/09/2025,"MDF DE 2,7",0.0,AREA,,,,,,unidad_raw=LAMINA | seccion=EBANISTA WILMER MANO DE OBRA= | precio_unitario_raw=65000.0 | total_raw=0.0
CAMA BRISA 2X2 CON SUS NOCHEROS 16/09/2025,INDUPLAX,0.0,AREA,,,,,,unidad_raw=Unidad | seccion=EBANISTA WILMER MANO DE OBRA= | precio_unitario_raw=160000.0 | total_raw=0.0
CAMA BRISA 2X2 CON SUS NOCHEROS 16/09/2025,LAMINA DE 9,1.0,AREA,,,,,,unidad_raw=Unidad | seccion=EBANISTA WILMER MANO DE OBRA= | precio_unitario_raw=140000.0 | total_raw=140000.0
CAMA BRISA 2X2 CON SUS NOCHEROS 16/09/2025,SUPER,1.0,FORMULA,,,,,,unidad_raw=LITROS | seccion=EBANISTA WILMER MANO DE OBRA= | precio_unitario_raw=19000.0 | total_raw=0.0
CAMA BRISA 2X2 CON SUS NOCHEROS 16/09/2025,COLBON,1.0,VOLUMEN,,,,,,unidad_raw=LITROS | seccion=EBANISTA WILMER MANO DE OBRA= | precio_unitario_raw=14000.0 | total_raw=14000.0
CAMA BRISA 2X2 CON SUS NOCHEROS 16/09/2025,GRAPAS,0.5,ESPACIADO,,,,,,unidad_raw=Unidad | seccion=EBANISTA WILMER MANO DE OBRA= | precio_unitario_raw=12000.0 | total_raw=6000.0
CAMA BRISA 2X2 CON SUS NOCHEROS 16/09/2025,CORREDERAS,1.0,FIJO,,,,,,unidad_raw=UNITARIOS | seccion=EBANISTA WILMER MANO DE OBRA= | precio_unitario_raw=32000.0 | total_raw=0.0
CAMA BRISA 2X2 CON SUS NOCHEROS 16/09/2025,CLAVILLOS F40,0.25,ESPACIADO,,,,,,unidad_raw=TIRA | seccion=EBANISTA WILMER MANO DE OBRA= | precio_unitario_raw=28000.0 | total_raw=7000.0
CAMA BRISA 2X2 CON SUS NOCHEROS 16/09/2025,GANCHOS,1.0,FIJO,,,,,,unidad_raw=PAR | seccion=EBANISTA WILMER MANO DE OBRA= | precio_unitario_raw=20000.0 | total_raw=20000.0
CAMA BRISA 2X2 CON SUS NOCHEROS 16/09/2025,MDF 15,2.0,AREA,,,,,,unidad_raw=LAMINA | seccion=EBANISTA WILMER MANO DE OBRA= | precio_unitario_raw=207000.0 | total_raw=414000.0
CAMA BRISA 2X2 CON SUS NOCHEROS 16/09/2025,"TORNILLOS DE 2""",150.0,ESPACIADO,,,,,,unidad_raw=Unidad | seccion=EBANISTA WILMER MANO DE OBRA= | precio_unitario_raw=100.0 | total_raw=15000.0
CAMA BRISA 2X2 CON SUS NOCHEROS 16/09/2025,ebanisteria 300.000 x 5% de m.o,1.0,FORMULA,,,,,,seccion=EBANISTA WILMER MANO DE OBRA= | total_raw=315000.0
CAMA BRISA 2X2 CON SUS NOCHEROS 16/09/2025,gastos de Ebanisteria e 10%,1.0,FORMULA,,,,,,seccion=EBANISTA WILMER MANO DE OBRA= | total_raw=106666.0
CAMA BRISA 2X2 CON SUS NOCHEROS 16/09/2025,MADERA (2),468.0,FORMULA,,,,,,"unidad_raw=2,10X22X18= 832 2,10X20X15=630 | seccion=EBANISTA WILMER MANO DE OBRA= | precio_unitario_raw=140.0 | total_raw=65520.0"
CAMA BRISA 2X2 CON SUS NOCHEROS 16/09/2025,MDF DE 3,200.0,AREA,,,,,,"unidad_raw=1 PEDAZO DE 1,20X45=54 | seccion=EBANISTA WILMER MANO DE OBRA= | precio_unitario_raw=67.0 | total_raw=13400.0"
CAMA BRISA 2X2 CON SUS NOCHEROS 16/09/2025,LAM MDF 15,250.0,AREA,,,,,,"unidad_raw=1 PEDASO DE 1.25 X55=68,75 | seccion=EBANISTA WILMER MANO DE OBRA= | precio_unitario_raw=217.0 | total_raw=54250.0"
CAMA BRISA 2X2 CON SUS NOCHEROS 16/09/2025,LAM MDF 9,175.0,AREA,,,,,,"unidad_raw=1 PEDASO DE 1,50X40=60 | seccion=EBANISTA WILMER MANO DE OBRA= | precio_unitario_raw=140.0 | total_raw=21875.0"
CAMA BRISA 2X2 CON SUS NOCHEROS 16/09/2025,COLBON,2.0,VOLUMEN,,,,,,unidad_raw=litros | seccion=EBANISTA WILMER MANO DE OBRA= | precio_unitario_raw=14000.0 | total_raw=28000.0
CAMA BRISA 2X2 CON SUS NOCHEROS 16/09/2025,GRAPAS,10.0,ESPACIADO,,,,,,unidad_raw=Unidad | seccion=EBANISTA WILMER MANO DE OBRA= | precio_unitario_raw=600.0 | total_raw=6000.0
CAMA BRISA 2X2 CON SUS NOCHEROS 16/09/2025,CLAVILLOS N F 40,6.0,ESPACIADO,,,,,,unidad_raw=TIRA | seccion=EBANISTA WILMER MANO DE OBRA= | precio_unitario_raw=1000.0 | total_raw=6000.0
CAMA BRISA 2X2 CON SUS NOCHEROS 16/09/2025,HECHURA,2.0,FORMULA,,,,,,unidad_raw=PAR | seccion=EBANISTA WILMER MANO DE OBRA= | precio_unitario_raw=157500.0 | total_raw=315000.0
CAMA BRISA 2X2 CON SUS NOCHEROS 16/09/2025,"TORNILLOS DE 2""",30.0,ESPACIADO,,,,,,unidad_raw=Unidad | seccion=EBANISTA WILMER MANO DE OBRA= | precio_unitario_raw=100.0 | total_raw=3000.0
CAMA BRISA 2X2 CON SUS NOCHEROS 16/09/2025,gastos de Ebanisteria e 5%,1.0,FORMULA,,,,,,seccion=EBANISTA WILMER MANO DE OBRA= | total_raw=26294.75
CAMA BRISA 2X2 CON SUS NOCHEROS 16/09/2025,SECCION PINTURA Y PREPARADA,1.0,FORMULA,,,,,DE 2 NOCHEROS,seccion=SECCION PINTURA Y PREPARADA DE 2 NOCHEROS
CAMA BRISA 2X2 CON SUS NOCHEROS 16/09/2025,PREPARADO JOTA,2.0,FORMULA,,,,,,unidad_raw=CON EL 5% | seccion=SECCION PINTURA Y PREPARADA DE 2 NOCHEROS | precio_unitario_raw=36750.0 | total_raw=73500.0
CAMA BRISA 2X2 CON SUS NOCHEROS 16/09/2025,PINTURA ALEX,2.0,FORMULA,,,,,,unidad_raw=CON EL 5% | seccion=SECCION PINTURA Y PREPARADA DE 2 NOCHEROS | precio_unitario_raw=36750.0 | total_raw=73500.0
CAMA BRISA 2X2 CON SUS NOCHEROS 16/09/2025,SELLADOR,5.0,VOLUMEN,,,,,,unidad_raw=PISTOLADAS | seccion=SECCION PINTURA Y PREPARADA DE 2 NOCHEROS | precio_unitario_raw=18000.0 | total_raw=90000.0
CAMA BRISA 2X2 CON SUS NOCHEROS 16/09/2025,LIJA 400,1.0,FIJO,,,,,,unidad_raw=unidades | seccion=SECCION PINTURA Y PREPARADA DE 2 NOCHEROS | precio_unitario_raw=2000.0 | total_raw=2000.0
CAMA BRISA 2X2 CON SUS NOCHEROS 16/09/2025,NITRO,0.0,VOLUMEN,,,,,,unidad_raw=galon | seccion=SECCION PINTURA Y PREPARADA DE 2 NOCHEROS | precio_unitario_raw=70000.0 | total_raw=0.0
CAMA BRISA 2X2 CON SUS NOCHEROS 16/09/2025,VIDRIOS,0.0,FORMULA,,,,,,unidad_raw=unidad | seccion=SECCION PINTURA Y PREPARADA DE 2 NOCHEROS | precio_unitario_raw=45000.0 | total_raw=0.0
CAMA BRISA 2X2 CON SUS NOCHEROS 16/09/2025,TALCO,0.3,FORMULA,,,,,,unidad_raw=unidad | seccion=SECCION PINTURA Y PREPARADA DE 2 NOCHEROS | precio_unitario_raw=2500.0 | total_raw=750.0
CAMA BRISA 2X2 CON SUS NOCHEROS 16/09/2025,TINER,0.2,VOLUMEN,,,,,,unidad_raw=GALON | seccion=SECCION PINTURA Y PREPARADA DE 2 NOCHEROS | precio_unitario_raw=34000.0 | total_raw=6800.0
CAMA BRISA 2X2 CON SUS NOCHEROS 16/09/2025,TOPES,2.0,FORMULA,,,,,,unidad_raw=JALADORES | seccion=SECCION PINTURA Y PREPARADA DE 2 NOCHEROS | precio_unitario_raw=3000.0 | total_raw=6000.0
CAMA BRISA 2X2 CON SUS NOCHEROS 16/09/2025,COLOR,4.0,VOLUMEN,,,,,,unidad_raw=PISTOLADA | seccion=SECCION PINTURA Y PREPARADA DE 2 NOCHEROS | precio_unitario_raw=22000.0 | total_raw=88000.0
CAMA BRISA 2X2 CON SUS NOCHEROS 16/09/2025,ENCINA,0.1,VOLUMEN,,,,,,unidad_raw=galon | seccion=SECCION PINTURA Y PREPARADA DE 2 NOCHEROS | precio_unitario_raw=160000.0 | total_raw=16000.0
CAMA BRISA 2X2 CON SUS NOCHEROS 16/09/2025,GASOLINA,0.6,LINEAL,,,,,,unidad_raw=ML | seccion=SECCION PINTURA Y PREPARADA DE 2 NOCHEROS | precio_unitario_raw=4500.0 | total_raw=2700.0
CAMA BRISA 2X2 CON SUS NOCHEROS 16/09/2025,RESANE,0.2,VOLUMEN,,,,,,unidad_raw=LITRO | seccion=SECCION PINTURA Y PREPARADA DE 2 NOCHEROS | precio_unitario_raw=20000.0 | total_raw=4000.0
CAMA BRISA 2X2 CON SUS NOCHEROS 16/09/2025,LACA,3.0,VOLUMEN,,,,,,unidad_raw=PISTOLADA | seccion=SECCION PINTURA Y PREPARADA DE 2 NOCHEROS | precio_unitario_raw=23000.0 | total_raw=69000.0
CAMA BRISA 2X2 CON SUS NOCHEROS 16/09/2025,Gastos de Pintura 10%,1.0,FORMULA,,,,,,seccion=SECCION PINTURA Y PREPARADA DE 2 NOCHEROS | total_raw=43225.0
CAMA BRISA 2X2 CON SUS NOCHEROS 16/09/2025,SECCION PINTURA Y PREPARADA,1.0,FORMULA,,,,,DE CAMAS,seccion=SECCION PINTURA Y PREPARADA DE CAMAS
CAMA BRISA 2X2 CON SUS NOCHEROS 16/09/2025,PREPARADO JOTA,1.0,FIJO,,,,,,unidad_raw=CON EL 5% | seccion=SECCION PINTURA Y PREPARADA DE CAMAS | precio_unitario_raw=63000.0 | total_raw=63000.0
CAMA BRISA 2X2 CON SUS NOCHEROS 16/09/2025,PINTURA ALEX,1.0,FIJO,,,,,,unidad_raw=CON EL 5% | seccion=SECCION PINTURA Y PREPARADA DE CAMAS | precio_unitario_raw=36750.0 | total_raw=36750.0
CAMA BRISA 2X2 CON SUS NOCHEROS 16/09/2025,PINTURA DE PATAS ALEX,16.0,FORMULA,,,,,,unidad_raw=16.0 | seccion=SECCION PINTURA Y PREPARADA DE CAMAS | precio_unitario_raw=2100.0 | total_raw=33600.0
CAMA BRISA 2X2 CON SUS NOCHEROS 16/09/2025,SELLADOR,2.5,VOLUMEN,,,,,,unidad_raw=PISTOLADAS | seccion=SECCION PINTURA Y PREPARADA DE CAMAS | precio_unitario_raw=18000.0 | total_raw=45000.0
CAMA BRISA 2X2 CON SUS NOCHEROS 16/09/2025,LIJA 400,0.0,FORMULA,,,,,,unidad_raw=unidades | seccion=SECCION PINTURA Y PREPARADA DE CAMAS | precio_unitario_raw=2000.0 | total_raw=0.0
CAMA BRISA 2X2 CON SUS NOCHEROS 16/09/2025,NITRO,1.0,FORMULA,,,,,,unidad_raw=galon | seccion=SECCION PINTURA Y PREPARADA DE CAMAS | total_raw=0.0
CAMA BRISA 2X2 CON SUS NOCHEROS 16/09/2025,lija 240,1.0,FIJO,,,,,,unidad_raw=unidad | seccion=SECCION PINTURA Y PREPARADA DE CAMAS | precio_unitario_raw=2000.0 | total_raw=2000.0
CAMA BRISA 2X2 CON SUS NOCHEROS 16/09/2025,lija 120,1.0,FIJO,,,,,,unidad_raw=unidad | seccion=SECCION PINTURA Y PREPARADA DE CAMAS | precio_unitario_raw=2000.0 | total_raw=2000.0
CAMA BRISA 2X2 CON SUS NOCHEROS 16/09/2025,LACA SEMIMATE,1.5,VOLUMEN,,,,,,unidad_raw=GALON | seccion=SECCION PINTURA Y PREPARADA DE CAMAS | precio_unitario_raw=23000.0 | total_raw=34500.0
CAMA BRISA 2X2 CON SUS NOCHEROS 16/09/2025,kerosen,1.0,FORMULA,,,,,,unidad_raw=litro | seccion=SECCION PINTURA Y PREPARADA DE CAMAS | precio_unitario_raw=18000.0 | total_raw=0.0
CAMA BRISA 2X2 CON SUS NOCHEROS 16/09/2025,COLOR,3.2,VOLUMEN,,,,,,unidad_raw=PISTOLADA | seccion=SECCION PINTURA Y PREPARADA DE CAMAS | precio_unitario_raw=20000.0 | total_raw=64000.0
CAMA BRISA 2X2 CON SUS NOCHEROS 16/09/2025,TINTE MIEL,1.0,FORMULA,,,,,,unidad_raw=galon | seccion=SECCION PINTURA Y PREPARADA DE CAMAS | total_raw=0.0
CAMA BRISA 2X2 CON SUS NOCHEROS 16/09/2025,GASOLINA,0.2,VOLUMEN,,,,,,unidad_raw=LITRO | seccion=SECCION PINTURA Y PREPARADA DE CAMAS | precio_unitario_raw=4.5 | total_raw=0.9
CAMA BRISA 2X2 CON SUS NOCHEROS 16/09/2025,RESANE,0.5,VOLUMEN,,,,,,unidad_raw=LITRO | seccion=SECCION PINTURA Y PREPARADA DE CAMAS | precio_unitario_raw=23000.0 | total_raw=11500.0
CAMA BRISA 2X2 CON SUS NOCHEROS 16/09/2025,LACA BRILLANTE,1.7,VOLUMEN,,,,,,unidad_raw=PISTOLADA | seccion=SECCION PINTURA Y PREPARADA DE CAMAS | precio_unitario_raw=23000.0 | total_raw=39100.0
CAMA BRISA 2X2 CON SUS NOCHEROS 16/09/2025,Gastos de Pintura 10%,1.0,FORMULA,,,,,,seccion=SECCION PINTURA Y PREPARADA DE CAMAS | total_raw=32095.1
CAMA BRISA 2X2 CON SUS NOCHEROS 16/09/2025,PUNTOS DE HISTALACION,2.0,FORMULA,,,,,,unidad_raw=JOTA LAMPARAS | seccion=SECCION TERMINACION | precio_unitario_raw=31500.0 | total_raw=63000.0
CAMA BRISA 2X2 CON SUS NOCHEROS 16/09/2025,PUNTOS DE HISTALACION,2.0,FORMULA,,,,,,unidad_raw=TOMAS | seccion=SECCION TERMINACION | precio_unitario_raw=15750.0 | total_raw=31500.0
CAMA BRISA 2X2 CON SUS NOCHEROS 16/09/2025,TOMAS NEGROS CON USB,2.0,FORMULA,,,,,,unidad_raw=UNIDADES | seccion=SECCION TERMINACION | precio_unitario_raw=23000.0 | total_raw=46000.0
CAMA BRISA 2X2 CON SUS NOCHEROS 16/09/2025,LAMPARAS DE LUZ,2.0,FORMULA,,,,,,unidad_raw=UNIDADES | seccion=SECCION TERMINACION | precio_unitario_raw=125000.0 | total_raw=250000.0
CAMA BRISA 2X2 CON SUS NOCHEROS 16/09/2025,CABLE DE 12,6.0,LINEAL,,,,,,unidad_raw=METROS | seccion=SECCION TERMINACION | precio_unitario_raw=3000.0 | total_raw=18000.0
CAMA BRISA 2X2 CON SUS NOCHEROS 16/09/2025,APAGADORES,2.0,FORMULA,,,,,,unidad_raw=PAR | seccion=SECCION TERMINACION | precio_unitario_raw=1500.0 | total_raw=3000.0
CAMA BRISA 2X2 CON SUS NOCHEROS 16/09/2025,ENCHUFLES BLANCO MACHO,2.0,FORMULA,,,,,,unidad_raw=UNIDADES | seccion=SECCION TERMINACION | precio_unitario_raw=2000.0 | total_raw=4000.0
CAMA BRISA 2X2 CON SUS NOCHEROS 16/09/2025,HERRAJES DE CAMA,1.0,FIJO,,,,,,unidad_raw=PAR | seccion=SECCION TERMINACION | precio_unitario_raw=160000.0 | total_raw=160000.0
CAMA BRISA 2X2 CON SUS NOCHEROS 16/09/2025,JALADORES,2.0,FORMULA,,,,,,unidad_raw=UNIDAD | seccion=SECCION TERMINACION | precio_unitario_raw=10000.0 | total_raw=20000.0
CAMA BRISA 2X2 CON SUS NOCHEROS 16/09/2025,MULTIUSOS,4.0,FORMULA,,,,,,unidad_raw=UNIDADES | seccion=SECCION TERMINACION | precio_unitario_raw=3000.0 | total_raw=12000.0
CAMA BRISA 2X2 CON SUS NOCHEROS 16/09/2025,CORREDERAS,4.0,FORMULA,,,,,,unidad_raw=unidades | seccion=SECCION TERMINACION | precio_unitario_raw=19000.0 | total_raw=76000.0
CAMA BRISA 2X2 CON SUS NOCHEROS 16/09/2025,EMBALADA,1.0,FIJO,,,,,,unidad_raw=unidades | seccion=SECCION TERMINACION | precio_unitario_raw=150000.0 | total_raw=150000.0
CAMA BRISA 2X2 CON SUS NOCHEROS 16/09/2025,SECCION TENDIDO,1.0,FORMULA,,,,,,seccion=SECCION TERMINACION | total_raw=0.0
CAMA BRISA 2X2 CON SUS NOCHEROS 16/09/2025,SECCION TAPICERIA CARLOS,1.0,FORMULA,,,,,,unidad_raw=MANO DE OBRA= | seccion=SECCION TAPICERIA CARLOS MANO DE OBRA=
CAMA BRISA 2X2 CON SUS NOCHEROS 16/09/2025,TELA VELEZ BEIS,13.0,AREA,,,,,,unidad_raw=METROS | seccion=SECCION TAPICERIA CARLOS MANO DE OBRA= | precio_unitario_raw=29000.0 | total_raw=377000.0
CAMA BRISA 2X2 CON SUS NOCHEROS 16/09/2025,BARILLA TRIPA POLLO,1.0,FORMULA,,,,,,seccion=SECCION TAPICERIA CARLOS MANO DE OBRA= | precio_unitario_raw=15000.0 | total_raw=0.0
CAMA BRISA 2X2 CON SUS NOCHEROS 16/09/2025,CAZATA,0.0,LINEAL,,,,,,unidad_raw=METROS | seccion=SECCION TAPICERIA CARLOS MANO DE OBRA= | precio_unitario_raw=56000.0 | total_raw=0.0
CAMA BRISA 2X2 CON SUS NOCHEROS 16/09/2025,GRAPAS,0.5,ESPACIADO,,,,,,unidad_raw=CAJA DE GRAPAS | seccion=SECCION TAPICERIA CARLOS MANO DE OBRA= | precio_unitario_raw=12000.0 | total_raw=6000.0
CAMA BRISA 2X2 CON SUS NOCHEROS 16/09/2025,ESPUMA AZUL DE 2 PULGADAS,0.0,AREA,,,,,,unidad_raw=LAMINA | seccion=SECCION TAPICERIA CARLOS MANO DE OBRA= | precio_unitario_raw=41000.0 | total_raw=0.0
CAMA BRISA 2X2 CON SUS NOCHEROS 16/09/2025,"TORNILLOS DE 1 1/2""",50.0,ESPACIADO,,,,,,unidad_raw=UNIDADES | seccion=SECCION TAPICERIA CARLOS MANO DE OBRA= | precio_unitario_raw=100.0 | total_raw=5000.0
CAMA BRISA 2X2 CON SUS NOCHEROS 16/09/2025,ESPUMA DE 1 1/2PULGADA AZUL,4.0,AREA,,,,,,unidad_raw=UNIDADES | seccion=SECCION TAPICERIA CARLOS MANO DE OBRA= | precio_unitario_raw=26000.0 | total_raw=104000.0
CAMA BRISA 2X2 CON SUS NOCHEROS 16/09/2025,ESPUMA BLANCA DE 1',1.0,AREA,,,,,,unidad_raw=UNIDAD | seccion=SECCION TAPICERIA CARLOS MANO DE OBRA= | precio_unitario_raw=14500.0 | total_raw=14500.0
CAMA BRISA 2X2 CON SUS NOCHEROS 16/09/2025,RIATA,8.0,LINEAL,,,,,,unidad_raw=MTS | seccion=SECCION TAPICERIA CARLOS MANO DE OBRA= | precio_unitario_raw=1000.0 | total_raw=8000.0
CAMA BRISA 2X2 CON SUS NOCHEROS 16/09/2025,COSTAL,6.0,AREA,,,,,,unidad_raw=METROS | seccion=SECCION TAPICERIA CARLOS MANO DE OBRA= | precio_unitario_raw=4000.0 | total_raw=24000.0
CAMA BRISA 2X2 CON SUS NOCHEROS 16/09/2025,HILO,0.5,FORMULA,,,,,,unidad_raw=UNIDAD | seccion=SECCION TAPICERIA CARLOS MANO DE OBRA= | precio_unitario_raw=25000.0 | total_raw=12500.0
CAMA BRISA 2X2 CON SUS NOCHEROS 16/09/2025,CARTON,1.5,FORMULA,,,,,,unidad_raw=UNIIDAD | seccion=SECCION TAPICERIA CARLOS MANO DE OBRA= | precio_unitario_raw=5000.0 | total_raw=7500.0
CAMA BRISA 2X2 CON SUS NOCHEROS 16/09/2025,SUPER,0.75,VOLUMEN,,,,,,unidad_raw=LITRO | seccion=SECCION TAPICERIA CARLOS MANO DE OBRA= | precio_unitario_raw=19000.0 | total_raw=14250.0
CAMA BRISA 2X2 CON SUS NOCHEROS 16/09/2025,FIELTRO,0.0,LINEAL,,,,,,unidad_raw=CM | seccion=SECCION TAPICERIA CARLOS MANO DE OBRA= | precio_unitario_raw=4000.0 | total_raw=0.0
CAMA BRISA 2X2 CON SUS NOCHEROS 16/09/2025,HECHURA,1.0,FIJO,,,,,,seccion=SECCION TAPICERIA CARLOS MANO DE OBRA= | precio_unitario_raw=210000.0 | total_raw=210000.0
CAMA BRISA 2X2 CON SUS NOCHEROS 16/09/2025,LENCILLO,0.0,FORMULA,,,,,,unidad_raw=KG | seccion=SECCION TAPICERIA CARLOS MANO DE OBRA= | precio_unitario_raw=4000.0 | total_raw=0.0
27-10-2025 CAMA PATSI 2X2 CON SUS NOCHEROS,MADERA (2),1483.0,FORMULA,,,,,,unidad_raw=APAMATE | seccion=EBANISTA WILMER MANO DE OBRA= | precio_unitario_raw=140.0 | total_raw=207620.0
27-10-2025 CAMA PATSI 2X2 CON SUS NOCHEROS,"MDF DE 2,7",0.0,AREA,,,,,,unidad_raw=LAMINA | seccion=EBANISTA WILMER MANO DE OBRA= | precio_unitario_raw=65000.0 | total_raw=0.0
27-10-2025 CAMA PATSI 2X2 CON SUS NOCHEROS,INDUPLAX,0.0,AREA,,,,,,unidad_raw=Unidad | seccion=EBANISTA WILMER MANO DE OBRA= | precio_unitario_raw=160000.0 | total_raw=0.0
27-10-2025 CAMA PATSI 2X2 CON SUS NOCHEROS,LAMINA DE 9,2.0,AREA,,,,,,unidad_raw=Unidad | seccion=EBANISTA WILMER MANO DE OBRA= | precio_unitario_raw=140000.0 | total_raw=280000.0
27-10-2025 CAMA PATSI 2X2 CON SUS NOCHEROS,SUPER,1.0,FORMULA,,,,,,unidad_raw=LITROS | seccion=EBANISTA WILMER MANO DE OBRA= | precio_unitario_raw=19000.0 | total_raw=0.0
27-10-2025 CAMA PATSI 2X2 CON SUS NOCHEROS,COLBON,1.0,VOLUMEN,,,,,,unidad_raw=LITROS | seccion=EBANISTA WILMER MANO DE OBRA= | precio_unitario_raw=14000.0 | total_raw=14000.0
27-10-2025 CAMA PATSI 2X2 CON SUS NOCHEROS,GRAPAS,0.5,ESPACIADO,,,,,,unidad_raw=Unidad | seccion=EBANISTA WILMER MANO DE OBRA= | precio_unitario_raw=12000.0 | total_raw=6000.0
27-10-2025 CAMA PATSI 2X2 CON SUS NOCHEROS,CORREDERAS,1.0,FIJO,,,,,,unidad_raw=UNITARIOS | seccion=EBANISTA WILMER MANO DE OBRA= | precio_unitario_raw=32000.0 | total_raw=0.0
27-10-2025 CAMA PATSI 2X2 CON SUS NOCHEROS,CLAVILLOS F50 F 30,0.5,ESPACIADO,,,,,,unidad_raw=TIRA | seccion=EBANISTA WILMER MANO DE OBRA= | precio_unitario_raw=28000.0 | total_raw=14000.0
27-10-2025 CAMA PATSI 2X2 CON SUS NOCHEROS,GANCHOS,1.0,FIJO,,,,,,unidad_raw=PAR | seccion=EBANISTA WILMER MANO DE OBRA= | precio_unitario_raw=20000.0 | total_raw=20000.0
27-10-2025 CAMA PATSI 2X2 CON SUS NOCHEROS,MDF 15,0.0,AREA,,,,,,unidad_raw=LAMINA | seccion=EBANISTA WILMER MANO DE OBRA= | precio_unitario_raw=207000.0 | total_raw=0.0
27-10-2025 CAMA PATSI 2X2 CON SUS NOCHEROS,"TORNILLOS DE 2""",150.0,ESPACIADO,,,,,,unidad_raw=Unidad | seccion=EBANISTA WILMER MANO DE OBRA= | precio_unitario_raw=100.0 | total_raw=15000.0
27-10-2025 CAMA PATSI 2X2 CON SUS NOCHEROS,ebanisteria 300.000 x 5% de m.o,1.0,FORMULA,,,,,,seccion=EBANISTA WILMER MANO DE OBRA= | total_raw=315000.0
27-10-2025 CAMA PATSI 2X2 CON SUS NOCHEROS,gastos de Ebanisteria e 10%,1.0,FORMULA,,,,,,seccion=EBANISTA WILMER MANO DE OBRA= | total_raw=87162.0
27-10-2025 CAMA PATSI 2X2 CON SUS NOCHEROS,MADERA (2),468.0,FORMULA,,,,,,"unidad_raw=2,10X22X18= 832 2,10X20X15=630 | seccion=EBANISTA WILMER MANO DE OBRA= | precio_unitario_raw=140.0 | total_raw=65520.0"
27-10-2025 CAMA PATSI 2X2 CON SUS NOCHEROS,MDF DE 3,200.0,AREA,,,,,,"unidad_raw=1 PEDAZO DE 1,20X45=54 | seccion=EBANISTA WILMER MANO DE OBRA= | precio_unitario_raw=67.0 | total_raw=13400.0"
27-10-2025 CAMA PATSI 2X2 CON SUS NOCHEROS,LAM MDF 15,250.0,AREA,,,,,,"unidad_raw=1 PEDASO DE 1.25 X55=68,75 | seccion=EBANISTA WILMER MANO DE OBRA= | precio_unitario_raw=217.0 | total_raw=54250.0"
27-10-2025 CAMA PATSI 2X2 CON SUS NOCHEROS,LAM MDF 9,175.0,AREA,,,,,,"unidad_raw=1 PEDASO DE 1,50X40=60 | seccion=EBANISTA WILMER MANO DE OBRA= | precio_unitario_raw=140.0 | total_raw=21875.0"
27-10-2025 CAMA PATSI 2X2 CON SUS NOCHEROS,COLBON,2.0,VOLUMEN,,,,,,unidad_raw=litros | seccion=EBANISTA WILMER MANO DE OBRA= | precio_unitario_raw=14000.0 | total_raw=28000.0
27-10-2025 CAMA PATSI 2X2 CON SUS NOCHEROS,GRAPAS,10.0,ESPACIADO,,,,,,unidad_raw=Unidad | seccion=EBANISTA WILMER MANO DE OBRA= | precio_unitario_raw=600.0 | total_raw=6000.0
27-10-2025 CAMA PATSI 2X2 CON SUS NOCHEROS,CLAVILLOS N F 40,6.0,ESPACIADO,,,,,,unidad_raw=TIRA | seccion=EBANISTA WILMER MANO DE OBRA= | precio_unitario_raw=1000.0 | total_raw=6000.0
27-10-2025 CAMA PATSI 2X2 CON SUS NOCHEROS,HECHURA,2.0,FORMULA,,,,,,unidad_raw=PAR | seccion=EBANISTA WILMER MANO DE OBRA= | precio_unitario_raw=157500.0 | total_raw=315000.0
27-10-2025 CAMA PATSI 2X2 CON SUS NOCHEROS,"TORNILLOS DE 2""",30.0,ESPACIADO,,,,,,unidad_raw=Unidad | seccion=EBANISTA WILMER MANO DE OBRA= | precio_unitario_raw=100.0 | total_raw=3000.0
27-10-2025 CAMA PATSI 2X2 CON SUS NOCHEROS,gastos de Ebanisteria e 5%,1.0,FORMULA,,,,,,seccion=EBANISTA WILMER MANO DE OBRA= | total_raw=26294.75
27-10-2025 CAMA PATSI 2X2 CON SUS NOCHEROS,SECCION PINTURA Y PREPARADA,1.0,FORMULA,,,,,DE 2 NOCHEROS,seccion=SECCION PINTURA Y PREPARADA DE 2 NOCHEROS
27-10-2025 CAMA PATSI 2X2 CON SUS NOCHEROS,PREPARADO JOTA,2.0,FORMULA,,,,,,unidad_raw=CON EL 5% | seccion=SECCION PINTURA Y PREPARADA DE 2 NOCHEROS | precio_unitario_raw=36750.0 | total_raw=73500.0
27-10-2025 CAMA PATSI 2X2 CON SUS NOCHEROS,PINTURA ALEX,2.0,FORMULA,,,,,,unidad_raw=CON EL 5% | seccion=SECCION PINTURA Y PREPARADA DE 2 NOCHEROS | precio_unitario_raw=36750.0 | total_raw=73500.0
27-10-2025 CAMA PATSI 2X2 CON SUS NOCHEROS,SELLADOR,5.0,VOLUMEN,,,,,,unidad_raw=PISTOLADAS | seccion=SECCION PINTURA Y PREPARADA DE 2 NOCHEROS | precio_unitario_raw=18000.0 | total_raw=90000.0
27-10-2025 CAMA PATSI 2X2 CON SUS NOCHEROS,LIJA 400,1.0,FIJO,,,,,,unidad_raw=unidades | seccion=SECCION PINTURA Y PREPARADA DE 2 NOCHEROS | precio_unitario_raw=2000.0 | total_raw=2000.0
27-10-2025 CAMA PATSI 2X2 CON SUS NOCHEROS,NITRO,0.0,VOLUMEN,,,,,,unidad_raw=galon | seccion=SECCION PINTURA Y PREPARADA DE 2 NOCHEROS | precio_unitario_raw=70000.0 | total_raw=0.0
27-10-2025 CAMA PATSI 2X2 CON SUS NOCHEROS,VIDRIOS,0.0,FORMULA,,,,,,unidad_raw=unidad | seccion=SECCION PINTURA Y PREPARADA DE 2 NOCHEROS | precio_unitario_raw=45000.0 | total_raw=0.0
27-10-2025 CAMA PATSI 2X2 CON SUS NOCHEROS,TALCO,0.3,FORMULA,,,,,,unidad_raw=unidad | seccion=SECCION PINTURA Y PREPARADA DE 2 NOCHEROS | precio_unitario_raw=2500.0 | total_raw=750.0
27-10-2025 CAMA PATSI 2X2 CON SUS NOCHEROS,TINER,0.2,VOLUMEN,,,,,,unidad_raw=GALON | seccion=SECCION PINTURA Y PREPARADA DE 2 NOCHEROS | precio_unitario_raw=34000.0 | total_raw=6800.0
27-10-2025 CAMA PATSI 2X2 CON SUS NOCHEROS,TOPES,2.0,FORMULA,,,,,,unidad_raw=JALADORES | seccion=SECCION PINTURA Y PREPARADA DE 2 NOCHEROS | precio_unitario_raw=3000.0 | total_raw=6000.0
27-10-2025 CAMA PATSI 2X2 CON SUS NOCHEROS,COLOR,4.0,VOLUMEN,,,,,,unidad_raw=PISTOLADA | seccion=SECCION PINTURA Y PREPARADA DE 2 NOCHEROS | precio_unitario_raw=22000.0 | total_raw=88000.0
27-10-2025 CAMA PATSI 2X2 CON SUS NOCHEROS,ENCINA,0.1,VOLUMEN,,,,,,unidad_raw=galon | seccion=SECCION PINTURA Y PREPARADA DE 2 NOCHEROS | precio_unitario_raw=160000.0 | total_raw=16000.0
27-10-2025 CAMA PATSI 2X2 CON SUS NOCHEROS,GASOLINA,0.6,LINEAL,,,,,,unidad_raw=ML | seccion=SECCION PINTURA Y PREPARADA DE 2 NOCHEROS | precio_unitario_raw=4500.0 | total_raw=2700.0
27-10-2025 CAMA PATSI 2X2 CON SUS NOCHEROS,RESANE,0.2,VOLUMEN,,,,,,unidad_raw=LITRO | seccion=SECCION PINTURA Y PREPARADA DE 2 NOCHEROS | precio_unitario_raw=20000.0 | total_raw=4000.0
27-10-2025 CAMA PATSI 2X2 CON SUS NOCHEROS,LACA,3.0,VOLUMEN,,,,,,unidad_raw=PISTOLADA | seccion=SECCION PINTURA Y PREPARADA DE 2 NOCHEROS | precio_unitario_raw=23000.0 | total_raw=69000.0
27-10-2025 CAMA PATSI 2X2 CON SUS NOCHEROS,Gastos de Pintura 10%,1.0,FORMULA,,,,,,seccion=SECCION PINTURA Y PREPARADA DE 2 NOCHEROS | total_raw=43225.0
27-10-2025 CAMA PATSI 2X2 CON SUS NOCHEROS,SECCION PINTURA Y PREPARADA,1.0,FORMULA,,,,,DE CAMAS,seccion=SECCION PINTURA Y PREPARADA DE CAMAS
27-10-2025 CAMA PATSI 2X2 CON SUS NOCHEROS,PREPARADO JOTA,1.0,FIJO,,,,,,unidad_raw=CON EL 5% | seccion=SECCION PINTURA Y PREPARADA DE CAMAS | precio_unitario_raw=63000.0 | total_raw=63000.0
27-10-2025 CAMA PATSI 2X2 CON SUS NOCHEROS,PINTURA ALEX,1.0,FIJO,,,,,,unidad_raw=CON EL 5% | seccion=SECCION PINTURA Y PREPARADA DE CAMAS | precio_unitario_raw=26250.0 | total_raw=26250.0
27-10-2025 CAMA PATSI 2X2 CON SUS NOCHEROS,PINTURA DE PATAS ALEX,16.0,FORMULA,,,,,,unidad_raw=16.0 | seccion=SECCION PINTURA Y PREPARADA DE CAMAS | precio_unitario_raw=2100.0 | total_raw=33600.0
27-10-2025 CAMA PATSI 2X2 CON SUS NOCHEROS,SELLADOR,2.5,VOLUMEN,,,,,,unidad_raw=PISTOLADAS | seccion=SECCION PINTURA Y PREPARADA DE CAMAS | precio_unitario_raw=18000.0 | total_raw=45000.0
27-10-2025 CAMA PATSI 2X2 CON SUS NOCHEROS,LIJA 400,0.0,FORMULA,,,,,,unidad_raw=unidades | seccion=SECCION PINTURA Y PREPARADA DE CAMAS | precio_unitario_raw=2000.0 | total_raw=0.0
27-10-2025 CAMA PATSI 2X2 CON SUS NOCHEROS,NITRO,1.0,FORMULA,,,,,,unidad_raw=galon | seccion=SECCION PINTURA Y PREPARADA DE CAMAS | total_raw=0.0
27-10-2025 CAMA PATSI 2X2 CON SUS NOCHEROS,lija 240,1.0,FIJO,,,,,,unidad_raw=unidad | seccion=SECCION PINTURA Y PREPARADA DE CAMAS | precio_unitario_raw=2000.0 | total_raw=2000.0
27-10-2025 CAMA PATSI 2X2 CON SUS NOCHEROS,lija 120,1.0,FIJO,,,,,,unidad_raw=unidad | seccion=SECCION PINTURA Y PREPARADA DE CAMAS | precio_unitario_raw=2000.0 | total_raw=2000.0
27-10-2025 CAMA PATSI 2X2 CON SUS NOCHEROS,LACA SEMIMATE,1.5,VOLUMEN,,,,,,unidad_raw=GALON | seccion=SECCION PINTURA Y PREPARADA DE CAMAS | precio_unitario_raw=23000.0 | total_raw=34500.0
27-10-2025 CAMA PATSI 2X2 CON SUS NOCHEROS,kerosen,1.0,FORMULA,,,,,,unidad_raw=litro | seccion=SECCION PINTURA Y PREPARADA DE CAMAS | precio_unitario_raw=18000.0 | total_raw=0.0
27-10-2025 CAMA PATSI 2X2 CON SUS NOCHEROS,COLOR,3.2,VOLUMEN,,,,,,unidad_raw=PISTOLADA | seccion=SECCION PINTURA Y PREPARADA DE CAMAS | precio_unitario_raw=20000.0 | total_raw=64000.0
27-10-2025 CAMA PATSI 2X2 CON SUS NOCHEROS,TINTE MIEL,1.0,FORMULA,,,,,,unidad_raw=galon | seccion=SECCION PINTURA Y PREPARADA DE CAMAS | total_raw=0.0
27-10-2025 CAMA PATSI 2X2 CON SUS NOCHEROS,GASOLINA,0.2,VOLUMEN,,,,,,unidad_raw=LITRO | seccion=SECCION PINTURA Y PREPARADA DE CAMAS | precio_unitario_raw=4.5 | total_raw=0.9
27-10-2025 CAMA PATSI 2X2 CON SUS NOCHEROS,RESANE,0.5,VOLUMEN,,,,,,unidad_raw=LITRO | seccion=SECCION PINTURA Y PREPARADA DE CAMAS | precio_unitario_raw=23000.0 | total_raw=11500.0
27-10-2025 CAMA PATSI 2X2 CON SUS NOCHEROS,LACA BRILLANTE,1.7,VOLUMEN,,,,,,unidad_raw=PISTOLADA | seccion=SECCION PINTURA Y PREPARADA DE CAMAS | precio_unitario_raw=23000.0 | total_raw=39100.0
27-10-2025 CAMA PATSI 2X2 CON SUS NOCHEROS,Gastos de Pintura 10%,1.0,FORMULA,,,,,,seccion=SECCION PINTURA Y PREPARADA DE CAMAS | total_raw=32095.1
27-10-2025 CAMA PATSI 2X2 CON SUS NOCHEROS,HERRAJE PARA CAMA,1.0,FIJO,,,,,,unidad_raw=PAR | seccion=SECCION TERMINACION | precio_unitario_raw=160000.0 | total_raw=160000.0
27-10-2025 CAMA PATSI 2X2 CON SUS NOCHEROS,CORREDERAS 30 NORMAL,2.0,FORMULA,,,,,,unidad_raw=PAR | seccion=SECCION TERMINACION | precio_unitario_raw=20000.0 | total_raw=40000.0
27-10-2025 CAMA PATSI 2X2 CON SUS NOCHEROS,TOMAS NEGROS CON USB,0.0,FORMULA,,,,,,unidad_raw=UNIDADES | seccion=SECCION TERMINACION | precio_unitario_raw=23000.0 | total_raw=0.0
27-10-2025 CAMA PATSI 2X2 CON SUS NOCHEROS,LAMPARAS DE LUZ,0.0,FORMULA,,,,,,unidad_raw=UNIDADES | seccion=SECCION TERMINACION | precio_unitario_raw=100000.0 | total_raw=0.0
27-10-2025 CAMA PATSI 2X2 CON SUS NOCHEROS,CABLE DE 12,0.0,LINEAL,,,,,,unidad_raw=METROS | seccion=SECCION TERMINACION | precio_unitario_raw=3000.0 | total_raw=0.0
27-10-2025 CAMA PATSI 2X2 CON SUS NOCHEROS,APAGADORES,0.0,FORMULA,,,,,,unidad_raw=PAR | seccion=SECCION TERMINACION | precio_unitario_raw=1500.0 | total_raw=0.0
27-10-2025 CAMA PATSI 2X2 CON SUS NOCHEROS,ENCHUFLES BLANCO MACHO,0.0,FORMULA,,,,,,unidad_raw=UNIDADES | seccion=SECCION TERMINACION | precio_unitario_raw=2000.0 | total_raw=0.0
27-10-2025 CAMA PATSI 2X2 CON SUS NOCHEROS,HERRAJES DE CAMA,1.0,FORMULA,,,,,,unidad_raw=PAR | seccion=SECCION TERMINACION | precio_unitario_raw=160000.0 | total_raw=0.0
27-10-2025 CAMA PATSI 2X2 CON SUS NOCHEROS,JALADORES,0.0,FORMULA,,,,,,unidad_raw=UNIDAD | seccion=SECCION TERMINACION | precio_unitario_raw=26800.0 | total_raw=0.0
27-10-2025 CAMA PATSI 2X2 CON SUS NOCHEROS,MULTIUSOS,1.0,FORMULA,,,,,,unidad_raw=UNIDADES | seccion=SECCION TERMINACION | precio_unitario_raw=3000.0 | total_raw=0.0
27-10-2025 CAMA PATSI 2X2 CON SUS NOCHEROS,CORREDERAS,0.0,FORMULA,,,,,,unidad_raw=unidades | seccion=SECCION TERMINACION | precio_unitario_raw=8000.0 | total_raw=0.0
27-10-2025 CAMA PATSI 2X2 CON SUS NOCHEROS,EMBALADA,1.0,FIJO,,,,,,unidad_raw=unidades | seccion=SECCION TERMINACION | precio_unitario_raw=150000.0 | total_raw=150000.0
27-10-2025 CAMA PATSI 2X2 CON SUS NOCHEROS,SECCION TENDIDO,1.0,FORMULA,,,,,,seccion=SECCION TERMINACION | total_raw=0.0
27-10-2025 CAMA PATSI 2X2 CON SUS NOCHEROS,SECCION TAPICERIA CARLOS,1.0,FORMULA,,,,,,unidad_raw=MANO DE OBRA= | seccion=SECCION TAPICERIA CARLOS MANO DE OBRA=
27-10-2025 CAMA PATSI 2X2 CON SUS NOCHEROS,TELA VELEZ CAFE,11.0,AREA,,,,,,unidad_raw=METROS | seccion=SECCION TAPICERIA CARLOS MANO DE OBRA= | precio_unitario_raw=30000.0 | total_raw=330000.0
27-10-2025 CAMA PATSI 2X2 CON SUS NOCHEROS,COLA DE RATA,5.0,LINEAL,,,,,,unidad_raw=METROS | seccion=SECCION TAPICERIA CARLOS MANO DE OBRA= | precio_unitario_raw=1570.0 | total_raw=7222.0
27-10-2025 CAMA PATSI 2X2 CON SUS NOCHEROS,ESPUMA 1/2 BLANCA,2.0,AREA,,,,,,unidad_raw=METROS | seccion=SECCION TAPICERIA CARLOS MANO DE OBRA= | precio_unitario_raw=7300.0 | total_raw=14600.0
27-10-2025 CAMA PATSI 2X2 CON SUS NOCHEROS,GRAPAS,1.0,ESPACIADO,,,,,,unidad_raw=CAJA DE GRAPAS | seccion=SECCION TAPICERIA CARLOS MANO DE OBRA= | precio_unitario_raw=12000.0 | total_raw=12000.0
27-10-2025 CAMA PATSI 2X2 CON SUS NOCHEROS,ESPUMA AZUL DE 2 PULGADAS,0.4,AREA,,,,,,unidad_raw=LAMINA | seccion=SECCION TAPICERIA CARLOS MANO DE OBRA= | precio_unitario_raw=41000.0 | total_raw=16400.0
27-10-2025 CAMA PATSI 2X2 CON SUS NOCHEROS,"TORNILLOS DE 1 1/2""",50.0,ESPACIADO,,,,,,unidad_raw=UNIDADES | seccion=SECCION TAPICERIA CARLOS MANO DE OBRA= | precio_unitario_raw=100.0 | total_raw=5000.0
27-10-2025 CAMA PATSI 2X2 CON SUS NOCHEROS,ESPUMA DE 1 1/2'' ROSADA,1.0,AREA,,,,,,unidad_raw=UNIDADES | seccion=SECCION TAPICERIA CARLOS MANO DE OBRA= | precio_unitario_raw=30000.0 | total_raw=30000.0
27-10-2025 CAMA PATSI 2X2 CON SUS NOCHEROS,ESPUMA BLANCA DE 1',1.0,AREA,,,,,,unidad_raw=UNIDAD | seccion=SECCION TAPICERIA CARLOS MANO DE OBRA= | precio_unitario_raw=14500.0 | total_raw=14500.0
27-10-2025 CAMA PATSI 2X2 CON SUS NOCHEROS,ESPUMA 1 1/2'' AZUL,2.0,AREA,,,,,,unidad_raw=MTS | seccion=SECCION TAPICERIA CARLOS MANO DE OBRA= | precio_unitario_raw=26000.0 | total_raw=52000.0
27-10-2025 CAMA PATSI 2X2 CON SUS NOCHEROS,COSTAL,5.0,AREA,,,,,,unidad_raw=METROS | seccion=SECCION TAPICERIA CARLOS MANO DE OBRA= | precio_unitario_raw=3000.0 | total_raw=15000.0
27-10-2025 CAMA PATSI 2X2 CON SUS NOCHEROS,HILO,0.5,FORMULA,,,,,,unidad_raw=UNIDAD | seccion=SECCION TAPICERIA CARLOS MANO DE OBRA= | precio_unitario_raw=25000.0 | total_raw=12500.0
27-10-2025 CAMA PATSI 2X2 CON SUS NOCHEROS,CARTON,3.0,FORMULA,,,,,,unidad_raw=UNIIDAD | seccion=SECCION TAPICERIA CARLOS MANO DE OBRA= | precio_unitario_raw=5000.0 | total_raw=15000.0
27-10-2025 CAMA PATSI 2X2 CON SUS NOCHEROS,SUPER,1.0,VOLUMEN,,,,,,unidad_raw=LITRO | seccion=SECCION TAPICERIA CARLOS MANO DE OBRA= | precio_unitario_raw=19000.0 | total_raw=19000.0
27-10-2025 CAMA PATSI 2X2 CON SUS NOCHEROS,ESPUMA 1' NARANJA,0.4,AREA,,,,,,unidad_raw=CM | seccion=SECCION TAPICERIA CARLOS MANO DE OBRA= | precio_unitario_raw=24000.0 | total_raw=9600.0
27-10-2025 CAMA PATSI 2X2 CON SUS NOCHEROS,HECHURA,1.0,FIJO,,,,,,seccion=SECCION TAPICERIA CARLOS MANO DE OBRA= | precio_unitario_raw=210000.0 | total_raw=210000.0
27-10-2025 CAMA PATSI 2X2 CON SUS NOCHEROS,LENCILLO,0.0,FORMULA,,,,,,unidad_raw=KG | seccion=SECCION TAPICERIA CARLOS MANO DE OBRA= | precio_unitario_raw=4000.0 | total_raw=0.0
CAMA SAFIRO 1.40 CON SUS NOCHEROS,MADERA (2),1450.0,FORMULA,,,,,,unidad_raw=APAMATE | seccion=EBANISTA WILMER MANO DE OBRA= | precio_unitario_raw=140.0 | total_raw=203000.0
CAMA SAFIRO 1.40 CON SUS NOCHEROS,"MDF DE 2,7",0.0,AREA,,,,,,unidad_raw=LAMINA | seccion=EBANISTA WILMER MANO DE OBRA= | precio_unitario_raw=65000.0 | total_raw=0.0
CAMA SAFIRO 1.40 CON SUS NOCHEROS,INDUPLAX,0.0,AREA,,,,,,unidad_raw=Unidad | seccion=EBANISTA WILMER MANO DE OBRA= | precio_unitario_raw=160000.0 | total_raw=0.0
CAMA SAFIRO 1.40 CON SUS NOCHEROS,LAMINA DE 9,1.0,AREA,,,,,,unidad_raw=Unidad | seccion=EBANISTA WILMER MANO DE OBRA= | precio_unitario_raw=140000.0 | total_raw=140000.0
CAMA SAFIRO 1.40 CON SUS NOCHEROS,SUPER,1.0,FORMULA,,,,,,unidad_raw=LITROS | seccion=EBANISTA WILMER MANO DE OBRA= | precio_unitario_raw=19000.0 | total_raw=0.0
CAMA SAFIRO 1.40 CON SUS NOCHEROS,COLBON,1.5,LINEAL,,,,,,unidad_raw=ML | seccion=EBANISTA WILMER MANO DE OBRA= | precio_unitario_raw=14000.0 | total_raw=21000.0
CAMA SAFIRO 1.40 CON SUS NOCHEROS,GRAPAS,0.5,ESPACIADO,,,,,,unidad_raw=Unidad | seccion=EBANISTA WILMER MANO DE OBRA= | precio_unitario_raw=12000.0 | total_raw=6000.0
CAMA SAFIRO 1.40 CON SUS NOCHEROS,CORREDERAS,1.0,FIJO,,,,,,unidad_raw=UNITARIOS | seccion=EBANISTA WILMER MANO DE OBRA= | precio_unitario_raw=32000.0 | total_raw=0.0
CAMA SAFIRO 1.40 CON SUS NOCHEROS,CLAVILLOS F50,0.5,ESPACIADO,,,,,,unidad_raw=TIRA | seccion=EBANISTA WILMER MANO DE OBRA= | precio_unitario_raw=28000.0 | total_raw=14000.0
CAMA SAFIRO 1.40 CON SUS NOCHEROS,GANCHOS,1.0,FIJO,,,,,,unidad_raw=PAR | seccion=EBANISTA WILMER MANO DE OBRA= | precio_unitario_raw=20000.0 | total_raw=20000.0
CAMA SAFIRO 1.40 CON SUS NOCHEROS,MDF 15,0.0,AREA,,,,,,unidad_raw=LAMINA | seccion=EBANISTA WILMER MANO DE OBRA= | precio_unitario_raw=207000.0 | total_raw=0.0
CAMA SAFIRO 1.40 CON SUS NOCHEROS,"TORNILLOS DE 2""",140.0,ESPACIADO,,,,,,unidad_raw=Unidad | seccion=EBANISTA WILMER MANO DE OBRA= | precio_unitario_raw=100.0 | total_raw=14000.0
CAMA SAFIRO 1.40 CON SUS NOCHEROS,ebanisteria 300.000 x 5% de m.o,1.0,FORMULA,,,,,,seccion=EBANISTA WILMER MANO DE OBRA= | total_raw=315000.0
CAMA SAFIRO 1.40 CON SUS NOCHEROS,gastos de Ebanisteria e 10%,1.0,FORMULA,,,,,,seccion=EBANISTA WILMER MANO DE OBRA= | total_raw=106666.0
CAMA SAFIRO 1.40 CON SUS NOCHEROS,MADERA (2),468.0,FORMULA,,,,,,"unidad_raw=2,10X22X18= 832 2,10X20X15=630 | seccion=EBANISTA WILMER MANO DE OBRA= | precio_unitario_raw=140.0 | total_raw=65520.0"
CAMA SAFIRO 1.40 CON SUS NOCHEROS,MDF DE 3,200.0,AREA,,,,,,"unidad_raw=1 PEDAZO DE 1,20X45=54 | seccion=EBANISTA WILMER MANO DE OBRA= | precio_unitario_raw=67.0 | total_raw=13400.0"
CAMA SAFIRO 1.40 CON SUS NOCHEROS,LAM MDF 15,250.0,AREA,,,,,,"unidad_raw=1 PEDASO DE 1.25 X55=68,75 | seccion=EBANISTA WILMER MANO DE OBRA= | precio_unitario_raw=217.0 | total_raw=54250.0"
CAMA SAFIRO 1.40 CON SUS NOCHEROS,LAM MDF 9,175.0,AREA,,,,,,"unidad_raw=1 PEDASO DE 1,50X40=60 | seccion=EBANISTA WILMER MANO DE OBRA= | precio_unitario_raw=140.0 | total_raw=21875.0"
CAMA SAFIRO 1.40 CON SUS NOCHEROS,COLBON,2.0,VOLUMEN,,,,,,unidad_raw=litros | seccion=EBANISTA WILMER MANO DE OBRA= | precio_unitario_raw=14000.0 | total_raw=28000.0
CAMA SAFIRO 1.40 CON SUS NOCHEROS,GRAPAS,10.0,ESPACIADO,,,,,,unidad_raw=Unidad | seccion=EBANISTA WILMER MANO DE OBRA= | precio_unitario_raw=600.0 | total_raw=6000.0
CAMA SAFIRO 1.40 CON SUS NOCHEROS,CLAVILLOS N F 40,6.0,ESPACIADO,,,,,,unidad_raw=TIRA | seccion=EBANISTA WILMER MANO DE OBRA= | precio_unitario_raw=1000.0 | total_raw=6000.0
CAMA SAFIRO 1.40 CON SUS NOCHEROS,HECHURA,2.0,FORMULA,,,,,,unidad_raw=PAR | seccion=EBANISTA WILMER MANO DE OBRA= | precio_unitario_raw=157500.0 | total_raw=315000.0
CAMA SAFIRO 1.40 CON SUS NOCHEROS,"TORNILLOS DE 2""",30.0,ESPACIADO,,,,,,unidad_raw=Unidad | seccion=EBANISTA WILMER MANO DE OBRA= | precio_unitario_raw=100.0 | total_raw=3000.0
CAMA SAFIRO 1.40 CON SUS NOCHEROS,gastos de Ebanisteria e 5%,1.0,FORMULA,,,,,,seccion=EBANISTA WILMER MANO DE OBRA= | total_raw=26294.75
CAMA SAFIRO 1.40 CON SUS NOCHEROS,SECCION PINTURA Y PREPARADA,1.0,FORMULA,,,,,DE 2 NOCHEROS,seccion=SECCION PINTURA Y PREPARADA DE 2 NOCHEROS
CAMA SAFIRO 1.40 CON SUS NOCHEROS,PREPARADO JOTA,2.0,FORMULA,,,,,,unidad_raw=CON EL 5% | seccion=SECCION PINTURA Y PREPARADA DE 2 NOCHEROS | precio_unitario_raw=36750.0 | total_raw=73500.0
CAMA SAFIRO 1.40 CON SUS NOCHEROS,PINTURA ALEX,2.0,FORMULA,,,,,,unidad_raw=CON EL 5% | seccion=SECCION PINTURA Y PREPARADA DE 2 NOCHEROS | precio_unitario_raw=36750.0 | total_raw=73500.0
CAMA SAFIRO 1.40 CON SUS NOCHEROS,SELLADOR,5.0,VOLUMEN,,,,,,unidad_raw=PISTOLADAS | seccion=SECCION PINTURA Y PREPARADA DE 2 NOCHEROS | precio_unitario_raw=18000.0 | total_raw=90000.0
CAMA SAFIRO 1.40 CON SUS NOCHEROS,LIJA 400,1.0,FIJO,,,,,,unidad_raw=unidades | seccion=SECCION PINTURA Y PREPARADA DE 2 NOCHEROS | precio_unitario_raw=2000.0 | total_raw=2000.0
CAMA SAFIRO 1.40 CON SUS NOCHEROS,NITRO,0.0,VOLUMEN,,,,,,unidad_raw=galon | seccion=SECCION PINTURA Y PREPARADA DE 2 NOCHEROS | precio_unitario_raw=70000.0 | total_raw=0.0
CAMA SAFIRO 1.40 CON SUS NOCHEROS,VIDRIOS,0.0,FORMULA,,,,,,unidad_raw=unidad | seccion=SECCION PINTURA Y PREPARADA DE 2 NOCHEROS | precio_unitario_raw=45000.0 | total_raw=0.0
CAMA SAFIRO 1.40 CON SUS NOCHEROS,TALCO,0.3,FORMULA,,,,,,unidad_raw=unidad | seccion=SECCION PINTURA Y PREPARADA DE 2 NOCHEROS | precio_unitario_raw=2500.0 | total_raw=750.0
CAMA SAFIRO 1.40 CON SUS NOCHEROS,TINER,0.2,VOLUMEN,,,,,,unidad_raw=GALON | seccion=SECCION PINTURA Y PREPARADA DE 2 NOCHEROS | precio_unitario_raw=34000.0 | total_raw=6800.0
CAMA SAFIRO 1.40 CON SUS NOCHEROS,TOPES,2.0,FORMULA,,,,,,unidad_raw=JALADORES | seccion=SECCION PINTURA Y PREPARADA DE 2 NOCHEROS | precio_unitario_raw=3000.0 | total_raw=6000.0
CAMA SAFIRO 1.40 CON SUS NOCHEROS,COLOR,4.0,VOLUMEN,,,,,,unidad_raw=PISTOLADA | seccion=SECCION PINTURA Y PREPARADA DE 2 NOCHEROS | precio_unitario_raw=22000.0 | total_raw=88000.0
CAMA SAFIRO 1.40 CON SUS NOCHEROS,ENCINA,0.1,VOLUMEN,,,,,,unidad_raw=galon | seccion=SECCION PINTURA Y PREPARADA DE 2 NOCHEROS | precio_unitario_raw=160000.0 | total_raw=16000.0
CAMA SAFIRO 1.40 CON SUS NOCHEROS,GASOLINA,0.6,LINEAL,,,,,,unidad_raw=ML | seccion=SECCION PINTURA Y PREPARADA DE 2 NOCHEROS | precio_unitario_raw=4500.0 | total_raw=2700.0
CAMA SAFIRO 1.40 CON SUS NOCHEROS,RESANE,0.2,VOLUMEN,,,,,,unidad_raw=LITRO | seccion=SECCION PINTURA Y PREPARADA DE 2 NOCHEROS | precio_unitario_raw=20000.0 | total_raw=4000.0
CAMA SAFIRO 1.40 CON SUS NOCHEROS,LACA,3.0,VOLUMEN,,,,,,unidad_raw=PISTOLADA | seccion=SECCION PINTURA Y PREPARADA DE 2 NOCHEROS | precio_unitario_raw=23000.0 | total_raw=69000.0
CAMA SAFIRO 1.40 CON SUS NOCHEROS,Gastos de Pintura 10%,1.0,FORMULA,,,,,,seccion=SECCION PINTURA Y PREPARADA DE 2 NOCHEROS | total_raw=43225.0
CAMA SAFIRO 1.40 CON SUS NOCHEROS,SECCION PINTURA Y PREPARADA,1.0,FORMULA,,,,,PATAS + 3 CHAPERAS,seccion=SECCION PINTURA Y PREPARADA PATAS + 3 CHAPERAS
CAMA SAFIRO 1.40 CON SUS NOCHEROS,PREPARADO JOTA,3.0,FORMULA,,,,,,unidad_raw=CON EL 5% CHAPERAS | seccion=SECCION PINTURA Y PREPARADA PATAS + 3 CHAPERAS | precio_unitario_raw=5250.0 | total_raw=15750.0
CAMA SAFIRO 1.40 CON SUS NOCHEROS,PINTURA ALEX,6.0,FORMULA,,,,,,unidad_raw=CON EL 5% CHAPERAS | seccion=SECCION PINTURA Y PREPARADA PATAS + 3 CHAPERAS | precio_unitario_raw=3150.0 | total_raw=18900.0
CAMA SAFIRO 1.40 CON SUS NOCHEROS,PINTURA DE PATAS ALEX,0.0,FORMULA,,,,,,unidad_raw=16.0 | seccion=SECCION PINTURA Y PREPARADA PATAS + 3 CHAPERAS | precio_unitario_raw=2100.0 | total_raw=0.0
CAMA SAFIRO 1.40 CON SUS NOCHEROS,SELLADOR,1.0,VOLUMEN,,,,,,unidad_raw=PISTOLADAS | seccion=SECCION PINTURA Y PREPARADA PATAS + 3 CHAPERAS | precio_unitario_raw=18000.0 | total_raw=18000.0
CAMA SAFIRO 1.40 CON SUS NOCHEROS,LIJA 400,0.0,FORMULA,,,,,,unidad_raw=unidades | seccion=SECCION PINTURA Y PREPARADA PATAS + 3 CHAPERAS | precio_unitario_raw=2000.0 | total_raw=0.0
CAMA SAFIRO 1.40 CON SUS NOCHEROS,NITRO,1.0,FORMULA,,,,,,unidad_raw=galon | seccion=SECCION PINTURA Y PREPARADA PATAS + 3 CHAPERAS | total_raw=0.0
CAMA SAFIRO 1.40 CON SUS NOCHEROS,lija 240,0.5,FORMULA,,,,,,unidad_raw=unidad | seccion=SECCION PINTURA Y PREPARADA PATAS + 3 CHAPERAS | precio_unitario_raw=2000.0 | total_raw=1000.0
CAMA SAFIRO 1.40 CON SUS NOCHEROS,lija 120,0.5,FORMULA,,,,,,unidad_raw=unidad | seccion=SECCION PINTURA Y PREPARADA PATAS + 3 CHAPERAS | precio_unitario_raw=2000.0 | total_raw=1000.0
CAMA SAFIRO 1.40 CON SUS NOCHEROS,LACA SEMIMATE,0.3,VOLUMEN,,,,,,unidad_raw=GALON | seccion=SECCION PINTURA Y PREPARADA PATAS + 3 CHAPERAS | precio_unitario_raw=23000.0 | total_raw=6900.0
CAMA SAFIRO 1.40 CON SUS NOCHEROS,kerosen,1.0,FORMULA,,,,,,unidad_raw=litro | seccion=SECCION PINTURA Y PREPARADA PATAS + 3 CHAPERAS | precio_unitario_raw=18000.0 | total_raw=0.0
CAMA SAFIRO 1.40 CON SUS NOCHEROS,COLOR,0.3,VOLUMEN,,,,,,unidad_raw=PISTOLADA | seccion=SECCION PINTURA Y PREPARADA PATAS + 3 CHAPERAS | precio_unitario_raw=20000.0 | total_raw=6000.0
CAMA SAFIRO 1.40 CON SUS NOCHEROS,TINTE MIEL,1.0,FORMULA,,,,,,unidad_raw=galon | seccion=SECCION PINTURA Y PREPARADA PATAS + 3 CHAPERAS | total_raw=0.0
CAMA SAFIRO 1.40 CON SUS NOCHEROS,GASOLINA,0.0,VOLUMEN,,,,,,unidad_raw=LITRO | seccion=SECCION PINTURA Y PREPARADA PATAS + 3 CHAPERAS | precio_unitario_raw=4.5 | total_raw=0.0
CAMA SAFIRO 1.40 CON SUS NOCHEROS,RESANE,0.5,VOLUMEN,,,,,,unidad_raw=LITRO | seccion=SECCION PINTURA Y PREPARADA PATAS + 3 CHAPERAS | precio_unitario_raw=23000.0 | total_raw=11500.0
CAMA SAFIRO 1.40 CON SUS NOCHEROS,LACA BRILLANTE,0.0,VOLUMEN,,,,,,unidad_raw=PISTOLADA | seccion=SECCION PINTURA Y PREPARADA PATAS + 3 CHAPERAS | precio_unitario_raw=23000.0 | total_raw=0.0
CAMA SAFIRO 1.40 CON SUS NOCHEROS,Gastos de Pintura 10%,1.0,FORMULA,,,,,,seccion=SECCION PINTURA Y PREPARADA PATAS + 3 CHAPERAS | total_raw=32095.1
CAMA SAFIRO 1.40 CON SUS NOCHEROS,CORREDERAS 35 PUFF,4.0,FORMULA,,,,,,unidad_raw=PAR | seccion=SECCION TERMINACION | precio_unitario_raw=20000.0 | total_raw=80000.0
CAMA SAFIRO 1.40 CON SUS NOCHEROS,PATAS,8.0,FORMULA,,,,,,unidad_raw=UNIDAD | seccion=SECCION TERMINACION | precio_unitario_raw=16000.0 | total_raw=128000.0
CAMA SAFIRO 1.40 CON SUS NOCHEROS,TOMAS NEGROS CON USB,0.0,FORMULA,,,,,,unidad_raw=UNIDADES | seccion=SECCION TERMINACION | precio_unitario_raw=23000.0 | total_raw=0.0
CAMA SAFIRO 1.40 CON SUS NOCHEROS,LAMPARAS DE LUZ,0.0,FORMULA,,,,,,unidad_raw=UNIDADES | seccion=SECCION TERMINACION | precio_unitario_raw=100000.0 | total_raw=0.0
CAMA SAFIRO 1.40 CON SUS NOCHEROS,TORNILLOS,66.0,ESPACIADO,,,,,,unidad_raw=UNIDADES | seccion=SECCION TERMINACION | precio_unitario_raw=100.0 | total_raw=6600.0
CAMA SAFIRO 1.40 CON SUS NOCHEROS,APAGADORES,0.0,FORMULA,,,,,,unidad_raw=PAR | seccion=SECCION TERMINACION | precio_unitario_raw=1500.0 | total_raw=0.0
CAMA SAFIRO 1.40 CON SUS NOCHEROS,ENCHUFLES BLANCO MACHO,0.0,FORMULA,,,,,,unidad_raw=UNIDADES | seccion=SECCION TERMINACION | precio_unitario_raw=2000.0 | total_raw=0.0
CAMA SAFIRO 1.40 CON SUS NOCHEROS,HERRAJES DE CAMA,1.0,FORMULA,,,,,,unidad_raw=PAR | seccion=SECCION TERMINACION | precio_unitario_raw=160000.0 | total_raw=0.0
CAMA SAFIRO 1.40 CON SUS NOCHEROS,JALADORES,4.0,FORMULA,,,,,,unidad_raw=UNIDAD | seccion=SECCION TERMINACION | precio_unitario_raw=4000.0 | total_raw=16000.0
CAMA SAFIRO 1.40 CON SUS NOCHEROS,PU,0.3,FORMULA,,,,,,unidad_raw=UNIDADES | seccion=SECCION TERMINACION | precio_unitario_raw=30000.0 | total_raw=9000.0
CAMA SAFIRO 1.40 CON SUS NOCHEROS,CORREDERAS,0.0,FORMULA,,,,,,unidad_raw=unidades | seccion=SECCION TERMINACION | precio_unitario_raw=8000.0 | total_raw=0.0
CAMA SAFIRO 1.40 CON SUS NOCHEROS,EMBALADA,1.0,FIJO,,,,,,unidad_raw=unidades | seccion=SECCION TERMINACION | precio_unitario_raw=150000.0 | total_raw=150000.0
CAMA SAFIRO 1.40 CON SUS NOCHEROS,SECCION TENDIDO,1.0,FORMULA,,,,,,seccion=SECCION TERMINACION | total_raw=0.0
CAMA SAFIRO 1.40 CON SUS NOCHEROS,MADERA 60X1X4,714.0,FORMULA,,,,,,unidad_raw=APAMATE | seccion=SECCION TERMINACION | precio_unitario_raw=140.0 | total_raw=99960.0
CAMA SAFIRO 1.40 CON SUS NOCHEROS,FABRICACION TENDIDO,1.0,FORMULA,,,,,,seccion=SECCION TERMINACION | total_raw=0.0
CAMA SAFIRO 1.40 CON SUS NOCHEROS,MDF DE 9,1.0,AREA,,,,,,unidad_raw=LAMINA | seccion=SECCION TERMINACION | precio_unitario_raw=140000.0 | total_raw=140000.0
CAMA SAFIRO 1.40 CON SUS NOCHEROS,COLBON,0.5,VOLUMEN,,,,,,unidad_raw=LITRO | seccion=SECCION TERMINACION | precio_unitario_raw=14000.0 | total_raw=7000.0
CAMA SAFIRO 1.40 CON SUS NOCHEROS,"TORNILLOS DE 2""",50.0,ESPACIADO,,,,,,unidad_raw=UNIDAD | seccion=SECCION TERMINACION | precio_unitario_raw=100.0 | total_raw=5000.0
CAMA SAFIRO 1.40 CON SUS NOCHEROS,pop,2.0,FORMULA,,,,,,unidad_raw=UNIDAD | seccion=SECCION TERMINACION | precio_unitario_raw=4000.0 | total_raw=5450.0
CAMA SAFIRO 1.40 CON SUS NOCHEROS,HECHURA,1.0,FIJO,,,,,,unidad_raw=UNIDAD | seccion=SECCION TERMINACION | precio_unitario_raw=63000.0 | total_raw=63000.0
CAMA SAFIRO 1.40 CON SUS NOCHEROS,SECCION TAPICERIA CARLOS,1.0,FORMULA,,,,,,unidad_raw=MANO DE OBRA= | seccion=SECCION TAPICERIA CARLOS MANO DE OBRA=
CAMA SAFIRO 1.40 CON SUS NOCHEROS,TELA LIN PLATA,11.5,AREA,,,,,,unidad_raw=METROS | seccion=SECCION TAPICERIA CARLOS MANO DE OBRA= | precio_unitario_raw=39000.0 | total_raw=448500.0
CAMA SAFIRO 1.40 CON SUS NOCHEROS,COLA DE RATA,0.0,LINEAL,,,,,,unidad_raw=METROS | seccion=SECCION TAPICERIA CARLOS MANO DE OBRA= | precio_unitario_raw=1570.0 | total_raw=7222.0
CAMA SAFIRO 1.40 CON SUS NOCHEROS,ESPUMA 1/2 BLANCA,1.0,AREA,,,,,,unidad_raw=METROS | seccion=SECCION TAPICERIA CARLOS MANO DE OBRA= | precio_unitario_raw=7300.0 | total_raw=7300.0
CAMA SAFIRO 1.40 CON SUS NOCHEROS,GRAPAS,0.5,ESPACIADO,,,,,,unidad_raw=CAJA DE GRAPAS | seccion=SECCION TAPICERIA CARLOS MANO DE OBRA= | precio_unitario_raw=12000.0 | total_raw=6000.0
CAMA SAFIRO 1.40 CON SUS NOCHEROS,ESPUMA AZUL DE 2 PULGADAS,0.66,AREA,,,,,,unidad_raw=LAMINA | seccion=SECCION TAPICERIA CARLOS MANO DE OBRA= | precio_unitario_raw=41000.0 | total_raw=27060.0
CAMA SAFIRO 1.40 CON SUS NOCHEROS,TORNILLOS DE 2'',20.0,ESPACIADO,,,,,,unidad_raw=UNIDADES | seccion=SECCION TAPICERIA CARLOS MANO DE OBRA= | precio_unitario_raw=100.0 | total_raw=2000.0
CAMA SAFIRO 1.40 CON SUS NOCHEROS,ESPUMA DE 1 1/2'' ROSADA,1.3,AREA,,,,,,unidad_raw=UNIDADES | seccion=SECCION TAPICERIA CARLOS MANO DE OBRA= | precio_unitario_raw=30000.0 | total_raw=39000.0
CAMA SAFIRO 1.40 CON SUS NOCHEROS,ESPUMA BLANCA DE 1',2.0,AREA,,,,,,unidad_raw=UNIDAD | seccion=SECCION TAPICERIA CARLOS MANO DE OBRA= | precio_unitario_raw=14500.0 | total_raw=29000.0
CAMA SAFIRO 1.40 CON SUS NOCHEROS,ESPUMA 1 1/2'' AZUL,2.0,AREA,,,,,,unidad_raw=MTS | seccion=SECCION TAPICERIA CARLOS MANO DE OBRA= | precio_unitario_raw=1000.0 | total_raw=2000.0
CAMA SAFIRO 1.40 CON SUS NOCHEROS,COSTAL,3.5,AREA,,,,,,unidad_raw=METROS | seccion=SECCION TAPICERIA CARLOS MANO DE OBRA= | precio_unitario_raw=3000.0 | total_raw=10500.0
CAMA SAFIRO 1.40 CON SUS NOCHEROS,HILO,0.5,FORMULA,,,,,,unidad_raw=UNIDAD | seccion=SECCION TAPICERIA CARLOS MANO DE OBRA= | precio_unitario_raw=25000.0 | total_raw=12500.0
CAMA SAFIRO 1.40 CON SUS NOCHEROS,PEGANTE DE PISTOLA,0.33,VOLUMEN,,,,,,unidad_raw=LITRO | seccion=SECCION TAPICERIA CARLOS MANO DE OBRA= | precio_unitario_raw=43000.0 | total_raw=14190.0
CAMA SAFIRO 1.40 CON SUS NOCHEROS,SUPER,0.3,VOLUMEN,,,,,,unidad_raw=LITRO | seccion=SECCION TAPICERIA CARLOS MANO DE OBRA= | precio_unitario_raw=19000.0 | total_raw=5700.0
CAMA SAFIRO 1.40 CON SUS NOCHEROS,ESPUMA 1' NARANJA,0.0,AREA,,,,,,unidad_raw=CM | seccion=SECCION TAPICERIA CARLOS MANO DE OBRA= | precio_unitario_raw=16000.0 | total_raw=0.0
CAMA SAFIRO 1.40 CON SUS NOCHEROS,HECHURA,1.0,FIJO,,,,,,seccion=SECCION TAPICERIA CARLOS MANO DE OBRA= | precio_unitario_raw=210000.0 | total_raw=210000.0
CAMA SAFIRO 1.40 CON SUS NOCHEROS,LENCILLO,1.5,LINEAL,,,,,,unidad_raw=METROS | seccion=SECCION TAPICERIA CARLOS MANO DE OBRA= | precio_unitario_raw=4000.0 | total_raw=6000.0
CAMA HERRAJE 1.60 CON SUS NOCHEROS,MADERA (2),283.0,FORMULA,,,,,,unidad_raw=APAMATE | seccion=EBANISTA WILMER MANO DE OBRA= | precio_unitario_raw=140.0 | total_raw=39620.0
CAMA HERRAJE 1.60 CON SUS NOCHEROS,"MDF DE 2,7",144.0,AREA,,,,,,unidad_raw=1 PEDAZO 60X240=144 | seccion=EBANISTA WILMER MANO DE OBRA= | precio_unitario_raw=65.0 | total_raw=9360.0
CAMA HERRAJE 1.60 CON SUS NOCHEROS,INDUPLAX,0.0,AREA,,,,,,unidad_raw=Unidad | seccion=EBANISTA WILMER MANO DE OBRA= | precio_unitario_raw=160000.0 | total_raw=0.0
CAMA HERRAJE 1.60 CON SUS NOCHEROS,"LAMINA DE 5,5",1.0,AREA,,,,,,unidad_raw=Unidad | seccion=EBANISTA WILMER MANO DE OBRA= | precio_unitario_raw=130000.0 | total_raw=130000.0
CAMA HERRAJE 1.60 CON SUS NOCHEROS,LAMINA DE 15,1.0,AREA,,,,,,unidad_raw=UNIDAD | seccion=EBANISTA WILMER MANO DE OBRA= | precio_unitario_raw=210000.0 | total_raw=210000.0
CAMA HERRAJE 1.60 CON SUS NOCHEROS,COLBON,1.0,VOLUMEN,,,,,,unidad_raw=LITRO | seccion=EBANISTA WILMER MANO DE OBRA= | precio_unitario_raw=14000.0 | total_raw=14000.0
CAMA HERRAJE 1.60 CON SUS NOCHEROS,GRAPAS,5.0,ESPACIADO,,,,,,unidad_raw=Unidad | seccion=EBANISTA WILMER MANO DE OBRA= | precio_unitario_raw=12000.0 | total_raw=60000.0
CAMA HERRAJE 1.60 CON SUS NOCHEROS,CORREDERAS,1.0,FIJO,,,,,,unidad_raw=UNITARIOS | seccion=EBANISTA WILMER MANO DE OBRA= | precio_unitario_raw=32000.0 | total_raw=0.0
CAMA HERRAJE 1.60 CON SUS NOCHEROS,CLAVILLOS F40,5.0,ESPACIADO,,,,,,unidad_raw=TIRA | seccion=EBANISTA WILMER MANO DE OBRA= | precio_unitario_raw=28000.0 | total_raw=140000.0
CAMA HERRAJE 1.60 CON SUS NOCHEROS,GANCHOS,1.0,FIJO,,,,,,unidad_raw=PAR | seccion=EBANISTA WILMER MANO DE OBRA= | precio_unitario_raw=20000.0 | total_raw=20000.0
CAMA HERRAJE 1.60 CON SUS NOCHEROS,MDF 12,0.5,AREA,,,,,,unidad_raw=LAMINA | seccion=EBANISTA WILMER MANO DE OBRA= | precio_unitario_raw=175000.0 | total_raw=87500.0
CAMA HERRAJE 1.60 CON SUS NOCHEROS,"TORNILLOS DE 2""",100.0,ESPACIADO,,,,,,unidad_raw=Unidad | seccion=EBANISTA WILMER MANO DE OBRA= | precio_unitario_raw=100.0 | total_raw=10000.0
CAMA HERRAJE 1.60 CON SUS NOCHEROS,ebanisteria 300.000 x 5% de m.o,1.0,FORMULA,,,,,,seccion=EBANISTA WILMER MANO DE OBRA= | total_raw=315000.0
CAMA HERRAJE 1.60 CON SUS NOCHEROS,gastos de Ebanisteria e 10%,1.0,FORMULA,,,,,,seccion=EBANISTA WILMER MANO DE OBRA= | total_raw=106666.0
CAMA HERRAJE 1.60 CON SUS NOCHEROS,CORREDERAS 40 PUFF,3.0,FORMULA,,,,,,unidad_raw=PAR | seccion=EBANISTA WILMER MANO DE OBRA= | precio_unitario_raw=24000.0 | total_raw=72000.0
CAMA HERRAJE 1.60 CON SUS NOCHEROS,MDF DE 3,1.0,FORMULA,,,,,,"unidad_raw=1 PEDAZO DE 1,20X45=54 | seccion=EBANISTA WILMER MANO DE OBRA= | precio_unitario_raw=67.0 | total_raw=0.0"
CAMA HERRAJE 1.60 CON SUS NOCHEROS,LAM MDF 15,1.0,FORMULA,,,,,,"unidad_raw=1 PEDASO DE 1.25 X55=68,75 | seccion=EBANISTA WILMER MANO DE OBRA= | precio_unitario_raw=217.0 | total_raw=0.0"
CAMA HERRAJE 1.60 CON SUS NOCHEROS,LAM MDF 9,1.0,FORMULA,,,,,,"unidad_raw=1 PEDASO DE 1,50X40=60 | seccion=EBANISTA WILMER MANO DE OBRA= | precio_unitario_raw=140.0 | total_raw=21875.0"
CAMA HERRAJE 1.60 CON SUS NOCHEROS,COLBON,1.0,FORMULA,,,,,,unidad_raw=litros | seccion=EBANISTA WILMER MANO DE OBRA= | precio_unitario_raw=14000.0 | total_raw=0.0
CAMA HERRAJE 1.60 CON SUS NOCHEROS,GRAPAS,1.0,FIJO,,,,,,unidad_raw=Unidad | seccion=EBANISTA WILMER MANO DE OBRA= | precio_unitario_raw=600.0 | total_raw=0.0
CAMA HERRAJE 1.60 CON SUS NOCHEROS,CLAVILLOS N F 40,1.0,FIJO,,,,,,unidad_raw=TIRA | seccion=EBANISTA WILMER MANO DE OBRA= | precio_unitario_raw=1000.0 | total_raw=0.0
CAMA HERRAJE 1.60 CON SUS NOCHEROS,HECHURA,1.0,FIJO,,,,,,unidad_raw=PAR | seccion=EBANISTA WILMER MANO DE OBRA= | precio_unitario_raw=157500.0 | total_raw=0.0
CAMA HERRAJE 1.60 CON SUS NOCHEROS,"TORNILLOS DE 2""",1.0,FIJO,,,,,,unidad_raw=Unidad | seccion=EBANISTA WILMER MANO DE OBRA= | precio_unitario_raw=100.0 | total_raw=0.0
CAMA HERRAJE 1.60 CON SUS NOCHEROS,gastos de Ebanisteria e 5%,1.0,FORMULA,,,,,,seccion=EBANISTA WILMER MANO DE OBRA= | total_raw=26294.75
CAMA HERRAJE 1.60 CON SUS NOCHEROS,SECCION PINTURA Y PREPARADA,1.0,FORMULA,,,,,DE 2 NOCHEROS,seccion=SECCION PINTURA Y PREPARADA DE 2 NOCHEROS
CAMA HERRAJE 1.60 CON SUS NOCHEROS,PREPARADO JOTA,2.0,FORMULA,,,,,,unidad_raw=CON EL 5% | seccion=SECCION PINTURA Y PREPARADA DE 2 NOCHEROS | precio_unitario_raw=36750.0 | total_raw=73500.0
CAMA HERRAJE 1.60 CON SUS NOCHEROS,PINTURA ALEX,2.0,FORMULA,,,,,,unidad_raw=CON EL 5% | seccion=SECCION PINTURA Y PREPARADA DE 2 NOCHEROS | precio_unitario_raw=36750.0 | total_raw=73500.0
CAMA HERRAJE 1.60 CON SUS NOCHEROS,SELLADOR,5.0,VOLUMEN,,,,,,unidad_raw=PISTOLADAS | seccion=SECCION PINTURA Y PREPARADA DE 2 NOCHEROS | precio_unitario_raw=18000.0 | total_raw=90000.0
CAMA HERRAJE 1.60 CON SUS NOCHEROS,LIJA 400,1.0,FIJO,,,,,,unidad_raw=unidades | seccion=SECCION PINTURA Y PREPARADA DE 2 NOCHEROS | precio_unitario_raw=2000.0 | total_raw=2000.0
CAMA HERRAJE 1.60 CON SUS NOCHEROS,NITRO,0.0,VOLUMEN,,,,,,unidad_raw=galon | seccion=SECCION PINTURA Y PREPARADA DE 2 NOCHEROS | precio_unitario_raw=70000.0 | total_raw=0.0
CAMA HERRAJE 1.60 CON SUS NOCHEROS,VIDRIOS,0.0,FORMULA,,,,,,unidad_raw=unidad | seccion=SECCION PINTURA Y PREPARADA DE 2 NOCHEROS | precio_unitario_raw=45000.0 | total_raw=0.0
CAMA HERRAJE 1.60 CON SUS NOCHEROS,TALCO,0.3,FORMULA,,,,,,unidad_raw=unidad | seccion=SECCION PINTURA Y PREPARADA DE 2 NOCHEROS | precio_unitario_raw=2500.0 | total_raw=750.0
CAMA HERRAJE 1.60 CON SUS NOCHEROS,TINER,0.2,VOLUMEN,,,,,,unidad_raw=GALON | seccion=SECCION PINTURA Y PREPARADA DE 2 NOCHEROS | precio_unitario_raw=34000.0 | total_raw=6800.0
CAMA HERRAJE 1.60 CON SUS NOCHEROS,TOPES,2.0,FORMULA,,,,,,unidad_raw=JALADORES | seccion=SECCION PINTURA Y PREPARADA DE 2 NOCHEROS | precio_unitario_raw=3000.0 | total_raw=6000.0
CAMA HERRAJE 1.60 CON SUS NOCHEROS,COLOR,4.0,VOLUMEN,,,,,,unidad_raw=PISTOLADA | seccion=SECCION PINTURA Y PREPARADA DE 2 NOCHEROS | precio_unitario_raw=22000.0 | total_raw=88000.0
CAMA HERRAJE 1.60 CON SUS NOCHEROS,ENCINA,0.1,VOLUMEN,,,,,,unidad_raw=galon | seccion=SECCION PINTURA Y PREPARADA DE 2 NOCHEROS | precio_unitario_raw=160000.0 | total_raw=16000.0
CAMA HERRAJE 1.60 CON SUS NOCHEROS,GASOLINA,0.6,LINEAL,,,,,,unidad_raw=ML | seccion=SECCION PINTURA Y PREPARADA DE 2 NOCHEROS | precio_unitario_raw=4500.0 | total_raw=2700.0
CAMA HERRAJE 1.60 CON SUS NOCHEROS,RESANE,0.2,VOLUMEN,,,,,,unidad_raw=LITRO | seccion=SECCION PINTURA Y PREPARADA DE 2 NOCHEROS | precio_unitario_raw=20000.0 | total_raw=4000.0
CAMA HERRAJE 1.60 CON SUS NOCHEROS,LACA,3.0,VOLUMEN,,,,,,unidad_raw=PISTOLADA | seccion=SECCION PINTURA Y PREPARADA DE 2 NOCHEROS | precio_unitario_raw=23000.0 | total_raw=69000.0
CAMA HERRAJE 1.60 CON SUS NOCHEROS,Gastos de Pintura 10%,1.0,FORMULA,,,,,,seccion=SECCION PINTURA Y PREPARADA DE 2 NOCHEROS | total_raw=43225.0
CAMA HERRAJE 1.60 CON SUS NOCHEROS,SECCION PINTURA Y PREPARADA,1.0,FORMULA,,,,,CAMAS,seccion=SECCION PINTURA Y PREPARADA CAMAS
CAMA HERRAJE 1.60 CON SUS NOCHEROS,PREPARADO JOTA,1.0,FIJO,,,,,,unidad_raw=CON EL 5% | seccion=SECCION PINTURA Y PREPARADA CAMAS | precio_unitario_raw=63000.0 | total_raw=63000.0
CAMA HERRAJE 1.60 CON SUS NOCHEROS,PINTURA ALEX,1.0,FIJO,,,,,,unidad_raw=CON EL 5% | seccion=SECCION PINTURA Y PREPARADA CAMAS | precio_unitario_raw=26250.0 | total_raw=26250.0
CAMA HERRAJE 1.60 CON SUS NOCHEROS,PINTURA DE PATAS ALEX,16.0,FORMULA,,,,,,unidad_raw=16.0 | seccion=SECCION PINTURA Y PREPARADA CAMAS | precio_unitario_raw=2100.0 | total_raw=33600.0
CAMA HERRAJE 1.60 CON SUS NOCHEROS,SELLADOR,9.0,VOLUMEN,,,,,,unidad_raw=PISTOLADAS | seccion=SECCION PINTURA Y PREPARADA CAMAS | precio_unitario_raw=18000.0 | total_raw=162000.0
CAMA HERRAJE 1.60 CON SUS NOCHEROS,LIJA 400,1.0,FIJO,,,,,,unidad_raw=unidades | seccion=SECCION PINTURA Y PREPARADA CAMAS | precio_unitario_raw=2000.0 | total_raw=2000.0
CAMA HERRAJE 1.60 CON SUS NOCHEROS,NITRO,1.0,FORMULA,,,,,,unidad_raw=galon | seccion=SECCION PINTURA Y PREPARADA CAMAS | total_raw=0.0
CAMA HERRAJE 1.60 CON SUS NOCHEROS,lija 220,1.0,FIJO,,,,,,unidad_raw=unidad | seccion=SECCION PINTURA Y PREPARADA CAMAS | precio_unitario_raw=2000.0 | total_raw=2000.0
CAMA HERRAJE 1.60 CON SUS NOCHEROS,lija 120,1.0,FIJO,,,,,,unidad_raw=unidad | seccion=SECCION PINTURA Y PREPARADA CAMAS | precio_unitario_raw=2000.0 | total_raw=2000.0
CAMA HERRAJE 1.60 CON SUS NOCHEROS,LACA SEMIMATE,3.0,VOLUMEN,,,,,,unidad_raw=GALON | seccion=SECCION PINTURA Y PREPARADA CAMAS | precio_unitario_raw=23000.0 | total_raw=69000.0
CAMA HERRAJE 1.60 CON SUS NOCHEROS,kerosen,1.0,FORMULA,,,,,,unidad_raw=litro | seccion=SECCION PINTURA Y PREPARADA CAMAS | precio_unitario_raw=18000.0 | total_raw=0.0
CAMA HERRAJE 1.60 CON SUS NOCHEROS,COLOR,6.0,VOLUMEN,,,,,,unidad_raw=PISTOLADA | seccion=SECCION PINTURA Y PREPARADA CAMAS | precio_unitario_raw=20000.0 | total_raw=120000.0
CAMA HERRAJE 1.60 CON SUS NOCHEROS,TINTE MIEL,1.0,FORMULA,,,,,,unidad_raw=galon | seccion=SECCION PINTURA Y PREPARADA CAMAS | total_raw=0.0
CAMA HERRAJE 1.60 CON SUS NOCHEROS,GASOLINA,0.0,VOLUMEN,,,,,,unidad_raw=LITRO | seccion=SECCION PINTURA Y PREPARADA CAMAS | precio_unitario_raw=4.5 | total_raw=0.0
CAMA HERRAJE 1.60 CON SUS NOCHEROS,RESANE,0.5,VOLUMEN,,,,,,unidad_raw=LITRO | seccion=SECCION PINTURA Y PREPARADA CAMAS | precio_unitario_raw=23000.0 | total_raw=11500.0
CAMA HERRAJE 1.60 CON SUS NOCHEROS,LACA BRILLANTE,0.0,VOLUMEN,,,,,,unidad_raw=PISTOLADA | seccion=SECCION PINTURA Y PREPARADA CAMAS | precio_unitario_raw=23000.0 | total_raw=0.0
CAMA HERRAJE 1.60 CON SUS NOCHEROS,Gastos de Pintura 10%,1.0,FORMULA,,,,,,seccion=SECCION PINTURA Y PREPARADA CAMAS | total_raw=32095.1
CAMA HERRAJE 1.60 CON SUS NOCHEROS,HERRAJE DE CAMA,1.0,FIJO,,,,,,unidad_raw=PAR | seccion=SECCION TERMINACION | precio_unitario_raw=160000.0 | total_raw=160000.0
CAMA HERRAJE 1.60 CON SUS NOCHEROS,PATAS CILINDRO,8.0,FORMULA,,,,,,unidad_raw=UNIDAD | seccion=SECCION TERMINACION | precio_unitario_raw=16000.0 | total_raw=128000.0
CAMA HERRAJE 1.60 CON SUS NOCHEROS,TORNILLOS,32.0,ESPACIADO,,,,,,unidad_raw=UNIDADES | seccion=SECCION TERMINACION | precio_unitario_raw=100.0 | total_raw=3200.0
CAMA HERRAJE 1.60 CON SUS NOCHEROS,LAMPARAS DE LUZ,0.0,FORMULA,,,,,,unidad_raw=UNIDADES | seccion=SECCION TERMINACION | precio_unitario_raw=100000.0 | total_raw=0.0
CAMA HERRAJE 1.60 CON SUS NOCHEROS,CABLE DE 12,0.0,LINEAL,,,,,,unidad_raw=METROS | seccion=SECCION TERMINACION | precio_unitario_raw=3000.0 | total_raw=0.0
CAMA HERRAJE 1.60 CON SUS NOCHEROS,APAGADORES,0.0,FORMULA,,,,,,unidad_raw=PAR | seccion=SECCION TERMINACION | precio_unitario_raw=1500.0 | total_raw=0.0
CAMA HERRAJE 1.60 CON SUS NOCHEROS,ENCHUFLES BLANCO MACHO,0.0,FORMULA,,,,,,unidad_raw=UNIDADES | seccion=SECCION TERMINACION | precio_unitario_raw=2000.0 | total_raw=0.0
CAMA HERRAJE 1.60 CON SUS NOCHEROS,HERRAJES DE CAMA,1.0,FORMULA,,,,,,unidad_raw=PAR | seccion=SECCION TERMINACION | precio_unitario_raw=160000.0 | total_raw=0.0
CAMA HERRAJE 1.60 CON SUS NOCHEROS,JALADORES,0.0,FORMULA,,,,,,unidad_raw=UNIDAD | seccion=SECCION TERMINACION | precio_unitario_raw=26800.0 | total_raw=0.0
CAMA HERRAJE 1.60 CON SUS NOCHEROS,MULTIUSOS,1.0,FORMULA,,,,,,unidad_raw=UNIDADES | seccion=SECCION TERMINACION | precio_unitario_raw=3000.0 | total_raw=0.0
CAMA HERRAJE 1.60 CON SUS NOCHEROS,CORREDERAS,0.0,FORMULA,,,,,,unidad_raw=unidades | seccion=SECCION TERMINACION | precio_unitario_raw=8000.0 | total_raw=0.0
CAMA HERRAJE 1.60 CON SUS NOCHEROS,EMBALADA,0.0,FORMULA,,,,,,unidad_raw=unidades | seccion=SECCION TERMINACION | precio_unitario_raw=150000.0 | total_raw=0.0
CAMA HERRAJE 1.60 CON SUS NOCHEROS,SECCION TENDIDO,1.0,FORMULA,,,,,,seccion=SECCION TERMINACION | total_raw=0.0
CAMA HERRAJE 1.60 CON SUS NOCHEROS,MADERA 60X1X4,0.0,FORMULA,,,,,,unidad_raw=APAMATE | seccion=SECCION TERMINACION | precio_unitario_raw=140000.0 | total_raw=0.0
CAMA HERRAJE 1.60 CON SUS NOCHEROS,HECHURA,0.0,FORMULA,,,,,,unidad_raw=UNIDAD | seccion=FABRICACION TENDIDO | precio_unitario_raw=60000.0 | total_raw=0.0
CAMA HERRAJE 1.60 CON SUS NOCHEROS,SECCION TAPICERIA,1.0,FORMULA,,,,,,unidad_raw=MANO DE OBRA= | seccion=SECCION TAPICERIA MANO DE OBRA=
CAMA HERRAJE 1.60 CON SUS NOCHEROS,TELA PRANNA GRIS MEDIO,5.5,AREA,,,,,,unidad_raw=METROS | seccion=SECCION TAPICERIA MANO DE OBRA= | precio_unitario_raw=32999.0 | total_raw=181494.5
CAMA HERRAJE 1.60 CON SUS NOCHEROS,COLA DE RATA,0.0,LINEAL,,,,,,unidad_raw=METROS | seccion=SECCION TAPICERIA MANO DE OBRA= | precio_unitario_raw=1570.0 | total_raw=7222.0
CAMA HERRAJE 1.60 CON SUS NOCHEROS,ESPUMA 1/2 BLANCA,0.0,AREA,,,,,,unidad_raw=METROS | seccion=SECCION TAPICERIA MANO DE OBRA= | precio_unitario_raw=7300.0 | total_raw=0.0
CAMA HERRAJE 1.60 CON SUS NOCHEROS,GRAPAS,0.25,ESPACIADO,,,,,,unidad_raw=CAJA DE GRAPAS | seccion=SECCION TAPICERIA MANO DE OBRA= | precio_unitario_raw=12000.0 | total_raw=3000.0
CAMA HERRAJE 1.60 CON SUS NOCHEROS,ESPUMA AZUL DE 2 PULGADAS,1.0,AREA,,,,,,unidad_raw=LAMINA | seccion=SECCION TAPICERIA MANO DE OBRA= | precio_unitario_raw=41000.0 | total_raw=41000.0
CAMA HERRAJE 1.60 CON SUS NOCHEROS,TORNILLOS DE 2'',0.0,ESPACIADO,,,,,,unidad_raw=UNIDADES | seccion=SECCION TAPICERIA MANO DE OBRA= | precio_unitario_raw=26.0 | total_raw=0.0
CAMA HERRAJE 1.60 CON SUS NOCHEROS,ESPUMA DE 1 1/2'' ROSADA,0.0,AREA,,,,,,unidad_raw=UNIDADES | seccion=SECCION TAPICERIA MANO DE OBRA= | precio_unitario_raw=26000.0 | total_raw=0.0
CAMA HERRAJE 1.60 CON SUS NOCHEROS,ESPUMA BLANCA DE 1',0.0,AREA,,,,,,unidad_raw=UNIDAD | seccion=SECCION TAPICERIA MANO DE OBRA= | precio_unitario_raw=14500.0 | total_raw=0.0
CAMA HERRAJE 1.60 CON SUS NOCHEROS,ESPUMA 1 1/2'' AZUL,0.0,AREA,,,,,,unidad_raw=MTS | seccion=SECCION TAPICERIA MANO DE OBRA= | precio_unitario_raw=1000.0 | total_raw=0.0
CAMA HERRAJE 1.60 CON SUS NOCHEROS,COSTAL,2.0,AREA,,,,,,unidad_raw=METROS | seccion=SECCION TAPICERIA MANO DE OBRA= | precio_unitario_raw=2240.0 | total_raw=4480.0
CAMA HERRAJE 1.60 CON SUS NOCHEROS,HILO,0.0,FORMULA,,,,,,unidad_raw=UNIDAD | seccion=SECCION TAPICERIA MANO DE OBRA= | precio_unitario_raw=25000.0 | total_raw=0.0
CAMA HERRAJE 1.60 CON SUS NOCHEROS,PEGANTE DE PISTOLA,0.0,VOLUMEN,,,,,,unidad_raw=LITRO | seccion=SECCION TAPICERIA MANO DE OBRA= | precio_unitario_raw=43000.0 | total_raw=0.0
CAMA HERRAJE 1.60 CON SUS NOCHEROS,SUPER,150.0,VOLUMEN,,,,,,unidad_raw=LITRO | seccion=SECCION TAPICERIA MANO DE OBRA= | precio_unitario_raw=19.0 | total_raw=2850.0
CAMA HERRAJE 1.60 CON SUS NOCHEROS,ESPUMA 1' NARANJA,0.0,AREA,,,,,,unidad_raw=CM | seccion=SECCION TAPICERIA MANO DE OBRA= | precio_unitario_raw=16000.0 | total_raw=0.0
CAMA HERRAJE 1.60 CON SUS NOCHEROS,HECHURA,1.0,FIJO,,,,,,seccion=SECCION TAPICERIA MANO DE OBRA= | precio_unitario_raw=210000.0 | total_raw=210000.0
CAMA HERRAJE 1.60 CON SUS NOCHEROS,LENCILLO,0.0,LINEAL,,,,,,unidad_raw=METROS | seccion=SECCION TAPICERIA MANO DE OBRA= | precio_unitario_raw=2650.0 | total_raw=0.0
03/11/25 CAMA 2X2 ISIDRO MELAMINA,MADERA (2),1975.0,FORMULA,,,,,,unidad_raw=APAMATE | seccion=EBANISTA WILMER MANO DE OBRA= | precio_unitario_raw=140.0 | total_raw=276500.0
03/11/25 CAMA 2X2 ISIDRO MELAMINA,"MDF DE 2,7",1.0,AREA,,,,,,unidad_raw=UNIDAD | seccion=EBANISTA WILMER MANO DE OBRA= | precio_unitario_raw=65.0 | total_raw=65.0
03/11/25 CAMA 2X2 ISIDRO MELAMINA,MELAMINA MACULA 6,2.5,AREA,,,,,,unidad_raw=Unidad | seccion=EBANISTA WILMER MANO DE OBRA= | precio_unitario_raw=213000.0 | total_raw=532500.0
03/11/25 CAMA 2X2 ISIDRO MELAMINA,LAMINA DE 9,0.5,AREA,,,,,,unidad_raw=Unidad | seccion=EBANISTA WILMER MANO DE OBRA= | precio_unitario_raw=140000.0 | total_raw=70000.0
03/11/25 CAMA 2X2 ISIDRO MELAMINA,LAMINA DE 9,0.2,AREA,,,,,,unidad_raw=1 PEDAZO DE 2X1=2 | seccion=EBANISTA WILMER MANO DE OBRA= | precio_unitario_raw=140000.0 | total_raw=28000.0
03/11/25 CAMA 2X2 ISIDRO MELAMINA,LAMINA DE 9,0.2,AREA,,,,,,unidad_raw=1 PEDAZO DE 2X1=2 | seccion=EBANISTA WILMER MANO DE OBRA= | precio_unitario_raw=140000.0 | total_raw=28000.0
03/11/25 CAMA 2X2 ISIDRO MELAMINA,MELAMINA MACULA 15,1.0,AREA,,,,,,unidad_raw=UNIDAD | seccion=EBANISTA WILMER MANO DE OBRA= | precio_unitario_raw=336000.0 | total_raw=336000.0
03/11/25 CAMA 2X2 ISIDRO MELAMINA,COLBON,1.2,VOLUMEN,,,,,,unidad_raw=LITRO | seccion=EBANISTA WILMER MANO DE OBRA= | precio_unitario_raw=14000.0 | total_raw=16800.0
03/11/25 CAMA 2X2 ISIDRO MELAMINA,SUPER,0.8,VOLUMEN,,,,,,unidad_raw=LITROS | seccion=EBANISTA WILMER MANO DE OBRA= | precio_unitario_raw=19000.0 | total_raw=15200.0
03/11/25 CAMA 2X2 ISIDRO MELAMINA,CANTO 19,30.0,LINEAL,,,,,,unidad_raw=METROS | seccion=EBANISTA WILMER MANO DE OBRA= | precio_unitario_raw=1700.0 | total_raw=51000.0
03/11/25 CAMA 2X2 ISIDRO MELAMINA,LAMINA PVC,1.0,AREA,,,,,,unidad_raw=1 PEDAZO 90X120 | seccion=EBANISTA WILMER MANO DE OBRA= | precio_unitario_raw=100000.0 | total_raw=100000.0
03/11/25 CAMA 2X2 ISIDRO MELAMINA,CANTO 40,50.0,LINEAL,,,,,,unidad_raw=METROS | seccion=EBANISTA WILMER MANO DE OBRA= | precio_unitario_raw=1800.0 | total_raw=90000.0
03/11/25 CAMA 2X2 ISIDRO MELAMINA,GANCHOS,1.0,FIJO,,,,,,unidad_raw=PAR | seccion=EBANISTA WILMER MANO DE OBRA= | precio_unitario_raw=20000.0 | total_raw=20000.0
03/11/25 CAMA 2X2 ISIDRO MELAMINA,TORNILLOS TUERCA UNA,6.0,ESPACIADO,,,,,,unidad_raw=UNIDADES | seccion=EBANISTA WILMER MANO DE OBRA= | precio_unitario_raw=2300.0 | total_raw=13800.0
03/11/25 CAMA 2X2 ISIDRO MELAMINA,"TORNILLOS DE 2""",50.0,ESPACIADO,,,,,,unidad_raw=Unidad | seccion=EBANISTA WILMER MANO DE OBRA= | precio_unitario_raw=100.0 | total_raw=5000.0
03/11/25 CAMA 2X2 ISIDRO MELAMINA,ebanisteria 300.000 x 5% de m.o,1.0,FORMULA,,,,,,seccion=EBANISTA WILMER MANO DE OBRA= | total_raw=315000.0
03/11/25 CAMA 2X2 ISIDRO MELAMINA,gastos de Ebanisteria e 10%,1.0,FORMULA,,,,,,seccion=EBANISTA WILMER MANO DE OBRA= | total_raw=106666.0
03/11/25 CAMA 2X2 ISIDRO MELAMINA,CORREDERAS 40 PUFF,0.0,FORMULA,,,,,,unidad_raw=PAR | seccion=EBANISTA WILMER MANO DE OBRA= | precio_unitario_raw=24000.0 | total_raw=0.0
03/11/25 CAMA 2X2 ISIDRO MELAMINA,MDF DE 3,1.0,FORMULA,,,,,,"unidad_raw=1 PEDAZO DE 1,20X45=54 | seccion=EBANISTA WILMER MANO DE OBRA= | precio_unitario_raw=67.0 | total_raw=0.0"
03/11/25 CAMA 2X2 ISIDRO MELAMINA,LAM MDF 15,1.0,FORMULA,,,,,,"unidad_raw=1 PEDASO DE 1.25 X55=68,75 | seccion=EBANISTA WILMER MANO DE OBRA= | precio_unitario_raw=217.0 | total_raw=0.0"
03/11/25 CAMA 2X2 ISIDRO MELAMINA,LAM MDF 9,1.0,FORMULA,,,,,,"unidad_raw=1 PEDASO DE 1,50X40=60 | seccion=EBANISTA WILMER MANO DE OBRA= | precio_unitario_raw=140.0 | total_raw=21875.0"
03/11/25 CAMA 2X2 ISIDRO MELAMINA,COLBON,1.0,FORMULA,,,,,,unidad_raw=litros | seccion=EBANISTA WILMER MANO DE OBRA= | precio_unitario_raw=14000.0 | total_raw=0.0
03/11/25 CAMA 2X2 ISIDRO MELAMINA,GRAPAS,1.0,FIJO,,,,,,unidad_raw=Unidad | seccion=EBANISTA WILMER MANO DE OBRA= | precio_unitario_raw=600.0 | total_raw=0.0
03/11/25 CAMA 2X2 ISIDRO MELAMINA,CLAVILLOS N F 40,1.0,FIJO,,,,,,unidad_raw=TIRA | seccion=EBANISTA WILMER MANO DE OBRA= | precio_unitario_raw=1000.0 | total_raw=0.0
03/11/25 CAMA 2X2 ISIDRO MELAMINA,HECHURA,1.0,FIJO,,,,,,unidad_raw=PAR | seccion=EBANISTA WILMER MANO DE OBRA= | precio_unitario_raw=157500.0 | total_raw=0.0
03/11/25 CAMA 2X2 ISIDRO MELAMINA,"TORNILLOS DE 2""",1.0,FIJO,,,,,,unidad_raw=Unidad | seccion=EBANISTA WILMER MANO DE OBRA= | precio_unitario_raw=100.0 | total_raw=0.0
03/11/25 CAMA 2X2 ISIDRO MELAMINA,gastos de Ebanisteria e 5%,1.0,FORMULA,,,,,,seccion=EBANISTA WILMER MANO DE OBRA= | total_raw=26294.75
03/11/25 CAMA 2X2 ISIDRO MELAMINA,SECCION PINTURA Y PREPARADA,1.0,FORMULA,,,,,DE 2 NOCHEROS,seccion=SECCION PINTURA Y PREPARADA DE 2 NOCHEROS
03/11/25 CAMA 2X2 ISIDRO MELAMINA,PREPARADO JOTA,1.0,FORMULA,,,,,,unidad_raw=CON EL 5% | seccion=SECCION PINTURA Y PREPARADA DE 2 NOCHEROS | precio_unitario_raw=36750.0 | total_raw=0.0
03/11/25 CAMA 2X2 ISIDRO MELAMINA,PINTURA ALEX,1.0,FORMULA,,,,,,unidad_raw=CON EL 5% | seccion=SECCION PINTURA Y PREPARADA DE 2 NOCHEROS | precio_unitario_raw=36750.0 | total_raw=0.0
03/11/25 CAMA 2X2 ISIDRO MELAMINA,SELLADOR,1.0,FORMULA,,,,,,unidad_raw=PISTOLADAS | seccion=SECCION PINTURA Y PREPARADA DE 2 NOCHEROS | precio_unitario_raw=18000.0 | total_raw=0.0
03/11/25 CAMA 2X2 ISIDRO MELAMINA,LIJA 400,1.0,FORMULA,,,,,,unidad_raw=unidades | seccion=SECCION PINTURA Y PREPARADA DE 2 NOCHEROS | precio_unitario_raw=2000.0 | total_raw=0.0
03/11/25 CAMA 2X2 ISIDRO MELAMINA,NITRO,1.0,FORMULA,,,,,,unidad_raw=galon | seccion=SECCION PINTURA Y PREPARADA DE 2 NOCHEROS | precio_unitario_raw=70000.0 | total_raw=0.0
03/11/25 CAMA 2X2 ISIDRO MELAMINA,VIDRIOS,1.0,FORMULA,,,,,,unidad_raw=unidad | seccion=SECCION PINTURA Y PREPARADA DE 2 NOCHEROS | precio_unitario_raw=45000.0 | total_raw=0.0
03/11/25 CAMA 2X2 ISIDRO MELAMINA,TALCO,1.0,FORMULA,,,,,,unidad_raw=unidad | seccion=SECCION PINTURA Y PREPARADA DE 2 NOCHEROS | precio_unitario_raw=2500.0 | total_raw=0.0
03/11/25 CAMA 2X2 ISIDRO MELAMINA,TINER,1.0,FORMULA,,,,,,unidad_raw=GALON | seccion=SECCION PINTURA Y PREPARADA DE 2 NOCHEROS | precio_unitario_raw=34000.0 | total_raw=0.0
03/11/25 CAMA 2X2 ISIDRO MELAMINA,TOPES,1.0,FORMULA,,,,,,unidad_raw=JALADORES | seccion=SECCION PINTURA Y PREPARADA DE 2 NOCHEROS | precio_unitario_raw=3000.0 | total_raw=0.0
03/11/25 CAMA 2X2 ISIDRO MELAMINA,COLOR,1.0,FORMULA,,,,,,unidad_raw=PISTOLADA | seccion=SECCION PINTURA Y PREPARADA DE 2 NOCHEROS | precio_unitario_raw=22000.0 | total_raw=0.0
03/11/25 CAMA 2X2 ISIDRO MELAMINA,ENCINA,1.0,FORMULA,,,,,,unidad_raw=galon | seccion=SECCION PINTURA Y PREPARADA DE 2 NOCHEROS | precio_unitario_raw=160000.0 | total_raw=0.0
03/11/25 CAMA 2X2 ISIDRO MELAMINA,GASOLINA,1.0,FORMULA,,,,,,unidad_raw=ML | seccion=SECCION PINTURA Y PREPARADA DE 2 NOCHEROS | precio_unitario_raw=4500.0 | total_raw=0.0
03/11/25 CAMA 2X2 ISIDRO MELAMINA,RESANE,1.0,FORMULA,,,,,,unidad_raw=LITRO | seccion=SECCION PINTURA Y PREPARADA DE 2 NOCHEROS | precio_unitario_raw=20000.0 | total_raw=0.0
03/11/25 CAMA 2X2 ISIDRO MELAMINA,LACA,1.0,FORMULA,,,,,,unidad_raw=PISTOLADA | seccion=SECCION PINTURA Y PREPARADA DE 2 NOCHEROS | precio_unitario_raw=23000.0 | total_raw=0.0
03/11/25 CAMA 2X2 ISIDRO MELAMINA,Gastos de Pintura 10%,1.0,FORMULA,,,,,,seccion=SECCION PINTURA Y PREPARADA DE 2 NOCHEROS | total_raw=0.0
03/11/25 CAMA 2X2 ISIDRO MELAMINA,SECCION PINTURA Y PREPARADA,1.0,FORMULA,,,,,CAMAS,seccion=SECCION PINTURA Y PREPARADA CAMAS
03/11/25 CAMA 2X2 ISIDRO MELAMINA,PREPARADO JOTA,1.0,FORMULA,,,,,,unidad_raw=CON EL 5% | seccion=SECCION PINTURA Y PREPARADA CAMAS | precio_unitario_raw=63000.0 | total_raw=0.0
03/11/25 CAMA 2X2 ISIDRO MELAMINA,PINTURA ALEX,1.0,FORMULA,,,,,,unidad_raw=CON EL 5% | seccion=SECCION PINTURA Y PREPARADA CAMAS | precio_unitario_raw=26250.0 | total_raw=0.0
03/11/25 CAMA 2X2 ISIDRO MELAMINA,PINTURA DE PATAS ALEX,1.0,FIJO,,,,,,unidad_raw=16.0 | seccion=SECCION PINTURA Y PREPARADA CAMAS | precio_unitario_raw=2100.0 | total_raw=0.0
03/11/25 CAMA 2X2 ISIDRO MELAMINA,SELLADOR,1.0,FORMULA,,,,,,unidad_raw=PISTOLADAS | seccion=SECCION PINTURA Y PREPARADA CAMAS | precio_unitario_raw=18000.0 | total_raw=0.0
03/11/25 CAMA 2X2 ISIDRO MELAMINA,LIJA 400,1.0,FORMULA,,,,,,unidad_raw=unidades | seccion=SECCION PINTURA Y PREPARADA CAMAS | precio_unitario_raw=2000.0 | total_raw=0.0
03/11/25 CAMA 2X2 ISIDRO MELAMINA,NITRO,1.0,FORMULA,,,,,,unidad_raw=galon | seccion=SECCION PINTURA Y PREPARADA CAMAS | total_raw=0.0
03/11/25 CAMA 2X2 ISIDRO MELAMINA,lija 220,1.0,FORMULA,,,,,,unidad_raw=unidad | seccion=SECCION PINTURA Y PREPARADA CAMAS | precio_unitario_raw=2000.0 | total_raw=0.0
03/11/25 CAMA 2X2 ISIDRO MELAMINA,lija 120,1.0,FORMULA,,,,,,unidad_raw=unidad | seccion=SECCION PINTURA Y PREPARADA CAMAS | precio_unitario_raw=2000.0 | total_raw=0.0
03/11/25 CAMA 2X2 ISIDRO MELAMINA,LACA SEMIMATE,1.0,FORMULA,,,,,,unidad_raw=GALON | seccion=SECCION PINTURA Y PREPARADA CAMAS | precio_unitario_raw=23000.0 | total_raw=0.0
03/11/25 CAMA 2X2 ISIDRO MELAMINA,kerosen,1.0,FORMULA,,,,,,unidad_raw=litro | seccion=SECCION PINTURA Y PREPARADA CAMAS | precio_unitario_raw=18000.0 | total_raw=0.0
03/11/25 CAMA 2X2 ISIDRO MELAMINA,COLOR,1.0,FORMULA,,,,,,unidad_raw=PISTOLADA | seccion=SECCION PINTURA Y PREPARADA CAMAS | precio_unitario_raw=20000.0 | total_raw=0.0
03/11/25 CAMA 2X2 ISIDRO MELAMINA,TINTE MIEL,1.0,FORMULA,,,,,,unidad_raw=galon | seccion=SECCION PINTURA Y PREPARADA CAMAS | total_raw=0.0
03/11/25 CAMA 2X2 ISIDRO MELAMINA,GASOLINA,1.0,FORMULA,,,,,,unidad_raw=LITRO | seccion=SECCION PINTURA Y PREPARADA CAMAS | precio_unitario_raw=4.5 | total_raw=0.0
03/11/25 CAMA 2X2 ISIDRO MELAMINA,RESANE,1.0,FORMULA,,,,,,unidad_raw=LITRO | seccion=SECCION PINTURA Y PREPARADA CAMAS | precio_unitario_raw=23000.0 | total_raw=0.0
03/11/25 CAMA 2X2 ISIDRO MELAMINA,LACA BRILLANTE,1.0,FORMULA,,,,,,unidad_raw=PISTOLADA | seccion=SECCION PINTURA Y PREPARADA CAMAS | precio_unitario_raw=23000.0 | total_raw=0.0
03/11/25 CAMA 2X2 ISIDRO MELAMINA,Gastos de Pintura 10%,1.0,FORMULA,,,,,,seccion=SECCION PINTURA Y PREPARADA CAMAS | total_raw=32095.1
03/11/25 CAMA 2X2 ISIDRO MELAMINA,TOMAS NEGROS,2.0,FORMULA,,,,,,unidad_raw=UNIDAD | seccion=SECCION TERMINACION | precio_unitario_raw=10500.0 | total_raw=21000.0
03/11/25 CAMA 2X2 ISIDRO MELAMINA,REGLETA ANCHA,1.0,FIJO,,,,,,unidad_raw=UNIDAD | seccion=SECCION TERMINACION | precio_unitario_raw=20000.0 | total_raw=20000.0
03/11/25 CAMA 2X2 ISIDRO MELAMINA,REGLETA DELGADA,1.0,FIJO,,,,,,unidad_raw=UNIDAD | seccion=SECCION TERMINACION | precio_unitario_raw=20000.0 | total_raw=20000.0
03/11/25 CAMA 2X2 ISIDRO MELAMINA,CABLE,4.0,LINEAL,,,,,,unidad_raw=METRO | seccion=SECCION TERMINACION | precio_unitario_raw=3000.0 | total_raw=12000.0
03/11/25 CAMA 2X2 ISIDRO MELAMINA,CABLE DE 12,0.0,LINEAL,,,,,,unidad_raw=METROS | seccion=SECCION TERMINACION | precio_unitario_raw=3000.0 | total_raw=0.0
03/11/25 CAMA 2X2 ISIDRO MELAMINA,APAGADORES,0.0,FORMULA,,,,,,unidad_raw=PAR | seccion=SECCION TERMINACION | precio_unitario_raw=1500.0 | total_raw=0.0
03/11/25 CAMA 2X2 ISIDRO MELAMINA,ENCHUFLES BLANCO MACHO,2.0,FORMULA,,,,,,unidad_raw=UNIDADES | seccion=SECCION TERMINACION | precio_unitario_raw=2000.0 | total_raw=4000.0
03/11/25 CAMA 2X2 ISIDRO MELAMINA,CABLE,3.0,LINEAL,,,,,,unidad_raw=METROS | seccion=SECCION TERMINACION | precio_unitario_raw=1100.0 | total_raw=3300.0
03/11/25 CAMA 2X2 ISIDRO MELAMINA,JALADORES,0.0,FORMULA,,,,,,unidad_raw=UNIDAD | seccion=SECCION TERMINACION | precio_unitario_raw=26800.0 | total_raw=0.0
03/11/25 CAMA 2X2 ISIDRO MELAMINA,MULTIUSOS,1.0,FORMULA,,,,,,unidad_raw=UNIDADES | seccion=SECCION TERMINACION | precio_unitario_raw=3000.0 | total_raw=0.0
03/11/25 CAMA 2X2 ISIDRO MELAMINA,CORREDERAS,0.0,FORMULA,,,,,,unidad_raw=unidades | seccion=SECCION TERMINACION | precio_unitario_raw=8000.0 | total_raw=0.0
03/11/25 CAMA 2X2 ISIDRO MELAMINA,EMBALADA,0.0,FORMULA,,,,,,unidad_raw=unidades | seccion=SECCION TERMINACION | precio_unitario_raw=150000.0 | total_raw=0.0
03/11/25 CAMA 2X2 ISIDRO MELAMINA,SECCION TENDIDO,1.0,FORMULA,,,,,,seccion=SECCION TERMINACION | total_raw=0.0
03/11/25 CAMA 2X2 ISIDRO MELAMINA,MADERA 60X1X4,0.0,FORMULA,,,,,,unidad_raw=APAMATE | seccion=SECCION TERMINACION | precio_unitario_raw=140000.0 | total_raw=0.0
03/11/25 CAMA 2X2 ISIDRO MELAMINA,HECHURA,0.0,FORMULA,,,,,,unidad_raw=UNIDAD | seccion=FABRICACION TENDIDO | precio_unitario_raw=60000.0 | total_raw=0.0
03/11/25 CAMA 2X2 ISIDRO MELAMINA,SECCION TAPICERIA,1.0,FORMULA,,,,,,unidad_raw=MANO DE OBRA= | seccion=SECCION TAPICERIA MANO DE OBRA=
03/11/25 CAMA 2X2 ISIDRO MELAMINA,TELA BAKU TRIGO,2.0,AREA,,,,,,unidad_raw=METROS | seccion=SECCION TAPICERIA MANO DE OBRA= | precio_unitario_raw=32500.0 | total_raw=65000.0
03/11/25 CAMA 2X2 ISIDRO MELAMINA,COLA DE RATA,0.0,LINEAL,,,,,,unidad_raw=METROS | seccion=SECCION TAPICERIA MANO DE OBRA= | precio_unitario_raw=1570.0 | total_raw=7222.0
03/11/25 CAMA 2X2 ISIDRO MELAMINA,ESPUMA 1/2 BLANCA,0.0,AREA,,,,,,unidad_raw=METROS | seccion=SECCION TAPICERIA MANO DE OBRA= | precio_unitario_raw=7300.0 | total_raw=0.0
03/11/25 CAMA 2X2 ISIDRO MELAMINA,GRAPAS,0.15,ESPACIADO,,,,,,unidad_raw=CAJA DE GRAPAS | seccion=SECCION TAPICERIA MANO DE OBRA= | precio_unitario_raw=12000.0 | total_raw=1800.0
03/11/25 CAMA 2X2 ISIDRO MELAMINA,ESPUMA AZUL DE 2 PULGADAS,0.0,AREA,,,,,,unidad_raw=LAMINA | seccion=SECCION TAPICERIA MANO DE OBRA= | precio_unitario_raw=41000.0 | total_raw=0.0
03/11/25 CAMA 2X2 ISIDRO MELAMINA,TORNILLOS DE 1 1/2,26.0,ESPACIADO,,,,,,unidad_raw=UNIDADES | seccion=SECCION TAPICERIA MANO DE OBRA= | precio_unitario_raw=100.0 | total_raw=2600.0
03/11/25 CAMA 2X2 ISIDRO MELAMINA,ESPUMA DE 1 1/2'' ROSADA,0.75,AREA,,,,,,unidad_raw=UNIDADES | seccion=SECCION TAPICERIA MANO DE OBRA= | precio_unitario_raw=26000.0 | total_raw=19500.0
03/11/25 CAMA 2X2 ISIDRO MELAMINA,ESPUMA BLANCA DE 1',0.0,AREA,,,,,,unidad_raw=UNIDAD | seccion=SECCION TAPICERIA MANO DE OBRA= | precio_unitario_raw=14500.0 | total_raw=0.0
03/11/25 CAMA 2X2 ISIDRO MELAMINA,ESPUMA 1 1/2'' AZUL,0.0,AREA,,,,,,unidad_raw=MTS | seccion=SECCION TAPICERIA MANO DE OBRA= | precio_unitario_raw=1000.0 | total_raw=0.0
03/11/25 CAMA 2X2 ISIDRO MELAMINA,COSTAL,2.0,AREA,,,,,,unidad_raw=METROS | seccion=SECCION TAPICERIA MANO DE OBRA= | precio_unitario_raw=2240.0 | total_raw=4480.0
03/11/25 CAMA 2X2 ISIDRO MELAMINA,HILO,0.0,FORMULA,,,,,,unidad_raw=UNIDAD | seccion=SECCION TAPICERIA MANO DE OBRA= | precio_unitario_raw=25000.0 | total_raw=0.0
03/11/25 CAMA 2X2 ISIDRO MELAMINA,PEGANTE DE PISTOLA,0.0,VOLUMEN,,,,,,unidad_raw=LITRO | seccion=SECCION TAPICERIA MANO DE OBRA= | precio_unitario_raw=43000.0 | total_raw=0.0
03/11/25 CAMA 2X2 ISIDRO MELAMINA,SUPER,0.0,VOLUMEN,,,,,,unidad_raw=LITRO | seccion=SECCION TAPICERIA MANO DE OBRA= | precio_unitario_raw=19.0 | total_raw=0.0
03/11/25 CAMA 2X2 ISIDRO MELAMINA,ESPUMA 1' NARANJA,0.0,AREA,,,,,,unidad_raw=CM | seccion=SECCION TAPICERIA MANO DE OBRA= | precio_unitario_raw=16000.0 | total_raw=0.0
03/11/25 CAMA 2X2 ISIDRO MELAMINA,HECHURA,1.0,FIJO,,,,,,seccion=SECCION TAPICERIA MANO DE OBRA= | precio_unitario_raw=80000.0 | total_raw=80000.0
03/11/25 CAMA 2X2 ISIDRO MELAMINA,LENCILLO,5.5,LINEAL,,,,,,unidad_raw=METROS | seccion=SECCION TAPICERIA MANO DE OBRA= | precio_unitario_raw=2650.0 | total_raw=14575.0
03/11/25 CAMA 2X2 ISIDRO MELAMINA,MADERA (2),528.0,FORMULA,,,,,,unidad_raw=APAMATE | seccion=EBANISTA WILMER MANO DE OBRA= | precio_unitario_raw=140.0 | total_raw=73920.0
03/11/25 CAMA 2X2 ISIDRO MELAMINA,"MDF DE 2,7",0.0,AREA,,,,,,unidad_raw=UNIDAD | seccion=EBANISTA WILMER MANO DE OBRA= | precio_unitario_raw=65.0 | total_raw=0.0
03/11/25 CAMA 2X2 ISIDRO MELAMINA,MELAMINA,0.0,AREA,,,,,,unidad_raw=Unidad | seccion=EBANISTA WILMER MANO DE OBRA= | precio_unitario_raw=213000.0 | total_raw=0.0
03/11/25 CAMA 2X2 ISIDRO MELAMINA,LAMINA DE 9,0.1373,AREA,,,,,,unidad_raw=1 PEDAZO DE 75X183=13725 | seccion=EBANISTA WILMER MANO DE OBRA= | precio_unitario_raw=140000.0 | total_raw=19215.0
03/11/25 CAMA 2X2 ISIDRO MELAMINA,MELAMINA VIENES 15,1.0,AREA,,,,,,unidad_raw=UNIDAD | seccion=EBANISTA WILMER MANO DE OBRA= | precio_unitario_raw=246000.0 | total_raw=246000.0
03/11/25 CAMA 2X2 ISIDRO MELAMINA,COLBON,0.4,VOLUMEN,,,,,,unidad_raw=LITRO | seccion=EBANISTA WILMER MANO DE OBRA= | precio_unitario_raw=14000.0 | total_raw=5600.0
03/11/25 CAMA 2X2 ISIDRO MELAMINA,SUPER,0.4,VOLUMEN,,,,,,unidad_raw=LITROS | seccion=EBANISTA WILMER MANO DE OBRA= | precio_unitario_raw=19000.0 | total_raw=7600.0
03/11/25 CAMA 2X2 ISIDRO MELAMINA,GRAPAS,0.3,ESPACIADO,,,,,,unidad_raw=UNIDAD | seccion=EBANISTA WILMER MANO DE OBRA= | precio_unitario_raw=12000.0 | total_raw=3600.0
03/11/25 CAMA 2X2 ISIDRO MELAMINA,LAMINA PVC,0.0,AREA,,,,,,unidad_raw=1 PEDAZO 90X120 | seccion=EBANISTA WILMER MANO DE OBRA= | precio_unitario_raw=100000.0 | total_raw=100000.0
03/11/25 CAMA 2X2 ISIDRO MELAMINA,CANTO 40,20.0,LINEAL,,,,,,unidad_raw=METROS | seccion=EBANISTA WILMER MANO DE OBRA= | precio_unitario_raw=1800.0 | total_raw=36000.0
03/11/25 CAMA 2X2 ISIDRO MELAMINA,GANCHOS,1.0,FIJO,,,,,,unidad_raw=PAR | seccion=EBANISTA WILMER MANO DE OBRA= | precio_unitario_raw=20000.0 | total_raw=20000.0
03/11/25 CAMA 2X2 ISIDRO MELAMINA,TORNILLOS DE 1 1/2,20.0,ESPACIADO,,,,,,unidad_raw=UNIDADES | seccion=EBANISTA WILMER MANO DE OBRA= | precio_unitario_raw=100.0 | total_raw=2000.0
03/11/25 CAMA 2X2 ISIDRO MELAMINA,"TORNILLOS DE 2""",50.0,ESPACIADO,,,,,,unidad_raw=Unidad | seccion=EBANISTA WILMER MANO DE OBRA= | precio_unitario_raw=100.0 | total_raw=5000.0
03/11/25 CAMA 2X2 ISIDRO MELAMINA,ebanisteria 300.000 x 5% de m.o,1.0,FORMULA,,,,,,seccion=EBANISTA WILMER MANO DE OBRA= | total_raw=315000.0
03/11/25 CAMA 2X2 ISIDRO MELAMINA,gastos de Ebanisteria e 10%,1.0,FORMULA,,,,,,seccion=EBANISTA WILMER MANO DE OBRA= | total_raw=106666.0
03/11/25 CAMA 2X2 ISIDRO MELAMINA,CORREDERAS 40 NORMAL,2.0,FORMULA,,,,,,unidad_raw=PAR | seccion=EBANISTA WILMER MANO DE OBRA= | precio_unitario_raw=12000.0 | total_raw=24000.0
03/11/25 CAMA 2X2 ISIDRO MELAMINA,MDF DE 2.7,0.32,AREA,,,,,,unidad_raw=1 PEDAZO DE 80X40=3.200 | seccion=EBANISTA WILMER MANO DE OBRA= | precio_unitario_raw=65000.0 | total_raw=20800.0
03/11/25 CAMA 2X2 ISIDRO MELAMINA,LAM MDF 15,0.72,AREA,,,,,,unidad_raw=1 PEDASO DE 1.80X40=72 | seccion=EBANISTA WILMER MANO DE OBRA= | precio_unitario_raw=210000.0 | total_raw=151200.0
03/11/25 CAMA 2X2 ISIDRO MELAMINA,LAM MDF 15,0.25,AREA,,,,,,unidad_raw=1 PEDASO DE 50X50=2.500 | seccion=EBANISTA WILMER MANO DE OBRA= | precio_unitario_raw=210000.0 | total_raw=52500.0
03/11/25 CAMA 2X2 ISIDRO MELAMINA,COLBON,0.2,FORMULA,,,,,,unidad_raw=LITRS | seccion=EBANISTA WILMER MANO DE OBRA= | precio_unitario_raw=14000.0 | total_raw=2800.0
03/11/25 CAMA 2X2 ISIDRO MELAMINA,SUPER,0.2,VOLUMEN,,,,,,unidad_raw=LITROS | seccion=EBANISTA WILMER MANO DE OBRA= | precio_unitario_raw=19000.0 | total_raw=3800.0
03/11/25 CAMA 2X2 ISIDRO MELAMINA,CANTO 19,8.0,LINEAL,,,,,,unidad_raw=METROS | seccion=EBANISTA WILMER MANO DE OBRA= | precio_unitario_raw=800.0 | total_raw=6400.0
03/11/25 CAMA 2X2 ISIDRO MELAMINA,MELAMINA DE 15 VIENES,0.225,AREA,,,,,,unidad_raw=1 PEDAZO 50X45=2250 | seccion=EBANISTA WILMER MANO DE OBRA= | precio_unitario_raw=246000.0 | total_raw=55350.0
03/11/25 CAMA 2X2 ISIDRO MELAMINA,MELAMINA DE 15 VIENES,0.225,AREA,,,,,,unidad_raw=1 PEDAZO 50X45=2250 | seccion=EBANISTA WILMER MANO DE OBRA= | precio_unitario_raw=246000.0 | total_raw=55350.0
03/11/25 CAMA 2X2 ISIDRO MELAMINA,MELAMINA DE 15 VIENES,0.225,AREA,,,,,,unidad_raw=1 PEDAZO 45X50=2250 | seccion=EBANISTA WILMER MANO DE OBRA= | precio_unitario_raw=246000.0 | total_raw=55350.0
03/11/25 CAMA 2X2 ISIDRO MELAMINA,MELAMINA DE 15 VIENES,0.225,AREA,,,,,,unidad_raw=1 PEDAZO 45X50=2250 | seccion=EBANISTA WILMER MANO DE OBRA= | precio_unitario_raw=246000.0 | total_raw=55350.0
03/11/25 CAMA 2X2 ISIDRO MELAMINA,gastos de Ebanisteria e 5%,1.0,FORMULA,,,,,,seccion=EBANISTA WILMER MANO DE OBRA= | total_raw=26294.75
03/11/25 CAMA 2X2 ISIDRO MELAMINA,SECCION PINTURA Y PREPARADA,1.0,FORMULA,,,,,DE 2 NOCHEROS,seccion=SECCION PINTURA Y PREPARADA DE 2 NOCHEROS
03/11/25 CAMA 2X2 ISIDRO MELAMINA,PREPARADO JOTA,1.0,FORMULA,,,,,,unidad_raw=CON EL 5% | seccion=SECCION PINTURA Y PREPARADA DE 2 NOCHEROS | precio_unitario_raw=36750.0 | total_raw=0.0
03/11/25 CAMA 2X2 ISIDRO MELAMINA,PINTURA ALEX,1.0,FORMULA,,,,,,unidad_raw=CON EL 5% | seccion=SECCION PINTURA Y PREPARADA DE 2 NOCHEROS | precio_unitario_raw=36750.0 | total_raw=0.0
03/11/25 CAMA 2X2 ISIDRO MELAMINA,SELLADOR,1.0,FORMULA,,,,,,unidad_raw=PISTOLADAS | seccion=SECCION PINTURA Y PREPARADA DE 2 NOCHEROS | precio_unitario_raw=18000.0 | total_raw=0.0
03/11/25 CAMA 2X2 ISIDRO MELAMINA,LIJA 400,1.0,FORMULA,,,,,,unidad_raw=unidades | seccion=SECCION PINTURA Y PREPARADA DE 2 NOCHEROS | precio_unitario_raw=2000.0 | total_raw=0.0
03/11/25 CAMA 2X2 ISIDRO MELAMINA,NITRO,1.0,FORMULA,,,,,,unidad_raw=galon | seccion=SECCION PINTURA Y PREPARADA DE 2 NOCHEROS | precio_unitario_raw=70000.0 | total_raw=0.0
03/11/25 CAMA 2X2 ISIDRO MELAMINA,VIDRIOS,1.0,FORMULA,,,,,,unidad_raw=unidad | seccion=SECCION PINTURA Y PREPARADA DE 2 NOCHEROS | precio_unitario_raw=45000.0 | total_raw=0.0
03/11/25 CAMA 2X2 ISIDRO MELAMINA,TALCO,1.0,FORMULA,,,,,,unidad_raw=unidad | seccion=SECCION PINTURA Y PREPARADA DE 2 NOCHEROS | precio_unitario_raw=2500.0 | total_raw=0.0
03/11/25 CAMA 2X2 ISIDRO MELAMINA,TINER,1.0,FORMULA,,,,,,unidad_raw=GALON | seccion=SECCION PINTURA Y PREPARADA DE 2 NOCHEROS | precio_unitario_raw=34000.0 | total_raw=0.0
03/11/25 CAMA 2X2 ISIDRO MELAMINA,TOPES,1.0,FORMULA,,,,,,unidad_raw=JALADORES | seccion=SECCION PINTURA Y PREPARADA DE 2 NOCHEROS | precio_unitario_raw=3000.0 | total_raw=0.0
03/11/25 CAMA 2X2 ISIDRO MELAMINA,COLOR,1.0,FORMULA,,,,,,unidad_raw=PISTOLADA | seccion=SECCION PINTURA Y PREPARADA DE 2 NOCHEROS | precio_unitario_raw=22000.0 | total_raw=0.0
03/11/25 CAMA 2X2 ISIDRO MELAMINA,ENCINA,1.0,FORMULA,,,,,,unidad_raw=galon | seccion=SECCION PINTURA Y PREPARADA DE 2 NOCHEROS | precio_unitario_raw=160000.0 | total_raw=0.0
03/11/25 CAMA 2X2 ISIDRO MELAMINA,GASOLINA,1.0,FORMULA,,,,,,unidad_raw=ML | seccion=SECCION PINTURA Y PREPARADA DE 2 NOCHEROS | precio_unitario_raw=4500.0 | total_raw=0.0
03/11/25 CAMA 2X2 ISIDRO MELAMINA,RESANE,1.0,FORMULA,,,,,,unidad_raw=LITRO | seccion=SECCION PINTURA Y PREPARADA DE 2 NOCHEROS | precio_unitario_raw=20000.0 | total_raw=0.0
03/11/25 CAMA 2X2 ISIDRO MELAMINA,LACA,1.0,FORMULA,,,,,,unidad_raw=PISTOLADA | seccion=SECCION PINTURA Y PREPARADA DE 2 NOCHEROS | precio_unitario_raw=23000.0 | total_raw=0.0
03/11/25 CAMA 2X2 ISIDRO MELAMINA,Gastos de Pintura 10%,1.0,FORMULA,,,,,,seccion=SECCION PINTURA Y PREPARADA DE 2 NOCHEROS | total_raw=0.0
03/11/25 CAMA 2X2 ISIDRO MELAMINA,SECCION PINTURA Y PREPARADA,1.0,FORMULA,,,,,CAMAS,seccion=SECCION PINTURA Y PREPARADA CAMAS
03/11/25 CAMA 2X2 ISIDRO MELAMINA,PREPARADO JOTA,1.0,FORMULA,,,,,,unidad_raw=CON EL 5% | seccion=SECCION PINTURA Y PREPARADA CAMAS | precio_unitario_raw=63000.0 | total_raw=0.0
03/11/25 CAMA 2X2 ISIDRO MELAMINA,PINTURA ALEX,1.0,FORMULA,,,,,,unidad_raw=CON EL 5% | seccion=SECCION PINTURA Y PREPARADA CAMAS | precio_unitario_raw=26250.0 | total_raw=0.0
03/11/25 CAMA 2X2 ISIDRO MELAMINA,PINTURA DE PATAS ALEX,1.0,FIJO,,,,,,unidad_raw=16.0 | seccion=SECCION PINTURA Y PREPARADA CAMAS | precio_unitario_raw=2100.0 | total_raw=0.0
03/11/25 CAMA 2X2 ISIDRO MELAMINA,SELLADOR,1.0,FORMULA,,,,,,unidad_raw=PISTOLADAS | seccion=SECCION PINTURA Y PREPARADA CAMAS | precio_unitario_raw=18000.0 | total_raw=0.0
03/11/25 CAMA 2X2 ISIDRO MELAMINA,LIJA 400,1.0,FORMULA,,,,,,unidad_raw=unidades | seccion=SECCION PINTURA Y PREPARADA CAMAS | precio_unitario_raw=2000.0 | total_raw=0.0
03/11/25 CAMA 2X2 ISIDRO MELAMINA,NITRO,1.0,FORMULA,,,,,,unidad_raw=galon | seccion=SECCION PINTURA Y PREPARADA CAMAS | total_raw=0.0
03/11/25 CAMA 2X2 ISIDRO MELAMINA,lija 220,1.0,FORMULA,,,,,,unidad_raw=unidad | seccion=SECCION PINTURA Y PREPARADA CAMAS | precio_unitario_raw=2000.0 | total_raw=0.0
03/11/25 CAMA 2X2 ISIDRO MELAMINA,lija 120,1.0,FORMULA,,,,,,unidad_raw=unidad | seccion=SECCION PINTURA Y PREPARADA CAMAS | precio_unitario_raw=2000.0 | total_raw=0.0
03/11/25 CAMA 2X2 ISIDRO MELAMINA,LACA SEMIMATE,1.0,FORMULA,,,,,,unidad_raw=GALON | seccion=SECCION PINTURA Y PREPARADA CAMAS | precio_unitario_raw=23000.0 | total_raw=0.0
03/11/25 CAMA 2X2 ISIDRO MELAMINA,kerosen,1.0,FORMULA,,,,,,unidad_raw=litro | seccion=SECCION PINTURA Y PREPARADA CAMAS | precio_unitario_raw=18000.0 | total_raw=0.0
03/11/25 CAMA 2X2 ISIDRO MELAMINA,COLOR,1.0,FORMULA,,,,,,unidad_raw=PISTOLADA | seccion=SECCION PINTURA Y PREPARADA CAMAS | precio_unitario_raw=20000.0 | total_raw=0.0
03/11/25 CAMA 2X2 ISIDRO MELAMINA,TINTE MIEL,1.0,FORMULA,,,,,,unidad_raw=galon | seccion=SECCION PINTURA Y PREPARADA CAMAS | total_raw=0.0
03/11/25 CAMA 2X2 ISIDRO MELAMINA,GASOLINA,1.0,FORMULA,,,,,,unidad_raw=LITRO | seccion=SECCION PINTURA Y PREPARADA CAMAS | precio_unitario_raw=4.5 | total_raw=0.0
03/11/25 CAMA 2X2 ISIDRO MELAMINA,RESANE,1.0,FORMULA,,,,,,unidad_raw=LITRO | seccion=SECCION PINTURA Y PREPARADA CAMAS | precio_unitario_raw=23000.0 | total_raw=0.0
03/11/25 CAMA 2X2 ISIDRO MELAMINA,LACA BRILLANTE,1.0,FORMULA,,,,,,unidad_raw=PISTOLADA | seccion=SECCION PINTURA Y PREPARADA CAMAS | precio_unitario_raw=23000.0 | total_raw=0.0
03/11/25 CAMA 2X2 ISIDRO MELAMINA,Gastos de Pintura 10%,1.0,FORMULA,,,,,,seccion=SECCION PINTURA Y PREPARADA CAMAS | total_raw=32095.1
03/11/25 CAMA 2X2 ISIDRO MELAMINA,TOMAS NEGROS,1.0,FORMULA,,,,,,unidad_raw=UNIDAD | seccion=SECCION TERMINACION | precio_unitario_raw=10500.0 | total_raw=0.0
03/11/25 CAMA 2X2 ISIDRO MELAMINA,REGLETA ANCHA,1.0,FORMULA,,,,,,unidad_raw=UNIDAD | seccion=SECCION TERMINACION | precio_unitario_raw=20000.0 | total_raw=0.0
03/11/25 CAMA 2X2 ISIDRO MELAMINA,REGLETA DELGADA,1.0,FORMULA,,,,,,unidad_raw=UNIDAD | seccion=SECCION TERMINACION | precio_unitario_raw=20000.0 | total_raw=0.0
03/11/25 CAMA 2X2 ISIDRO MELAMINA,LAMPARAS DE LUZ,1.0,FORMULA,,,,,,unidad_raw=UNIDADES | seccion=SECCION TERMINACION | precio_unitario_raw=100000.0 | total_raw=0.0
03/11/25 CAMA 2X2 ISIDRO MELAMINA,CABLE DE 12,1.0,FORMULA,,,,,,unidad_raw=METROS | seccion=SECCION TERMINACION | precio_unitario_raw=3000.0 | total_raw=0.0
03/11/25 CAMA 2X2 ISIDRO MELAMINA,APAGADORES,1.0,FORMULA,,,,,,unidad_raw=PAR | seccion=SECCION TERMINACION | precio_unitario_raw=1500.0 | total_raw=0.0
03/11/25 CAMA 2X2 ISIDRO MELAMINA,ENCHUFLES BLANCO MACHO,1.0,FORMULA,,,,,,unidad_raw=UNIDADES | seccion=SECCION TERMINACION | precio_unitario_raw=2000.0 | total_raw=0.0
03/11/25 CAMA 2X2 ISIDRO MELAMINA,HERRAJES DE CAMA,1.0,FORMULA,,,,,,unidad_raw=PAR | seccion=SECCION TERMINACION | precio_unitario_raw=160000.0 | total_raw=0.0
03/11/25 CAMA 2X2 ISIDRO MELAMINA,JALADORES,1.0,FIJO,,,,,,unidad_raw=UNIDAD | seccion=SECCION TERMINACION | precio_unitario_raw=26800.0 | total_raw=0.0
03/11/25 CAMA 2X2 ISIDRO MELAMINA,MULTIUSOS,1.0,FORMULA,,,,,,unidad_raw=UNIDADES | seccion=SECCION TERMINACION | precio_unitario_raw=3000.0 | total_raw=0.0
03/11/25 CAMA 2X2 ISIDRO MELAMINA,CORREDERAS,1.0,FIJO,,,,,,unidad_raw=unidades | seccion=SECCION TERMINACION | precio_unitario_raw=8000.0 | total_raw=0.0
03/11/25 CAMA 2X2 ISIDRO MELAMINA,EMBALADA,1.0,FORMULA,,,,,,unidad_raw=unidades | seccion=SECCION TERMINACION | precio_unitario_raw=150000.0 | total_raw=0.0
03/11/25 CAMA 2X2 ISIDRO MELAMINA,SECCION TENDIDO,1.0,FORMULA,,,,,,seccion=SECCION TERMINACION | total_raw=0.0
03/11/25 CAMA 2X2 ISIDRO MELAMINA,MADERA 60X1X4,900.0,FORMULA,,,,,,unidad_raw=APAMATE | seccion=SECCION TERMINACION | precio_unitario_raw=140000.0 | total_raw=0.0
03/11/25 CAMA 2X2 ISIDRO MELAMINA,FABRICACION TENDIDO,0.0,FORMULA,,,,,,seccion=PATA DE TENDIDO
03/11/25 CAMA 2X2 ISIDRO MELAMINA,MDF DE 9,0.142,AREA,,,,,,unidad_raw=1 PEDAZO 190X75=14250 | seccion=PATA DE TENDIDO | precio_unitario_raw=140000.0 | total_raw=19880.0
03/11/25 CAMA 2X2 ISIDRO MELAMINA,MDF DE 9,0.142,AREA,,,,,,unidad_raw=1 PEDAZO 190X75=14250 | seccion=PATA DE TENDIDO | precio_unitario_raw=140000.0 | total_raw=19880.0
03/11/25 CAMA 2X2 ISIDRO MELAMINA,HECHURA,1.0,FIJO,,,,,,unidad_raw=UNIDAD | seccion=PATA DE TENDIDO | precio_unitario_raw=60000.0 | total_raw=0.0
03/11/25 CAMA 2X2 ISIDRO MELAMINA,SECCION TAPICERIA,1.0,FORMULA,,,,,,unidad_raw=MANO DE OBRA= | seccion=SECCION TAPICERIA MANO DE OBRA=
03/11/25 CAMA 2X2 ISIDRO MELAMINA,TELA PRANNA NEGRA,2.0,AREA,,,,,,unidad_raw=METROS | seccion=SECCION TAPICERIA MANO DE OBRA= | precio_unitario_raw=34899.0 | total_raw=69798.0
03/11/25 CAMA 2X2 ISIDRO MELAMINA,COLA DE RATA,0.0,LINEAL,,,,,,unidad_raw=METROS | seccion=SECCION TAPICERIA MANO DE OBRA= | precio_unitario_raw=1570.0 | total_raw=7222.0
03/11/25 CAMA 2X2 ISIDRO MELAMINA,ESPUMA 1/2 BLANCA,0.0,AREA,,,,,,unidad_raw=METROS | seccion=SECCION TAPICERIA MANO DE OBRA= | precio_unitario_raw=7300.0 | total_raw=0.0
03/11/25 CAMA 2X2 ISIDRO MELAMINA,GRAPAS,0.15,ESPACIADO,,,,,,unidad_raw=CAJA DE GRAPAS | seccion=SECCION TAPICERIA MANO DE OBRA= | precio_unitario_raw=12000.0 | total_raw=1800.0
03/11/25 CAMA 2X2 ISIDRO MELAMINA,ESPUMA AZUL DE 2 PULGADAS,0.0,AREA,,,,,,unidad_raw=LAMINA | seccion=SECCION TAPICERIA MANO DE OBRA= | precio_unitario_raw=41000.0 | total_raw=0.0
03/11/25 CAMA 2X2 ISIDRO MELAMINA,TORNILLOS DE 1 1/2,26.0,ESPACIADO,,,,,,unidad_raw=UNIDADES | seccion=SECCION TAPICERIA MANO DE OBRA= | precio_unitario_raw=100.0 | total_raw=2600.0
03/11/25 CAMA 2X2 ISIDRO MELAMINA,ESPUMA DE 1 1/2'' ROSADA,0.75,AREA,,,,,,unidad_raw=UNIDADES | seccion=SECCION TAPICERIA MANO DE OBRA= | precio_unitario_raw=26000.0 | total_raw=19500.0
03/11/25 CAMA 2X2 ISIDRO MELAMINA,ESPUMA BLANCA DE 1',0.0,AREA,,,,,,unidad_raw=UNIDAD | seccion=SECCION TAPICERIA MANO DE OBRA= | precio_unitario_raw=14500.0 | total_raw=0.0
03/11/25 CAMA 2X2 ISIDRO MELAMINA,ESPUMA 1 1/2'' AZUL,0.0,AREA,,,,,,unidad_raw=MTS | seccion=SECCION TAPICERIA MANO DE OBRA= | precio_unitario_raw=1000.0 | total_raw=0.0
03/11/25 CAMA 2X2 ISIDRO MELAMINA,COSTAL,2.0,AREA,,,,,,unidad_raw=METROS | seccion=SECCION TAPICERIA MANO DE OBRA= | precio_unitario_raw=2240.0 | total_raw=4480.0
03/11/25 CAMA 2X2 ISIDRO MELAMINA,HILO,0.0,FORMULA,,,,,,unidad_raw=UNIDAD | seccion=SECCION TAPICERIA MANO DE OBRA= | precio_unitario_raw=25000.0 | total_raw=0.0
03/11/25 CAMA 2X2 ISIDRO MELAMINA,PEGANTE DE PISTOLA,0.0,VOLUMEN,,,,,,unidad_raw=LITRO | seccion=SECCION TAPICERIA MANO DE OBRA= | precio_unitario_raw=43000.0 | total_raw=0.0
03/11/25 CAMA 2X2 ISIDRO MELAMINA,SUPER,0.0,VOLUMEN,,,,,,unidad_raw=LITRO | seccion=SECCION TAPICERIA MANO DE OBRA= | precio_unitario_raw=19.0 | total_raw=0.0
03/11/25 CAMA 2X2 ISIDRO MELAMINA,ESPUMA 1' NARANJA,0.0,AREA,,,,,,unidad_raw=CM | seccion=SECCION TAPICERIA MANO DE OBRA= | precio_unitario_raw=16000.0 | total_raw=0.0
03/11/25 CAMA 2X2 ISIDRO MELAMINA,HECHURA,1.0,FIJO,,,,,,seccion=SECCION TAPICERIA MANO DE OBRA= | precio_unitario_raw=80000.0 | total_raw=80000.0
03/11/25 CAMA 2X2 ISIDRO MELAMINA,LENCILLO,5.5,LINEAL,,,,,,unidad_raw=METROS | seccion=SECCION TAPICERIA MANO DE OBRA= | precio_unitario_raw=2650.0 | total_raw=14575.0
01/11/25 CAMA 1.60 ISIDRO,MADERA (2),1447.0,FORMULA,,,,,,unidad_raw=APAMATE | seccion=EBANISTA WILMER MANO DE OBRA= | precio_unitario_raw=140.0 | total_raw=202580.0
01/11/25 CAMA 1.60 ISIDRO,"MDF DE 2,7",0.266,AREA,,,,,,unidad_raw=1 PEDAZO 140X190=26600 | seccion=EBANISTA WILMER MANO DE OBRA= | precio_unitario_raw=65000.0 | total_raw=17290.0
01/11/25 CAMA 1.60 ISIDRO,LAMINA DE 9,0.84,AREA,,,,,,unidad_raw=1 PEDAZO 140X60=8400 | seccion=EBANISTA WILMER MANO DE OBRA= | precio_unitario_raw=140000.0 | total_raw=117600.0
01/11/25 CAMA 1.60 ISIDRO,LAMINA DE 5.5,0.66,AREA,,,,,,unidad_raw=1 PEDAZO 166X40=66.4 | seccion=EBANISTA WILMER MANO DE OBRA= | precio_unitario_raw=130000.0 | total_raw=85800.0
01/11/25 CAMA 1.60 ISIDRO,COLBON,0.5,VOLUMEN,,,,,,unidad_raw=LITRO | seccion=EBANISTA WILMER MANO DE OBRA= | precio_unitario_raw=14000.0 | total_raw=7000.0
01/11/25 CAMA 1.60 ISIDRO,GRAPAS,0.15,ESPACIADO,,,,,,unidad_raw=CAJA | seccion=EBANISTA WILMER MANO DE OBRA= | precio_unitario_raw=12000.0 | total_raw=1800.0
01/11/25 CAMA 1.60 ISIDRO,GANCHOS,1.0,FIJO,,,,,,unidad_raw=PAR | seccion=EBANISTA WILMER MANO DE OBRA= | precio_unitario_raw=20000.0 | total_raw=20000.0
01/11/25 CAMA 1.60 ISIDRO,F40,0.08,FORMULA,,,,,,unidad_raw=TIRAS | seccion=EBANISTA WILMER MANO DE OBRA= | precio_unitario_raw=28000.0 | total_raw=2240.0
01/11/25 CAMA 1.60 ISIDRO,"TORNILLOS DE 2""",100.0,ESPACIADO,,,,,,unidad_raw=Unidad | seccion=EBANISTA WILMER MANO DE OBRA= | precio_unitario_raw=100.0 | total_raw=10000.0
01/11/25 CAMA 1.60 ISIDRO,ebanisteria 300.000 x 5% de m.o,1.0,FORMULA,,,,,,seccion=EBANISTA WILMER MANO DE OBRA= | total_raw=315000.0
01/11/25 CAMA 1.60 ISIDRO,gastos de Ebanisteria e 10%,1.0,FORMULA,,,,,,seccion=EBANISTA WILMER MANO DE OBRA= | total_raw=106666.0
01/11/25 CAMA 1.60 ISIDRO,CORREDERAS 35 NORMAL,1.0,FIJO,,,,,,unidad_raw=PAR | seccion=EBANISTA WILMER MANO DE OBRA= | precio_unitario_raw=12000.0 | total_raw=12000.0
01/11/25 CAMA 1.60 ISIDRO,"MDF DE 2,7",0.46,AREA,,,,,,unidad_raw=1 PEDAZO DE 1.00X46=46 | seccion=EBANISTA WILMER MANO DE OBRA= | precio_unitario_raw=65000.0 | total_raw=29900.0
01/11/25 CAMA 1.60 ISIDRO,LAM MDF 5,0.97,AREA,,,,,,unidad_raw=1 PEDASO DE 2.44X40=97.6 | seccion=EBANISTA WILMER MANO DE OBRA= | precio_unitario_raw=130000.0 | total_raw=126100.0
01/11/25 CAMA 1.60 ISIDRO,LAM MDF 9,1.0,FORMULA,,,,,,"unidad_raw=1 PEDASO DE 1,50X40=60 | seccion=EBANISTA WILMER MANO DE OBRA= | precio_unitario_raw=140.0 | total_raw=21875.0"
01/11/25 CAMA 1.60 ISIDRO,COLBON,1.0,FORMULA,,,,,,unidad_raw=litros | seccion=EBANISTA WILMER MANO DE OBRA= | precio_unitario_raw=14000.0 | total_raw=0.0
01/11/25 CAMA 1.60 ISIDRO,GRAPAS,5.0,ESPACIADO,,,,,,unidad_raw=Unidad | seccion=EBANISTA WILMER MANO DE OBRA= | precio_unitario_raw=600.0 | total_raw=3000.0
01/11/25 CAMA 1.60 ISIDRO,CLAVILLOS N F 40,3.0,ESPACIADO,,,,,,unidad_raw=TIRA | seccion=EBANISTA WILMER MANO DE OBRA= | precio_unitario_raw=1000.0 | total_raw=3000.0
01/11/25 CAMA 1.60 ISIDRO,HECHURA,1.0,FIJO,,,,,,unidad_raw=PAR | seccion=EBANISTA WILMER MANO DE OBRA= | precio_unitario_raw=157500.0 | total_raw=0.0
01/11/25 CAMA 1.60 ISIDRO,"TORNILLOS DE 2""",12.0,ESPACIADO,,,,,,unidad_raw=Unidad | seccion=EBANISTA WILMER MANO DE OBRA= | precio_unitario_raw=100.0 | total_raw=1200.0
01/11/25 CAMA 1.60 ISIDRO,gastos de Ebanisteria e 5%,1.0,FORMULA,,,,,,seccion=EBANISTA WILMER MANO DE OBRA= | total_raw=26294.75
01/11/25 CAMA 1.60 ISIDRO,SECCION PINTURA Y PREPARADA,1.0,FORMULA,,,,,DE NOCHERO,seccion=SECCION PINTURA Y PREPARADA DE NOCHERO
01/11/25 CAMA 1.60 ISIDRO,PREPARADO JOTA,1.0,FIJO,,,,,,unidad_raw=CON EL 5% | seccion=SECCION PINTURA Y PREPARADA DE NOCHERO | precio_unitario_raw=36750.0 | total_raw=36750.0
01/11/25 CAMA 1.60 ISIDRO,PINTURA ALEX,1.0,FIJO,,,,,,unidad_raw=CON EL 5% | seccion=SECCION PINTURA Y PREPARADA DE NOCHERO | precio_unitario_raw=36750.0 | total_raw=36750.0
01/11/25 CAMA 1.60 ISIDRO,SELLADOR,2.0,VOLUMEN,,,,,,unidad_raw=PISTOLADAS | seccion=SECCION PINTURA Y PREPARADA DE NOCHERO | precio_unitario_raw=18000.0 | total_raw=36000.0
01/11/25 CAMA 1.60 ISIDRO,LIJA 400,0.5,FORMULA,,,,,,unidad_raw=unidades | seccion=SECCION PINTURA Y PREPARADA DE NOCHERO | precio_unitario_raw=2000.0 | total_raw=1000.0
01/11/25 CAMA 1.60 ISIDRO,NITRO,1.0,FORMULA,,,,,,unidad_raw=galon | seccion=SECCION PINTURA Y PREPARADA DE NOCHERO | precio_unitario_raw=70000.0 | total_raw=0.0
01/11/25 CAMA 1.60 ISIDRO,VIDRIOS,1.0,FORMULA,,,,,,unidad_raw=unidad | seccion=SECCION PINTURA Y PREPARADA DE NOCHERO | precio_unitario_raw=45000.0 | total_raw=0.0
01/11/25 CAMA 1.60 ISIDRO,TALCO,1.0,FORMULA,,,,,,unidad_raw=unidad | seccion=SECCION PINTURA Y PREPARADA DE NOCHERO | precio_unitario_raw=2500.0 | total_raw=0.0
01/11/25 CAMA 1.60 ISIDRO,TINER,1.0,FORMULA,,,,,,unidad_raw=GALON | seccion=SECCION PINTURA Y PREPARADA DE NOCHERO | precio_unitario_raw=34000.0 | total_raw=0.0
01/11/25 CAMA 1.60 ISIDRO,TOPES,1.0,FORMULA,,,,,,unidad_raw=JALADORES | seccion=SECCION PINTURA Y PREPARADA DE NOCHERO | precio_unitario_raw=3000.0 | total_raw=0.0
01/11/25 CAMA 1.60 ISIDRO,COLOR BLANCO,1.0,VOLUMEN,,,,,,unidad_raw=PISTOLADA | seccion=SECCION PINTURA Y PREPARADA DE NOCHERO | precio_unitario_raw=22000.0 | total_raw=22000.0
01/11/25 CAMA 1.60 ISIDRO,COLOR ANACARADO,0.5,VOLUMEN,,,,,,unidad_raw=PISTOLADA | seccion=SECCION PINTURA Y PREPARADA DE NOCHERO | precio_unitario_raw=22000.0 | total_raw=11000.0
01/11/25 CAMA 1.60 ISIDRO,ENCINA,1.0,FORMULA,,,,,,unidad_raw=galon | seccion=SECCION PINTURA Y PREPARADA DE NOCHERO | precio_unitario_raw=160000.0 | total_raw=0.0
01/11/25 CAMA 1.60 ISIDRO,GASOLINA,1.0,FORMULA,,,,,,unidad_raw=ML | seccion=SECCION PINTURA Y PREPARADA DE NOCHERO | precio_unitario_raw=4500.0 | total_raw=0.0
01/11/25 CAMA 1.60 ISIDRO,RESANE,1.0,FORMULA,,,,,,unidad_raw=LITRO | seccion=SECCION PINTURA Y PREPARADA DE NOCHERO | precio_unitario_raw=20000.0 | total_raw=0.0
01/11/25 CAMA 1.60 ISIDRO,LACA S/M,0.5,VOLUMEN,,,,,,unidad_raw=PISTOLADA | seccion=SECCION PINTURA Y PREPARADA DE NOCHERO | precio_unitario_raw=23000.0 | total_raw=11500.0
01/11/25 CAMA 1.60 ISIDRO,Gastos de Pintura 10%,1.0,FORMULA,,,,,,seccion=SECCION PINTURA Y PREPARADA DE NOCHERO | total_raw=15500.0
01/11/25 CAMA 1.60 ISIDRO,SECCION PINTURA Y PREPARADA,1.0,FORMULA,,,,,PATAS,seccion=SECCION PINTURA Y PREPARADA PATAS
01/11/25 CAMA 1.60 ISIDRO,PREPARADO JOTA,0.0,FORMULA,,,,,,unidad_raw=CON EL 5% | seccion=SECCION PINTURA Y PREPARADA PATAS | precio_unitario_raw=63000.0 | total_raw=0.0
01/11/25 CAMA 1.60 ISIDRO,PINTURA ALEX,0.0,FORMULA,,,,,,unidad_raw=CON EL 5% | seccion=SECCION PINTURA Y PREPARADA PATAS | precio_unitario_raw=26250.0 | total_raw=0.0
01/11/25 CAMA 1.60 ISIDRO,PINTURA DE PATAS ALEX,8.0,FORMULA,,,,,,seccion=SECCION PINTURA Y PREPARADA PATAS | precio_unitario_raw=2100.0 | total_raw=16800.0
01/11/25 CAMA 1.60 ISIDRO,SELLADOR,0.5,VOLUMEN,,,,,,unidad_raw=PISTOLADAS | seccion=SECCION PINTURA Y PREPARADA PATAS | precio_unitario_raw=18000.0 | total_raw=9000.0
01/11/25 CAMA 1.60 ISIDRO,LIJA 400,0.4,FORMULA,,,,,,unidad_raw=unidades | seccion=SECCION PINTURA Y PREPARADA PATAS | precio_unitario_raw=2000.0 | total_raw=800.0
01/11/25 CAMA 1.60 ISIDRO,NITRO,1.0,FORMULA,,,,,,unidad_raw=galon | seccion=SECCION PINTURA Y PREPARADA PATAS | total_raw=0.0
01/11/25 CAMA 1.60 ISIDRO,lija 220,1.0,FORMULA,,,,,,unidad_raw=unidad | seccion=SECCION PINTURA Y PREPARADA PATAS | precio_unitario_raw=2000.0 | total_raw=0.0
01/11/25 CAMA 1.60 ISIDRO,lija 120,1.0,FORMULA,,,,,,unidad_raw=unidad | seccion=SECCION PINTURA Y PREPARADA PATAS | precio_unitario_raw=2000.0 | total_raw=0.0
01/11/25 CAMA 1.60 ISIDRO,LACA SEMIMATE,0.2,VOLUMEN,,,,,,unidad_raw=GALON | seccion=SECCION PINTURA Y PREPARADA PATAS | precio_unitario_raw=23000.0 | total_raw=4600.0
01/11/25 CAMA 1.60 ISIDRO,kerosen,1.0,FORMULA,,,,,,unidad_raw=litro | seccion=SECCION PINTURA Y PREPARADA PATAS | precio_unitario_raw=18000.0 | total_raw=0.0
01/11/25 CAMA 1.60 ISIDRO,COLOR,0.2,VOLUMEN,,,,,,unidad_raw=PISTOLADA | seccion=SECCION PINTURA Y PREPARADA PATAS | precio_unitario_raw=20000.0 | total_raw=4000.0
01/11/25 CAMA 1.60 ISIDRO,TINTE MIEL,1.0,FORMULA,,,,,,unidad_raw=galon | seccion=SECCION PINTURA Y PREPARADA PATAS | total_raw=0.0
01/11/25 CAMA 1.60 ISIDRO,GASOLINA,1.0,FORMULA,,,,,,unidad_raw=LITRO | seccion=SECCION PINTURA Y PREPARADA PATAS | precio_unitario_raw=4.5 | total_raw=0.0
01/11/25 CAMA 1.60 ISIDRO,RESANE,1.0,FORMULA,,,,,,unidad_raw=LITRO | seccion=SECCION PINTURA Y PREPARADA PATAS | precio_unitario_raw=23000.0 | total_raw=0.0
01/11/25 CAMA 1.60 ISIDRO,LACA BRILLANTE,1.0,FORMULA,,,,,,unidad_raw=PISTOLADA | seccion=SECCION PINTURA Y PREPARADA PATAS | precio_unitario_raw=23000.0 | total_raw=0.0
01/11/25 CAMA 1.60 ISIDRO,Gastos de Pintura 10%,1.0,FORMULA,,,,,,seccion=SECCION PINTURA Y PREPARADA PATAS | total_raw=32095.1
01/11/25 CAMA 1.60 ISIDRO,TOMAS NEGROS,1.0,FORMULA,,,,,,unidad_raw=UNIDAD | seccion=SECCION TERMINACION | precio_unitario_raw=10500.0 | total_raw=0.0
01/11/25 CAMA 1.60 ISIDRO,REGLETA ANCHA,1.0,FORMULA,,,,,,unidad_raw=UNIDAD | seccion=SECCION TERMINACION | precio_unitario_raw=20000.0 | total_raw=0.0
01/11/25 CAMA 1.60 ISIDRO,REGLETA DELGADA,1.0,FORMULA,,,,,,unidad_raw=UNIDAD | seccion=SECCION TERMINACION | precio_unitario_raw=20000.0 | total_raw=0.0
01/11/25 CAMA 1.60 ISIDRO,LAMPARAS DE LUZ,1.0,FORMULA,,,,,,unidad_raw=UNIDADES | seccion=SECCION TERMINACION | precio_unitario_raw=100000.0 | total_raw=0.0
01/11/25 CAMA 1.60 ISIDRO,CABLE DE 12,1.0,FORMULA,,,,,,unidad_raw=METROS | seccion=SECCION TERMINACION | precio_unitario_raw=3000.0 | total_raw=0.0
01/11/25 CAMA 1.60 ISIDRO,APAGADORES,1.0,FORMULA,,,,,,unidad_raw=PAR | seccion=SECCION TERMINACION | precio_unitario_raw=1500.0 | total_raw=0.0
01/11/25 CAMA 1.60 ISIDRO,ENCHUFLES BLANCO MACHO,1.0,FORMULA,,,,,,unidad_raw=UNIDADES | seccion=SECCION TERMINACION | precio_unitario_raw=2000.0 | total_raw=0.0
01/11/25 CAMA 1.60 ISIDRO,HERRAJES DE CAMA,1.0,FORMULA,,,,,,unidad_raw=PAR | seccion=SECCION TERMINACION | precio_unitario_raw=160000.0 | total_raw=0.0
01/11/25 CAMA 1.60 ISIDRO,JALADORES,1.0,FIJO,,,,,,unidad_raw=UNIDAD | seccion=SECCION TERMINACION | precio_unitario_raw=26800.0 | total_raw=0.0
01/11/25 CAMA 1.60 ISIDRO,MULTIUSOS,1.0,FORMULA,,,,,,unidad_raw=UNIDADES | seccion=SECCION TERMINACION | precio_unitario_raw=3000.0 | total_raw=0.0
01/11/25 CAMA 1.60 ISIDRO,CORREDERAS,1.0,FIJO,,,,,,unidad_raw=unidades | seccion=SECCION TERMINACION | precio_unitario_raw=8000.0 | total_raw=0.0
01/11/25 CAMA 1.60 ISIDRO,EMBALADA,1.0,FORMULA,,,,,,unidad_raw=unidades | seccion=SECCION TERMINACION | precio_unitario_raw=150000.0 | total_raw=0.0
01/11/25 CAMA 1.60 ISIDRO,SECCION TENDIDO,1.0,FORMULA,,,,,,seccion=SECCION TERMINACION | total_raw=0.0
01/11/25 CAMA 1.60 ISIDRO,MADERA 60X1X4,0.0,FORMULA,,,,,,unidad_raw=APAMATE | seccion=SECCION TERMINACION | precio_unitario_raw=140000.0 | total_raw=0.0
01/11/25 CAMA 1.60 ISIDRO,HECHURA,0.0,FORMULA,,,,,,unidad_raw=UNIDAD | seccion=FABRICACION TENDIDO | precio_unitario_raw=60000.0 | total_raw=0.0
01/11/25 CAMA 1.60 ISIDRO,SECCION TAPICERIA,1.0,FORMULA,,,,,,unidad_raw=MANO DE OBRA= | seccion=SECCION TAPICERIA MANO DE OBRA=
01/11/25 CAMA 1.60 ISIDRO,TELA DYLAN SAND,13.0,AREA,,,,,,unidad_raw=METROS | seccion=SECCION TAPICERIA MANO DE OBRA= | precio_unitario_raw=25650.0 | total_raw=333450.0
01/11/25 CAMA 1.60 ISIDRO,COLA DE RATA,0.0,LINEAL,,,,,,unidad_raw=METROS | seccion=SECCION TAPICERIA MANO DE OBRA= | precio_unitario_raw=1570.0 | total_raw=7222.0
01/11/25 CAMA 1.60 ISIDRO,ESPUMA 1/2 ROSADA,1.0,AREA,,,,,,unidad_raw=LAMINA | seccion=SECCION TAPICERIA MANO DE OBRA= | precio_unitario_raw=6630.0 | total_raw=6630.0
01/11/25 CAMA 1.60 ISIDRO,GRAPAS,1.0,ESPACIADO,,,,,,unidad_raw=CAJA DE GRAPAS | seccion=SECCION TAPICERIA MANO DE OBRA= | precio_unitario_raw=12000.0 | total_raw=12000.0
01/11/25 CAMA 1.60 ISIDRO,ESPUMA AZUL DE 2 PULGADAS,1.3,AREA,,,,,,unidad_raw=LAMINA | seccion=SECCION TAPICERIA MANO DE OBRA= | precio_unitario_raw=41340.0 | total_raw=53742.0
01/11/25 CAMA 1.60 ISIDRO,TORNILLOS DE 1 1/2,0.0,ESPACIADO,,,,,,unidad_raw=UNIDADES | seccion=SECCION TAPICERIA MANO DE OBRA= | precio_unitario_raw=100.0 | total_raw=0.0
01/11/25 CAMA 1.60 ISIDRO,ESPUMA DE 1 1/2'' ROSADA,3.0,AREA,,,,,,unidad_raw=UNIDADES | seccion=SECCION TAPICERIA MANO DE OBRA= | precio_unitario_raw=26000.0 | total_raw=78000.0
01/11/25 CAMA 1.60 ISIDRO,ESPUMA 1 BLANCA,1.0,AREA,,,,,,unidad_raw=LAMINA | seccion=SECCION TAPICERIA MANO DE OBRA= | precio_unitario_raw=9804.0 | total_raw=9804.0
01/11/25 CAMA 1.60 ISIDRO,ESPUMA 1 1/2'' AZUL,0.0,AREA,,,,,,unidad_raw=MTS | seccion=SECCION TAPICERIA MANO DE OBRA= | precio_unitario_raw=1000.0 | total_raw=0.0
01/11/25 CAMA 1.60 ISIDRO,COSTAL,0.0,AREA,,,,,,unidad_raw=METROS | seccion=SECCION TAPICERIA MANO DE OBRA= | precio_unitario_raw=2240.0 | total_raw=0.0
01/11/25 CAMA 1.60 ISIDRO,HILO,0.5,FORMULA,,,,,,unidad_raw=UNIDAD | seccion=SECCION TAPICERIA MANO DE OBRA= | precio_unitario_raw=25000.0 | total_raw=12500.0
01/11/25 CAMA 1.60 ISIDRO,PEGANTE DE PISTOLA,1.0,VOLUMEN,,,,,,unidad_raw=PISTOLADA | seccion=SECCION TAPICERIA MANO DE OBRA= | precio_unitario_raw=43000.0 | total_raw=43000.0
01/11/25 CAMA 1.60 ISIDRO,SUPER,0.2,VOLUMEN,,,,,,unidad_raw=LITRO | seccion=SECCION TAPICERIA MANO DE OBRA= | precio_unitario_raw=19000.0 | total_raw=3800.0
01/11/25 CAMA 1.60 ISIDRO,CARTON,1.0,FIJO,,,,,,unidad_raw=UNIDADES | seccion=SECCION TAPICERIA MANO DE OBRA= | precio_unitario_raw=5000.0 | total_raw=5000.0
01/11/25 CAMA 1.60 ISIDRO,HECHURA,1.0,FIJO,,,,,,seccion=SECCION TAPICERIA MANO DE OBRA= | precio_unitario_raw=200000.0 | total_raw=200000.0
01/11/25 CAMA 1.60 ISIDRO,BOTONES,95.0,FORMULA,,,,,,unidad_raw=UNIDADES | seccion=SECCION TAPICERIA MANO DE OBRA= | precio_unitario_raw=0.0 | total_raw=0.0
01/11/25 CAMA 1.60 ISIDRO,MADERA (2),902.0,FORMULA,,,,,,unidad_raw=APAMATE | seccion=EBANISTA WILMER MANO DE OBRA= | precio_unitario_raw=140.0 | total_raw=126280.0
01/11/25 CAMA 1.60 ISIDRO,MDF DE 3,0.19,AREA,,,,,,unidad_raw=1 PEDAZO 1.90X1=19 | seccion=EBANISTA WILMER MANO DE OBRA= | precio_unitario_raw=65000.0 | total_raw=12350.0
01/11/25 CAMA 1.60 ISIDRO,LAMINA DE 9,0.12,AREA,,,,,,unidad_raw=1 PEDAZO 1.50X80=120 | seccion=EBANISTA WILMER MANO DE OBRA= | precio_unitario_raw=140000.0 | total_raw=16800.0
01/11/25 CAMA 1.60 ISIDRO,LAMINA DE 5.5,0.0,AREA,,,,,,unidad_raw=1 PEDAZO 166X40=66.4 | seccion=EBANISTA WILMER MANO DE OBRA= | precio_unitario_raw=130000.0 | total_raw=0.0
01/11/25 CAMA 1.60 ISIDRO,COLBON,0.5,VOLUMEN,,,,,,unidad_raw=LITRO | seccion=EBANISTA WILMER MANO DE OBRA= | precio_unitario_raw=14000.0 | total_raw=7000.0
01/11/25 CAMA 1.60 ISIDRO,GRAPAS,0.1,ESPACIADO,,,,,,unidad_raw=CAJA | seccion=EBANISTA WILMER MANO DE OBRA= | precio_unitario_raw=12000.0 | total_raw=1200.0
01/11/25 CAMA 1.60 ISIDRO,GANCHOS,1.0,FIJO,,,,,,unidad_raw=PAR | seccion=EBANISTA WILMER MANO DE OBRA= | precio_unitario_raw=20000.0 | total_raw=20000.0
01/11/25 CAMA 1.60 ISIDRO,F40,3.0,FORMULA,,,,,,unidad_raw=TIRAS | seccion=EBANISTA WILMER MANO DE OBRA= | precio_unitario_raw=1000.0 | total_raw=3000.0
01/11/25 CAMA 1.60 ISIDRO,"TORNILLOS DE 2""",200.0,ESPACIADO,,,,,,unidad_raw=Unidad | seccion=EBANISTA WILMER MANO DE OBRA= | precio_unitario_raw=100.0 | total_raw=20000.0
01/11/25 CAMA 1.60 ISIDRO,ebanisteria 300.000 x 5% de m.o,1.0,FORMULA,,,,,,seccion=EBANISTA WILMER MANO DE OBRA= | total_raw=315000.0
01/11/25 CAMA 1.60 ISIDRO,gastos de Ebanisteria e 10%,1.0,FORMULA,,,,,,seccion=EBANISTA WILMER MANO DE OBRA= | total_raw=106666.0
01/11/25 CAMA 1.60 ISIDRO,CORREDERAS 35 NORMAL,1.0,FIJO,,,,,,unidad_raw=PAR | seccion=EBANISTA WILMER MANO DE OBRA= | precio_unitario_raw=12000.0 | total_raw=12000.0
01/11/25 CAMA 1.60 ISIDRO,"MDF DE 2,7",0.46,AREA,,,,,,unidad_raw=1 PEDAZO DE 1.00X46=46 | seccion=EBANISTA WILMER MANO DE OBRA= | precio_unitario_raw=65000.0 | total_raw=29900.0
01/11/25 CAMA 1.60 ISIDRO,LAM MDF 5,0.6,AREA,,,,,,unidad_raw=1 PEDASO DE 1.50X40=60 | seccion=EBANISTA WILMER MANO DE OBRA= | precio_unitario_raw=130000.0 | total_raw=78000.0
01/11/25 CAMA 1.60 ISIDRO,LAM MDF 9,1.0,FORMULA,,,,,,"unidad_raw=1 PEDASO DE 1,50X40=60 | seccion=EBANISTA WILMER MANO DE OBRA= | precio_unitario_raw=140.0 | total_raw=21875.0"
01/11/25 CAMA 1.60 ISIDRO,COLBON,1.0,FORMULA,,,,,,unidad_raw=litros | seccion=EBANISTA WILMER MANO DE OBRA= | precio_unitario_raw=14000.0 | total_raw=0.0
01/11/25 CAMA 1.60 ISIDRO,GRAPAS,5.0,ESPACIADO,,,,,,unidad_raw=Unidad | seccion=EBANISTA WILMER MANO DE OBRA= | precio_unitario_raw=600.0 | total_raw=3000.0
01/11/25 CAMA 1.60 ISIDRO,CLAVILLOS N F 40,3.0,ESPACIADO,,,,,,unidad_raw=TIRA | seccion=EBANISTA WILMER MANO DE OBRA= | precio_unitario_raw=1000.0 | total_raw=3000.0
01/11/25 CAMA 1.60 ISIDRO,HECHURA,1.0,FIJO,,,,,,unidad_raw=PAR | seccion=EBANISTA WILMER MANO DE OBRA= | precio_unitario_raw=157500.0 | total_raw=0.0
01/11/25 CAMA 1.60 ISIDRO,"TORNILLOS DE 2""",12.0,ESPACIADO,,,,,,unidad_raw=Unidad | seccion=EBANISTA WILMER MANO DE OBRA= | precio_unitario_raw=100.0 | total_raw=1200.0
01/11/25 CAMA 1.60 ISIDRO,gastos de Ebanisteria e 5%,1.0,FORMULA,,,,,,seccion=EBANISTA WILMER MANO DE OBRA= | total_raw=26294.75
01/11/25 CAMA 1.60 ISIDRO,SECCION PINTURA Y PREPARADA,1.0,FORMULA,,,,,DE NOCHERO,seccion=SECCION PINTURA Y PREPARADA DE NOCHERO
01/11/25 CAMA 1.60 ISIDRO,PREPARADO JOTA,1.0,FIJO,,,,,,unidad_raw=CON EL 5% | seccion=SECCION PINTURA Y PREPARADA DE NOCHERO | precio_unitario_raw=36750.0 | total_raw=36750.0
01/11/25 CAMA 1.60 ISIDRO,PINTURA ALEX,1.0,FIJO,,,,,,unidad_raw=CON EL 5% | seccion=SECCION PINTURA Y PREPARADA DE NOCHERO | precio_unitario_raw=36750.0 | total_raw=36750.0
01/11/25 CAMA 1.60 ISIDRO,SELLADOR,2.0,VOLUMEN,,,,,,unidad_raw=PISTOLADAS | seccion=SECCION PINTURA Y PREPARADA DE NOCHERO | precio_unitario_raw=18000.0 | total_raw=36000.0
01/11/25 CAMA 1.60 ISIDRO,LIJA 400,0.5,FORMULA,,,,,,unidad_raw=unidades | seccion=SECCION PINTURA Y PREPARADA DE NOCHERO | precio_unitario_raw=2000.0 | total_raw=1000.0
01/11/25 CAMA 1.60 ISIDRO,NITRO,1.0,FORMULA,,,,,,unidad_raw=galon | seccion=SECCION PINTURA Y PREPARADA DE NOCHERO | precio_unitario_raw=70000.0 | total_raw=0.0
01/11/25 CAMA 1.60 ISIDRO,VIDRIOS,1.0,FORMULA,,,,,,unidad_raw=unidad | seccion=SECCION PINTURA Y PREPARADA DE NOCHERO | precio_unitario_raw=45000.0 | total_raw=0.0
01/11/25 CAMA 1.60 ISIDRO,TALCO,1.0,FORMULA,,,,,,unidad_raw=unidad | seccion=SECCION PINTURA Y PREPARADA DE NOCHERO | precio_unitario_raw=2500.0 | total_raw=0.0
01/11/25 CAMA 1.60 ISIDRO,TINER,1.0,FORMULA,,,,,,unidad_raw=GALON | seccion=SECCION PINTURA Y PREPARADA DE NOCHERO | precio_unitario_raw=34000.0 | total_raw=0.0
01/11/25 CAMA 1.60 ISIDRO,TOPES,1.0,FORMULA,,,,,,unidad_raw=JALADORES | seccion=SECCION PINTURA Y PREPARADA DE NOCHERO | precio_unitario_raw=3000.0 | total_raw=0.0
01/11/25 CAMA 1.60 ISIDRO,COLOR FERRO FORTE GRIS,0.5,VOLUMEN,,,,,,unidad_raw=PISTOLADA | seccion=SECCION PINTURA Y PREPARADA DE NOCHERO | precio_unitario_raw=22000.0 | total_raw=11000.0
01/11/25 CAMA 1.60 ISIDRO,COLOR FERRO FORTE STONE,0.5,VOLUMEN,,,,,,unidad_raw=PISTOLADA | seccion=SECCION PINTURA Y PREPARADA DE NOCHERO | precio_unitario_raw=22000.0 | total_raw=11000.0
01/11/25 CAMA 1.60 ISIDRO,ENCINA,1.0,FORMULA,,,,,,unidad_raw=galon | seccion=SECCION PINTURA Y PREPARADA DE NOCHERO | precio_unitario_raw=160000.0 | total_raw=0.0
01/11/25 CAMA 1.60 ISIDRO,GASOLINA,1.0,FORMULA,,,,,,unidad_raw=ML | seccion=SECCION PINTURA Y PREPARADA DE NOCHERO | precio_unitario_raw=4500.0 | total_raw=0.0
01/11/25 CAMA 1.60 ISIDRO,RESANE,1.0,FORMULA,,,,,,unidad_raw=LITRO | seccion=SECCION PINTURA Y PREPARADA DE NOCHERO | precio_unitario_raw=20000.0 | total_raw=0.0
01/11/25 CAMA 1.60 ISIDRO,LACA S/M,0.5,VOLUMEN,,,,,,unidad_raw=PISTOLADA | seccion=SECCION PINTURA Y PREPARADA DE NOCHERO | precio_unitario_raw=23000.0 | total_raw=11500.0
01/11/25 CAMA 1.60 ISIDRO,Gastos de Pintura 10%,1.0,FORMULA,,,,,,seccion=SECCION PINTURA Y PREPARADA DE NOCHERO | total_raw=14400.0
01/11/25 CAMA 1.60 ISIDRO,SECCION PINTURA Y PREPARADA,1.0,FORMULA,,,,,PATAS,seccion=SECCION PINTURA Y PREPARADA PATAS
01/11/25 CAMA 1.60 ISIDRO,PREPARADO JOTA,0.0,FORMULA,,,,,,unidad_raw=CON EL 5% | seccion=SECCION PINTURA Y PREPARADA PATAS | precio_unitario_raw=63000.0 | total_raw=0.0
01/11/25 CAMA 1.60 ISIDRO,PINTURA ALEX,0.0,FORMULA,,,,,,unidad_raw=CON EL 5% | seccion=SECCION PINTURA Y PREPARADA PATAS | precio_unitario_raw=26250.0 | total_raw=0.0
01/11/25 CAMA 1.60 ISIDRO,PINTURA DE PATAS ALEX,2.0,FORMULA,,,,,,seccion=SECCION PINTURA Y PREPARADA PATAS | precio_unitario_raw=2100.0 | total_raw=4200.0
01/11/25 CAMA 1.60 ISIDRO,SELLADOR,0.05,VOLUMEN,,,,,,unidad_raw=PISTOLADAS | seccion=SECCION PINTURA Y PREPARADA PATAS | precio_unitario_raw=18000.0 | total_raw=900.0
01/11/25 CAMA 1.60 ISIDRO,LIJA 400,1.0,FORMULA,,,,,,unidad_raw=unidades | seccion=SECCION PINTURA Y PREPARADA PATAS | precio_unitario_raw=2000.0 | total_raw=0.0
01/11/25 CAMA 1.60 ISIDRO,NITRO,1.0,FORMULA,,,,,,unidad_raw=galon | seccion=SECCION PINTURA Y PREPARADA PATAS | total_raw=0.0
01/11/25 CAMA 1.60 ISIDRO,lija 220,1.0,FORMULA,,,,,,unidad_raw=unidad | seccion=SECCION PINTURA Y PREPARADA PATAS | precio_unitario_raw=2000.0 | total_raw=0.0
01/11/25 CAMA 1.60 ISIDRO,lija 120,1.0,FORMULA,,,,,,unidad_raw=unidad | seccion=SECCION PINTURA Y PREPARADA PATAS | precio_unitario_raw=2000.0 | total_raw=0.0
01/11/25 CAMA 1.60 ISIDRO,LACA SEMIMATE,0.05,VOLUMEN,,,,,,unidad_raw=GALON | seccion=SECCION PINTURA Y PREPARADA PATAS | precio_unitario_raw=23000.0 | total_raw=1150.0
01/11/25 CAMA 1.60 ISIDRO,kerosen,1.0,FORMULA,,,,,,unidad_raw=litro | seccion=SECCION PINTURA Y PREPARADA PATAS | precio_unitario_raw=18000.0 | total_raw=0.0
01/11/25 CAMA 1.60 ISIDRO,COLOR,0.05,VOLUMEN,,,,,,unidad_raw=PISTOLADA | seccion=SECCION PINTURA Y PREPARADA PATAS | precio_unitario_raw=20000.0 | total_raw=1000.0
01/11/25 CAMA 1.60 ISIDRO,TINTE MIEL,1.0,FORMULA,,,,,,unidad_raw=galon | seccion=SECCION PINTURA Y PREPARADA PATAS | total_raw=0.0
01/11/25 CAMA 1.60 ISIDRO,GASOLINA,1.0,FORMULA,,,,,,unidad_raw=LITRO | seccion=SECCION PINTURA Y PREPARADA PATAS | precio_unitario_raw=4.5 | total_raw=0.0
01/11/25 CAMA 1.60 ISIDRO,RESANE,1.0,FORMULA,,,,,,unidad_raw=LITRO | seccion=SECCION PINTURA Y PREPARADA PATAS | precio_unitario_raw=23000.0 | total_raw=0.0
01/11/25 CAMA 1.60 ISIDRO,LACA BRILLANTE,1.0,FORMULA,,,,,,unidad_raw=PISTOLADA | seccion=SECCION PINTURA Y PREPARADA PATAS | precio_unitario_raw=23000.0 | total_raw=0.0
01/11/25 CAMA 1.60 ISIDRO,Gastos de Pintura 10%,1.0,FORMULA,,,,,,seccion=SECCION PINTURA Y PREPARADA PATAS | total_raw=32095.1
01/11/25 CAMA 1.60 ISIDRO,TOMAS NEGROS,1.0,FORMULA,,,,,,unidad_raw=UNIDAD | seccion=SECCION TERMINACION | precio_unitario_raw=10500.0 | total_raw=0.0
01/11/25 CAMA 1.60 ISIDRO,REGLETA ANCHA,1.0,FORMULA,,,,,,unidad_raw=UNIDAD | seccion=SECCION TERMINACION | precio_unitario_raw=20000.0 | total_raw=0.0
01/11/25 CAMA 1.60 ISIDRO,REGLETA DELGADA,1.0,FORMULA,,,,,,unidad_raw=UNIDAD | seccion=SECCION TERMINACION | precio_unitario_raw=20000.0 | total_raw=0.0
01/11/25 CAMA 1.60 ISIDRO,LAMPARAS DE LUZ,1.0,FORMULA,,,,,,unidad_raw=UNIDADES | seccion=SECCION TERMINACION | precio_unitario_raw=100000.0 | total_raw=0.0
01/11/25 CAMA 1.60 ISIDRO,CABLE DE 12,1.0,FORMULA,,,,,,unidad_raw=METROS | seccion=SECCION TERMINACION | precio_unitario_raw=3000.0 | total_raw=0.0
01/11/25 CAMA 1.60 ISIDRO,APAGADORES,1.0,FORMULA,,,,,,unidad_raw=PAR | seccion=SECCION TERMINACION | precio_unitario_raw=1500.0 | total_raw=0.0
01/11/25 CAMA 1.60 ISIDRO,ENCHUFLES BLANCO MACHO,1.0,FORMULA,,,,,,unidad_raw=UNIDADES | seccion=SECCION TERMINACION | precio_unitario_raw=2000.0 | total_raw=0.0
01/11/25 CAMA 1.60 ISIDRO,HERRAJES DE CAMA,1.0,FORMULA,,,,,,unidad_raw=PAR | seccion=SECCION TERMINACION | precio_unitario_raw=160000.0 | total_raw=0.0
01/11/25 CAMA 1.60 ISIDRO,JALADORES,1.0,FIJO,,,,,,unidad_raw=UNIDAD | seccion=SECCION TERMINACION | precio_unitario_raw=26800.0 | total_raw=0.0
01/11/25 CAMA 1.60 ISIDRO,MULTIUSOS,1.0,FORMULA,,,,,,unidad_raw=UNIDADES | seccion=SECCION TERMINACION | precio_unitario_raw=3000.0 | total_raw=0.0
01/11/25 CAMA 1.60 ISIDRO,CORREDERAS,1.0,FIJO,,,,,,unidad_raw=unidades | seccion=SECCION TERMINACION | precio_unitario_raw=8000.0 | total_raw=0.0
01/11/25 CAMA 1.60 ISIDRO,EMBALADA,1.0,FORMULA,,,,,,unidad_raw=unidades | seccion=SECCION TERMINACION | precio_unitario_raw=150000.0 | total_raw=0.0
01/11/25 CAMA 1.60 ISIDRO,SECCION TENDIDO,1.0,FORMULA,,,,,,seccion=SECCION TERMINACION | total_raw=0.0
01/11/25 CAMA 1.60 ISIDRO,MADERA 60X1X4,0.0,FORMULA,,,,,,unidad_raw=APAMATE | seccion=SECCION TERMINACION | precio_unitario_raw=140000.0 | total_raw=0.0
01/11/25 CAMA 1.60 ISIDRO,HECHURA,0.0,FORMULA,,,,,,unidad_raw=UNIDAD | seccion=FABRICACION TENDIDO | precio_unitario_raw=60000.0 | total_raw=0.0
01/11/25 CAMA 1.60 ISIDRO,SECCION TAPICERIA,1.0,FORMULA,,,,,,unidad_raw=MANO DE OBRA= | seccion=SECCION TAPICERIA MANO DE OBRA=
01/11/25 CAMA 1.60 ISIDRO,TELA FERRO FORTE STONE,7.5,AREA,,,,,,unidad_raw=METROS | seccion=SECCION TAPICERIA MANO DE OBRA= | precio_unitario_raw=25000.0 | total_raw=187500.0
01/11/25 CAMA 1.60 ISIDRO,TELA FERRO FORTE GRIS,2.0,AREA,,,,,,unidad_raw=METROS | seccion=SECCION TAPICERIA MANO DE OBRA= | precio_unitario_raw=25000.0 | total_raw=7222.0
01/11/25 CAMA 1.60 ISIDRO,ESPUMA 1/2 ROSADA,0.5,AREA,,,,,,unidad_raw=LAMINA | seccion=SECCION TAPICERIA MANO DE OBRA= | precio_unitario_raw=6630.0 | total_raw=3315.0
01/11/25 CAMA 1.60 ISIDRO,GRAPAS,0.5,ESPACIADO,,,,,,unidad_raw=CAJA DE GRAPAS | seccion=SECCION TAPICERIA MANO DE OBRA= | precio_unitario_raw=12000.0 | total_raw=6000.0
01/11/25 CAMA 1.60 ISIDRO,PATAS L PLATEADAS,5.0,FORMULA,,,,,,unidad_raw=UNIDADES | seccion=SECCION TAPICERIA MANO DE OBRA= | precio_unitario_raw=8000.0 | total_raw=40000.0
01/11/25 CAMA 1.60 ISIDRO,TORNILLOS 1,2.0,ESPACIADO,,,,,,unidad_raw=UNIDADES | seccion=SECCION TAPICERIA MANO DE OBRA= | precio_unitario_raw=100.0 | total_raw=200.0
01/11/25 CAMA 1.60 ISIDRO,ESPUMA DE 1 1/2'' ROSADA,2.0,AREA,,,,,,unidad_raw=UNIDADES | seccion=SECCION TAPICERIA MANO DE OBRA= | precio_unitario_raw=26000.0 | total_raw=52000.0
01/11/25 CAMA 1.60 ISIDRO,ESPUMA 1 BLANCA,0.0,AREA,,,,,,unidad_raw=LAMINA | seccion=SECCION TAPICERIA MANO DE OBRA= | precio_unitario_raw=9804.0 | total_raw=0.0
01/11/25 CAMA 1.60 ISIDRO,ESPUMA 1 1/2'' AZUL,0.0,AREA,,,,,,unidad_raw=MTS | seccion=SECCION TAPICERIA MANO DE OBRA= | precio_unitario_raw=1000.0 | total_raw=0.0
01/11/25 CAMA 1.60 ISIDRO,COSTAL,2.0,AREA,,,,,,unidad_raw=METROS | seccion=SECCION TAPICERIA MANO DE OBRA= | precio_unitario_raw=2240.0 | total_raw=4480.0
01/11/25 CAMA 1.60 ISIDRO,HILO,0.5,FORMULA,,,,,,unidad_raw=UNIDAD | seccion=SECCION TAPICERIA MANO DE OBRA= | precio_unitario_raw=25000.0 | total_raw=12500.0
01/11/25 CAMA 1.60 ISIDRO,PEGANTE DE PISTOLA,0.0,VOLUMEN,,,,,,unidad_raw=PISTOLADA | seccion=SECCION TAPICERIA MANO DE OBRA= | precio_unitario_raw=43000.0 | total_raw=0.0
01/11/25 CAMA 1.60 ISIDRO,SUPER,0.2,VOLUMEN,,,,,,unidad_raw=LITRO | seccion=SECCION TAPICERIA MANO DE OBRA= | precio_unitario_raw=19000.0 | total_raw=3800.0
01/11/25 CAMA 1.60 ISIDRO,CARTON,3.0,FORMULA,,,,,,unidad_raw=UNIDADES | seccion=SECCION TAPICERIA MANO DE OBRA= | precio_unitario_raw=5000.0 | total_raw=15000.0
01/11/25 CAMA 1.60 ISIDRO,HECHURA,1.0,FIJO,,,,,,seccion=SECCION TAPICERIA MANO DE OBRA= | precio_unitario_raw=200000.0 | total_raw=200000.0
01/11/25 CAMA 1.60 ISIDRO,LENCILLO,0.0,LINEAL,,,,,,unidad_raw=METROS | seccion=SECCION TAPICERIA MANO DE OBRA= | precio_unitario_raw=2650.0 | total_raw=0.0
CAMA HERRAJE 1.60 CON SUS NOCHEROS,MADERA (2),656.0,FORMULA,,,,,,unidad_raw=APAMATE | seccion=EBANISTA WILMER MANO DE OBRA= | precio_unitario_raw=140.0 | total_raw=91840.0
CAMA HERRAJE 1.60 CON SUS NOCHEROS,MDF DE 15,0.3,AREA,,,,,,unidad_raw=LAMINA | seccion=EBANISTA WILMER MANO DE OBRA= | precio_unitario_raw=210000.0 | total_raw=63000.0
CAMA HERRAJE 1.60 CON SUS NOCHEROS,LAMINA DE 9,0.5,AREA,,,,,,unidad_raw=LAMINA | seccion=EBANISTA WILMER MANO DE OBRA= | precio_unitario_raw=140000.0 | total_raw=70000.0
CAMA HERRAJE 1.60 CON SUS NOCHEROS,LAMINA DE 5.5,1.0,AREA,,,,,,unidad_raw=LAMINA | seccion=EBANISTA WILMER MANO DE OBRA= | precio_unitario_raw=130000.0 | total_raw=130000.0
CAMA HERRAJE 1.60 CON SUS NOCHEROS,COLBON,0.5,VOLUMEN,,,,,,unidad_raw=LITRO | seccion=EBANISTA WILMER MANO DE OBRA= | precio_unitario_raw=14000.0 | total_raw=7000.0
CAMA HERRAJE 1.60 CON SUS NOCHEROS,GRAPAS,0.12,ESPACIADO,,,,,,unidad_raw=CAJA | seccion=EBANISTA WILMER MANO DE OBRA= | precio_unitario_raw=12000.0 | total_raw=1440.0
CAMA HERRAJE 1.60 CON SUS NOCHEROS,GANCHOS,1.0,FIJO,,,,,,unidad_raw=PAR | seccion=EBANISTA WILMER MANO DE OBRA= | precio_unitario_raw=20000.0 | total_raw=20000.0
CAMA HERRAJE 1.60 CON SUS NOCHEROS,F40,3.7,FORMULA,,,,,,unidad_raw=TIRAS | seccion=EBANISTA WILMER MANO DE OBRA= | precio_unitario_raw=1000.0 | total_raw=3700.0
CAMA HERRAJE 1.60 CON SUS NOCHEROS,"TORNILLOS DE 2""",100.0,ESPACIADO,,,,,,unidad_raw=Unidad | seccion=EBANISTA WILMER MANO DE OBRA= | precio_unitario_raw=100.0 | total_raw=10000.0
CAMA HERRAJE 1.60 CON SUS NOCHEROS,ebanisteria 300.000 x 5% de m.o,1.0,FORMULA,,,,,,seccion=EBANISTA WILMER MANO DE OBRA= | total_raw=315000.0
CAMA HERRAJE 1.60 CON SUS NOCHEROS,gastos de Ebanisteria e 10%,1.0,FORMULA,,,,,,seccion=EBANISTA WILMER MANO DE OBRA= | total_raw=106666.0
CAMA HERRAJE 1.60 CON SUS NOCHEROS,CORREDERAS 35 NORMAL,2.0,FORMULA,,,,,,unidad_raw=PAR | seccion=EBANISTA WILMER MANO DE OBRA= | precio_unitario_raw=11000.0 | total_raw=22000.0
CAMA HERRAJE 1.60 CON SUS NOCHEROS,"MDF DE 2,7",1.0,FORMULA,,,,,,unidad_raw=1 PEDAZO DE 1.00X46=46 | seccion=EBANISTA WILMER MANO DE OBRA= | precio_unitario_raw=65000.0 | total_raw=0.0
CAMA HERRAJE 1.60 CON SUS NOCHEROS,LAM MDF 5,1.0,FORMULA,,,,,,unidad_raw=1 PEDASO DE 1.50X40=60 | seccion=EBANISTA WILMER MANO DE OBRA= | precio_unitario_raw=130000.0 | total_raw=0.0
CAMA HERRAJE 1.60 CON SUS NOCHEROS,LAM MDF 9,1.0,FORMULA,,,,,,"unidad_raw=1 PEDASO DE 1,50X40=60 | seccion=EBANISTA WILMER MANO DE OBRA= | precio_unitario_raw=140.0 | total_raw=0.0"
CAMA HERRAJE 1.60 CON SUS NOCHEROS,COLBON,1.0,FORMULA,,,,,,unidad_raw=litros | seccion=EBANISTA WILMER MANO DE OBRA= | precio_unitario_raw=14000.0 | total_raw=0.0
CAMA HERRAJE 1.60 CON SUS NOCHEROS,GRAPAS,1.0,FIJO,,,,,,unidad_raw=Unidad | seccion=EBANISTA WILMER MANO DE OBRA= | precio_unitario_raw=600.0 | total_raw=0.0
CAMA HERRAJE 1.60 CON SUS NOCHEROS,CLAVILLOS N F 40,1.0,FIJO,,,,,,unidad_raw=TIRA | seccion=EBANISTA WILMER MANO DE OBRA= | precio_unitario_raw=1000.0 | total_raw=0.0
CAMA HERRAJE 1.60 CON SUS NOCHEROS,HECHURA,1.0,FIJO,,,,,,unidad_raw=PAR | seccion=EBANISTA WILMER MANO DE OBRA= | precio_unitario_raw=0.0 | total_raw=0.0
CAMA HERRAJE 1.60 CON SUS NOCHEROS,"TORNILLOS DE 2""",1.0,FIJO,,,,,,unidad_raw=Unidad | seccion=EBANISTA WILMER MANO DE OBRA= | precio_unitario_raw=100.0 | total_raw=0.0
CAMA HERRAJE 1.60 CON SUS NOCHEROS,gastos de Ebanisteria e 5%,1.0,FORMULA,,,,,,seccion=EBANISTA WILMER MANO DE OBRA= | total_raw=26294.75
CAMA HERRAJE 1.60 CON SUS NOCHEROS,SECCION PINTURA Y PREPARADA,1.0,FORMULA,,,,,DE NOCHERO,seccion=SECCION PINTURA Y PREPARADA DE NOCHERO
CAMA HERRAJE 1.60 CON SUS NOCHEROS,PREPARADO JOTA,2.0,FORMULA,,,,,,unidad_raw=CON EL 5% | seccion=SECCION PINTURA Y PREPARADA DE NOCHERO | precio_unitario_raw=36750.0 | total_raw=73500.0
CAMA HERRAJE 1.60 CON SUS NOCHEROS,PINTURA ALEX,2.0,FORMULA,,,,,,unidad_raw=CON EL 5% | seccion=SECCION PINTURA Y PREPARADA DE NOCHERO | precio_unitario_raw=36750.0 | total_raw=73500.0
CAMA HERRAJE 1.60 CON SUS NOCHEROS,SELLADOR,4.0,VOLUMEN,,,,,,unidad_raw=PISTOLADAS | seccion=SECCION PINTURA Y PREPARADA DE NOCHERO | precio_unitario_raw=18000.0 | total_raw=72000.0
CAMA HERRAJE 1.60 CON SUS NOCHEROS,LIJA 400,1.5,FORMULA,,,,,,unidad_raw=unidades | seccion=SECCION PINTURA Y PREPARADA DE NOCHERO | precio_unitario_raw=2000.0 | total_raw=3000.0
CAMA HERRAJE 1.60 CON SUS NOCHEROS,NITRO,1.0,FORMULA,,,,,,unidad_raw=galon | seccion=SECCION PINTURA Y PREPARADA DE NOCHERO | precio_unitario_raw=70000.0 | total_raw=0.0
CAMA HERRAJE 1.60 CON SUS NOCHEROS,VIDRIOS,1.0,FORMULA,,,,,,unidad_raw=unidad | seccion=SECCION PINTURA Y PREPARADA DE NOCHERO | precio_unitario_raw=45000.0 | total_raw=0.0
CAMA HERRAJE 1.60 CON SUS NOCHEROS,TALCO,1.0,FORMULA,,,,,,unidad_raw=unidad | seccion=SECCION PINTURA Y PREPARADA DE NOCHERO | precio_unitario_raw=2500.0 | total_raw=0.0
CAMA HERRAJE 1.60 CON SUS NOCHEROS,TINER,1.0,FORMULA,,,,,,unidad_raw=GALON | seccion=SECCION PINTURA Y PREPARADA DE NOCHERO | precio_unitario_raw=34000.0 | total_raw=0.0
CAMA HERRAJE 1.60 CON SUS NOCHEROS,TOPES,2.0,FORMULA,,,,,,unidad_raw=JALADORES | seccion=SECCION PINTURA Y PREPARADA DE NOCHERO | precio_unitario_raw=3000.0 | total_raw=6000.0
CAMA HERRAJE 1.60 CON SUS NOCHEROS,COLOR,1.0,FORMULA,,,,,,unidad_raw=PISTOLADA | seccion=SECCION PINTURA Y PREPARADA DE NOCHERO | precio_unitario_raw=22000.0 | total_raw=0.0
CAMA HERRAJE 1.60 CON SUS NOCHEROS,COLOR,2.0,VOLUMEN,,,,,,unidad_raw=PISTOLADA | seccion=SECCION PINTURA Y PREPARADA DE NOCHERO | precio_unitario_raw=22000.0 | total_raw=44000.0
CAMA HERRAJE 1.60 CON SUS NOCHEROS,ENCINA,1.0,FORMULA,,,,,,unidad_raw=galon | seccion=SECCION PINTURA Y PREPARADA DE NOCHERO | precio_unitario_raw=160000.0 | total_raw=0.0
CAMA HERRAJE 1.60 CON SUS NOCHEROS,GASOLINA,0.1,LINEAL,,,,,,unidad_raw=ML | seccion=SECCION PINTURA Y PREPARADA DE NOCHERO | precio_unitario_raw=4500.0 | total_raw=450.0
CAMA HERRAJE 1.60 CON SUS NOCHEROS,RESANE,1.0,FORMULA,,,,,,unidad_raw=LITRO | seccion=SECCION PINTURA Y PREPARADA DE NOCHERO | precio_unitario_raw=20000.0 | total_raw=0.0
CAMA HERRAJE 1.60 CON SUS NOCHEROS,LACA S/M,1.5,VOLUMEN,,,,,,unidad_raw=PISTOLADA | seccion=SECCION PINTURA Y PREPARADA DE NOCHERO | precio_unitario_raw=23000.0 | total_raw=34500.0
CAMA HERRAJE 1.60 CON SUS NOCHEROS,Gastos de Pintura 10%,1.0,FORMULA,,,,,,seccion=SECCION PINTURA Y PREPARADA DE NOCHERO | total_raw=30695.0
CAMA HERRAJE 1.60 CON SUS NOCHEROS,SECCION PINTURA Y PREPARADA,1.0,FORMULA,,,,,CAMA,seccion=SECCION PINTURA Y PREPARADA CAMA
CAMA HERRAJE 1.60 CON SUS NOCHEROS,PREPARADO JOTA,1.0,FIJO,,,,,,unidad_raw=CON EL 5% | seccion=SECCION PINTURA Y PREPARADA CAMA | precio_unitario_raw=84000.0 | total_raw=84000.0
CAMA HERRAJE 1.60 CON SUS NOCHEROS,PINTURA ALEX,1.0,FIJO,,,,,,unidad_raw=CON EL 5% | seccion=SECCION PINTURA Y PREPARADA CAMA | precio_unitario_raw=73500.0 | total_raw=73500.0
CAMA HERRAJE 1.60 CON SUS NOCHEROS,PINTURA DE PATAS ALEX,4.0,FORMULA,,,,,,seccion=SECCION PINTURA Y PREPARADA CAMA | precio_unitario_raw=2100.0 | total_raw=8400.0
CAMA HERRAJE 1.60 CON SUS NOCHEROS,SELLADOR,3.5,VOLUMEN,,,,,,unidad_raw=PISTOLADAS | seccion=SECCION PINTURA Y PREPARADA CAMA | precio_unitario_raw=18000.0 | total_raw=63000.0
CAMA HERRAJE 1.60 CON SUS NOCHEROS,LIJA 400,0.5,FORMULA,,,,,,unidad_raw=unidades | seccion=SECCION PINTURA Y PREPARADA CAMA | precio_unitario_raw=2000.0 | total_raw=1000.0
CAMA HERRAJE 1.60 CON SUS NOCHEROS,NITRO,1.0,FORMULA,,,,,,unidad_raw=galon | seccion=SECCION PINTURA Y PREPARADA CAMA | total_raw=0.0
CAMA HERRAJE 1.60 CON SUS NOCHEROS,lija 220,1.0,FIJO,,,,,,unidad_raw=unidad | seccion=SECCION PINTURA Y PREPARADA CAMA | precio_unitario_raw=2000.0 | total_raw=2000.0
CAMA HERRAJE 1.60 CON SUS NOCHEROS,lija 120,1.0,FIJO,,,,,,unidad_raw=unidad | seccion=SECCION PINTURA Y PREPARADA CAMA | precio_unitario_raw=2000.0 | total_raw=2000.0
CAMA HERRAJE 1.60 CON SUS NOCHEROS,LACA SEMIMATE,3.0,VOLUMEN,,,,,,unidad_raw=GALON | seccion=SECCION PINTURA Y PREPARADA CAMA | precio_unitario_raw=23000.0 | total_raw=69000.0
CAMA HERRAJE 1.60 CON SUS NOCHEROS,kerosen,1.0,FORMULA,,,,,,unidad_raw=litro | seccion=SECCION PINTURA Y PREPARADA CAMA | precio_unitario_raw=18000.0 | total_raw=0.0
CAMA HERRAJE 1.60 CON SUS NOCHEROS,COLOR,6.0,VOLUMEN,,,,,,unidad_raw=PISTOLADA | seccion=SECCION PINTURA Y PREPARADA CAMA | precio_unitario_raw=20000.0 | total_raw=120000.0
CAMA HERRAJE 1.60 CON SUS NOCHEROS,TINTE MIEL,1.0,FORMULA,,,,,,unidad_raw=galon | seccion=SECCION PINTURA Y PREPARADA CAMA | total_raw=0.0
CAMA HERRAJE 1.60 CON SUS NOCHEROS,GASOLINA,1.0,FORMULA,,,,,,unidad_raw=LITRO | seccion=SECCION PINTURA Y PREPARADA CAMA | precio_unitario_raw=4.5 | total_raw=0.0
CAMA HERRAJE 1.60 CON SUS NOCHEROS,RESANE,1.0,FORMULA,,,,,,unidad_raw=LITRO | seccion=SECCION PINTURA Y PREPARADA CAMA | precio_unitario_raw=23000.0 | total_raw=0.0
CAMA HERRAJE 1.60 CON SUS NOCHEROS,LACA BRILLANTE,1.0,FORMULA,,,,,,unidad_raw=PISTOLADA | seccion=SECCION PINTURA Y PREPARADA CAMA | precio_unitario_raw=23000.0 | total_raw=0.0
CAMA HERRAJE 1.60 CON SUS NOCHEROS,Gastos de Pintura 10%,1.0,FORMULA,,,,,,seccion=SECCION PINTURA Y PREPARADA CAMA | total_raw=32095.1
CAMA HERRAJE 1.60 CON SUS NOCHEROS,CORREDERAS 45 NORMAL,2.0,FORMULA,,,,,,unidad_raw=PARES | seccion=SECCION TERMINACION | precio_unitario_raw=25000.0 | total_raw=50000.0
CAMA HERRAJE 1.60 CON SUS NOCHEROS,PATAS GX,24.0,FORMULA,,,,,,unidad_raw=UNIDAD | seccion=SECCION TERMINACION | precio_unitario_raw=8300.0 | total_raw=199200.0
CAMA HERRAJE 1.60 CON SUS NOCHEROS,TORNILLOS 1 1/2,96.0,ESPACIADO,,,,,,unidad_raw=UNIDAD | seccion=SECCION TERMINACION | precio_unitario_raw=100.0 | total_raw=9600.0
CAMA HERRAJE 1.60 CON SUS NOCHEROS,LAMPARAS DE LUZ,1.0,FORMULA,,,,,,unidad_raw=UNIDADES | seccion=SECCION TERMINACION | precio_unitario_raw=100000.0 | total_raw=0.0
CAMA HERRAJE 1.60 CON SUS NOCHEROS,CABLE DE 12,1.0,FORMULA,,,,,,unidad_raw=METROS | seccion=SECCION TERMINACION | precio_unitario_raw=3000.0 | total_raw=0.0
CAMA HERRAJE 1.60 CON SUS NOCHEROS,APAGADORES,1.0,FORMULA,,,,,,unidad_raw=PAR | seccion=SECCION TERMINACION | precio_unitario_raw=1500.0 | total_raw=0.0
CAMA HERRAJE 1.60 CON SUS NOCHEROS,ENCHUFLES BLANCO MACHO,1.0,FORMULA,,,,,,unidad_raw=UNIDADES | seccion=SECCION TERMINACION | precio_unitario_raw=2000.0 | total_raw=0.0
CAMA HERRAJE 1.60 CON SUS NOCHEROS,HERRAJES DE CAMA,1.0,FIJO,,,,,,unidad_raw=PAR | seccion=SECCION TERMINACION | precio_unitario_raw=160000.0 | total_raw=160000.0
CAMA HERRAJE 1.60 CON SUS NOCHEROS,JALADORES,2.0,FORMULA,,,,,,unidad_raw=UNIDAD | seccion=SECCION TERMINACION | precio_unitario_raw=8000.0 | total_raw=16000.0
CAMA HERRAJE 1.60 CON SUS NOCHEROS,MULTIUSOS,1.0,FORMULA,,,,,,unidad_raw=UNIDADES | seccion=SECCION TERMINACION | precio_unitario_raw=3000.0 | total_raw=0.0
CAMA HERRAJE 1.60 CON SUS NOCHEROS,CORREDERAS,1.0,FIJO,,,,,,unidad_raw=unidades | seccion=SECCION TERMINACION | precio_unitario_raw=8000.0 | total_raw=0.0
CAMA HERRAJE 1.60 CON SUS NOCHEROS,EMBALADA,1.0,FORMULA,,,,,,unidad_raw=unidades | seccion=SECCION TERMINACION | precio_unitario_raw=150000.0 | total_raw=0.0
CAMA HERRAJE 1.60 CON SUS NOCHEROS,SECCION TENDIDO,1.0,FORMULA,,,,,,seccion=SECCION TERMINACION | total_raw=0.0
CAMA HERRAJE 1.60 CON SUS NOCHEROS,MADERA 60X1X4,0.0,FORMULA,,,,,,unidad_raw=APAMATE | seccion=SECCION TERMINACION | precio_unitario_raw=140000.0 | total_raw=0.0
CAMA HERRAJE 1.60 CON SUS NOCHEROS,HECHURA,0.0,FORMULA,,,,,,unidad_raw=UNIDAD | seccion=FABRICACION TENDIDO | precio_unitario_raw=60000.0 | total_raw=0.0
CAMA HERRAJE 1.60 CON SUS NOCHEROS,SECCION TAPICERIA,1.0,FORMULA,,,,,,unidad_raw=MANO DE OBRA= | seccion=FABRICACION TENDIDO | precio_unitario_raw=840000.0 | total_raw=84000.0
CAMA HERRAJE 1.60 CON SUS NOCHEROS,TELA ASIA GTI CREMA,5.5,AREA,,,,,,unidad_raw=METROS | seccion=FABRICACION TENDIDO | precio_unitario_raw=17550.0 | total_raw=96525.0
CAMA HERRAJE 1.60 CON SUS NOCHEROS,ESPUMA 1/2 ROSADA,0.0,AREA,,,,,,unidad_raw=LAMINA | seccion=FABRICACION TENDIDO | precio_unitario_raw=6630.0 | total_raw=0.0
CAMA HERRAJE 1.60 CON SUS NOCHEROS,GRAPAS,0.3,ESPACIADO,,,,,,unidad_raw=CAJA DE GRAPAS | seccion=FABRICACION TENDIDO | precio_unitario_raw=12000.0 | total_raw=3600.0
CAMA HERRAJE 1.60 CON SUS NOCHEROS,PATAS L PLATEADAS,0.0,FORMULA,,,,,,unidad_raw=UNIDADES | seccion=FABRICACION TENDIDO | precio_unitario_raw=8000.0 | total_raw=0.0
CAMA HERRAJE 1.60 CON SUS NOCHEROS,TORNILLOS 1,0.0,ESPACIADO,,,,,,unidad_raw=UNIDADES | seccion=FABRICACION TENDIDO | precio_unitario_raw=100.0 | total_raw=0.0
CAMA HERRAJE 1.60 CON SUS NOCHEROS,ESPUMA DE 2 AZUL,1.0,AREA,,,,,,unidad_raw=UNIDADES | seccion=FABRICACION TENDIDO | precio_unitario_raw=41340.0 | total_raw=41340.0
CAMA HERRAJE 1.60 CON SUS NOCHEROS,ESPUMA 1 BLANCA,0.5,AREA,,,,,,unidad_raw=LAMINA | seccion=FABRICACION TENDIDO | precio_unitario_raw=9804.0 | total_raw=4902.0
CAMA HERRAJE 1.60 CON SUS NOCHEROS,ESPUMA 1 1/2'' AZUL,0.0,AREA,,,,,,unidad_raw=MTS | seccion=FABRICACION TENDIDO | precio_unitario_raw=1000.0 | total_raw=0.0
CAMA HERRAJE 1.60 CON SUS NOCHEROS,COSTAL,2.0,AREA,,,,,,unidad_raw=METROS | seccion=FABRICACION TENDIDO | precio_unitario_raw=2240.0 | total_raw=4480.0
CAMA HERRAJE 1.60 CON SUS NOCHEROS,HILO,0.5,FORMULA,,,,,,unidad_raw=UNIDAD | seccion=FABRICACION TENDIDO | precio_unitario_raw=25000.0 | total_raw=12500.0
CAMA HERRAJE 1.60 CON SUS NOCHEROS,PEGANTE DE PISTOLA,0.0,VOLUMEN,,,,,,unidad_raw=PISTOLADA | seccion=FABRICACION TENDIDO | precio_unitario_raw=43000.0 | total_raw=0.0
CAMA HERRAJE 1.60 CON SUS NOCHEROS,SUPER,0.1,VOLUMEN,,,,,,unidad_raw=LITRO | seccion=FABRICACION TENDIDO | precio_unitario_raw=19000.0 | total_raw=1900.0
CAMA HERRAJE 1.60 CON SUS NOCHEROS,CARTON,0.0,FORMULA,,,,,,unidad_raw=UNIDADES | seccion=FABRICACION TENDIDO | precio_unitario_raw=5000.0 | total_raw=0.0
CAMA HERRAJE 1.60 CON SUS NOCHEROS,HECHURA,0.0,FORMULA,,,,,,seccion=FABRICACION TENDIDO | precio_unitario_raw=0.0 | total_raw=0.0
CAMA HERRAJE 1.60 CON SUS NOCHEROS,LENCILLO,0.0,LINEAL,,,,,,unidad_raw=METROS | seccion=FABRICACION TENDIDO | precio_unitario_raw=2650.0 | total_raw=0.0
CAMA MILANO 1.40 CON SUS NOCHEROS,MADERA (2),1271.0,FORMULA,,,,,,unidad_raw=APAMATE | seccion=EBANISTA WILMER MANO DE OBRA= | precio_unitario_raw=140.0 | total_raw=177940.0
CAMA MILANO 1.40 CON SUS NOCHEROS,MDF DE 2.7,1.0,AREA,,,,,,unidad_raw=LAMINA | seccion=EBANISTA WILMER MANO DE OBRA= | precio_unitario_raw=65000.0 | total_raw=65000.0
CAMA MILANO 1.40 CON SUS NOCHEROS,LAMINA DE 9,1.0,AREA,,,,,,unidad_raw=LAMINA | seccion=EBANISTA WILMER MANO DE OBRA= | precio_unitario_raw=140000.0 | total_raw=140000.0
CAMA MILANO 1.40 CON SUS NOCHEROS,LAMINA DE 5.5,1.0,FORMULA,,,,,,unidad_raw=LAMINA | seccion=EBANISTA WILMER MANO DE OBRA= | precio_unitario_raw=130000.0 | total_raw=0.0
CAMA MILANO 1.40 CON SUS NOCHEROS,COLBON,0.875,VOLUMEN,,,,,,unidad_raw=LITRO | seccion=EBANISTA WILMER MANO DE OBRA= | precio_unitario_raw=14000.0 | total_raw=12250.0
CAMA MILANO 1.40 CON SUS NOCHEROS,GRAPAS,0.12,ESPACIADO,,,,,,unidad_raw=CAJA | seccion=EBANISTA WILMER MANO DE OBRA= | precio_unitario_raw=12000.0 | total_raw=1440.0
CAMA MILANO 1.40 CON SUS NOCHEROS,GANCHOS,1.0,FIJO,,,,,,unidad_raw=PAR | seccion=EBANISTA WILMER MANO DE OBRA= | precio_unitario_raw=20000.0 | total_raw=20000.0
CAMA MILANO 1.40 CON SUS NOCHEROS,F40,7.0,FORMULA,,,,,,unidad_raw=TIRAS | seccion=EBANISTA WILMER MANO DE OBRA= | precio_unitario_raw=1000.0 | total_raw=7000.0
CAMA MILANO 1.40 CON SUS NOCHEROS,"TORNILLOS DE 2""",100.0,ESPACIADO,,,,,,unidad_raw=Unidad | seccion=EBANISTA WILMER MANO DE OBRA= | precio_unitario_raw=100.0 | total_raw=10000.0
CAMA MILANO 1.40 CON SUS NOCHEROS,ebanisteria 300.000 x 5% de m.o,1.0,FORMULA,,,,,,seccion=EBANISTA WILMER MANO DE OBRA= | total_raw=315000.0
CAMA MILANO 1.40 CON SUS NOCHEROS,gastos de Ebanisteria e 10%,1.0,FORMULA,,,,,,seccion=EBANISTA WILMER MANO DE OBRA= | total_raw=106666.0
CAMA MILANO 1.40 CON SUS NOCHEROS,CORREDERAS 35 NORMAL,2.0,FORMULA,,,,,,unidad_raw=PAR | seccion=EBANISTA WILMER MANO DE OBRA= | precio_unitario_raw=11000.0 | total_raw=22000.0
CAMA MILANO 1.40 CON SUS NOCHEROS,"MDF DE 2,7",1.0,FORMULA,,,,,,unidad_raw=1 PEDAZO DE 1.00X46=46 | seccion=EBANISTA WILMER MANO DE OBRA= | precio_unitario_raw=65000.0 | total_raw=0.0
CAMA MILANO 1.40 CON SUS NOCHEROS,LAM MDF 5,1.0,FORMULA,,,,,,unidad_raw=1 PEDASO DE 1.50X40=60 | seccion=EBANISTA WILMER MANO DE OBRA= | precio_unitario_raw=130000.0 | total_raw=0.0
CAMA MILANO 1.40 CON SUS NOCHEROS,LAM MDF 9,1.0,FORMULA,,,,,,"unidad_raw=1 PEDASO DE 1,50X40=60 | seccion=EBANISTA WILMER MANO DE OBRA= | precio_unitario_raw=140.0 | total_raw=21875.0"
CAMA MILANO 1.40 CON SUS NOCHEROS,COLBON,1.0,FORMULA,,,,,,unidad_raw=litros | seccion=EBANISTA WILMER MANO DE OBRA= | precio_unitario_raw=14000.0 | total_raw=0.0
CAMA MILANO 1.40 CON SUS NOCHEROS,GRAPAS,1.0,FIJO,,,,,,unidad_raw=Unidad | seccion=EBANISTA WILMER MANO DE OBRA= | precio_unitario_raw=600.0 | total_raw=0.0
CAMA MILANO 1.40 CON SUS NOCHEROS,CLAVILLOS N F 40,1.0,FIJO,,,,,,unidad_raw=TIRA | seccion=EBANISTA WILMER MANO DE OBRA= | precio_unitario_raw=1000.0 | total_raw=0.0
CAMA MILANO 1.40 CON SUS NOCHEROS,HECHURA,1.0,FIJO,,,,,,unidad_raw=PAR | seccion=EBANISTA WILMER MANO DE OBRA= | precio_unitario_raw=157500.0 | total_raw=0.0
CAMA MILANO 1.40 CON SUS NOCHEROS,"TORNILLOS DE 2""",1.0,FIJO,,,,,,unidad_raw=Unidad | seccion=EBANISTA WILMER MANO DE OBRA= | precio_unitario_raw=100.0 | total_raw=0.0
CAMA MILANO 1.40 CON SUS NOCHEROS,gastos de Ebanisteria e 5%,1.0,FORMULA,,,,,,seccion=EBANISTA WILMER MANO DE OBRA= | total_raw=26294.75
CAMA MILANO 1.40 CON SUS NOCHEROS,SECCION PINTURA Y PREPARADA,1.0,FORMULA,,,,,DE NOCHERO,seccion=SECCION PINTURA Y PREPARADA DE NOCHERO
CAMA MILANO 1.40 CON SUS NOCHEROS,PREPARADO JOTA,2.0,FORMULA,,,,,,unidad_raw=CON EL 5% | seccion=SECCION PINTURA Y PREPARADA DE NOCHERO | precio_unitario_raw=36750.0 | total_raw=73500.0
CAMA MILANO 1.40 CON SUS NOCHEROS,PINTURA ALEX,2.0,FORMULA,,,,,,unidad_raw=CON EL 5% | seccion=SECCION PINTURA Y PREPARADA DE NOCHERO | precio_unitario_raw=36750.0 | total_raw=73500.0
CAMA MILANO 1.40 CON SUS NOCHEROS,SELLADOR,2.0,VOLUMEN,,,,,,unidad_raw=PISTOLADAS | seccion=SECCION PINTURA Y PREPARADA DE NOCHERO | precio_unitario_raw=18000.0 | total_raw=36000.0
CAMA MILANO 1.40 CON SUS NOCHEROS,LIJA 400,1.5,FORMULA,,,,,,unidad_raw=unidades | seccion=SECCION PINTURA Y PREPARADA DE NOCHERO | precio_unitario_raw=2000.0 | total_raw=3000.0
CAMA MILANO 1.40 CON SUS NOCHEROS,NITRO,1.0,FORMULA,,,,,,unidad_raw=galon | seccion=SECCION PINTURA Y PREPARADA DE NOCHERO | precio_unitario_raw=70000.0 | total_raw=0.0
CAMA MILANO 1.40 CON SUS NOCHEROS,VIDRIOS,1.0,FORMULA,,,,,,unidad_raw=unidad | seccion=SECCION PINTURA Y PREPARADA DE NOCHERO | precio_unitario_raw=45000.0 | total_raw=0.0
CAMA MILANO 1.40 CON SUS NOCHEROS,TALCO,1.0,FORMULA,,,,,,unidad_raw=unidad | seccion=SECCION PINTURA Y PREPARADA DE NOCHERO | precio_unitario_raw=2500.0 | total_raw=0.0
CAMA MILANO 1.40 CON SUS NOCHEROS,TINER,1.0,FORMULA,,,,,,unidad_raw=GALON | seccion=SECCION PINTURA Y PREPARADA DE NOCHERO | precio_unitario_raw=34000.0 | total_raw=0.0
CAMA MILANO 1.40 CON SUS NOCHEROS,TOPES,1.0,FORMULA,,,,,,unidad_raw=JALADORES | seccion=SECCION PINTURA Y PREPARADA DE NOCHERO | precio_unitario_raw=3000.0 | total_raw=0.0
CAMA MILANO 1.40 CON SUS NOCHEROS,COLOR,2.0,VOLUMEN,,,,,,unidad_raw=PISTOLADA | seccion=SECCION PINTURA Y PREPARADA DE NOCHERO | precio_unitario_raw=22000.0 | total_raw=44000.0
CAMA MILANO 1.40 CON SUS NOCHEROS,COLOR,0.0,VOLUMEN,,,,,,unidad_raw=PISTOLADA | seccion=SECCION PINTURA Y PREPARADA DE NOCHERO | precio_unitario_raw=22000.0 | total_raw=0.0
CAMA MILANO 1.40 CON SUS NOCHEROS,ENCINA,1.0,FORMULA,,,,,,unidad_raw=galon | seccion=SECCION PINTURA Y PREPARADA DE NOCHERO | precio_unitario_raw=160000.0 | total_raw=0.0
CAMA MILANO 1.40 CON SUS NOCHEROS,GASOLINA,0.1,LINEAL,,,,,,unidad_raw=ML | seccion=SECCION PINTURA Y PREPARADA DE NOCHERO | precio_unitario_raw=4500.0 | total_raw=450.0
CAMA MILANO 1.40 CON SUS NOCHEROS,RESANE,1.0,FORMULA,,,,,,unidad_raw=LITRO | seccion=SECCION PINTURA Y PREPARADA DE NOCHERO | precio_unitario_raw=20000.0 | total_raw=0.0
CAMA MILANO 1.40 CON SUS NOCHEROS,LACA S/M,1.5,VOLUMEN,,,,,,unidad_raw=PISTOLADA | seccion=SECCION PINTURA Y PREPARADA DE NOCHERO | precio_unitario_raw=23000.0 | total_raw=34500.0
CAMA MILANO 1.40 CON SUS NOCHEROS,Gastos de Pintura 10%,1.0,FORMULA,,,,,,seccion=SECCION PINTURA Y PREPARADA DE NOCHERO | total_raw=26495.0
CAMA MILANO 1.40 CON SUS NOCHEROS,SECCION PINTURA Y PREPARADA,1.0,FORMULA,,,,,PATAS,seccion=SECCION PINTURA Y PREPARADA PATAS
CAMA MILANO 1.40 CON SUS NOCHEROS,PREPARADO JOTA,1.0,FORMULA,,,,,,unidad_raw=CON EL 5% | seccion=SECCION PINTURA Y PREPARADA PATAS | precio_unitario_raw=63000.0 | total_raw=0.0
CAMA MILANO 1.40 CON SUS NOCHEROS,PINTURA ALEX,1.0,FORMULA,,,,,,unidad_raw=CON EL 5% | seccion=SECCION PINTURA Y PREPARADA PATAS | precio_unitario_raw=26250.0 | total_raw=0.0
CAMA MILANO 1.40 CON SUS NOCHEROS,PINTURA DE PATAS ALEX,1.0,FIJO,,,,,,seccion=SECCION PINTURA Y PREPARADA PATAS | precio_unitario_raw=2100.0 | total_raw=0.0
CAMA MILANO 1.40 CON SUS NOCHEROS,SELLADOR,1.0,FORMULA,,,,,,unidad_raw=PISTOLADAS | seccion=SECCION PINTURA Y PREPARADA PATAS | precio_unitario_raw=18000.0 | total_raw=0.0
CAMA MILANO 1.40 CON SUS NOCHEROS,LIJA 400,1.0,FORMULA,,,,,,unidad_raw=unidades | seccion=SECCION PINTURA Y PREPARADA PATAS | precio_unitario_raw=2000.0 | total_raw=0.0
CAMA MILANO 1.40 CON SUS NOCHEROS,NITRO,1.0,FORMULA,,,,,,unidad_raw=galon | seccion=SECCION PINTURA Y PREPARADA PATAS | total_raw=0.0
CAMA MILANO 1.40 CON SUS NOCHEROS,lija 220,1.0,FORMULA,,,,,,unidad_raw=unidad | seccion=SECCION PINTURA Y PREPARADA PATAS | precio_unitario_raw=2000.0 | total_raw=0.0
CAMA MILANO 1.40 CON SUS NOCHEROS,lija 120,1.0,FORMULA,,,,,,unidad_raw=unidad | seccion=SECCION PINTURA Y PREPARADA PATAS | precio_unitario_raw=2000.0 | total_raw=0.0
CAMA MILANO 1.40 CON SUS NOCHEROS,LACA SEMIMATE,1.0,FORMULA,,,,,,unidad_raw=GALON | seccion=SECCION PINTURA Y PREPARADA PATAS | precio_unitario_raw=23000.0 | total_raw=0.0
CAMA MILANO 1.40 CON SUS NOCHEROS,kerosen,1.0,FORMULA,,,,,,unidad_raw=litro | seccion=SECCION PINTURA Y PREPARADA PATAS | precio_unitario_raw=18000.0 | total_raw=0.0
CAMA MILANO 1.40 CON SUS NOCHEROS,COLOR,1.0,FORMULA,,,,,,unidad_raw=PISTOLADA | seccion=SECCION PINTURA Y PREPARADA PATAS | precio_unitario_raw=20000.0 | total_raw=0.0
CAMA MILANO 1.40 CON SUS NOCHEROS,TINTE MIEL,1.0,FORMULA,,,,,,unidad_raw=galon | seccion=SECCION PINTURA Y PREPARADA PATAS | total_raw=0.0
CAMA MILANO 1.40 CON SUS NOCHEROS,GASOLINA,1.0,FORMULA,,,,,,unidad_raw=LITRO | seccion=SECCION PINTURA Y PREPARADA PATAS | precio_unitario_raw=4.5 | total_raw=0.0
CAMA MILANO 1.40 CON SUS NOCHEROS,RESANE,1.0,FORMULA,,,,,,unidad_raw=LITRO | seccion=SECCION PINTURA Y PREPARADA PATAS | precio_unitario_raw=23000.0 | total_raw=0.0
CAMA MILANO 1.40 CON SUS NOCHEROS,LACA BRILLANTE,1.0,FORMULA,,,,,,unidad_raw=PISTOLADA | seccion=SECCION PINTURA Y PREPARADA PATAS | precio_unitario_raw=23000.0 | total_raw=0.0
CAMA MILANO 1.40 CON SUS NOCHEROS,Gastos de Pintura 10%,1.0,FORMULA,,,,,,seccion=SECCION PINTURA Y PREPARADA PATAS | total_raw=32095.1
CAMA MILANO 1.40 CON SUS NOCHEROS,TOMAS NEGROS,1.0,FORMULA,,,,,,unidad_raw=UNIDAD | seccion=SECCION TERMINACION | precio_unitario_raw=10500.0 | total_raw=0.0
CAMA MILANO 1.40 CON SUS NOCHEROS,REGLETA ANCHA,1.0,FORMULA,,,,,,unidad_raw=UNIDAD | seccion=SECCION TERMINACION | precio_unitario_raw=20000.0 | total_raw=0.0
CAMA MILANO 1.40 CON SUS NOCHEROS,REGLETA DELGADA,1.0,FORMULA,,,,,,unidad_raw=UNIDAD | seccion=SECCION TERMINACION | precio_unitario_raw=20000.0 | total_raw=0.0
CAMA MILANO 1.40 CON SUS NOCHEROS,LAMPARAS DE LUZ,1.0,FORMULA,,,,,,unidad_raw=UNIDADES | seccion=SECCION TERMINACION | precio_unitario_raw=100000.0 | total_raw=0.0
CAMA MILANO 1.40 CON SUS NOCHEROS,CABLE DE 12,1.0,FORMULA,,,,,,unidad_raw=METROS | seccion=SECCION TERMINACION | precio_unitario_raw=3000.0 | total_raw=0.0
CAMA MILANO 1.40 CON SUS NOCHEROS,APAGADORES,1.0,FORMULA,,,,,,unidad_raw=PAR | seccion=SECCION TERMINACION | precio_unitario_raw=1500.0 | total_raw=0.0
CAMA MILANO 1.40 CON SUS NOCHEROS,ENCHUFLES BLANCO MACHO,1.0,FORMULA,,,,,,unidad_raw=UNIDADES | seccion=SECCION TERMINACION | precio_unitario_raw=2000.0 | total_raw=0.0
CAMA MILANO 1.40 CON SUS NOCHEROS,HERRAJES DE CAMA,1.0,FORMULA,,,,,,unidad_raw=PAR | seccion=SECCION TERMINACION | precio_unitario_raw=160000.0 | total_raw=0.0
CAMA MILANO 1.40 CON SUS NOCHEROS,JALADORES,1.0,FIJO,,,,,,unidad_raw=UNIDAD | seccion=SECCION TERMINACION | precio_unitario_raw=26800.0 | total_raw=0.0
CAMA MILANO 1.40 CON SUS NOCHEROS,MULTIUSOS,1.0,FORMULA,,,,,,unidad_raw=UNIDADES | seccion=SECCION TERMINACION | precio_unitario_raw=3000.0 | total_raw=0.0
CAMA MILANO 1.40 CON SUS NOCHEROS,CORREDERAS,1.0,FIJO,,,,,,unidad_raw=unidades | seccion=SECCION TERMINACION | precio_unitario_raw=8000.0 | total_raw=0.0
CAMA MILANO 1.40 CON SUS NOCHEROS,EMBALADA,1.0,FORMULA,,,,,,unidad_raw=unidades | seccion=SECCION TERMINACION | precio_unitario_raw=150000.0 | total_raw=0.0
CAMA MILANO 1.40 CON SUS NOCHEROS,SECCION TENDIDO,1.0,FORMULA,,,,,,seccion=SECCION TERMINACION | total_raw=0.0
CAMA MILANO 1.40 CON SUS NOCHEROS,MADERA 60X1X4,565.0,FORMULA,,,,,,unidad_raw=APAMATE | seccion=SECCION TERMINACION | precio_unitario_raw=140.0 | total_raw=79100.0
CAMA MILANO 1.40 CON SUS NOCHEROS,LIENCILLO,2.2,LINEAL,,,,,,unidad_raw=METROS | seccion=SECCION TERMINACION | precio_unitario_raw=4000.0 | total_raw=8800.0
CAMA MILANO 1.40 CON SUS NOCHEROS,GRAPAS,0.6,ESPACIADO,,,,,,unidad_raw=CAJA | seccion=SECCION TERMINACION | precio_unitario_raw=12000.0 | total_raw=7200.0
CAMA MILANO 1.40 CON SUS NOCHEROS,MDF DE 9,1.0,AREA,,,,,,unidad_raw=LAMINA | seccion=SECCION TERMINACION | precio_unitario_raw=140000.0 | total_raw=140000.0
CAMA MILANO 1.40 CON SUS NOCHEROS,COLBON,0.3,VOLUMEN,,,,,,unidad_raw=LITRO | seccion=SECCION TERMINACION | precio_unitario_raw=14000.0 | total_raw=4200.0
CAMA MILANO 1.40 CON SUS NOCHEROS,"TORNILLOS DE 2""",30.0,ESPACIADO,,,,,,unidad_raw=UNIDAD | seccion=SECCION TERMINACION | precio_unitario_raw=100.0 | total_raw=3000.0
CAMA MILANO 1.40 CON SUS NOCHEROS,CLAVILLO,0.2,ESPACIADO,,,,,,unidad_raw=TIRA | seccion=SECCION TERMINACION | precio_unitario_raw=1000.0 | total_raw=200.0
CAMA MILANO 1.40 CON SUS NOCHEROS,HECHURA,1.0,FIJO,,,,,,unidad_raw=UNIDAD | seccion=SECCION TERMINACION | precio_unitario_raw=60000.0 | total_raw=60000.0
CAMA MILANO 1.40 CON SUS NOCHEROS,SECCION TAPICERIA,1.0,FORMULA,,,,,,unidad_raw=MANO DE OBRA= | seccion=SECCION TAPICERIA MANO DE OBRA=
CAMA MILANO 1.40 CON SUS NOCHEROS,TELA FERRO FORTE STONE,1.0,FORMULA,,,,,,unidad_raw=METROS | seccion=SECCION TAPICERIA MANO DE OBRA= | precio_unitario_raw=25000.0 | total_raw=0.0
CAMA MILANO 1.40 CON SUS NOCHEROS,TELA FERRO FORTE GRIS,1.0,FORMULA,,,,,,unidad_raw=METROS | seccion=SECCION TAPICERIA MANO DE OBRA= | precio_unitario_raw=25000.0 | total_raw=7222.0
CAMA MILANO 1.40 CON SUS NOCHEROS,ESPUMA 1/2 ROSADA,1.0,FORMULA,,,,,,unidad_raw=LAMINA | seccion=SECCION TAPICERIA MANO DE OBRA= | precio_unitario_raw=6630.0 | total_raw=0.0
CAMA MILANO 1.40 CON SUS NOCHEROS,GRAPAS,1.0,FIJO,,,,,,unidad_raw=CAJA DE GRAPAS | seccion=SECCION TAPICERIA MANO DE OBRA= | precio_unitario_raw=12000.0 | total_raw=0.0
CAMA MILANO 1.40 CON SUS NOCHEROS,PATAS L PLATEADAS,1.0,FIJO,,,,,,unidad_raw=UNIDADES | seccion=SECCION TAPICERIA MANO DE OBRA= | precio_unitario_raw=8000.0 | total_raw=0.0
CAMA MILANO 1.40 CON SUS NOCHEROS,TORNILLOS 1,1.0,FIJO,,,,,,unidad_raw=UNIDADES | seccion=SECCION TAPICERIA MANO DE OBRA= | precio_unitario_raw=100.0 | total_raw=0.0
CAMA MILANO 1.40 CON SUS NOCHEROS,ESPUMA DE 1 1/2'' ROSADA,1.0,FORMULA,,,,,,unidad_raw=UNIDADES | seccion=SECCION TAPICERIA MANO DE OBRA= | precio_unitario_raw=26000.0 | total_raw=0.0
CAMA MILANO 1.40 CON SUS NOCHEROS,ESPUMA 1 BLANCA,1.0,FORMULA,,,,,,unidad_raw=LAMINA | seccion=SECCION TAPICERIA MANO DE OBRA= | precio_unitario_raw=9804.0 | total_raw=0.0
CAMA MILANO 1.40 CON SUS NOCHEROS,ESPUMA 1 1/2'' AZUL,1.0,FORMULA,,,,,,unidad_raw=MTS | seccion=SECCION TAPICERIA MANO DE OBRA= | precio_unitario_raw=1000.0 | total_raw=0.0
CAMA MILANO 1.40 CON SUS NOCHEROS,COSTAL,1.0,FORMULA,,,,,,unidad_raw=METROS | seccion=SECCION TAPICERIA MANO DE OBRA= | precio_unitario_raw=2240.0 | total_raw=0.0
CAMA MILANO 1.40 CON SUS NOCHEROS,HILO,1.0,FORMULA,,,,,,unidad_raw=UNIDAD | seccion=SECCION TAPICERIA MANO DE OBRA= | precio_unitario_raw=25000.0 | total_raw=0.0
CAMA MILANO 1.40 CON SUS NOCHEROS,PEGANTE DE PISTOLA,1.0,FORMULA,,,,,,unidad_raw=PISTOLADA | seccion=SECCION TAPICERIA MANO DE OBRA= | precio_unitario_raw=43000.0 | total_raw=0.0
CAMA MILANO 1.40 CON SUS NOCHEROS,SUPER,1.0,FORMULA,,,,,,unidad_raw=LITRO | seccion=SECCION TAPICERIA MANO DE OBRA= | precio_unitario_raw=19000.0 | total_raw=0.0
CAMA MILANO 1.40 CON SUS NOCHEROS,CARTON,1.0,FORMULA,,,,,,unidad_raw=UNIDADES | seccion=SECCION TAPICERIA MANO DE OBRA= | precio_unitario_raw=5000.0 | total_raw=0.0
CAMA MILANO 1.40 CON SUS NOCHEROS,HECHURA,1.0,FIJO,,,,,,seccion=SECCION TAPICERIA MANO DE OBRA= | precio_unitario_raw=0.0 | total_raw=0.0
CAMA MILANO 1.40 CON SUS NOCHEROS,LENCILLO,1.0,FORMULA,,,,,,unidad_raw=METROS | seccion=SECCION TAPICERIA MANO DE OBRA= | precio_unitario_raw=2650.0 | total_raw=0.0
CAMA ABANANADO 1.60 CON SUS NOCHEROS,MADERA (2),1275.0,FORMULA,,,,,,unidad_raw=APAMATE | seccion=EBANISTA WILMER MANO DE OBRA= | precio_unitario_raw=140.0 | total_raw=178500.0
CAMA ABANANADO 1.60 CON SUS NOCHEROS,MDF DE 2.7,1.84,AREA,,,,,,unidad_raw=LAMINA | seccion=EBANISTA WILMER MANO DE OBRA= | precio_unitario_raw=65000.0 | total_raw=119600.0
CAMA ABANANADO 1.60 CON SUS NOCHEROS,LAMINA DE 9,1.33,AREA,,,,,,unidad_raw=LAMINA | seccion=EBANISTA WILMER MANO DE OBRA= | precio_unitario_raw=140000.0 | total_raw=186200.0
CAMA ABANANADO 1.60 CON SUS NOCHEROS,LAMINA DE 5.5,1.0,FORMULA,,,,,,unidad_raw=LAMINA | seccion=EBANISTA WILMER MANO DE OBRA= | precio_unitario_raw=130000.0 | total_raw=0.0
CAMA ABANANADO 1.60 CON SUS NOCHEROS,COLBON,0.933,VOLUMEN,,,,,,unidad_raw=LITRO | seccion=EBANISTA WILMER MANO DE OBRA= | precio_unitario_raw=14000.0 | total_raw=13062.0
CAMA ABANANADO 1.60 CON SUS NOCHEROS,GRAPAS,3.0,ESPACIADO,,,,,,unidad_raw=CAJA | seccion=EBANISTA WILMER MANO DE OBRA= | precio_unitario_raw=5000.0 | total_raw=15000.0
CAMA ABANANADO 1.60 CON SUS NOCHEROS,GANCHOS,1.0,FIJO,,,,,,unidad_raw=PAR | seccion=EBANISTA WILMER MANO DE OBRA= | precio_unitario_raw=20000.0 | total_raw=20000.0
CAMA ABANANADO 1.60 CON SUS NOCHEROS,F40,17.0,FORMULA,,,,,,unidad_raw=TIRAS | seccion=EBANISTA WILMER MANO DE OBRA= | precio_unitario_raw=1000.0 | total_raw=17000.0
CAMA ABANANADO 1.60 CON SUS NOCHEROS,"TORNILLOS DE 2""",100.0,ESPACIADO,,,,,,unidad_raw=Unidad | seccion=EBANISTA WILMER MANO DE OBRA= | precio_unitario_raw=100.0 | total_raw=10000.0
CAMA ABANANADO 1.60 CON SUS NOCHEROS,ebanisteria 300.000 x 5% de m.o,1.0,FORMULA,,,,,,seccion=EBANISTA WILMER MANO DE OBRA= | total_raw=315000.0
CAMA ABANANADO 1.60 CON SUS NOCHEROS,gastos de Ebanisteria e 10%,1.0,FORMULA,,,,,,seccion=EBANISTA WILMER MANO DE OBRA= | total_raw=43718.1
CAMA ABANANADO 1.60 CON SUS NOCHEROS,CORREDERAS 35 NORMAL,4.0,FORMULA,,,,,,unidad_raw=PAR | seccion=EBANISTA WILMER MANO DE OBRA= | precio_unitario_raw=19000.0 | total_raw=76000.0
CAMA ABANANADO 1.60 CON SUS NOCHEROS,CORREDERAS 35 PUFF,1.0,FIJO,,,,,,unidad_raw=PAR | seccion=EBANISTA WILMER MANO DE OBRA= | precio_unitario_raw=38999.0 | total_raw=0.0
CAMA ABANANADO 1.60 CON SUS NOCHEROS,MANIJAS,4.0,FORMULA,,,,,,unidad_raw=UNIDAD | seccion=EBANISTA WILMER MANO DE OBRA= | precio_unitario_raw=8000.0 | total_raw=32000.0
CAMA ABANANADO 1.60 CON SUS NOCHEROS,"MDF DE 2,7",1.0,FORMULA,,,,,,unidad_raw=1 PEDAZO DE 1.00X46=46 | seccion=EBANISTA WILMER MANO DE OBRA= | precio_unitario_raw=65000.0 | total_raw=0.0
CAMA ABANANADO 1.60 CON SUS NOCHEROS,LAM MDF 5,1.0,FORMULA,,,,,,unidad_raw=1 PEDASO DE 1.50X40=60 | seccion=EBANISTA WILMER MANO DE OBRA= | precio_unitario_raw=130000.0 | total_raw=0.0
CAMA ABANANADO 1.60 CON SUS NOCHEROS,LAM MDF 9,1.0,FORMULA,,,,,,"unidad_raw=1 PEDASO DE 1,50X40=60 | seccion=EBANISTA WILMER MANO DE OBRA= | precio_unitario_raw=140.0 | total_raw=0.0"
CAMA ABANANADO 1.60 CON SUS NOCHEROS,COLBON,1.0,FORMULA,,,,,,unidad_raw=litros | seccion=EBANISTA WILMER MANO DE OBRA= | precio_unitario_raw=14000.0 | total_raw=0.0
CAMA ABANANADO 1.60 CON SUS NOCHEROS,GRAPAS,1.0,FIJO,,,,,,unidad_raw=Unidad | seccion=EBANISTA WILMER MANO DE OBRA= | precio_unitario_raw=600.0 | total_raw=0.0
CAMA ABANANADO 1.60 CON SUS NOCHEROS,CLAVILLOS N F 40,1.0,FIJO,,,,,,unidad_raw=TIRA | seccion=EBANISTA WILMER MANO DE OBRA= | precio_unitario_raw=1000.0 | total_raw=0.0
CAMA ABANANADO 1.60 CON SUS NOCHEROS,HECHURA,2.0,FORMULA,,,,,,unidad_raw=PAR | seccion=EBANISTA WILMER MANO DE OBRA= | precio_unitario_raw=250000.0 | total_raw=500000.0
CAMA ABANANADO 1.60 CON SUS NOCHEROS,"TORNILLOS DE 2""",8.0,ESPACIADO,,,,,,unidad_raw=Unidad | seccion=EBANISTA WILMER MANO DE OBRA= | precio_unitario_raw=100.0 | total_raw=800.0
CAMA ABANANADO 1.60 CON SUS NOCHEROS,gastos de Ebanisteria e 5%,1.0,FORMULA,,,,,,seccion=EBANISTA WILMER MANO DE OBRA= | total_raw=28820.0
CAMA ABANANADO 1.60 CON SUS NOCHEROS,SECCION PINTURA Y PREPARADA,1.0,FORMULA,,,,,DE NOCHERO,seccion=SECCION PINTURA Y PREPARADA DE NOCHERO
CAMA ABANANADO 1.60 CON SUS NOCHEROS,PREPARADO JOTA,2.0,FORMULA,,,,,,unidad_raw=CON EL 5% | seccion=SECCION PINTURA Y PREPARADA DE NOCHERO | precio_unitario_raw=36750.0 | total_raw=73500.0
CAMA ABANANADO 1.60 CON SUS NOCHEROS,PINTURA ALEX,2.0,FORMULA,,,,,,unidad_raw=CON EL 5% | seccion=SECCION PINTURA Y PREPARADA DE NOCHERO | precio_unitario_raw=36750.0 | total_raw=73500.0
CAMA ABANANADO 1.60 CON SUS NOCHEROS,SELLADOR,2.0,VOLUMEN,,,,,,unidad_raw=PISTOLADAS | seccion=SECCION PINTURA Y PREPARADA DE NOCHERO | precio_unitario_raw=18000.0 | total_raw=36000.0
CAMA ABANANADO 1.60 CON SUS NOCHEROS,LIJA 400,1.5,FORMULA,,,,,,unidad_raw=unidades | seccion=SECCION PINTURA Y PREPARADA DE NOCHERO | precio_unitario_raw=2000.0 | total_raw=3000.0
CAMA ABANANADO 1.60 CON SUS NOCHEROS,NITRO,1.0,FORMULA,,,,,,unidad_raw=galon | seccion=SECCION PINTURA Y PREPARADA DE NOCHERO | precio_unitario_raw=70000.0 | total_raw=0.0
CAMA ABANANADO 1.60 CON SUS NOCHEROS,VIDRIOS,1.0,FORMULA,,,,,,unidad_raw=unidad | seccion=SECCION PINTURA Y PREPARADA DE NOCHERO | precio_unitario_raw=45000.0 | total_raw=0.0
CAMA ABANANADO 1.60 CON SUS NOCHEROS,TALCO,1.0,FIJO,,,,,,unidad_raw=unidad | seccion=SECCION PINTURA Y PREPARADA DE NOCHERO | precio_unitario_raw=3000.0 | total_raw=3000.0
CAMA ABANANADO 1.60 CON SUS NOCHEROS,TINER,1.0,FORMULA,,,,,,unidad_raw=GALON | seccion=SECCION PINTURA Y PREPARADA DE NOCHERO | precio_unitario_raw=34000.0 | total_raw=0.0
CAMA ABANANADO 1.60 CON SUS NOCHEROS,TOPES,1.0,FORMULA,,,,,,unidad_raw=JALADORES | seccion=SECCION PINTURA Y PREPARADA DE NOCHERO | precio_unitario_raw=3000.0 | total_raw=0.0
CAMA ABANANADO 1.60 CON SUS NOCHEROS,COLOR,2.0,VOLUMEN,,,,,,unidad_raw=PISTOLADA | seccion=SECCION PINTURA Y PREPARADA DE NOCHERO | precio_unitario_raw=22000.0 | total_raw=44000.0
CAMA ABANANADO 1.60 CON SUS NOCHEROS,COLOR,0.0,VOLUMEN,,,,,,unidad_raw=PISTOLADA | seccion=SECCION PINTURA Y PREPARADA DE NOCHERO | precio_unitario_raw=22000.0 | total_raw=0.0
CAMA ABANANADO 1.60 CON SUS NOCHEROS,ENCINA,1.0,FORMULA,,,,,,unidad_raw=galon | seccion=SECCION PINTURA Y PREPARADA DE NOCHERO | precio_unitario_raw=160000.0 | total_raw=0.0
CAMA ABANANADO 1.60 CON SUS NOCHEROS,GASOLINA,0.1,LINEAL,,,,,,unidad_raw=ML | seccion=SECCION PINTURA Y PREPARADA DE NOCHERO | precio_unitario_raw=4500.0 | total_raw=450.0
CAMA ABANANADO 1.60 CON SUS NOCHEROS,RESANE,1.0,FORMULA,,,,,,unidad_raw=LITRO | seccion=SECCION PINTURA Y PREPARADA DE NOCHERO | precio_unitario_raw=20000.0 | total_raw=0.0
CAMA ABANANADO 1.60 CON SUS NOCHEROS,LACA S/M,1.5,VOLUMEN,,,,,,unidad_raw=PISTOLADA | seccion=SECCION PINTURA Y PREPARADA DE NOCHERO | precio_unitario_raw=23000.0 | total_raw=34500.0
CAMA ABANANADO 1.60 CON SUS NOCHEROS,Gastos de Pintura 10%,1.0,FORMULA,,,,,,seccion=SECCION PINTURA Y PREPARADA DE NOCHERO | total_raw=26795.0
CAMA ABANANADO 1.60 CON SUS NOCHEROS,SECCION PINTURA Y PREPARADA,1.0,FORMULA,,,,,PATAS,seccion=SECCION PINTURA Y PREPARADA PATAS
CAMA ABANANADO 1.60 CON SUS NOCHEROS,PREPARADO JOTA,1.0,FIJO,,,,,,unidad_raw=CON EL 5% | seccion=SECCION PINTURA Y PREPARADA PATAS | precio_unitario_raw=73500.0 | total_raw=73500.0
CAMA ABANANADO 1.60 CON SUS NOCHEROS,PINTURA ALEX,1.0,FIJO,,,,,,unidad_raw=CON EL 5% | seccion=SECCION PINTURA Y PREPARADA PATAS | precio_unitario_raw=63000.0 | total_raw=63000.0
CAMA ABANANADO 1.60 CON SUS NOCHEROS,PINTURA DE PATAS ALEX,1.0,FIJO,,,,,,seccion=SECCION PINTURA Y PREPARADA PATAS | precio_unitario_raw=2100.0 | total_raw=0.0
CAMA ABANANADO 1.60 CON SUS NOCHEROS,SELLADOR,1.5,VOLUMEN,,,,,,unidad_raw=PISTOLADAS | seccion=SECCION PINTURA Y PREPARADA PATAS | precio_unitario_raw=18000.0 | total_raw=27000.0
CAMA ABANANADO 1.60 CON SUS NOCHEROS,LIJA 400,1.0,FORMULA,,,,,,unidad_raw=unidades | seccion=SECCION PINTURA Y PREPARADA PATAS | precio_unitario_raw=2000.0 | total_raw=0.0
CAMA ABANANADO 1.60 CON SUS NOCHEROS,NITRO,1.0,FORMULA,,,,,,unidad_raw=galon | seccion=SECCION PINTURA Y PREPARADA PATAS | total_raw=0.0
CAMA ABANANADO 1.60 CON SUS NOCHEROS,lija 220,2.0,FORMULA,,,,,,unidad_raw=unidad | seccion=SECCION PINTURA Y PREPARADA PATAS | precio_unitario_raw=2000.0 | total_raw=4000.0
CAMA ABANANADO 1.60 CON SUS NOCHEROS,lija 120,1.0,FORMULA,,,,,,unidad_raw=unidad | seccion=SECCION PINTURA Y PREPARADA PATAS | precio_unitario_raw=2000.0 | total_raw=0.0
CAMA ABANANADO 1.60 CON SUS NOCHEROS,LACA SEMIMATE,1.5,VOLUMEN,,,,,,unidad_raw=GALON | seccion=SECCION PINTURA Y PREPARADA PATAS | precio_unitario_raw=23000.0 | total_raw=34500.0
CAMA ABANANADO 1.60 CON SUS NOCHEROS,kerosen,1.0,FORMULA,,,,,,unidad_raw=litro | seccion=SECCION PINTURA Y PREPARADA PATAS | precio_unitario_raw=18000.0 | total_raw=0.0
CAMA ABANANADO 1.60 CON SUS NOCHEROS,COLOR,2.0,VOLUMEN,,,,,,unidad_raw=PISTOLADA | seccion=SECCION PINTURA Y PREPARADA PATAS | precio_unitario_raw=21000.0 | total_raw=42000.0
CAMA ABANANADO 1.60 CON SUS NOCHEROS,TINTE MIEL,1.0,FORMULA,,,,,,unidad_raw=galon | seccion=SECCION PINTURA Y PREPARADA PATAS | total_raw=0.0
CAMA ABANANADO 1.60 CON SUS NOCHEROS,GASOLINA,1.0,FORMULA,,,,,,unidad_raw=LITRO | seccion=SECCION PINTURA Y PREPARADA PATAS | precio_unitario_raw=4.5 | total_raw=0.0
CAMA ABANANADO 1.60 CON SUS NOCHEROS,RESANE,1.0,FORMULA,,,,,,unidad_raw=LITRO | seccion=SECCION PINTURA Y PREPARADA PATAS | precio_unitario_raw=23000.0 | total_raw=0.0
CAMA ABANANADO 1.60 CON SUS NOCHEROS,TORNIILLOS DE PATAS,16.0,FORMULA,,,,,,unidad_raw=UNIDAD | seccion=SECCION PINTURA Y PREPARADA PATAS | precio_unitario_raw=100.0 | total_raw=1600.0
CAMA ABANANADO 1.60 CON SUS NOCHEROS,Gastos de Pintura 10%,1.0,FORMULA,,,,,,seccion=SECCION PINTURA Y PREPARADA PATAS | total_raw=2400.0
CAMA ABANANADO 1.60 CON SUS NOCHEROS,TOMAS NEGROS,1.0,FORMULA,,,,,,unidad_raw=UNIDAD | seccion=SECCION TERMINACION | precio_unitario_raw=10500.0 | total_raw=0.0
CAMA ABANANADO 1.60 CON SUS NOCHEROS,REGLETA ANCHA,1.0,FORMULA,,,,,,unidad_raw=UNIDAD | seccion=SECCION TERMINACION | precio_unitario_raw=20000.0 | total_raw=0.0
CAMA ABANANADO 1.60 CON SUS NOCHEROS,REGLETA DELGADA,1.0,FORMULA,,,,,,unidad_raw=UNIDAD | seccion=SECCION TERMINACION | precio_unitario_raw=20000.0 | total_raw=0.0
CAMA ABANANADO 1.60 CON SUS NOCHEROS,LAMPARAS DE LUZ,1.0,FORMULA,,,,,,unidad_raw=UNIDADES | seccion=SECCION TERMINACION | precio_unitario_raw=100000.0 | total_raw=0.0
CAMA ABANANADO 1.60 CON SUS NOCHEROS,CABLE DE 12,1.0,FORMULA,,,,,,unidad_raw=METROS | seccion=SECCION TERMINACION | precio_unitario_raw=3000.0 | total_raw=0.0
CAMA ABANANADO 1.60 CON SUS NOCHEROS,APAGADORES,1.0,FORMULA,,,,,,unidad_raw=PAR | seccion=SECCION TERMINACION | precio_unitario_raw=1500.0 | total_raw=0.0
CAMA ABANANADO 1.60 CON SUS NOCHEROS,ENCHUFLES BLANCO MACHO,1.0,FORMULA,,,,,,unidad_raw=UNIDADES | seccion=SECCION TERMINACION | precio_unitario_raw=2000.0 | total_raw=0.0
CAMA ABANANADO 1.60 CON SUS NOCHEROS,HERRAJES DE CAMA,1.0,FORMULA,,,,,,unidad_raw=PAR | seccion=SECCION TERMINACION | precio_unitario_raw=160000.0 | total_raw=0.0
CAMA ABANANADO 1.60 CON SUS NOCHEROS,JALADORES,1.0,FIJO,,,,,,unidad_raw=UNIDAD | seccion=SECCION TERMINACION | precio_unitario_raw=26800.0 | total_raw=0.0
CAMA ABANANADO 1.60 CON SUS NOCHEROS,MULTIUSOS,1.0,FORMULA,,,,,,unidad_raw=UNIDADES | seccion=SECCION TERMINACION | precio_unitario_raw=3000.0 | total_raw=0.0
CAMA ABANANADO 1.60 CON SUS NOCHEROS,CORREDERAS,1.0,FIJO,,,,,,unidad_raw=unidades | seccion=SECCION TERMINACION | precio_unitario_raw=8000.0 | total_raw=0.0
CAMA ABANANADO 1.60 CON SUS NOCHEROS,EMBALADA,1.0,FIJO,,,,,,unidad_raw=unidades | seccion=SECCION TERMINACION | precio_unitario_raw=150000.0 | total_raw=150000.0
CAMA ABANANADO 1.60 CON SUS NOCHEROS,SECCION TENDIDO,1.0,FORMULA,,,,,,seccion=SECCION TERMINACION | total_raw=0.0
CAMA ABANANADO 1.60 CON SUS NOCHEROS,MADERA 60X1X4,600.0,FORMULA,,,,,,unidad_raw=APAMATE | seccion=SECCION TERMINACION | precio_unitario_raw=140.0 | total_raw=84000.0
CAMA ABANANADO 1.60 CON SUS NOCHEROS,LIENCILLO,4.0,LINEAL,,,,,,unidad_raw=METROS | seccion=SECCION TERMINACION | precio_unitario_raw=4000.0 | total_raw=16000.0
CAMA ABANANADO 1.60 CON SUS NOCHEROS,GRAPAS,6.0,ESPACIADO,,,,,,unidad_raw=CAJA | seccion=SECCION TERMINACION | precio_unitario_raw=1000.0 | total_raw=6000.0
CAMA ABANANADO 1.60 CON SUS NOCHEROS,MDF DE 9,1.0,AREA,,,,,,unidad_raw=LAMINA | seccion=SECCION TERMINACION | precio_unitario_raw=140000.0 | total_raw=140000.0
CAMA ABANANADO 1.60 CON SUS NOCHEROS,COLBON,0.4,VOLUMEN,,,,,,unidad_raw=LITRO | seccion=SECCION TERMINACION | precio_unitario_raw=14000.0 | total_raw=5600.0
CAMA ABANANADO 1.60 CON SUS NOCHEROS,"TORNILLOS DE 2""",40.0,ESPACIADO,,,,,,unidad_raw=UNIDAD | seccion=SECCION TERMINACION | precio_unitario_raw=100.0 | total_raw=4000.0
CAMA ABANANADO 1.60 CON SUS NOCHEROS,PATAS DE TENDIDOS,6.0,FORMULA,,,,,,unidad_raw=TIRA | seccion=SECCION TERMINACION | precio_unitario_raw=2100.0 | total_raw=12600.0
CAMA ABANANADO 1.60 CON SUS NOCHEROS,HECHURA,1.0,FIJO,,,,,,unidad_raw=UNIDAD | seccion=SECCION TERMINACION | precio_unitario_raw=63000.0 | total_raw=63000.0
CAMA ABANANADO 1.60 CON SUS NOCHEROS,SECCION TAPICERIA,1.0,FORMULA,,,,,,unidad_raw=MANO DE OBRA= | seccion=SECCION TAPICERIA MANO DE OBRA=
CAMA ABANANADO 1.60 CON SUS NOCHEROS,TELA PRANNA,8.0,AREA,,,,,,unidad_raw=METROS | seccion=SECCION TAPICERIA MANO DE OBRA= | precio_unitario_raw=34000.0 | total_raw=272000.0
CAMA ABANANADO 1.60 CON SUS NOCHEROS,ESPUMA 2 AZUL,1.0,FORMULA,,,,,,unidad_raw=LAMINA | seccion=SECCION TAPICERIA MANO DE OBRA= | precio_unitario_raw=41340.0 | total_raw=0.0
CAMA ABANANADO 1.60 CON SUS NOCHEROS,GRAPAS,0.5,ESPACIADO,,,,,,unidad_raw=CAJA DE GRAPAS | seccion=SECCION TAPICERIA MANO DE OBRA= | precio_unitario_raw=12000.0 | total_raw=6000.0
CAMA ABANANADO 1.60 CON SUS NOCHEROS,TORNILLOS 2,33.0,ESPACIADO,,,,,,unidad_raw=UNIDADES | seccion=SECCION TAPICERIA MANO DE OBRA= | precio_unitario_raw=100.0 | total_raw=3300.0
CAMA ABANANADO 1.60 CON SUS NOCHEROS,ESPUMA DE 1 1/2'' ROSADA,3.0,AREA,,,,,,unidad_raw=UNIDADES | seccion=SECCION TAPICERIA MANO DE OBRA= | precio_unitario_raw=30000.0 | total_raw=90000.0
CAMA ABANANADO 1.60 CON SUS NOCHEROS,ESPUMA 1 BLANCA,1.0,FORMULA,,,,,,unidad_raw=LAMINA | seccion=SECCION TAPICERIA MANO DE OBRA= | precio_unitario_raw=9804.0 | total_raw=0.0
CAMA ABANANADO 1.60 CON SUS NOCHEROS,ESPUMA 1 1/2'' AZUL,1.0,FORMULA,,,,,,unidad_raw=MTS | seccion=SECCION TAPICERIA MANO DE OBRA= | precio_unitario_raw=1000.0 | total_raw=0.0
CAMA ABANANADO 1.60 CON SUS NOCHEROS,COSTAL,1.0,FORMULA,,,,,,unidad_raw=METROS | seccion=SECCION TAPICERIA MANO DE OBRA= | precio_unitario_raw=3500.0 | total_raw=0.0
CAMA ABANANADO 1.60 CON SUS NOCHEROS,HILO,1.0,FORMULA,,,,,,unidad_raw=UNIDAD | seccion=SECCION TAPICERIA MANO DE OBRA= | precio_unitario_raw=25000.0 | total_raw=0.0
CAMA ABANANADO 1.60 CON SUS NOCHEROS,PEGANTE DE PISTOLA,1.0,FORMULA,,,,,,unidad_raw=PISTOLADA | seccion=SECCION TAPICERIA MANO DE OBRA= | precio_unitario_raw=43000.0 | total_raw=0.0
CAMA ABANANADO 1.60 CON SUS NOCHEROS,SUPER,0.166,VOLUMEN,,,,,,unidad_raw=LITRO | seccion=SECCION TAPICERIA MANO DE OBRA= | precio_unitario_raw=19000.0 | total_raw=3154.0
CAMA ABANANADO 1.60 CON SUS NOCHEROS,CARTON,1.0,FORMULA,,,,,,unidad_raw=UNIDADES | seccion=SECCION TAPICERIA MANO DE OBRA= | precio_unitario_raw=5500.0 | total_raw=0.0
CAMA ABANANADO 1.60 CON SUS NOCHEROS,HECHURA,1.0,FIJO,,,,,,seccion=SECCION TAPICERIA MANO DE OBRA= | precio_unitario_raw=210000.0 | total_raw=210000.0
CAMA ABANANADO 1.60 CON SUS NOCHEROS,LENCILLO,1.0,FORMULA,,,,,,unidad_raw=METROS | seccion=SECCION TAPICERIA MANO DE OBRA= | precio_unitario_raw=2650.0 | total_raw=0.0
CAMA HOLAS 1.60 CON SUS NOCHEROS,MADERA (2),1756.0,FORMULA,,,,,,unidad_raw=APAMATE | seccion=EBANISTA WILMER MANO DE OBRA= | precio_unitario_raw=140.0 | total_raw=245840.0
CAMA HOLAS 1.60 CON SUS NOCHEROS,MDF DE 2.7,1.125,AREA,,,,,,unidad_raw=LAMINA | seccion=EBANISTA WILMER MANO DE OBRA= | precio_unitario_raw=65000.0 | total_raw=73125.0
CAMA HOLAS 1.60 CON SUS NOCHEROS,LAMINA DE 9,1.0,AREA,,,,,,unidad_raw=LAMINA | seccion=EBANISTA WILMER MANO DE OBRA= | precio_unitario_raw=140000.0 | total_raw=140000.0
CAMA HOLAS 1.60 CON SUS NOCHEROS,LAMINA DE 5.5,1.0,FORMULA,,,,,,unidad_raw=LAMINA | seccion=EBANISTA WILMER MANO DE OBRA= | precio_unitario_raw=130000.0 | total_raw=0.0
CAMA HOLAS 1.60 CON SUS NOCHEROS,COLBON,1.6,VOLUMEN,,,,,,unidad_raw=LITRO | seccion=EBANISTA WILMER MANO DE OBRA= | precio_unitario_raw=14000.0 | total_raw=22400.0
CAMA HOLAS 1.60 CON SUS NOCHEROS,GRAPAS,10.0,ESPACIADO,,,,,,unidad_raw=CAJA | seccion=EBANISTA WILMER MANO DE OBRA= | precio_unitario_raw=5000.0 | total_raw=50000.0
CAMA HOLAS 1.60 CON SUS NOCHEROS,GANCHOS,1.0,FIJO,,,,,,unidad_raw=PAR | seccion=EBANISTA WILMER MANO DE OBRA= | precio_unitario_raw=20000.0 | total_raw=20000.0
CAMA HOLAS 1.60 CON SUS NOCHEROS,F50,45.0,FORMULA,,,,,,unidad_raw=TIRAS | seccion=EBANISTA WILMER MANO DE OBRA= | precio_unitario_raw=1000.0 | total_raw=45000.0
CAMA HOLAS 1.60 CON SUS NOCHEROS,"TORNILLOS DE 2""",500.0,ESPACIADO,,,,,,unidad_raw=Unidad | seccion=EBANISTA WILMER MANO DE OBRA= | precio_unitario_raw=100.0 | total_raw=50000.0
CAMA HOLAS 1.60 CON SUS NOCHEROS,ebanisteria 300.000 x 5% de m.o,1.0,FORMULA,,,,,,seccion=EBANISTA WILMER MANO DE OBRA= | total_raw=315000.0
CAMA HOLAS 1.60 CON SUS NOCHEROS,gastos de Ebanisteria e 10%,1.0,FORMULA,,,,,,seccion=EBANISTA WILMER MANO DE OBRA= | total_raw=48068.0
CAMA HOLAS 1.60 CON SUS NOCHEROS,CORREDERAS 35 NORMAL,6.0,FORMULA,,,,,,unidad_raw=PAR | seccion=EBANISTA WILMER MANO DE OBRA= | precio_unitario_raw=28000.0 | total_raw=168000.0
CAMA HOLAS 1.60 CON SUS NOCHEROS,CORREDERAS 35 PUFF,1.0,FIJO,,,,,,unidad_raw=PAR | seccion=EBANISTA WILMER MANO DE OBRA= | precio_unitario_raw=38999.0 | total_raw=0.0
CAMA HOLAS 1.60 CON SUS NOCHEROS,MANIJAS,1.0,FORMULA,,,,,,unidad_raw=UNIDAD | seccion=EBANISTA WILMER MANO DE OBRA= | precio_unitario_raw=10000.0 | total_raw=0.0
CAMA HOLAS 1.60 CON SUS NOCHEROS,"MDF DE 2,7",1.0,FORMULA,,,,,,unidad_raw=1 PEDAZO DE 1.00X46=46 | seccion=EBANISTA WILMER MANO DE OBRA= | precio_unitario_raw=65000.0 | total_raw=0.0
CAMA HOLAS 1.60 CON SUS NOCHEROS,LAM MDF 5,1.0,FORMULA,,,,,,unidad_raw=1 PEDASO DE 1.50X40=60 | seccion=EBANISTA WILMER MANO DE OBRA= | precio_unitario_raw=130000.0 | total_raw=0.0
CAMA HOLAS 1.60 CON SUS NOCHEROS,LAM MDF 9,1.0,FORMULA,,,,,,"unidad_raw=1 PEDASO DE 1,50X40=60 | seccion=EBANISTA WILMER MANO DE OBRA= | precio_unitario_raw=140.0 | total_raw=0.0"
CAMA HOLAS 1.60 CON SUS NOCHEROS,COLBON,1.0,FORMULA,,,,,,unidad_raw=litros | seccion=EBANISTA WILMER MANO DE OBRA= | precio_unitario_raw=14000.0 | total_raw=0.0
CAMA HOLAS 1.60 CON SUS NOCHEROS,GRAPAS,1.0,FIJO,,,,,,unidad_raw=Unidad | seccion=EBANISTA WILMER MANO DE OBRA= | precio_unitario_raw=600.0 | total_raw=0.0
CAMA HOLAS 1.60 CON SUS NOCHEROS,CLAVILLOS N F 40,1.0,FIJO,,,,,,unidad_raw=TIRA | seccion=EBANISTA WILMER MANO DE OBRA= | precio_unitario_raw=1000.0 | total_raw=0.0
CAMA HOLAS 1.60 CON SUS NOCHEROS,HECHURA,2.0,FORMULA,,,,,,unidad_raw=PAR | seccion=EBANISTA WILMER MANO DE OBRA= | precio_unitario_raw=250000.0 | total_raw=500000.0
CAMA HOLAS 1.60 CON SUS NOCHEROS,"TORNILLOS DE 2""",1.0,FIJO,,,,,,unidad_raw=Unidad | seccion=EBANISTA WILMER MANO DE OBRA= | precio_unitario_raw=100.0 | total_raw=0.0
CAMA HOLAS 1.60 CON SUS NOCHEROS,gastos de Ebanisteria e 5%,1.0,FORMULA,,,,,,seccion=EBANISTA WILMER MANO DE OBRA= | total_raw=28820.0
CAMA HOLAS 1.60 CON SUS NOCHEROS,SECCION PINTURA Y PREPARADA,1.0,FORMULA,,,,,DE NOCHERO,seccion=SECCION PINTURA Y PREPARADA DE NOCHERO
CAMA HOLAS 1.60 CON SUS NOCHEROS,PREPARADO JOTA,2.0,FORMULA,,,,,,unidad_raw=CON EL 5% | seccion=SECCION PINTURA Y PREPARADA DE NOCHERO | precio_unitario_raw=36750.0 | total_raw=73500.0
CAMA HOLAS 1.60 CON SUS NOCHEROS,PINTURA ALEX,2.0,FORMULA,,,,,,unidad_raw=CON EL 5% | seccion=SECCION PINTURA Y PREPARADA DE NOCHERO | precio_unitario_raw=36750.0 | total_raw=73500.0
CAMA HOLAS 1.60 CON SUS NOCHEROS,SELLADOR,2.0,VOLUMEN,,,,,,unidad_raw=PISTOLADAS | seccion=SECCION PINTURA Y PREPARADA DE NOCHERO | precio_unitario_raw=18000.0 | total_raw=36000.0
CAMA HOLAS 1.60 CON SUS NOCHEROS,LIJA 400,1.5,FORMULA,,,,,,unidad_raw=unidades | seccion=SECCION PINTURA Y PREPARADA DE NOCHERO | precio_unitario_raw=2000.0 | total_raw=3000.0
CAMA HOLAS 1.60 CON SUS NOCHEROS,NITRO,1.0,FORMULA,,,,,,unidad_raw=galon | seccion=SECCION PINTURA Y PREPARADA DE NOCHERO | precio_unitario_raw=70000.0 | total_raw=0.0
CAMA HOLAS 1.60 CON SUS NOCHEROS,VIDRIOS,1.0,FORMULA,,,,,,unidad_raw=unidad | seccion=SECCION PINTURA Y PREPARADA DE NOCHERO | precio_unitario_raw=45000.0 | total_raw=0.0
CAMA HOLAS 1.60 CON SUS NOCHEROS,TALCO,1.0,FIJO,,,,,,unidad_raw=unidad | seccion=SECCION PINTURA Y PREPARADA DE NOCHERO | precio_unitario_raw=3000.0 | total_raw=3000.0
CAMA HOLAS 1.60 CON SUS NOCHEROS,TINER,1.0,FORMULA,,,,,,unidad_raw=GALON | seccion=SECCION PINTURA Y PREPARADA DE NOCHERO | precio_unitario_raw=34000.0 | total_raw=0.0
CAMA HOLAS 1.60 CON SUS NOCHEROS,TOPES,1.0,FORMULA,,,,,,unidad_raw=JALADORES | seccion=SECCION PINTURA Y PREPARADA DE NOCHERO | precio_unitario_raw=3000.0 | total_raw=0.0
CAMA HOLAS 1.60 CON SUS NOCHEROS,COLOR,2.0,VOLUMEN,,,,,,unidad_raw=PISTOLADA | seccion=SECCION PINTURA Y PREPARADA DE NOCHERO | precio_unitario_raw=22000.0 | total_raw=44000.0
CAMA HOLAS 1.60 CON SUS NOCHEROS,COLOR,0.0,VOLUMEN,,,,,,unidad_raw=PISTOLADA | seccion=SECCION PINTURA Y PREPARADA DE NOCHERO | precio_unitario_raw=22000.0 | total_raw=0.0
CAMA HOLAS 1.60 CON SUS NOCHEROS,ENCINA,1.0,FORMULA,,,,,,unidad_raw=galon | seccion=SECCION PINTURA Y PREPARADA DE NOCHERO | precio_unitario_raw=160000.0 | total_raw=0.0
CAMA HOLAS 1.60 CON SUS NOCHEROS,GASOLINA,0.1,LINEAL,,,,,,unidad_raw=ML | seccion=SECCION PINTURA Y PREPARADA DE NOCHERO | precio_unitario_raw=4500.0 | total_raw=450.0
CAMA HOLAS 1.60 CON SUS NOCHEROS,RESANE,1.0,FORMULA,,,,,,unidad_raw=LITRO | seccion=SECCION PINTURA Y PREPARADA DE NOCHERO | precio_unitario_raw=20000.0 | total_raw=0.0
CAMA HOLAS 1.60 CON SUS NOCHEROS,LACA S/M,1.5,VOLUMEN,,,,,,unidad_raw=PISTOLADA | seccion=SECCION PINTURA Y PREPARADA DE NOCHERO | precio_unitario_raw=23000.0 | total_raw=34500.0
CAMA HOLAS 1.60 CON SUS NOCHEROS,Gastos de Pintura 10%,1.0,FORMULA,,,,,,seccion=SECCION PINTURA Y PREPARADA DE NOCHERO | total_raw=26795.0
CAMA HOLAS 1.60 CON SUS NOCHEROS,SECCION PINTURA Y PREPARADA,1.0,FORMULA,,,,,PATAS,seccion=SECCION PINTURA Y PREPARADA PATAS
CAMA HOLAS 1.60 CON SUS NOCHEROS,PREPARADO JOTA,1.0,FORMULA,,,,,,unidad_raw=CON EL 5% | seccion=SECCION PINTURA Y PREPARADA PATAS | precio_unitario_raw=63000.0 | total_raw=0.0
CAMA HOLAS 1.60 CON SUS NOCHEROS,PINTURA ALEX,1.0,FORMULA,,,,,,unidad_raw=CON EL 5% | seccion=SECCION PINTURA Y PREPARADA PATAS | precio_unitario_raw=26250.0 | total_raw=0.0
CAMA HOLAS 1.60 CON SUS NOCHEROS,PINTURA DE PATAS ALEX,1.0,FIJO,,,,,,seccion=SECCION PINTURA Y PREPARADA PATAS | precio_unitario_raw=2100.0 | total_raw=0.0
CAMA HOLAS 1.60 CON SUS NOCHEROS,SELLADOR,1.0,FORMULA,,,,,,unidad_raw=PISTOLADAS | seccion=SECCION PINTURA Y PREPARADA PATAS | precio_unitario_raw=18000.0 | total_raw=0.0
CAMA HOLAS 1.60 CON SUS NOCHEROS,LIJA 400,1.0,FORMULA,,,,,,unidad_raw=unidades | seccion=SECCION PINTURA Y PREPARADA PATAS | precio_unitario_raw=2000.0 | total_raw=0.0
CAMA HOLAS 1.60 CON SUS NOCHEROS,NITRO,1.0,FORMULA,,,,,,unidad_raw=galon | seccion=SECCION PINTURA Y PREPARADA PATAS | total_raw=0.0
CAMA HOLAS 1.60 CON SUS NOCHEROS,lija 220,1.0,FORMULA,,,,,,unidad_raw=unidad | seccion=SECCION PINTURA Y PREPARADA PATAS | precio_unitario_raw=2000.0 | total_raw=0.0
CAMA HOLAS 1.60 CON SUS NOCHEROS,lija 120,1.0,FORMULA,,,,,,unidad_raw=unidad | seccion=SECCION PINTURA Y PREPARADA PATAS | precio_unitario_raw=2000.0 | total_raw=0.0
CAMA HOLAS 1.60 CON SUS NOCHEROS,LACA SEMIMATE,1.0,FORMULA,,,,,,unidad_raw=GALON | seccion=SECCION PINTURA Y PREPARADA PATAS | precio_unitario_raw=23000.0 | total_raw=0.0
CAMA HOLAS 1.60 CON SUS NOCHEROS,kerosen,1.0,FORMULA,,,,,,unidad_raw=litro | seccion=SECCION PINTURA Y PREPARADA PATAS | precio_unitario_raw=18000.0 | total_raw=0.0
CAMA HOLAS 1.60 CON SUS NOCHEROS,COLOR,1.0,FORMULA,,,,,,unidad_raw=PISTOLADA | seccion=SECCION PINTURA Y PREPARADA PATAS | precio_unitario_raw=20000.0 | total_raw=0.0
CAMA HOLAS 1.60 CON SUS NOCHEROS,TINTE MIEL,1.0,FORMULA,,,,,,unidad_raw=galon | seccion=SECCION PINTURA Y PREPARADA PATAS | total_raw=0.0
CAMA HOLAS 1.60 CON SUS NOCHEROS,GASOLINA,1.0,FORMULA,,,,,,unidad_raw=LITRO | seccion=SECCION PINTURA Y PREPARADA PATAS | precio_unitario_raw=4.5 | total_raw=0.0
CAMA HOLAS 1.60 CON SUS NOCHEROS,RESANE,1.0,FORMULA,,,,,,unidad_raw=LITRO | seccion=SECCION PINTURA Y PREPARADA PATAS | precio_unitario_raw=23000.0 | total_raw=0.0
CAMA HOLAS 1.60 CON SUS NOCHEROS,TORNIILLOS DE PATAS,16.0,FORMULA,,,,,,unidad_raw=UNIDAD | seccion=SECCION PINTURA Y PREPARADA PATAS | precio_unitario_raw=100.0 | total_raw=1600.0
CAMA HOLAS 1.60 CON SUS NOCHEROS,Gastos de Pintura 10%,1.0,FORMULA,,,,,,seccion=SECCION PINTURA Y PREPARADA PATAS | total_raw=2400.0
CAMA HOLAS 1.60 CON SUS NOCHEROS,CHAPERAS,1.0,FIJO,,,,,,unidad_raw=JUEGO DE 4 | seccion=SECCION TERMINACION | precio_unitario_raw=90000.0 | total_raw=90000.0
CAMA HOLAS 1.60 CON SUS NOCHEROS,REGLETA ANCHA,1.0,FORMULA,,,,,,unidad_raw=UNIDAD | seccion=SECCION TERMINACION | precio_unitario_raw=20000.0 | total_raw=0.0
CAMA HOLAS 1.60 CON SUS NOCHEROS,REGLETA DELGADA,1.0,FORMULA,,,,,,unidad_raw=UNIDAD | seccion=SECCION TERMINACION | precio_unitario_raw=20000.0 | total_raw=0.0
CAMA HOLAS 1.60 CON SUS NOCHEROS,LAMPARAS DE LUZ,1.0,FORMULA,,,,,,unidad_raw=UNIDADES | seccion=SECCION TERMINACION | precio_unitario_raw=100000.0 | total_raw=0.0
CAMA HOLAS 1.60 CON SUS NOCHEROS,CABLE DE 12,1.0,FORMULA,,,,,,unidad_raw=METROS | seccion=SECCION TERMINACION | precio_unitario_raw=3000.0 | total_raw=0.0
CAMA HOLAS 1.60 CON SUS NOCHEROS,APAGADORES,1.0,FORMULA,,,,,,unidad_raw=PAR | seccion=SECCION TERMINACION | precio_unitario_raw=1500.0 | total_raw=0.0
CAMA HOLAS 1.60 CON SUS NOCHEROS,ENCHUFLES BLANCO MACHO,1.0,FORMULA,,,,,,unidad_raw=UNIDADES | seccion=SECCION TERMINACION | precio_unitario_raw=2000.0 | total_raw=0.0
CAMA HOLAS 1.60 CON SUS NOCHEROS,HERRAJES DE CAMA,1.0,FORMULA,,,,,,unidad_raw=PAR | seccion=SECCION TERMINACION | precio_unitario_raw=160000.0 | total_raw=0.0
CAMA HOLAS 1.60 CON SUS NOCHEROS,JALADORES,1.0,FIJO,,,,,,unidad_raw=UNIDAD | seccion=SECCION TERMINACION | precio_unitario_raw=26800.0 | total_raw=0.0
CAMA HOLAS 1.60 CON SUS NOCHEROS,MULTIUSOS,1.0,FORMULA,,,,,,unidad_raw=UNIDADES | seccion=SECCION TERMINACION | precio_unitario_raw=3000.0 | total_raw=0.0
CAMA HOLAS 1.60 CON SUS NOCHEROS,CORREDERAS,1.0,FIJO,,,,,,unidad_raw=unidades | seccion=SECCION TERMINACION | precio_unitario_raw=8000.0 | total_raw=0.0
CAMA HOLAS 1.60 CON SUS NOCHEROS,EMBALADA,1.0,FIJO,,,,,,unidad_raw=unidades | seccion=SECCION TERMINACION | precio_unitario_raw=150000.0 | total_raw=150000.0
CAMA HOLAS 1.60 CON SUS NOCHEROS,SECCION TENDIDO,1.0,FORMULA,,,,,,seccion=SECCION TERMINACION | total_raw=0.0
CAMA HOLAS 1.60 CON SUS NOCHEROS,MADERA 60X1X4,600.0,FORMULA,,,,,,unidad_raw=APAMATE | seccion=SECCION TERMINACION | precio_unitario_raw=140.0 | total_raw=84000.0
CAMA HOLAS 1.60 CON SUS NOCHEROS,LIENCILLO,4.0,LINEAL,,,,,,unidad_raw=METROS | seccion=SECCION TERMINACION | precio_unitario_raw=4000.0 | total_raw=16000.0
CAMA HOLAS 1.60 CON SUS NOCHEROS,GRAPAS,6.0,ESPACIADO,,,,,,unidad_raw=CAJA | seccion=SECCION TERMINACION | precio_unitario_raw=1000.0 | total_raw=6000.0
CAMA HOLAS 1.60 CON SUS NOCHEROS,MDF DE 9,1.0,AREA,,,,,,unidad_raw=LAMINA | seccion=SECCION TERMINACION | precio_unitario_raw=140000.0 | total_raw=140000.0
CAMA HOLAS 1.60 CON SUS NOCHEROS,COLBON,0.4,VOLUMEN,,,,,,unidad_raw=LITRO | seccion=SECCION TERMINACION | precio_unitario_raw=14000.0 | total_raw=5600.0
CAMA HOLAS 1.60 CON SUS NOCHEROS,"TORNILLOS DE 2""",40.0,ESPACIADO,,,,,,unidad_raw=UNIDAD | seccion=SECCION TERMINACION | precio_unitario_raw=100.0 | total_raw=4000.0
CAMA HOLAS 1.60 CON SUS NOCHEROS,PATAS DE TENDIDOS,6.0,FORMULA,,,,,,unidad_raw=TIRA | seccion=SECCION TERMINACION | precio_unitario_raw=2100.0 | total_raw=12600.0
CAMA HOLAS 1.60 CON SUS NOCHEROS,HECHURA,1.0,FIJO,,,,,,unidad_raw=UNIDAD | seccion=SECCION TERMINACION | precio_unitario_raw=63000.0 | total_raw=63000.0
CAMA HOLAS 1.60 CON SUS NOCHEROS,SECCION TAPICERIA,1.0,FORMULA,,,,,,unidad_raw=MANO DE OBRA= | seccion=SECCION TAPICERIA MANO DE OBRA=
CAMA HOLAS 1.60 CON SUS NOCHEROS,TELA ESTARLIN,10.0,AREA,,,,,,unidad_raw=METROS | seccion=SECCION TAPICERIA MANO DE OBRA= | precio_unitario_raw=31000.0 | total_raw=310000.0
CAMA HOLAS 1.60 CON SUS NOCHEROS,TRITURADO,2.0,FORMULA,,,,,,unidad_raw=UNIDAD | seccion=SECCION TAPICERIA MANO DE OBRA= | precio_unitario_raw=15000.0 | total_raw=30000.0
CAMA HOLAS 1.60 CON SUS NOCHEROS,ESPUMA 2 AZUL,0.75,AREA,,,,,,unidad_raw=LAMINA | seccion=SECCION TAPICERIA MANO DE OBRA= | precio_unitario_raw=41340.0 | total_raw=31005.0
CAMA HOLAS 1.60 CON SUS NOCHEROS,GRAPAS,0.5,ESPACIADO,,,,,,unidad_raw=CAJA DE GRAPAS | seccion=SECCION TAPICERIA MANO DE OBRA= | precio_unitario_raw=12000.0 | total_raw=6000.0
CAMA HOLAS 1.60 CON SUS NOCHEROS,TORNILLOS 2,24.0,ESPACIADO,,,,,,unidad_raw=UNIDADES | seccion=SECCION TAPICERIA MANO DE OBRA= | precio_unitario_raw=100.0 | total_raw=2400.0
CAMA HOLAS 1.60 CON SUS NOCHEROS,RIATA,0.12,FORMULA,,,,,,unidad_raw=UNIDADES | seccion=SECCION TAPICERIA MANO DE OBRA= | precio_unitario_raw=43000.0 | total_raw=5160.0
CAMA HOLAS 1.60 CON SUS NOCHEROS,ESPUMA DE 1/2'' ROSADA,0.75,AREA,,,,,,unidad_raw=UNIDADES | seccion=SECCION TAPICERIA MANO DE OBRA= | precio_unitario_raw=20000.0 | total_raw=15000.0
CAMA HOLAS 1.60 CON SUS NOCHEROS,ESPUMA 1 BLANCA,1.0,FORMULA,,,,,,unidad_raw=LAMINA | seccion=SECCION TAPICERIA MANO DE OBRA= | precio_unitario_raw=9804.0 | total_raw=0.0
CAMA HOLAS 1.60 CON SUS NOCHEROS,ESPUMA 1 1/2'' AZUL,1.0,FORMULA,,,,,,unidad_raw=MTS | seccion=SECCION TAPICERIA MANO DE OBRA= | precio_unitario_raw=1000.0 | total_raw=0.0
CAMA HOLAS 1.60 CON SUS NOCHEROS,ALGODON CILICONADO,2.0,FORMULA,,,,,,unidad_raw=UNIDADES | seccion=SECCION TAPICERIA MANO DE OBRA= | precio_unitario_raw=14000.0 | total_raw=28000.0
CAMA HOLAS 1.60 CON SUS NOCHEROS,COSTAL,2.0,AREA,,,,,,unidad_raw=METROS | seccion=SECCION TAPICERIA MANO DE OBRA= | precio_unitario_raw=3500.0 | total_raw=7000.0
CAMA HOLAS 1.60 CON SUS NOCHEROS,HILO,1.0,FORMULA,,,,,,unidad_raw=UNIDAD | seccion=SECCION TAPICERIA MANO DE OBRA= | precio_unitario_raw=25000.0 | total_raw=0.0
CAMA HOLAS 1.60 CON SUS NOCHEROS,GUATA,2.5,FORMULA,,,,,,unidad_raw=UNIDAD | seccion=SECCION TAPICERIA MANO DE OBRA= | precio_unitario_raw=18500.0 | total_raw=46250.0
CAMA HOLAS 1.60 CON SUS NOCHEROS,PEGANTE DE PISTOLA,1.0,FORMULA,,,,,,unidad_raw=PISTOLADA | seccion=SECCION TAPICERIA MANO DE OBRA= | precio_unitario_raw=43000.0 | total_raw=0.0
CAMA HOLAS 1.60 CON SUS NOCHEROS,SUPER,0.3,VOLUMEN,,,,,,unidad_raw=LITRO | seccion=SECCION TAPICERIA MANO DE OBRA= | precio_unitario_raw=19000.0 | total_raw=5700.0
CAMA HOLAS 1.60 CON SUS NOCHEROS,CARTON,1.0,FORMULA,,,,,,unidad_raw=UNIDADES | seccion=SECCION TAPICERIA MANO DE OBRA= | precio_unitario_raw=5500.0 | total_raw=0.0
CAMA HOLAS 1.60 CON SUS NOCHEROS,CABULLA,0.5,FORMULA,,,,,,unidad_raw=UNIDADES | seccion=SECCION TAPICERIA MANO DE OBRA= | precio_unitario_raw=13000.0 | total_raw=6500.0
CAMA HOLAS 1.60 CON SUS NOCHEROS,HECHURA,1.0,FIJO,,,,,,seccion=SECCION TAPICERIA MANO DE OBRA= | precio_unitario_raw=210000.0 | total_raw=210000.0
CAMA HOLAS 1.60 CON SUS NOCHEROS,LENCILLO,1.0,FORMULA,,,,,,unidad_raw=METROS | seccion=SECCION TAPICERIA MANO DE OBRA= | precio_unitario_raw=2650.0 | total_raw=0.0
CAMA MILANO 2X2CON SUS NOCHEROS,MADERA (2),2778.0,FORMULA,,,,,,unidad_raw=APAMATE | seccion=EBANISTA WILMER MANO DE OBRA= | precio_unitario_raw=140.0 | total_raw=388920.0
CAMA MILANO 2X2CON SUS NOCHEROS,MDF DE 6.5,1.0,AREA,,,,,,unidad_raw=MDF | seccion=EBANISTA WILMER MANO DE OBRA= | precio_unitario_raw=65000.0 | total_raw=65000.0
CAMA MILANO 2X2CON SUS NOCHEROS,BISAGRAS,2.0,FORMULA,,,,,,unidad_raw=PARES | seccion=EBANISTA WILMER MANO DE OBRA= | precio_unitario_raw=14000.0 | total_raw=28000.0
CAMA MILANO 2X2CON SUS NOCHEROS,LAMINA DE 15,0.16,AREA,,,,,,unidad_raw=LAMINA | seccion=EBANISTA WILMER MANO DE OBRA= | precio_unitario_raw=210000.0 | total_raw=33600.0
CAMA MILANO 2X2CON SUS NOCHEROS,LAMINA DE 12,0.33,AREA,,,,,,unidad_raw=LAMINA | seccion=EBANISTA WILMER MANO DE OBRA= | precio_unitario_raw=175000.0 | total_raw=57750.0
CAMA MILANO 2X2CON SUS NOCHEROS,COLBON,0.5,VOLUMEN,,,,,,unidad_raw=LITRO | seccion=EBANISTA WILMER MANO DE OBRA= | precio_unitario_raw=14000.0 | total_raw=7000.0
CAMA MILANO 2X2CON SUS NOCHEROS,GRAPAS,30.0,ESPACIADO,,,,,,unidad_raw=CAJA | seccion=EBANISTA WILMER MANO DE OBRA= | precio_unitario_raw=500.0 | total_raw=15000.0
CAMA MILANO 2X2CON SUS NOCHEROS,GANCHOS,1.0,FIJO,,,,,,unidad_raw=PAR | seccion=EBANISTA WILMER MANO DE OBRA= | precio_unitario_raw=20000.0 | total_raw=20000.0
CAMA MILANO 2X2CON SUS NOCHEROS,F40,20.0,FORMULA,,,,,,unidad_raw=TIRAS | seccion=EBANISTA WILMER MANO DE OBRA= | precio_unitario_raw=1000.0 | total_raw=20000.0
CAMA MILANO 2X2CON SUS NOCHEROS,"TORNILLOS DE 2""",300.0,ESPACIADO,,,,,,unidad_raw=Unidad | seccion=EBANISTA WILMER MANO DE OBRA= | precio_unitario_raw=100.0 | total_raw=30000.0
CAMA MILANO 2X2CON SUS NOCHEROS,FABRICACION,1.0,FORMULA,,,,,,seccion=EBANISTA WILMER MANO DE OBRA= | total_raw=315000.0
CAMA MILANO 2X2CON SUS NOCHEROS,gastos de Ebanisteria e 10%,1.0,FORMULA,,,,,,seccion=EBANISTA WILMER MANO DE OBRA= | total_raw=49013.5
CAMA MILANO 2X2CON SUS NOCHEROS,CORREDERAS 35 NORMAL,2.0,FORMULA,,,,,,unidad_raw=PAR | seccion=EBANISTA WILMER MANO DE OBRA= | precio_unitario_raw=28000.0 | total_raw=56000.0
CAMA MILANO 2X2CON SUS NOCHEROS,CORREDERAS 35 PUFF,1.0,FIJO,,,,,,unidad_raw=PAR | seccion=EBANISTA WILMER MANO DE OBRA= | precio_unitario_raw=38999.0 | total_raw=0.0
CAMA MILANO 2X2CON SUS NOCHEROS,MANIJAS,2.0,FORMULA,,,,,,unidad_raw=UNIDAD | seccion=EBANISTA WILMER MANO DE OBRA= | precio_unitario_raw=10000.0 | total_raw=20000.0
CAMA MILANO 2X2CON SUS NOCHEROS,"MDF DE 2,7",1.0,FORMULA,,,,,,unidad_raw=1 PEDAZO DE 1.00X46=46 | seccion=EBANISTA WILMER MANO DE OBRA= | precio_unitario_raw=65000.0 | total_raw=0.0
CAMA MILANO 2X2CON SUS NOCHEROS,LAM MDF 5,1.0,FORMULA,,,,,,unidad_raw=1 PEDASO DE 1.50X40=60 | seccion=EBANISTA WILMER MANO DE OBRA= | precio_unitario_raw=130000.0 | total_raw=0.0
CAMA MILANO 2X2CON SUS NOCHEROS,LAM MDF 9,1.0,FORMULA,,,,,,"unidad_raw=1 PEDASO DE 1,50X40=60 | seccion=EBANISTA WILMER MANO DE OBRA= | precio_unitario_raw=140.0 | total_raw=0.0"
CAMA MILANO 2X2CON SUS NOCHEROS,COLBON,1.0,FORMULA,,,,,,unidad_raw=litros | seccion=EBANISTA WILMER MANO DE OBRA= | precio_unitario_raw=14000.0 | total_raw=0.0
CAMA MILANO 2X2CON SUS NOCHEROS,GRAPAS,1.0,FIJO,,,,,,unidad_raw=Unidad | seccion=EBANISTA WILMER MANO DE OBRA= | precio_unitario_raw=600.0 | total_raw=0.0
CAMA MILANO 2X2CON SUS NOCHEROS,CLAVILLOS N F 40,1.0,FIJO,,,,,,unidad_raw=TIRA | seccion=EBANISTA WILMER MANO DE OBRA= | precio_unitario_raw=1000.0 | total_raw=0.0
CAMA MILANO 2X2CON SUS NOCHEROS,HECHURA,2.0,FORMULA,,,,,,unidad_raw=PAR | seccion=EBANISTA WILMER MANO DE OBRA= | precio_unitario_raw=250000.0 | total_raw=500000.0
CAMA MILANO 2X2CON SUS NOCHEROS,"TORNILLOS DE 2""",4.0,ESPACIADO,,,,,,unidad_raw=Unidad | seccion=EBANISTA WILMER MANO DE OBRA= | precio_unitario_raw=100.0 | total_raw=400.0
CAMA MILANO 2X2CON SUS NOCHEROS,gastos de Ebanisteria e 5%,1.0,FORMULA,,,,,,seccion=EBANISTA WILMER MANO DE OBRA= | total_raw=28820.0
CAMA MILANO 2X2CON SUS NOCHEROS,SECCION PINTURA Y PREPARADA,1.0,FORMULA,,,,,DE NOCHERO,seccion=SECCION PINTURA Y PREPARADA DE NOCHERO
CAMA MILANO 2X2CON SUS NOCHEROS,PREPARADO JOTA,2.0,FORMULA,,,,,,unidad_raw=CON EL 5% | seccion=SECCION PINTURA Y PREPARADA DE NOCHERO | precio_unitario_raw=36750.0 | total_raw=73500.0
CAMA MILANO 2X2CON SUS NOCHEROS,PINTURA ALEX,2.0,FORMULA,,,,,,unidad_raw=CON EL 5% | seccion=SECCION PINTURA Y PREPARADA DE NOCHERO | precio_unitario_raw=36750.0 | total_raw=73500.0
CAMA MILANO 2X2CON SUS NOCHEROS,SELLADOR,2.0,VOLUMEN,,,,,,unidad_raw=PISTOLADAS | seccion=SECCION PINTURA Y PREPARADA DE NOCHERO | precio_unitario_raw=18000.0 | total_raw=36000.0
CAMA MILANO 2X2CON SUS NOCHEROS,LIJA 400,1.5,FORMULA,,,,,,unidad_raw=unidades | seccion=SECCION PINTURA Y PREPARADA DE NOCHERO | precio_unitario_raw=2000.0 | total_raw=3000.0
CAMA MILANO 2X2CON SUS NOCHEROS,NITRO,1.0,FORMULA,,,,,,unidad_raw=galon | seccion=SECCION PINTURA Y PREPARADA DE NOCHERO | precio_unitario_raw=70000.0 | total_raw=0.0
CAMA MILANO 2X2CON SUS NOCHEROS,VIDRIOS,1.0,FORMULA,,,,,,unidad_raw=unidad | seccion=SECCION PINTURA Y PREPARADA DE NOCHERO | precio_unitario_raw=45000.0 | total_raw=0.0
CAMA MILANO 2X2CON SUS NOCHEROS,TALCO,1.0,FIJO,,,,,,unidad_raw=unidad | seccion=SECCION PINTURA Y PREPARADA DE NOCHERO | precio_unitario_raw=3000.0 | total_raw=3000.0
CAMA MILANO 2X2CON SUS NOCHEROS,TINER,1.0,FORMULA,,,,,,unidad_raw=GALON | seccion=SECCION PINTURA Y PREPARADA DE NOCHERO | precio_unitario_raw=34000.0 | total_raw=0.0
CAMA MILANO 2X2CON SUS NOCHEROS,TOPES,1.0,FORMULA,,,,,,unidad_raw=JALADORES | seccion=SECCION PINTURA Y PREPARADA DE NOCHERO | precio_unitario_raw=3000.0 | total_raw=0.0
CAMA MILANO 2X2CON SUS NOCHEROS,COLOR,2.0,VOLUMEN,,,,,,unidad_raw=PISTOLADA | seccion=SECCION PINTURA Y PREPARADA DE NOCHERO | precio_unitario_raw=22000.0 | total_raw=44000.0
CAMA MILANO 2X2CON SUS NOCHEROS,COLOR,0.0,VOLUMEN,,,,,,unidad_raw=PISTOLADA | seccion=SECCION PINTURA Y PREPARADA DE NOCHERO | precio_unitario_raw=22000.0 | total_raw=0.0
CAMA MILANO 2X2CON SUS NOCHEROS,ENCINA,1.0,FORMULA,,,,,,unidad_raw=galon | seccion=SECCION PINTURA Y PREPARADA DE NOCHERO | precio_unitario_raw=160000.0 | total_raw=0.0
CAMA MILANO 2X2CON SUS NOCHEROS,GASOLINA,0.1,LINEAL,,,,,,unidad_raw=ML | seccion=SECCION PINTURA Y PREPARADA DE NOCHERO | precio_unitario_raw=4500.0 | total_raw=450.0
CAMA MILANO 2X2CON SUS NOCHEROS,RESANE,1.0,FORMULA,,,,,,unidad_raw=LITRO | seccion=SECCION PINTURA Y PREPARADA DE NOCHERO | precio_unitario_raw=20000.0 | total_raw=0.0
CAMA MILANO 2X2CON SUS NOCHEROS,LACA S/M,1.5,VOLUMEN,,,,,,unidad_raw=PISTOLADA | seccion=SECCION PINTURA Y PREPARADA DE NOCHERO | precio_unitario_raw=23000.0 | total_raw=34500.0
CAMA MILANO 2X2CON SUS NOCHEROS,Gastos de Pintura 10%,1.0,FORMULA,,,,,,seccion=SECCION PINTURA Y PREPARADA DE NOCHERO | total_raw=26795.0
CAMA MILANO 2X2CON SUS NOCHEROS,SECCION PINTURA Y PREPARADA,1.0,FORMULA,,,,,PATAS,seccion=SECCION PINTURA Y PREPARADA PATAS
CAMA MILANO 2X2CON SUS NOCHEROS,PREPARADO JOTA,1.0,FIJO,,,,,,unidad_raw=CON EL 5% | seccion=SECCION PINTURA Y PREPARADA PATAS | precio_unitario_raw=47250.0 | total_raw=47250.0
CAMA MILANO 2X2CON SUS NOCHEROS,PINTURA ALEX,1.0,FIJO,,,,,,unidad_raw=CON EL 5% | seccion=SECCION PINTURA Y PREPARADA PATAS | precio_unitario_raw=78750.0 | total_raw=78750.0
CAMA MILANO 2X2CON SUS NOCHEROS,PINTURA DE PATAS ALEX,1.0,FIJO,,,,,,seccion=SECCION PINTURA Y PREPARADA PATAS | precio_unitario_raw=2100.0 | total_raw=0.0
CAMA MILANO 2X2CON SUS NOCHEROS,SELLADOR,2.0,VOLUMEN,,,,,,unidad_raw=PISTOLADAS | seccion=SECCION PINTURA Y PREPARADA PATAS | precio_unitario_raw=18000.0 | total_raw=36000.0
CAMA MILANO 2X2CON SUS NOCHEROS,LIJA 400,1.0,FORMULA,,,,,,unidad_raw=unidades | seccion=SECCION PINTURA Y PREPARADA PATAS | precio_unitario_raw=2000.0 | total_raw=0.0
CAMA MILANO 2X2CON SUS NOCHEROS,NITRO,1.0,FORMULA,,,,,,unidad_raw=galon | seccion=SECCION PINTURA Y PREPARADA PATAS | total_raw=0.0
CAMA MILANO 2X2CON SUS NOCHEROS,lija 220,1.0,FORMULA,,,,,,unidad_raw=unidad | seccion=SECCION PINTURA Y PREPARADA PATAS | precio_unitario_raw=2000.0 | total_raw=0.0
CAMA MILANO 2X2CON SUS NOCHEROS,lija 120,1.0,FORMULA,,,,,,unidad_raw=unidad | seccion=SECCION PINTURA Y PREPARADA PATAS | precio_unitario_raw=2000.0 | total_raw=0.0
CAMA MILANO 2X2CON SUS NOCHEROS,LACA SEMIMATE,2.0,VOLUMEN,,,,,,unidad_raw=GALON | seccion=SECCION PINTURA Y PREPARADA PATAS | precio_unitario_raw=23000.0 | total_raw=46000.0
CAMA MILANO 2X2CON SUS NOCHEROS,kerosen,1.0,FORMULA,,,,,,unidad_raw=litro | seccion=SECCION PINTURA Y PREPARADA PATAS | precio_unitario_raw=18000.0 | total_raw=0.0
CAMA MILANO 2X2CON SUS NOCHEROS,COLOR,2.5,VOLUMEN,,,,,,unidad_raw=PISTOLADA | seccion=SECCION PINTURA Y PREPARADA PATAS | precio_unitario_raw=20000.0 | total_raw=50000.0
CAMA MILANO 2X2CON SUS NOCHEROS,TINTE MIEL,1.0,FORMULA,,,,,,unidad_raw=galon | seccion=SECCION PINTURA Y PREPARADA PATAS | total_raw=0.0
CAMA MILANO 2X2CON SUS NOCHEROS,GASOLINA,2.5,VOLUMEN,,,,,,unidad_raw=LITRO | seccion=SECCION PINTURA Y PREPARADA PATAS | precio_unitario_raw=3000.0 | total_raw=7500.0
CAMA MILANO 2X2CON SUS NOCHEROS,RESANE,1.0,FORMULA,,,,,,unidad_raw=LITRO | seccion=SECCION PINTURA Y PREPARADA PATAS | precio_unitario_raw=23000.0 | total_raw=0.0
CAMA MILANO 2X2CON SUS NOCHEROS,TORNIILLOS DE PATAS,16.0,FORMULA,,,,,,unidad_raw=UNIDAD | seccion=SECCION PINTURA Y PREPARADA PATAS | precio_unitario_raw=100.0 | total_raw=1600.0
CAMA MILANO 2X2CON SUS NOCHEROS,Gastos de Pintura 10%,1.0,FORMULA,,,,,,seccion=SECCION PINTURA Y PREPARADA PATAS | total_raw=2400.0
CAMA MILANO 2X2CON SUS NOCHEROS,TOMAS NEGROS,1.0,FORMULA,,,,,,unidad_raw=UNIDAD | seccion=SECCION TERMINACION | precio_unitario_raw=10500.0 | total_raw=0.0
CAMA MILANO 2X2CON SUS NOCHEROS,REGLETA ANCHA,1.0,FORMULA,,,,,,unidad_raw=UNIDAD | seccion=SECCION TERMINACION | precio_unitario_raw=20000.0 | total_raw=0.0
CAMA MILANO 2X2CON SUS NOCHEROS,REGLETA DELGADA,1.0,FORMULA,,,,,,unidad_raw=UNIDAD | seccion=SECCION TERMINACION | precio_unitario_raw=20000.0 | total_raw=0.0
CAMA MILANO 2X2CON SUS NOCHEROS,LAMPARAS DE LUZ,1.0,FORMULA,,,,,,unidad_raw=UNIDADES | seccion=SECCION TERMINACION | precio_unitario_raw=100000.0 | total_raw=0.0
CAMA MILANO 2X2CON SUS NOCHEROS,CABLE DE 12,1.0,FORMULA,,,,,,unidad_raw=METROS | seccion=SECCION TERMINACION | precio_unitario_raw=3000.0 | total_raw=0.0
CAMA MILANO 2X2CON SUS NOCHEROS,APAGADORES,1.0,FORMULA,,,,,,unidad_raw=PAR | seccion=SECCION TERMINACION | precio_unitario_raw=1500.0 | total_raw=0.0
CAMA MILANO 2X2CON SUS NOCHEROS,ENCHUFLES BLANCO MACHO,1.0,FORMULA,,,,,,unidad_raw=UNIDADES | seccion=SECCION TERMINACION | precio_unitario_raw=2000.0 | total_raw=0.0
CAMA MILANO 2X2CON SUS NOCHEROS,HERRAJES DE CAMA,1.0,FORMULA,,,,,,unidad_raw=PAR | seccion=SECCION TERMINACION | precio_unitario_raw=160000.0 | total_raw=0.0
CAMA MILANO 2X2CON SUS NOCHEROS,JALADORES,1.0,FIJO,,,,,,unidad_raw=UNIDAD | seccion=SECCION TERMINACION | precio_unitario_raw=26800.0 | total_raw=0.0
CAMA MILANO 2X2CON SUS NOCHEROS,MULTIUSOS,1.0,FORMULA,,,,,,unidad_raw=UNIDADES | seccion=SECCION TERMINACION | precio_unitario_raw=3000.0 | total_raw=0.0
CAMA MILANO 2X2CON SUS NOCHEROS,CORREDERAS,1.0,FIJO,,,,,,unidad_raw=unidades | seccion=SECCION TERMINACION | precio_unitario_raw=8000.0 | total_raw=0.0
CAMA MILANO 2X2CON SUS NOCHEROS,EMBALADA,1.0,FIJO,,,,,,unidad_raw=unidades | seccion=SECCION TERMINACION | precio_unitario_raw=150000.0 | total_raw=150000.0
CAMA MILANO 2X2CON SUS NOCHEROS,SECCION TENDIDO,1.0,FORMULA,,,,,,seccion=SECCION TERMINACION | total_raw=0.0
CAMA MILANO 2X2CON SUS NOCHEROS,MADERA 60X1X4,600.0,FORMULA,,,,,,unidad_raw=APAMATE | seccion=SECCION TERMINACION | precio_unitario_raw=140.0 | total_raw=84000.0
CAMA MILANO 2X2CON SUS NOCHEROS,LIENCILLO,4.0,LINEAL,,,,,,unidad_raw=METROS | seccion=SECCION TERMINACION | precio_unitario_raw=4000.0 | total_raw=16000.0
CAMA MILANO 2X2CON SUS NOCHEROS,GRAPAS,6.0,ESPACIADO,,,,,,unidad_raw=CAJA | seccion=SECCION TERMINACION | precio_unitario_raw=1000.0 | total_raw=6000.0
CAMA MILANO 2X2CON SUS NOCHEROS,MDF DE 9,1.0,AREA,,,,,,unidad_raw=LAMINA | seccion=SECCION TERMINACION | precio_unitario_raw=140000.0 | total_raw=140000.0
CAMA MILANO 2X2CON SUS NOCHEROS,COLBON,0.4,VOLUMEN,,,,,,unidad_raw=LITRO | seccion=SECCION TERMINACION | precio_unitario_raw=14000.0 | total_raw=5600.0
CAMA MILANO 2X2CON SUS NOCHEROS,"TORNILLOS DE 2""",40.0,ESPACIADO,,,,,,unidad_raw=UNIDAD | seccion=SECCION TERMINACION | precio_unitario_raw=100.0 | total_raw=4000.0
CAMA MILANO 2X2CON SUS NOCHEROS,PATAS DE TENDIDOS,6.0,FORMULA,,,,,,unidad_raw=TIRA | seccion=SECCION TERMINACION | precio_unitario_raw=2100.0 | total_raw=12600.0
CAMA MILANO 2X2CON SUS NOCHEROS,HECHURA,1.0,FIJO,,,,,,unidad_raw=UNIDAD | seccion=SECCION TERMINACION | precio_unitario_raw=63000.0 | total_raw=63000.0
CAMA MILANO 2X2CON SUS NOCHEROS,SECCION TAPICERIA,1.0,FORMULA,,,,,,unidad_raw=MANO DE OBRA= | seccion=SECCION TAPICERIA MANO DE OBRA=
CAMA MILANO 2X2CON SUS NOCHEROS,TELA FOCUS HIELO,1.0,FORMULA,,,,,,unidad_raw=METROS | seccion=SECCION TAPICERIA MANO DE OBRA= | precio_unitario_raw=33500.0 | total_raw=0.0
CAMA MILANO 2X2CON SUS NOCHEROS,ESPUMA 2 AZUL,0.83,AREA,,,,,,unidad_raw=LAMINA | seccion=SECCION TAPICERIA MANO DE OBRA= | precio_unitario_raw=41340.0 | total_raw=34312.2
CAMA MILANO 2X2CON SUS NOCHEROS,GRAPAS,0.5,ESPACIADO,,,,,,unidad_raw=CAJA DE GRAPAS | seccion=SECCION TAPICERIA MANO DE OBRA= | precio_unitario_raw=12000.0 | total_raw=6000.0
CAMA MILANO 2X2CON SUS NOCHEROS,TORNILLOS 2,46.0,ESPACIADO,,,,,,unidad_raw=UNIDADES | seccion=SECCION TAPICERIA MANO DE OBRA= | precio_unitario_raw=100.0 | total_raw=4600.0
CAMA MILANO 2X2CON SUS NOCHEROS,ESPUMA DE 1 1/2'' ROSADA,1.5,AREA,,,,,,unidad_raw=UNIDADES | seccion=SECCION TAPICERIA MANO DE OBRA= | precio_unitario_raw=30000.0 | total_raw=45000.0
CAMA MILANO 2X2CON SUS NOCHEROS,ESPUMA DE 1/2'' ROSADA,0.16,AREA,,,,,,unidad_raw=UNIDADES | seccion=SECCION TAPICERIA MANO DE OBRA= | precio_unitario_raw=20000.0 | total_raw=3200.0
CAMA MILANO 2X2CON SUS NOCHEROS,"ESPUMA 1,1/2 BLANCA",1.5,AREA,,,,,,unidad_raw=LAMINA | seccion=SECCION TAPICERIA MANO DE OBRA= | precio_unitario_raw=12500.0 | total_raw=18750.0
CAMA MILANO 2X2CON SUS NOCHEROS,ESPUMA 1 1/2'' AZUL,1.0,FORMULA,,,,,,unidad_raw=MTS | seccion=SECCION TAPICERIA MANO DE OBRA= | precio_unitario_raw=1000.0 | total_raw=0.0
CAMA MILANO 2X2CON SUS NOCHEROS,COSTAL,2.2,AREA,,,,,,unidad_raw=METROS | seccion=SECCION TAPICERIA MANO DE OBRA= | precio_unitario_raw=3500.0 | total_raw=7700.0
CAMA MILANO 2X2CON SUS NOCHEROS,HILO,0.3,FORMULA,,,,,,unidad_raw=UNIDAD | seccion=SECCION TAPICERIA MANO DE OBRA= | precio_unitario_raw=25000.0 | total_raw=7500.0
CAMA MILANO 2X2CON SUS NOCHEROS,PEGANTE DE PISTOLA,0.5,VOLUMEN,,,,,,unidad_raw=PISTOLADA | seccion=SECCION TAPICERIA MANO DE OBRA= | precio_unitario_raw=13000.0 | total_raw=6500.0
CAMA MILANO 2X2CON SUS NOCHEROS,SUPER,0.5,VOLUMEN,,,,,,unidad_raw=LITRO | seccion=SECCION TAPICERIA MANO DE OBRA= | precio_unitario_raw=19000.0 | total_raw=9500.0
CAMA MILANO 2X2CON SUS NOCHEROS,CARTON,1.0,FORMULA,,,,,,unidad_raw=UNIDADES | seccion=SECCION TAPICERIA MANO DE OBRA= | precio_unitario_raw=5500.0 | total_raw=0.0
CAMA MILANO 2X2CON SUS NOCHEROS,HECHURA,1.0,FIJO,,,,,,seccion=SECCION TAPICERIA MANO DE OBRA= | precio_unitario_raw=210000.0 | total_raw=210000.0
CAMA MILANO 2X2CON SUS NOCHEROS,LENCILLO,1.93,LINEAL,,,,,,unidad_raw=METROS | seccion=SECCION TAPICERIA MANO DE OBRA= | precio_unitario_raw=4000.0 | total_raw=7720.0
CAMA ABANANADO 1.60 CON SUS NOCHEROS,MADERA (2),1400.0,FORMULA,,,,,,unidad_raw=APAMATE | seccion=EBANISTA WILMER MANO DE OBRA= | precio_unitario_raw=140.0 | total_raw=196000.0
CAMA ABANANADO 1.60 CON SUS NOCHEROS,MDF DE 2.7,0.6,AREA,,,,,,unidad_raw=LAMINA | seccion=EBANISTA WILMER MANO DE OBRA= | precio_unitario_raw=65000.0 | total_raw=39000.0
CAMA ABANANADO 1.60 CON SUS NOCHEROS,LAMINA DE 15,0.4,AREA,,,,,,unidad_raw=LAMINA | seccion=EBANISTA WILMER MANO DE OBRA= | precio_unitario_raw=210000.0 | total_raw=84000.0
CAMA ABANANADO 1.60 CON SUS NOCHEROS,LAMINA DE 5.5,1.0,FORMULA,,,,,,unidad_raw=LAMINA | seccion=EBANISTA WILMER MANO DE OBRA= | precio_unitario_raw=130000.0 | total_raw=0.0
CAMA ABANANADO 1.60 CON SUS NOCHEROS,COLBON,0.7,VOLUMEN,,,,,,unidad_raw=LITRO | seccion=EBANISTA WILMER MANO DE OBRA= | precio_unitario_raw=14000.0 | total_raw=9800.0
CAMA ABANANADO 1.60 CON SUS NOCHEROS,GRAPAS,3.0,ESPACIADO,,,,,,unidad_raw=CAJA | seccion=EBANISTA WILMER MANO DE OBRA= | precio_unitario_raw=5000.0 | total_raw=15000.0
CAMA ABANANADO 1.60 CON SUS NOCHEROS,GANCHOS,1.0,FIJO,,,,,,unidad_raw=PAR | seccion=EBANISTA WILMER MANO DE OBRA= | precio_unitario_raw=20000.0 | total_raw=20000.0
CAMA ABANANADO 1.60 CON SUS NOCHEROS,F40,8.0,FORMULA,,,,,,unidad_raw=TIRAS | seccion=EBANISTA WILMER MANO DE OBRA= | precio_unitario_raw=1000.0 | total_raw=8000.0
CAMA ABANANADO 1.60 CON SUS NOCHEROS,"TORNILLOS DE 2""",120.0,ESPACIADO,,,,,,unidad_raw=Unidad | seccion=EBANISTA WILMER MANO DE OBRA= | precio_unitario_raw=100.0 | total_raw=12000.0
CAMA ABANANADO 1.60 CON SUS NOCHEROS,ebanisteria 300.000 x 5% de m.o,1.0,FORMULA,,,,,,seccion=EBANISTA WILMER MANO DE OBRA= | total_raw=315000.0
CAMA ABANANADO 1.60 CON SUS NOCHEROS,gastos de Ebanisteria e 10%,1.0,FORMULA,,,,,,seccion=EBANISTA WILMER MANO DE OBRA= | total_raw=69800.0
CAMA ABANANADO 1.60 CON SUS NOCHEROS,CORREDERAS 35 NORMAL,2.0,FORMULA,,,,,,unidad_raw=PAR | seccion=EBANISTA WILMER MANO DE OBRA= | precio_unitario_raw=28000.0 | total_raw=56000.0
CAMA ABANANADO 1.60 CON SUS NOCHEROS,CORREDERAS 35 PUFF,1.0,FIJO,,,,,,unidad_raw=PAR | seccion=EBANISTA WILMER MANO DE OBRA= | precio_unitario_raw=38999.0 | total_raw=0.0
CAMA ABANANADO 1.60 CON SUS NOCHEROS,MANIJAS,2.0,FORMULA,,,,,,unidad_raw=UNIDAD | seccion=EBANISTA WILMER MANO DE OBRA= | precio_unitario_raw=10000.0 | total_raw=20000.0
CAMA ABANANADO 1.60 CON SUS NOCHEROS,"MDF DE 2,7",1.0,FORMULA,,,,,,unidad_raw=1 PEDAZO DE 1.00X46=46 | seccion=EBANISTA WILMER MANO DE OBRA= | precio_unitario_raw=65000.0 | total_raw=0.0
CAMA ABANANADO 1.60 CON SUS NOCHEROS,LAM MDF 5,1.0,FORMULA,,,,,,unidad_raw=1 PEDASO DE 1.50X40=60 | seccion=EBANISTA WILMER MANO DE OBRA= | precio_unitario_raw=130000.0 | total_raw=0.0
CAMA ABANANADO 1.60 CON SUS NOCHEROS,LAM MDF 9,1.0,FORMULA,,,,,,"unidad_raw=1 PEDASO DE 1,50X40=60 | seccion=EBANISTA WILMER MANO DE OBRA= | precio_unitario_raw=140.0 | total_raw=0.0"
CAMA ABANANADO 1.60 CON SUS NOCHEROS,COLBON,1.0,FORMULA,,,,,,unidad_raw=litros | seccion=EBANISTA WILMER MANO DE OBRA= | precio_unitario_raw=14000.0 | total_raw=0.0
CAMA ABANANADO 1.60 CON SUS NOCHEROS,GRAPAS,1.0,FIJO,,,,,,unidad_raw=Unidad | seccion=EBANISTA WILMER MANO DE OBRA= | precio_unitario_raw=600.0 | total_raw=0.0
CAMA ABANANADO 1.60 CON SUS NOCHEROS,CLAVILLOS N F 40,1.0,FIJO,,,,,,unidad_raw=TIRA | seccion=EBANISTA WILMER MANO DE OBRA= | precio_unitario_raw=1000.0 | total_raw=0.0
CAMA ABANANADO 1.60 CON SUS NOCHEROS,HECHURA,2.0,FORMULA,,,,,,unidad_raw=PAR | seccion=EBANISTA WILMER MANO DE OBRA= | precio_unitario_raw=250000.0 | total_raw=500000.0
CAMA ABANANADO 1.60 CON SUS NOCHEROS,"TORNILLOS DE 2""",4.0,ESPACIADO,,,,,,unidad_raw=Unidad | seccion=EBANISTA WILMER MANO DE OBRA= | precio_unitario_raw=100.0 | total_raw=400.0
CAMA ABANANADO 1.60 CON SUS NOCHEROS,gastos de Ebanisteria e 5%,1.0,FORMULA,,,,,,seccion=EBANISTA WILMER MANO DE OBRA= | total_raw=28820.0
CAMA ABANANADO 1.60 CON SUS NOCHEROS,SECCION PINTURA Y PREPARADA,1.0,FORMULA,,,,,DE NOCHERO,seccion=SECCION PINTURA Y PREPARADA DE NOCHERO
CAMA ABANANADO 1.60 CON SUS NOCHEROS,PREPARADO JOTA,2.0,FORMULA,,,,,,unidad_raw=CON EL 5% | seccion=SECCION PINTURA Y PREPARADA DE NOCHERO | precio_unitario_raw=36750.0 | total_raw=73500.0
CAMA ABANANADO 1.60 CON SUS NOCHEROS,PINTURA ALEX,2.0,FORMULA,,,,,,unidad_raw=CON EL 5% | seccion=SECCION PINTURA Y PREPARADA DE NOCHERO | precio_unitario_raw=36750.0 | total_raw=73500.0
CAMA ABANANADO 1.60 CON SUS NOCHEROS,SELLADOR,2.0,VOLUMEN,,,,,,unidad_raw=PISTOLADAS | seccion=SECCION PINTURA Y PREPARADA DE NOCHERO | precio_unitario_raw=18000.0 | total_raw=36000.0
CAMA ABANANADO 1.60 CON SUS NOCHEROS,LIJA 400,1.5,FORMULA,,,,,,unidad_raw=unidades | seccion=SECCION PINTURA Y PREPARADA DE NOCHERO | precio_unitario_raw=2000.0 | total_raw=3000.0
CAMA ABANANADO 1.60 CON SUS NOCHEROS,NITRO,1.0,FORMULA,,,,,,unidad_raw=galon | seccion=SECCION PINTURA Y PREPARADA DE NOCHERO | precio_unitario_raw=70000.0 | total_raw=0.0
CAMA ABANANADO 1.60 CON SUS NOCHEROS,VIDRIOS,1.0,FORMULA,,,,,,unidad_raw=unidad | seccion=SECCION PINTURA Y PREPARADA DE NOCHERO | precio_unitario_raw=45000.0 | total_raw=0.0
CAMA ABANANADO 1.60 CON SUS NOCHEROS,TALCO,1.0,FIJO,,,,,,unidad_raw=unidad | seccion=SECCION PINTURA Y PREPARADA DE NOCHERO | precio_unitario_raw=3000.0 | total_raw=3000.0
CAMA ABANANADO 1.60 CON SUS NOCHEROS,TINER,1.0,FORMULA,,,,,,unidad_raw=GALON | seccion=SECCION PINTURA Y PREPARADA DE NOCHERO | precio_unitario_raw=34000.0 | total_raw=0.0
CAMA ABANANADO 1.60 CON SUS NOCHEROS,TOPES,1.0,FORMULA,,,,,,unidad_raw=JALADORES | seccion=SECCION PINTURA Y PREPARADA DE NOCHERO | precio_unitario_raw=3000.0 | total_raw=0.0
CAMA ABANANADO 1.60 CON SUS NOCHEROS,COLOR,2.0,VOLUMEN,,,,,,unidad_raw=PISTOLADA | seccion=SECCION PINTURA Y PREPARADA DE NOCHERO | precio_unitario_raw=22000.0 | total_raw=44000.0
CAMA ABANANADO 1.60 CON SUS NOCHEROS,COLOR,0.0,VOLUMEN,,,,,,unidad_raw=PISTOLADA | seccion=SECCION PINTURA Y PREPARADA DE NOCHERO | precio_unitario_raw=22000.0 | total_raw=0.0
CAMA ABANANADO 1.60 CON SUS NOCHEROS,ENCINA,1.0,FORMULA,,,,,,unidad_raw=galon | seccion=SECCION PINTURA Y PREPARADA DE NOCHERO | precio_unitario_raw=160000.0 | total_raw=0.0
CAMA ABANANADO 1.60 CON SUS NOCHEROS,GASOLINA,0.1,LINEAL,,,,,,unidad_raw=ML | seccion=SECCION PINTURA Y PREPARADA DE NOCHERO | precio_unitario_raw=4500.0 | total_raw=450.0
CAMA ABANANADO 1.60 CON SUS NOCHEROS,RESANE,1.0,FORMULA,,,,,,unidad_raw=LITRO | seccion=SECCION PINTURA Y PREPARADA DE NOCHERO | precio_unitario_raw=20000.0 | total_raw=0.0
CAMA ABANANADO 1.60 CON SUS NOCHEROS,LACA S/M,1.5,VOLUMEN,,,,,,unidad_raw=PISTOLADA | seccion=SECCION PINTURA Y PREPARADA DE NOCHERO | precio_unitario_raw=23000.0 | total_raw=34500.0
CAMA ABANANADO 1.60 CON SUS NOCHEROS,Gastos de Pintura 10%,1.0,FORMULA,,,,,,seccion=SECCION PINTURA Y PREPARADA DE NOCHERO | total_raw=26795.0
CAMA ABANANADO 1.60 CON SUS NOCHEROS,SECCION PINTURA Y PREPARADA,1.0,FORMULA,,,,,PATAS,seccion=SECCION PINTURA Y PREPARADA PATAS
CAMA ABANANADO 1.60 CON SUS NOCHEROS,PREPARADO JOTA,1.0,FORMULA,,,,,,unidad_raw=CON EL 5% | seccion=SECCION PINTURA Y PREPARADA PATAS | precio_unitario_raw=63000.0 | total_raw=0.0
CAMA ABANANADO 1.60 CON SUS NOCHEROS,PINTURA ALEX,1.0,FORMULA,,,,,,unidad_raw=CON EL 5% | seccion=SECCION PINTURA Y PREPARADA PATAS | precio_unitario_raw=26250.0 | total_raw=0.0
CAMA ABANANADO 1.60 CON SUS NOCHEROS,PINTURA DE PATAS ALEX,1.0,FIJO,,,,,,seccion=SECCION PINTURA Y PREPARADA PATAS | precio_unitario_raw=2100.0 | total_raw=0.0
CAMA ABANANADO 1.60 CON SUS NOCHEROS,SELLADOR,1.0,FORMULA,,,,,,unidad_raw=PISTOLADAS | seccion=SECCION PINTURA Y PREPARADA PATAS | precio_unitario_raw=18000.0 | total_raw=0.0
CAMA ABANANADO 1.60 CON SUS NOCHEROS,LIJA 400,1.0,FORMULA,,,,,,unidad_raw=unidades | seccion=SECCION PINTURA Y PREPARADA PATAS | precio_unitario_raw=2000.0 | total_raw=0.0
CAMA ABANANADO 1.60 CON SUS NOCHEROS,NITRO,1.0,FORMULA,,,,,,unidad_raw=galon | seccion=SECCION PINTURA Y PREPARADA PATAS | total_raw=0.0
CAMA ABANANADO 1.60 CON SUS NOCHEROS,lija 220,1.0,FORMULA,,,,,,unidad_raw=unidad | seccion=SECCION PINTURA Y PREPARADA PATAS | precio_unitario_raw=2000.0 | total_raw=0.0
CAMA ABANANADO 1.60 CON SUS NOCHEROS,lija 120,1.0,FORMULA,,,,,,unidad_raw=unidad | seccion=SECCION PINTURA Y PREPARADA PATAS | precio_unitario_raw=2000.0 | total_raw=0.0
CAMA ABANANADO 1.60 CON SUS NOCHEROS,LACA SEMIMATE,1.0,FORMULA,,,,,,unidad_raw=GALON | seccion=SECCION PINTURA Y PREPARADA PATAS | precio_unitario_raw=23000.0 | total_raw=0.0
CAMA ABANANADO 1.60 CON SUS NOCHEROS,kerosen,1.0,FORMULA,,,,,,unidad_raw=litro | seccion=SECCION PINTURA Y PREPARADA PATAS | precio_unitario_raw=18000.0 | total_raw=0.0
CAMA ABANANADO 1.60 CON SUS NOCHEROS,COLOR,1.0,FORMULA,,,,,,unidad_raw=PISTOLADA | seccion=SECCION PINTURA Y PREPARADA PATAS | precio_unitario_raw=20000.0 | total_raw=0.0
CAMA ABANANADO 1.60 CON SUS NOCHEROS,TINTE MIEL,1.0,FORMULA,,,,,,unidad_raw=galon | seccion=SECCION PINTURA Y PREPARADA PATAS | total_raw=0.0
CAMA ABANANADO 1.60 CON SUS NOCHEROS,GASOLINA,1.0,FORMULA,,,,,,unidad_raw=LITRO | seccion=SECCION PINTURA Y PREPARADA PATAS | precio_unitario_raw=4.5 | total_raw=0.0
CAMA ABANANADO 1.60 CON SUS NOCHEROS,RESANE,1.0,FORMULA,,,,,,unidad_raw=LITRO | seccion=SECCION PINTURA Y PREPARADA PATAS | precio_unitario_raw=23000.0 | total_raw=0.0
CAMA ABANANADO 1.60 CON SUS NOCHEROS,TORNIILLOS DE PATAS,16.0,FORMULA,,,,,,unidad_raw=UNIDAD | seccion=SECCION PINTURA Y PREPARADA PATAS | precio_unitario_raw=100.0 | total_raw=1600.0
CAMA ABANANADO 1.60 CON SUS NOCHEROS,Gastos de Pintura 10%,1.0,FORMULA,,,,,,seccion=SECCION PINTURA Y PREPARADA PATAS | total_raw=2400.0
CAMA ABANANADO 1.60 CON SUS NOCHEROS,TOMAS NEGROS,1.0,FORMULA,,,,,,unidad_raw=UNIDAD | seccion=SECCION TERMINACION | precio_unitario_raw=10500.0 | total_raw=0.0
CAMA ABANANADO 1.60 CON SUS NOCHEROS,REGLETA ANCHA,1.0,FORMULA,,,,,,unidad_raw=UNIDAD | seccion=SECCION TERMINACION | precio_unitario_raw=20000.0 | total_raw=0.0
CAMA ABANANADO 1.60 CON SUS NOCHEROS,REGLETA DELGADA,1.0,FORMULA,,,,,,unidad_raw=UNIDAD | seccion=SECCION TERMINACION | precio_unitario_raw=20000.0 | total_raw=0.0
CAMA ABANANADO 1.60 CON SUS NOCHEROS,LAMPARAS DE LUZ,1.0,FORMULA,,,,,,unidad_raw=UNIDADES | seccion=SECCION TERMINACION | precio_unitario_raw=100000.0 | total_raw=0.0
CAMA ABANANADO 1.60 CON SUS NOCHEROS,CABLE DE 12,1.0,FORMULA,,,,,,unidad_raw=METROS | seccion=SECCION TERMINACION | precio_unitario_raw=3000.0 | total_raw=0.0
CAMA ABANANADO 1.60 CON SUS NOCHEROS,APAGADORES,1.0,FORMULA,,,,,,unidad_raw=PAR | seccion=SECCION TERMINACION | precio_unitario_raw=1500.0 | total_raw=0.0
CAMA ABANANADO 1.60 CON SUS NOCHEROS,ENCHUFLES BLANCO MACHO,1.0,FORMULA,,,,,,unidad_raw=UNIDADES | seccion=SECCION TERMINACION | precio_unitario_raw=2000.0 | total_raw=0.0
CAMA ABANANADO 1.60 CON SUS NOCHEROS,HERRAJES DE CAMA,1.0,FORMULA,,,,,,unidad_raw=PAR | seccion=SECCION TERMINACION | precio_unitario_raw=160000.0 | total_raw=0.0
CAMA ABANANADO 1.60 CON SUS NOCHEROS,JALADORES,1.0,FIJO,,,,,,unidad_raw=UNIDAD | seccion=SECCION TERMINACION | precio_unitario_raw=26800.0 | total_raw=0.0
CAMA ABANANADO 1.60 CON SUS NOCHEROS,MULTIUSOS,1.0,FORMULA,,,,,,unidad_raw=UNIDADES | seccion=SECCION TERMINACION | precio_unitario_raw=3000.0 | total_raw=0.0
CAMA ABANANADO 1.60 CON SUS NOCHEROS,CORREDERAS,1.0,FIJO,,,,,,unidad_raw=unidades | seccion=SECCION TERMINACION | precio_unitario_raw=8000.0 | total_raw=0.0
CAMA ABANANADO 1.60 CON SUS NOCHEROS,EMBALADA,1.0,FIJO,,,,,,unidad_raw=unidades | seccion=SECCION TERMINACION | precio_unitario_raw=150000.0 | total_raw=150000.0
CAMA ABANANADO 1.60 CON SUS NOCHEROS,SECCION TENDIDO,1.0,FORMULA,,,,,,seccion=SECCION TERMINACION | total_raw=0.0
CAMA ABANANADO 1.60 CON SUS NOCHEROS,MADERA 60X1X4,600.0,FORMULA,,,,,,unidad_raw=APAMATE | seccion=SECCION TERMINACION | precio_unitario_raw=140.0 | total_raw=84000.0
CAMA ABANANADO 1.60 CON SUS NOCHEROS,LIENCILLO,4.0,LINEAL,,,,,,unidad_raw=METROS | seccion=SECCION TERMINACION | precio_unitario_raw=4000.0 | total_raw=16000.0
CAMA ABANANADO 1.60 CON SUS NOCHEROS,GRAPAS,6.0,ESPACIADO,,,,,,unidad_raw=CAJA | seccion=SECCION TERMINACION | precio_unitario_raw=1000.0 | total_raw=6000.0
CAMA ABANANADO 1.60 CON SUS NOCHEROS,MDF DE 9,1.0,AREA,,,,,,unidad_raw=LAMINA | seccion=SECCION TERMINACION | precio_unitario_raw=140000.0 | total_raw=140000.0
CAMA ABANANADO 1.60 CON SUS NOCHEROS,COLBON,0.4,VOLUMEN,,,,,,unidad_raw=LITRO | seccion=SECCION TERMINACION | precio_unitario_raw=14000.0 | total_raw=5600.0
CAMA ABANANADO 1.60 CON SUS NOCHEROS,"TORNILLOS DE 2""",40.0,ESPACIADO,,,,,,unidad_raw=UNIDAD | seccion=SECCION TERMINACION | precio_unitario_raw=100.0 | total_raw=4000.0
CAMA ABANANADO 1.60 CON SUS NOCHEROS,PATAS DE TENDIDOS,6.0,FORMULA,,,,,,unidad_raw=TIRA | seccion=SECCION TERMINACION | precio_unitario_raw=2100.0 | total_raw=12600.0
CAMA ABANANADO 1.60 CON SUS NOCHEROS,HECHURA,1.0,FIJO,,,,,,unidad_raw=UNIDAD | seccion=SECCION TERMINACION | precio_unitario_raw=63000.0 | total_raw=63000.0
CAMA ABANANADO 1.60 CON SUS NOCHEROS,SECCION TAPICERIA,1.0,FORMULA,,,,,,unidad_raw=MANO DE OBRA= | seccion=SECCION TAPICERIA MANO DE OBRA=
CAMA ABANANADO 1.60 CON SUS NOCHEROS,TELA FOCUS HIELO,13.0,AREA,,,,,,unidad_raw=METROS | seccion=SECCION TAPICERIA MANO DE OBRA= | precio_unitario_raw=33500.0 | total_raw=435500.0
CAMA ABANANADO 1.60 CON SUS NOCHEROS,ESPUMA 2 AZUL,2.5,AREA,,,,,,unidad_raw=LAMINA | seccion=SECCION TAPICERIA MANO DE OBRA= | precio_unitario_raw=41340.0 | total_raw=103350.0
CAMA ABANANADO 1.60 CON SUS NOCHEROS,GRAPAS,0.5,ESPACIADO,,,,,,unidad_raw=CAJA DE GRAPAS | seccion=SECCION TAPICERIA MANO DE OBRA= | precio_unitario_raw=12000.0 | total_raw=6000.0
CAMA ABANANADO 1.60 CON SUS NOCHEROS,TORNILLOS 2,20.0,ESPACIADO,,,,,,unidad_raw=UNIDADES | seccion=SECCION TAPICERIA MANO DE OBRA= | precio_unitario_raw=100.0 | total_raw=2000.0
CAMA ABANANADO 1.60 CON SUS NOCHEROS,ESPUMA DE 1 1/2'' ROSADA,5.0,AREA,,,,,,unidad_raw=UNIDADES | seccion=SECCION TAPICERIA MANO DE OBRA= | precio_unitario_raw=30000.0 | total_raw=150000.0
CAMA ABANANADO 1.60 CON SUS NOCHEROS,ESPUMA 1 BLANCA,1.0,FORMULA,,,,,,unidad_raw=LAMINA | seccion=SECCION TAPICERIA MANO DE OBRA= | precio_unitario_raw=9804.0 | total_raw=0.0
CAMA ABANANADO 1.60 CON SUS NOCHEROS,ESPUMA 1 1/2'' AZUL,1.0,FORMULA,,,,,,unidad_raw=MTS | seccion=SECCION TAPICERIA MANO DE OBRA= | precio_unitario_raw=1000.0 | total_raw=0.0
CAMA ABANANADO 1.60 CON SUS NOCHEROS,COSTAL,5.0,AREA,,,,,,unidad_raw=METROS | seccion=SECCION TAPICERIA MANO DE OBRA= | precio_unitario_raw=3500.0 | total_raw=17500.0
CAMA ABANANADO 1.60 CON SUS NOCHEROS,HILO,0.5,FORMULA,,,,,,unidad_raw=UNIDAD | seccion=SECCION TAPICERIA MANO DE OBRA= | precio_unitario_raw=25000.0 | total_raw=12500.0
CAMA ABANANADO 1.60 CON SUS NOCHEROS,PEGANTE DE PISTOLA,1.0,FORMULA,,,,,,unidad_raw=PISTOLADA | seccion=SECCION TAPICERIA MANO DE OBRA= | precio_unitario_raw=43000.0 | total_raw=0.0
CAMA ABANANADO 1.60 CON SUS NOCHEROS,SUPER,0.3,VOLUMEN,,,,,,unidad_raw=LITRO | seccion=SECCION TAPICERIA MANO DE OBRA= | precio_unitario_raw=19000.0 | total_raw=5700.0
CAMA ABANANADO 1.60 CON SUS NOCHEROS,CARTON,4.0,FORMULA,,,,,,unidad_raw=UNIDADES | seccion=SECCION TAPICERIA MANO DE OBRA= | precio_unitario_raw=5500.0 | total_raw=22000.0
CAMA ABANANADO 1.60 CON SUS NOCHEROS,HECHURA,1.0,FIJO,,,,,,seccion=SECCION TAPICERIA MANO DE OBRA= | precio_unitario_raw=210000.0 | total_raw=210000.0
CAMA ABANANADO 1.60 CON SUS NOCHEROS,LENCILLO,1.0,FORMULA,,,,,,unidad_raw=METROS | seccion=SECCION TAPICERIA MANO DE OBRA= | precio_unitario_raw=2650.0 | total_raw=0.0
CAMA BUBALU 2X2,MADERA (2),1300.0,FORMULA,,,,,,unidad_raw=APAMATE | seccion=EBANISTA WILMER MANO DE OBRA= | precio_unitario_raw=140.0 | total_raw=182000.0
CAMA BUBALU 2X2,MDF DE 3,0.5,AREA,,,,,,unidad_raw=LAMINA | seccion=EBANISTA WILMER MANO DE OBRA= | precio_unitario_raw=67000.0 | total_raw=33500.0
CAMA BUBALU 2X2,LAMINA DE 15,0.3,AREA,,,,,,unidad_raw=LAMINA | seccion=EBANISTA WILMER MANO DE OBRA= | precio_unitario_raw=220000.0 | total_raw=66000.0
CAMA BUBALU 2X2,LAMINA DE 5.5,0.75,AREA,,,,,,unidad_raw=LAMINA | seccion=EBANISTA WILMER MANO DE OBRA= | precio_unitario_raw=140000.0 | total_raw=105000.0
CAMA BUBALU 2X2,COLBON,2.0,VOLUMEN,,,,,,unidad_raw=LITRO | seccion=EBANISTA WILMER MANO DE OBRA= | precio_unitario_raw=14000.0 | total_raw=28000.0
CAMA BUBALU 2X2,GRAPAS,0.5,ESPACIADO,,,,,,unidad_raw=CAJA | seccion=EBANISTA WILMER MANO DE OBRA= | precio_unitario_raw=12000.0 | total_raw=6000.0
CAMA BUBALU 2X2,GANCHOS,1.0,FIJO,,,,,,unidad_raw=PAR | seccion=EBANISTA WILMER MANO DE OBRA= | precio_unitario_raw=20000.0 | total_raw=20000.0
CAMA BUBALU 2X2,F40,7.0,FORMULA,,,,,,unidad_raw=TIRAS | seccion=EBANISTA WILMER MANO DE OBRA= | precio_unitario_raw=1000.0 | total_raw=7000.0
CAMA BUBALU 2X2,"TORNILLOS DE 2""",250.0,ESPACIADO,,,,,,unidad_raw=Unidad | seccion=EBANISTA WILMER MANO DE OBRA= | precio_unitario_raw=100.0 | total_raw=25000.0
CAMA BUBALU 2X2,ebanisteria 300.000 x 5% de m.o,1.0,FORMULA,,,,,,seccion=EBANISTA WILMER MANO DE OBRA= | total_raw=315000.0
CAMA BUBALU 2X2,gastos de Ebanisteria e 10%,1.0,FORMULA,,,,,,seccion=EBANISTA WILMER MANO DE OBRA= | total_raw=78750.0
CAMA BUBALU 2X2,CORREDERAS 35 NORMAL,2.0,FORMULA,,,,,,unidad_raw=PAR | seccion=EBANISTA WILMER MANO DE OBRA= | precio_unitario_raw=250000.0 | total_raw=500000.0
CAMA BUBALU 2X2,CORREDERAS,4.0,FORMULA,,,,,,unidad_raw=1 PEDAZO DE 1.00X46=46 | seccion=EBANISTA WILMER MANO DE OBRA= | precio_unitario_raw=15000.0 | total_raw=60000.0
CAMA BUBALU 2X2,LAM MDF 5,1.0,FORMULA,,,,,,unidad_raw=1 PEDASO DE 1.50X40=60 | seccion=EBANISTA WILMER MANO DE OBRA= | precio_unitario_raw=130000.0 | total_raw=0.0
CAMA BUBALU 2X2,LAM MDF 9,1.0,FORMULA,,,,,,"unidad_raw=1 PEDASO DE 1,50X40=60 | seccion=EBANISTA WILMER MANO DE OBRA= | precio_unitario_raw=140.0"
CAMA BUBALU 2X2,COLBON,1.0,FORMULA,,,,,,unidad_raw=litros | seccion=EBANISTA WILMER MANO DE OBRA= | precio_unitario_raw=14000.0 | total_raw=0.0
CAMA BUBALU 2X2,GRAPAS,1.0,FIJO,,,,,,unidad_raw=Unidad | seccion=EBANISTA WILMER MANO DE OBRA= | precio_unitario_raw=600.0 | total_raw=0.0
CAMA BUBALU 2X2,CLAVILLOS N F 40,1.0,FIJO,,,,,,unidad_raw=TIRA | seccion=EBANISTA WILMER MANO DE OBRA= | precio_unitario_raw=1000.0 | total_raw=0.0
CAMA BUBALU 2X2,HECHURA,1.0,FIJO,,,,,,unidad_raw=PAR | seccion=EBANISTA WILMER MANO DE OBRA= | precio_unitario_raw=157500.0 | total_raw=0.0
CAMA BUBALU 2X2,"TORNILLOS DE 2""",1.0,FIJO,,,,,,unidad_raw=Unidad | seccion=EBANISTA WILMER MANO DE OBRA= | precio_unitario_raw=100.0 | total_raw=0.0
CAMA BUBALU 2X2,gastos de Ebanisteria e 5%,1.0,FORMULA,,,,,,seccion=EBANISTA WILMER MANO DE OBRA= | total_raw=28000.0
CAMA BUBALU 2X2,SECCION PINTURA Y PREPARADA,1.0,FORMULA,,,,,DE NOCHERO,seccion=SECCION PINTURA Y PREPARADA DE NOCHERO
CAMA BUBALU 2X2,PREPARADO JOTA,2.0,FORMULA,,,,,,unidad_raw=CON EL 5% | seccion=SECCION PINTURA Y PREPARADA DE NOCHERO | precio_unitario_raw=36750.0 | total_raw=73500.0
CAMA BUBALU 2X2,PINTURA ALEX,2.0,FORMULA,,,,,,unidad_raw=CON EL 5% | seccion=SECCION PINTURA Y PREPARADA DE NOCHERO | precio_unitario_raw=36750.0 | total_raw=73500.0
CAMA BUBALU 2X2,SELLADOR,2.5,VOLUMEN,,,,,,unidad_raw=PISTOLADAS | seccion=SECCION PINTURA Y PREPARADA DE NOCHERO | precio_unitario_raw=18000.0 | total_raw=45000.0
CAMA BUBALU 2X2,LIJA 400,2.0,FORMULA,,,,,,unidad_raw=unidades | seccion=SECCION PINTURA Y PREPARADA DE NOCHERO | precio_unitario_raw=2000.0 | total_raw=4000.0
CAMA BUBALU 2X2,NITRO,1.0,FORMULA,,,,,,unidad_raw=galon | seccion=SECCION PINTURA Y PREPARADA DE NOCHERO | precio_unitario_raw=70000.0 | total_raw=0.0
CAMA BUBALU 2X2,VIDRIOS,1.0,FORMULA,,,,,,unidad_raw=unidad | seccion=SECCION PINTURA Y PREPARADA DE NOCHERO | precio_unitario_raw=45000.0 | total_raw=0.0
CAMA BUBALU 2X2,TALCO,1.0,FORMULA,,,,,,unidad_raw=unidad | seccion=SECCION PINTURA Y PREPARADA DE NOCHERO | precio_unitario_raw=2500.0 | total_raw=0.0
CAMA BUBALU 2X2,TINER,1.0,FORMULA,,,,,,unidad_raw=GALON | seccion=SECCION PINTURA Y PREPARADA DE NOCHERO | precio_unitario_raw=34000.0 | total_raw=0.0
CAMA BUBALU 2X2,TOPES,1.0,FORMULA,,,,,,unidad_raw=JALADORES | seccion=SECCION PINTURA Y PREPARADA DE NOCHERO | precio_unitario_raw=3000.0 | total_raw=0.0
CAMA BUBALU 2X2,BLANCO POLIURETANO,1.5,VOLUMEN,,,,,,unidad_raw=PISTOLADA | seccion=SECCION PINTURA Y PREPARADA DE NOCHERO | precio_unitario_raw=57500.0 | total_raw=86250.0
CAMA BUBALU 2X2,COLOR,2.0,VOLUMEN,,,,,,unidad_raw=PISTOLADA | seccion=SECCION PINTURA Y PREPARADA DE NOCHERO | precio_unitario_raw=22000.0 | total_raw=44000.0
CAMA BUBALU 2X2,ENCINA,1.0,FORMULA,,,,,,unidad_raw=galon | seccion=SECCION PINTURA Y PREPARADA DE NOCHERO | precio_unitario_raw=160000.0 | total_raw=0.0
CAMA BUBALU 2X2,GASOLINA,0.5,LINEAL,,,,,,unidad_raw=ML | seccion=SECCION PINTURA Y PREPARADA DE NOCHERO | precio_unitario_raw=4500.0 | total_raw=2250.0
CAMA BUBALU 2X2,RESANE,0.5,VOLUMEN,,,,,,unidad_raw=LITRO | seccion=SECCION PINTURA Y PREPARADA DE NOCHERO | precio_unitario_raw=20000.0 | total_raw=10000.0
CAMA BUBALU 2X2,LACA S/M,2.0,VOLUMEN,,,,,,unidad_raw=PISTOLADA | seccion=SECCION PINTURA Y PREPARADA DE NOCHERO | precio_unitario_raw=23000.0 | total_raw=46000.0
CAMA BUBALU 2X2,Gastos de Pintura 10%,1.0,FORMULA,,,,,,seccion=SECCION PINTURA Y PREPARADA DE NOCHERO | total_raw=38450.0
CAMA BUBALU 2X2,SECCION PINTURA Y PREPARADA,1.0,FORMULA,,,,,PATAS,seccion=SECCION PINTURA Y PREPARADA PATAS
CAMA BUBALU 2X2,PREPARADO JOTA,8.0,FORMULA,,,,,,unidad_raw=CON EL 5% | seccion=SECCION PINTURA Y PREPARADA PATAS | precio_unitario_raw=1050.0 | total_raw=8400.0
CAMA BUBALU 2X2,PINTURA ALEX,8.0,FORMULA,,,,,,unidad_raw=CON EL 5% | seccion=SECCION PINTURA Y PREPARADA PATAS | precio_unitario_raw=2100.0 | total_raw=16800.0
CAMA BUBALU 2X2,PINTURA DE PATAS ALEX,1.0,FIJO,,,,,,seccion=SECCION PINTURA Y PREPARADA PATAS | precio_unitario_raw=2100.0 | total_raw=0.0
CAMA BUBALU 2X2,SELLADOR,0.23,VOLUMEN,,,,,,unidad_raw=PISTOLADAS | seccion=SECCION PINTURA Y PREPARADA PATAS | precio_unitario_raw=18000.0 | total_raw=4140.0
CAMA BUBALU 2X2,LIJA 400,0.5,FORMULA,,,,,,unidad_raw=unidades | seccion=SECCION PINTURA Y PREPARADA PATAS | precio_unitario_raw=2000.0 | total_raw=1000.0
CAMA BUBALU 2X2,NITRO,1.0,FORMULA,,,,,,unidad_raw=galon | seccion=SECCION PINTURA Y PREPARADA PATAS | total_raw=0.0
CAMA BUBALU 2X2,lija 220,1.0,FORMULA,,,,,,unidad_raw=unidad | seccion=SECCION PINTURA Y PREPARADA PATAS | precio_unitario_raw=2000.0 | total_raw=0.0
CAMA BUBALU 2X2,lija 120,1.0,FORMULA,,,,,,unidad_raw=unidad | seccion=SECCION PINTURA Y PREPARADA PATAS | precio_unitario_raw=2000.0 | total_raw=0.0
CAMA BUBALU 2X2,LACA SEMIMATE,0.2,VOLUMEN,,,,,,unidad_raw=GALON | seccion=SECCION PINTURA Y PREPARADA PATAS | precio_unitario_raw=23000.0 | total_raw=4600.0
CAMA BUBALU 2X2,kerosen,1.0,FORMULA,,,,,,unidad_raw=litro | seccion=SECCION PINTURA Y PREPARADA PATAS | precio_unitario_raw=18000.0 | total_raw=0.0
CAMA BUBALU 2X2,COLOR,0.25,VOLUMEN,,,,,,unidad_raw=PISTOLADA | seccion=SECCION PINTURA Y PREPARADA PATAS | precio_unitario_raw=22000.0 | total_raw=5500.0
CAMA BUBALU 2X2,TINTE MIEL,1.0,FORMULA,,,,,,unidad_raw=galon | seccion=SECCION PINTURA Y PREPARADA PATAS | total_raw=0.0
CAMA BUBALU 2X2,GASOLINA,1.0,FORMULA,,,,,,unidad_raw=LITRO | seccion=SECCION PINTURA Y PREPARADA PATAS | precio_unitario_raw=4.5 | total_raw=0.0
CAMA BUBALU 2X2,RESANE,1.0,FORMULA,,,,,,unidad_raw=LITRO | seccion=SECCION PINTURA Y PREPARADA PATAS | precio_unitario_raw=23000.0 | total_raw=0.0
CAMA BUBALU 2X2,LACA BRILLANTE,1.0,FORMULA,,,,,,unidad_raw=PISTOLADA | seccion=SECCION PINTURA Y PREPARADA PATAS | precio_unitario_raw=23000.0 | total_raw=0.0
CAMA BUBALU 2X2,Gastos de Pintura 10%,1.0,FORMULA,,,,,,seccion=SECCION PINTURA Y PREPARADA PATAS | total_raw=32095.1
CAMA BUBALU 2X2,TOMAS NEGROS,1.0,FORMULA,,,,,,unidad_raw=UNIDAD | seccion=SECCION TERMINACION | precio_unitario_raw=10500.0 | total_raw=0.0
CAMA BUBALU 2X2,REGLETA ANCHA,1.0,FORMULA,,,,,,unidad_raw=UNIDAD | seccion=SECCION TERMINACION | precio_unitario_raw=20000.0 | total_raw=0.0
CAMA BUBALU 2X2,REGLETA DELGADA,1.0,FORMULA,,,,,,unidad_raw=UNIDAD | seccion=SECCION TERMINACION | precio_unitario_raw=20000.0 | total_raw=0.0
CAMA BUBALU 2X2,LAMPARAS DE LUZ,1.0,FORMULA,,,,,,unidad_raw=UNIDADES | seccion=SECCION TERMINACION | precio_unitario_raw=100000.0 | total_raw=0.0
CAMA BUBALU 2X2,CABLE DE 12,1.0,FORMULA,,,,,,unidad_raw=METROS | seccion=SECCION TERMINACION | precio_unitario_raw=3000.0 | total_raw=0.0
CAMA BUBALU 2X2,APAGADORES,1.0,FORMULA,,,,,,unidad_raw=PAR | seccion=SECCION TERMINACION | precio_unitario_raw=1500.0 | total_raw=0.0
CAMA BUBALU 2X2,ENCHUFLES BLANCO MACHO,1.0,FORMULA,,,,,,unidad_raw=UNIDADES | seccion=SECCION TERMINACION | precio_unitario_raw=2000.0 | total_raw=0.0
CAMA BUBALU 2X2,HERRAJES DE CAMA,1.0,FORMULA,,,,,,unidad_raw=PAR | seccion=SECCION TERMINACION | precio_unitario_raw=160000.0 | total_raw=0.0
CAMA BUBALU 2X2,JALADORES,1.0,FIJO,,,,,,unidad_raw=UNIDAD | seccion=SECCION TERMINACION | precio_unitario_raw=26800.0 | total_raw=0.0
CAMA BUBALU 2X2,MULTIUSOS,1.0,FORMULA,,,,,,unidad_raw=UNIDADES | seccion=SECCION TERMINACION | precio_unitario_raw=3000.0 | total_raw=0.0
CAMA BUBALU 2X2,CORREDERAS,1.0,FIJO,,,,,,unidad_raw=unidades | seccion=SECCION TERMINACION | precio_unitario_raw=8000.0 | total_raw=0.0
CAMA BUBALU 2X2,EMBALADA,1.0,FIJO,,,,,,unidad_raw=unidades | seccion=SECCION TERMINACION | precio_unitario_raw=150000.0 | total_raw=150000.0
CAMA BUBALU 2X2,SECCION TENDIDO,1.0,FORMULA,,,,,,seccion=SECCION TERMINACION | total_raw=0.0
CAMA BUBALU 2X2,MADERA 60X1X4,614.0,FORMULA,,,,,,unidad_raw=APAMATE | seccion=SECCION TERMINACION | precio_unitario_raw=140.0 | total_raw=85960.0
CAMA BUBALU 2X2,PEOPE,2.0,FORMULA,,,,,,seccion=SECCION TERMINACION | precio_unitario_raw=3500.0 | total_raw=7000.0
CAMA BUBALU 2X2,GRAPAS,0.1,ESPACIADO,,,,,,unidad_raw=CAJA | seccion=SECCION TERMINACION | precio_unitario_raw=12000.0 | total_raw=1200.0
CAMA BUBALU 2X2,MDF DE 9,1.0,AREA,,,,,,unidad_raw=LAMINA | seccion=SECCION TERMINACION | precio_unitario_raw=140000.0 | total_raw=140000.0
CAMA BUBALU 2X2,COLBON,0.2,VOLUMEN,,,,,,unidad_raw=LITRO | seccion=SECCION TERMINACION | precio_unitario_raw=14000.0 | total_raw=2800.0
CAMA BUBALU 2X2,"TORNILLOS DE 2""",40.0,ESPACIADO,,,,,,unidad_raw=UNIDAD | seccion=SECCION TERMINACION | precio_unitario_raw=100.0 | total_raw=4000.0
CAMA BUBALU 2X2,CLAVILLO,2.0,ESPACIADO,,,,,,unidad_raw=TIRA | seccion=SECCION TERMINACION | precio_unitario_raw=1000.0 | total_raw=2000.0
CAMA BUBALU 2X2,HECHURA,1.0,FIJO,,,,,,unidad_raw=UNIDAD | seccion=SECCION TERMINACION | precio_unitario_raw=63000.0 | total_raw=63000.0
CAMA BUBALU 2X2,SECCION TAPICERIA,1.0,FORMULA,,,,,,unidad_raw=MANO DE OBRA= | seccion=SECCION TAPICERIA MANO DE OBRA=
CAMA BUBALU 2X2,TELA DIVERSA BEIS,13.0,AREA,,,,,,unidad_raw=METROS | seccion=SECCION TAPICERIA MANO DE OBRA= | precio_unitario_raw=35000.0 | total_raw=455000.0
CAMA BUBALU 2X2,ESPUMA 1/2 ROSADA,0.5,AREA,,,,,,unidad_raw=LAMINA | seccion=SECCION TAPICERIA MANO DE OBRA= | precio_unitario_raw=25125.0 | total_raw=12562.5
CAMA BUBALU 2X2,GRAPAS,1.0,ESPACIADO,,,,,,unidad_raw=CAJA DE GRAPAS | seccion=SECCION TAPICERIA MANO DE OBRA= | precio_unitario_raw=12000.0 | total_raw=12000.0
CAMA BUBALU 2X2,PATAS L PLATEADAS,1.0,FIJO,,,,,,unidad_raw=UNIDADES | seccion=SECCION TAPICERIA MANO DE OBRA= | precio_unitario_raw=8000.0 | total_raw=0.0
CAMA BUBALU 2X2,TORNILLOS,1.0,FIJO,,,,,,unidad_raw=UNIDADES | seccion=SECCION TAPICERIA MANO DE OBRA= | precio_unitario_raw=100.0 | total_raw=0.0
CAMA BUBALU 2X2,ESPUMA DE 1 1/2'' ROSADA,1.0,AREA,,,,,,unidad_raw=UNIDADES | seccion=SECCION TAPICERIA MANO DE OBRA= | precio_unitario_raw=30000.0 | total_raw=30000.0
CAMA BUBALU 2X2,ESPUMA 2 AZUL,2.0,AREA,,,,,,unidad_raw=LAMINA | seccion=SECCION TAPICERIA MANO DE OBRA= | precio_unitario_raw=40000.0 | total_raw=80000.0
CAMA BUBALU 2X2,ESPUMA 1 1/2'' AZUL,1.0,FORMULA,,,,,,unidad_raw=MTS | seccion=SECCION TAPICERIA MANO DE OBRA= | precio_unitario_raw=30000.0 | total_raw=0.0
CAMA BUBALU 2X2,COSTAL,1.0,FORMULA,,,,,,unidad_raw=METROS | seccion=SECCION TAPICERIA MANO DE OBRA= | precio_unitario_raw=4000.0 | total_raw=0.0
CAMA BUBALU 2X2,HILO,0.5,FORMULA,,,,,,unidad_raw=UNIDAD | seccion=SECCION TAPICERIA MANO DE OBRA= | precio_unitario_raw=28000.0 | total_raw=14000.0
CAMA BUBALU 2X2,CABULLA,0.5,FORMULA,,,,,,seccion=SECCION TAPICERIA MANO DE OBRA= | precio_unitario_raw=18000.0 | total_raw=9000.0
CAMA BUBALU 2X2,CANAMO,1.0,FORMULA,,,,,,unidad_raw=ROLLO | seccion=SECCION TAPICERIA MANO DE OBRA= | precio_unitario_raw=12000.0 | total_raw=0.0
CAMA BUBALU 2X2,SUPER,2.0,VOLUMEN,,,,,,unidad_raw=LITRO | seccion=SECCION TAPICERIA MANO DE OBRA= | precio_unitario_raw=19000.0 | total_raw=38000.0
CAMA BUBALU 2X2,CARTON,4.0,FORMULA,,,,,,unidad_raw=UNIDADES | seccion=SECCION TAPICERIA MANO DE OBRA= | precio_unitario_raw=5000.0 | total_raw=20000.0
CAMA BUBALU 2X2,HECHURA,1.0,FIJO,,,,,,unidad_raw=CAMA | seccion=SECCION TAPICERIA MANO DE OBRA= | precio_unitario_raw=210000.0 | total_raw=210000.0
CAMA BUBALU 2X2,LENCILLO,4.0,LINEAL,,,,,,unidad_raw=METROS | seccion=SECCION TAPICERIA MANO DE OBRA= | precio_unitario_raw=3500.0 | total_raw=14000.0
CAMA MODELO MINIMALISTA 2X2,MADERA (2),800.0,FORMULA,,,,,,unidad_raw=APAMATE | seccion=EBANISTA WILMER MANO DE OBRA= | precio_unitario_raw=140.0 | total_raw=112000.0
CAMA MODELO MINIMALISTA 2X2,MDF DE 3,1.0,AREA,,,,,,unidad_raw=LAMINA | seccion=EBANISTA WILMER MANO DE OBRA= | precio_unitario_raw=67000.0 | total_raw=67000.0
CAMA MODELO MINIMALISTA 2X2,LAMINA DE 15,0.25,AREA,,,,,,unidad_raw=LAMINA | seccion=EBANISTA WILMER MANO DE OBRA= | precio_unitario_raw=220000.0 | total_raw=55000.0
CAMA MODELO MINIMALISTA 2X2,LAMINA DE 5.5,1.0,FORMULA,,,,,,unidad_raw=LAMINA | seccion=EBANISTA WILMER MANO DE OBRA= | precio_unitario_raw=140000.0 | total_raw=0.0
CAMA MODELO MINIMALISTA 2X2,LAMINA DE 9,1.0,FORMULA,,,,,,unidad_raw=LAMINA | seccion=EBANISTA WILMER MANO DE OBRA= | precio_unitario_raw=140000.0 | total_raw=0.0
CAMA MODELO MINIMALISTA 2X2,COLBON,1.0,VOLUMEN,,,,,,unidad_raw=LITRO | seccion=EBANISTA WILMER MANO DE OBRA= | precio_unitario_raw=14000.0 | total_raw=14000.0
CAMA MODELO MINIMALISTA 2X2,GRAPAS,0.5,ESPACIADO,,,,,,unidad_raw=CAJA | seccion=EBANISTA WILMER MANO DE OBRA= | precio_unitario_raw=12000.0 | total_raw=6000.0
CAMA MODELO MINIMALISTA 2X2,GANCHOS,1.0,FIJO,,,,,,unidad_raw=PAR | seccion=EBANISTA WILMER MANO DE OBRA= | precio_unitario_raw=20000.0 | total_raw=20000.0
CAMA MODELO MINIMALISTA 2X2,F40,14.0,FORMULA,,,,,,unidad_raw=TIRAS | seccion=EBANISTA WILMER MANO DE OBRA= | precio_unitario_raw=1000.0 | total_raw=14000.0
CAMA MODELO MINIMALISTA 2X2,"TORNILLOS DE 2""",250.0,ESPACIADO,,,,,,unidad_raw=Unidad | seccion=EBANISTA WILMER MANO DE OBRA= | precio_unitario_raw=100.0 | total_raw=25000.0
CAMA MODELO MINIMALISTA 2X2,ebanisteria 300.000 x 5% de m.o,1.0,FORMULA,,,,,,seccion=EBANISTA WILMER MANO DE OBRA= | total_raw=315000.0
CAMA MODELO MINIMALISTA 2X2,gastos de Ebanisteria e 10%,1.0,FORMULA,,,,,,seccion=EBANISTA WILMER MANO DE OBRA= | total_raw=62800.0
CAMA MODELO MINIMALISTA 2X2,CORREDERAS 35 NORMAL,2.0,FORMULA,,,,,,unidad_raw=PAR | seccion=EBANISTA WILMER MANO DE OBRA= | precio_unitario_raw=250000.0 | total_raw=500000.0
CAMA MODELO MINIMALISTA 2X2,"MDF DE 2,7",1.0,FORMULA,,,,,,unidad_raw=1 PEDAZO DE 1.00X46=46 | seccion=EBANISTA WILMER MANO DE OBRA= | precio_unitario_raw=65000.0 | total_raw=0.0
CAMA MODELO MINIMALISTA 2X2,LAM MDF 5,1.0,FORMULA,,,,,,unidad_raw=1 PEDASO DE 1.50X40=60 | seccion=EBANISTA WILMER MANO DE OBRA= | precio_unitario_raw=130000.0 | total_raw=0.0
CAMA MODELO MINIMALISTA 2X2,LAM MDF 9,1.0,FORMULA,,,,,,"unidad_raw=1 PEDASO DE 1,50X40=60 | seccion=EBANISTA WILMER MANO DE OBRA= | precio_unitario_raw=140.0"
CAMA MODELO MINIMALISTA 2X2,CORREDERAS,4.0,FORMULA,,,,,,unidad_raw=UNIDADES | seccion=EBANISTA WILMER MANO DE OBRA= | precio_unitario_raw=15000.0 | total_raw=60000.0
CAMA MODELO MINIMALISTA 2X2,GRAPAS,1.0,FIJO,,,,,,unidad_raw=Unidad | seccion=EBANISTA WILMER MANO DE OBRA= | precio_unitario_raw=600.0 | total_raw=0.0
CAMA MODELO MINIMALISTA 2X2,CLAVILLOS N F 40,1.0,FIJO,,,,,,unidad_raw=TIRA | seccion=EBANISTA WILMER MANO DE OBRA= | precio_unitario_raw=1000.0 | total_raw=0.0
CAMA MODELO MINIMALISTA 2X2,HECHURA,1.0,FIJO,,,,,,unidad_raw=PAR | seccion=EBANISTA WILMER MANO DE OBRA= | precio_unitario_raw=157500.0 | total_raw=0.0
CAMA MODELO MINIMALISTA 2X2,"TORNILLOS DE 2""",1.0,FIJO,,,,,,unidad_raw=Unidad | seccion=EBANISTA WILMER MANO DE OBRA= | precio_unitario_raw=100.0 | total_raw=0.0
CAMA MODELO MINIMALISTA 2X2,gastos de Ebanisteria e 5%,1.0,FORMULA,,,,,,seccion=EBANISTA WILMER MANO DE OBRA= | total_raw=28000.0
CAMA MODELO MINIMALISTA 2X2,SECCION PINTURA Y PREPARADA,1.0,FORMULA,,,,,DE NOCHERO,seccion=SECCION PINTURA Y PREPARADA DE NOCHERO
CAMA MODELO MINIMALISTA 2X2,PREPARADO JOTA,2.0,FORMULA,,,,,,unidad_raw=CON EL 5% | seccion=SECCION PINTURA Y PREPARADA DE NOCHERO | precio_unitario_raw=36750.0 | total_raw=73500.0
CAMA MODELO MINIMALISTA 2X2,PINTURA ALEX,2.0,FORMULA,,,,,,unidad_raw=CON EL 5% | seccion=SECCION PINTURA Y PREPARADA DE NOCHERO | precio_unitario_raw=36750.0 | total_raw=73500.0
CAMA MODELO MINIMALISTA 2X2,SELLADOR,2.5,VOLUMEN,,,,,,unidad_raw=PISTOLADAS | seccion=SECCION PINTURA Y PREPARADA DE NOCHERO | precio_unitario_raw=18000.0 | total_raw=45000.0
CAMA MODELO MINIMALISTA 2X2,LIJA 400,2.0,FORMULA,,,,,,unidad_raw=unidades | seccion=SECCION PINTURA Y PREPARADA DE NOCHERO | precio_unitario_raw=2000.0 | total_raw=4000.0
CAMA MODELO MINIMALISTA 2X2,NITRO,1.0,FORMULA,,,,,,unidad_raw=galon | seccion=SECCION PINTURA Y PREPARADA DE NOCHERO | precio_unitario_raw=70000.0 | total_raw=0.0
CAMA MODELO MINIMALISTA 2X2,VIDRIOS,1.0,FORMULA,,,,,,unidad_raw=unidad | seccion=SECCION PINTURA Y PREPARADA DE NOCHERO | precio_unitario_raw=45000.0 | total_raw=0.0
CAMA MODELO MINIMALISTA 2X2,TALCO,1.0,FORMULA,,,,,,unidad_raw=unidad | seccion=SECCION PINTURA Y PREPARADA DE NOCHERO | precio_unitario_raw=2500.0 | total_raw=0.0
CAMA MODELO MINIMALISTA 2X2,TINER,1.0,FORMULA,,,,,,unidad_raw=GALON | seccion=SECCION PINTURA Y PREPARADA DE NOCHERO | precio_unitario_raw=34000.0 | total_raw=0.0
CAMA MODELO MINIMALISTA 2X2,TOPES,1.0,FORMULA,,,,,,unidad_raw=JALADORES | seccion=SECCION PINTURA Y PREPARADA DE NOCHERO | precio_unitario_raw=3000.0 | total_raw=0.0
CAMA MODELO MINIMALISTA 2X2,BLANCO POLIURETANO,1.5,VOLUMEN,,,,,,unidad_raw=PISTOLADA | seccion=SECCION PINTURA Y PREPARADA DE NOCHERO | precio_unitario_raw=57500.0 | total_raw=86250.0
CAMA MODELO MINIMALISTA 2X2,COLOR,2.0,VOLUMEN,,,,,,unidad_raw=PISTOLADA | seccion=SECCION PINTURA Y PREPARADA DE NOCHERO | precio_unitario_raw=22000.0 | total_raw=44000.0
CAMA MODELO MINIMALISTA 2X2,ENCINA,1.0,FORMULA,,,,,,unidad_raw=galon | seccion=SECCION PINTURA Y PREPARADA DE NOCHERO | precio_unitario_raw=160000.0 | total_raw=0.0
CAMA MODELO MINIMALISTA 2X2,GASOLINA,0.5,LINEAL,,,,,,unidad_raw=ML | seccion=SECCION PINTURA Y PREPARADA DE NOCHERO | precio_unitario_raw=4500.0 | total_raw=2250.0
CAMA MODELO MINIMALISTA 2X2,RESANE,0.5,VOLUMEN,,,,,,unidad_raw=LITRO | seccion=SECCION PINTURA Y PREPARADA DE NOCHERO | precio_unitario_raw=20000.0 | total_raw=10000.0
CAMA MODELO MINIMALISTA 2X2,LACA S/M,2.0,VOLUMEN,,,,,,unidad_raw=PISTOLADA | seccion=SECCION PINTURA Y PREPARADA DE NOCHERO | precio_unitario_raw=23000.0 | total_raw=46000.0
CAMA MODELO MINIMALISTA 2X2,Gastos de Pintura 10%,1.0,FORMULA,,,,,,seccion=SECCION PINTURA Y PREPARADA DE NOCHERO | total_raw=38450.0
CAMA MODELO MINIMALISTA 2X2,SECCION PINTURA Y PREPARADA,1.0,FORMULA,,,,,PATAS,seccion=SECCION PINTURA Y PREPARADA PATAS
CAMA MODELO MINIMALISTA 2X2,PREPARADO JOTA,4.0,FORMULA,,,,,,unidad_raw=CON EL 5% | seccion=SECCION PINTURA Y PREPARADA PATAS | precio_unitario_raw=2625.0 | total_raw=10500.0
CAMA MODELO MINIMALISTA 2X2,PINTURA ALEX,4.0,FORMULA,,,,,,unidad_raw=CON EL 5% | seccion=SECCION PINTURA Y PREPARADA PATAS | precio_unitario_raw=3150.0 | total_raw=12600.0
CAMA MODELO MINIMALISTA 2X2,PINTURA DE PATAS ALEX,1.0,FIJO,,,,,,seccion=SECCION PINTURA Y PREPARADA PATAS | precio_unitario_raw=2100.0 | total_raw=0.0
CAMA MODELO MINIMALISTA 2X2,SELLADOR,1.0,VOLUMEN,,,,,,unidad_raw=PISTOLADAS | seccion=SECCION PINTURA Y PREPARADA PATAS | precio_unitario_raw=18000.0 | total_raw=18000.0
CAMA MODELO MINIMALISTA 2X2,LIJA 400,1.0,FORMULA,,,,,,unidad_raw=unidades | seccion=SECCION PINTURA Y PREPARADA PATAS | precio_unitario_raw=2000.0 | total_raw=0.0
CAMA MODELO MINIMALISTA 2X2,NITRO,1.0,FORMULA,,,,,,unidad_raw=galon | seccion=SECCION PINTURA Y PREPARADA PATAS | total_raw=0.0
CAMA MODELO MINIMALISTA 2X2,lija 220,1.5,FORMULA,,,,,,unidad_raw=unidad | seccion=SECCION PINTURA Y PREPARADA PATAS | precio_unitario_raw=2000.0 | total_raw=3000.0
CAMA MODELO MINIMALISTA 2X2,lija 120,1.0,FORMULA,,,,,,unidad_raw=unidad | seccion=SECCION PINTURA Y PREPARADA PATAS | precio_unitario_raw=2000.0 | total_raw=0.0
CAMA MODELO MINIMALISTA 2X2,LACA SEMIMATE,0.5,VOLUMEN,,,,,,unidad_raw=GALON | seccion=SECCION PINTURA Y PREPARADA PATAS | precio_unitario_raw=23000.0 | total_raw=11500.0
CAMA MODELO MINIMALISTA 2X2,kerosen,1.0,FORMULA,,,,,,unidad_raw=litro | seccion=SECCION PINTURA Y PREPARADA PATAS | precio_unitario_raw=18000.0 | total_raw=0.0
CAMA MODELO MINIMALISTA 2X2,COLOR,0.5,VOLUMEN,,,,,,unidad_raw=PISTOLADA | seccion=SECCION PINTURA Y PREPARADA PATAS | precio_unitario_raw=22000.0 | total_raw=11000.0
CAMA MODELO MINIMALISTA 2X2,TINTE MIEL,1.0,FORMULA,,,,,,unidad_raw=galon | seccion=SECCION PINTURA Y PREPARADA PATAS | total_raw=0.0
CAMA MODELO MINIMALISTA 2X2,GASOLINA,1.0,FORMULA,,,,,,unidad_raw=LITRO | seccion=SECCION PINTURA Y PREPARADA PATAS | precio_unitario_raw=4.5 | total_raw=0.0
CAMA MODELO MINIMALISTA 2X2,RESANE,1.0,FORMULA,,,,,,unidad_raw=LITRO | seccion=SECCION PINTURA Y PREPARADA PATAS | precio_unitario_raw=23000.0 | total_raw=0.0
CAMA MODELO MINIMALISTA 2X2,LACA BRILLANTE,1.0,FORMULA,,,,,,unidad_raw=PISTOLADA | seccion=SECCION PINTURA Y PREPARADA PATAS | precio_unitario_raw=23000.0 | total_raw=0.0
CAMA MODELO MINIMALISTA 2X2,Gastos de Pintura 10%,1.0,FORMULA,,,,,,seccion=SECCION PINTURA Y PREPARADA PATAS | total_raw=6600.0
CAMA MODELO MINIMALISTA 2X2,COLAPATOS,1.0,FIJO,,,,,,unidad_raw=PARES | seccion=SECCION TERMINACION | precio_unitario_raw=40000.0 | total_raw=40000.0
CAMA MODELO MINIMALISTA 2X2,MULTIUSOS,2.0,FORMULA,,,,,,unidad_raw=PARES | seccion=SECCION TERMINACION | precio_unitario_raw=6000.0 | total_raw=12000.0
CAMA MODELO MINIMALISTA 2X2,REGLETA DELGADA,1.0,FORMULA,,,,,,unidad_raw=UNIDAD | seccion=SECCION TERMINACION | precio_unitario_raw=20000.0 | total_raw=0.0
CAMA MODELO MINIMALISTA 2X2,LAMPARAS DE LUZ,1.0,FORMULA,,,,,,unidad_raw=UNIDADES | seccion=SECCION TERMINACION | precio_unitario_raw=100000.0 | total_raw=0.0
CAMA MODELO MINIMALISTA 2X2,CABLE DE 12,1.0,FORMULA,,,,,,unidad_raw=METROS | seccion=SECCION TERMINACION | precio_unitario_raw=3000.0 | total_raw=0.0
CAMA MODELO MINIMALISTA 2X2,APAGADORES,1.0,FORMULA,,,,,,unidad_raw=PAR | seccion=SECCION TERMINACION | precio_unitario_raw=1500.0 | total_raw=0.0
CAMA MODELO MINIMALISTA 2X2,ENCHUFLES BLANCO MACHO,1.0,FORMULA,,,,,,unidad_raw=UNIDADES | seccion=SECCION TERMINACION | precio_unitario_raw=2000.0 | total_raw=0.0
CAMA MODELO MINIMALISTA 2X2,HERRAJES DE CAMA,1.0,FORMULA,,,,,,unidad_raw=PAR | seccion=SECCION TERMINACION | precio_unitario_raw=160000.0 | total_raw=0.0
CAMA MODELO MINIMALISTA 2X2,JALADORES,1.0,FIJO,,,,,,unidad_raw=UNIDAD | seccion=SECCION TERMINACION | precio_unitario_raw=26800.0 | total_raw=0.0
CAMA MODELO MINIMALISTA 2X2,MULTIUSOS,1.0,FORMULA,,,,,,unidad_raw=UNIDADES | seccion=SECCION TERMINACION | precio_unitario_raw=3000.0 | total_raw=0.0
CAMA MODELO MINIMALISTA 2X2,CORREDERAS,1.0,FIJO,,,,,,unidad_raw=unidades | seccion=SECCION TERMINACION | precio_unitario_raw=8000.0 | total_raw=0.0
CAMA MODELO MINIMALISTA 2X2,EMBALADA,1.0,FIJO,,,,,,unidad_raw=unidades | seccion=SECCION TERMINACION | precio_unitario_raw=150000.0 | total_raw=150000.0
CAMA MODELO MINIMALISTA 2X2,SECCION TENDIDO,1.0,FORMULA,,,,,,seccion=SECCION TERMINACION | total_raw=0.0
CAMA MODELO MINIMALISTA 2X2,MADERA 60X1X4,614.0,FORMULA,,,,,,unidad_raw=APAMATE | seccion=SECCION TERMINACION | precio_unitario_raw=140.0 | total_raw=85960.0
CAMA MODELO MINIMALISTA 2X2,PEOPE,2.0,FORMULA,,,,,,seccion=SECCION TERMINACION | precio_unitario_raw=3500.0 | total_raw=7000.0
CAMA MODELO MINIMALISTA 2X2,GRAPAS,0.1,ESPACIADO,,,,,,unidad_raw=CAJA | seccion=SECCION TERMINACION | precio_unitario_raw=12000.0 | total_raw=1200.0
CAMA MODELO MINIMALISTA 2X2,MDF DE 9,1.0,AREA,,,,,,unidad_raw=LAMINA | seccion=SECCION TERMINACION | precio_unitario_raw=140000.0 | total_raw=140000.0
CAMA MODELO MINIMALISTA 2X2,COLBON,0.2,VOLUMEN,,,,,,unidad_raw=LITRO | seccion=SECCION TERMINACION | precio_unitario_raw=14000.0 | total_raw=2800.0
CAMA MODELO MINIMALISTA 2X2,"TORNILLOS DE 2""",40.0,ESPACIADO,,,,,,unidad_raw=UNIDAD | seccion=SECCION TERMINACION | precio_unitario_raw=100.0 | total_raw=4000.0
CAMA MODELO MINIMALISTA 2X2,CLAVILLO,2.0,ESPACIADO,,,,,,unidad_raw=TIRA | seccion=SECCION TERMINACION | precio_unitario_raw=1000.0 | total_raw=2000.0
CAMA MODELO MINIMALISTA 2X2,HECHURA,1.0,FIJO,,,,,,unidad_raw=UNIDAD | seccion=SECCION TERMINACION | precio_unitario_raw=63000.0 | total_raw=63000.0
CAMA MODELO MINIMALISTA 2X2,SECCION TAPICERIA,1.0,FORMULA,,,,,,unidad_raw=MANO DE OBRA= | seccion=SECCION TAPICERIA MANO DE OBRA=
CAMA MODELO MINIMALISTA 2X2,TELA DIVERSA BEIS,12.0,AREA,,,,,,unidad_raw=METROS | seccion=SECCION TAPICERIA MANO DE OBRA= | precio_unitario_raw=35000.0 | total_raw=420000.0
CAMA MODELO MINIMALISTA 2X2,ESPUMA 1/2 ROSADA,1.0,FORMULA,,,,,,unidad_raw=LAMINA | seccion=SECCION TAPICERIA MANO DE OBRA= | precio_unitario_raw=25000.0 | total_raw=0.0
CAMA MODELO MINIMALISTA 2X2,GRAPAS,0.5,ESPACIADO,,,,,,unidad_raw=CAJA DE GRAPAS | seccion=SECCION TAPICERIA MANO DE OBRA= | precio_unitario_raw=12000.0 | total_raw=6000.0
CAMA MODELO MINIMALISTA 2X2,CASQUETES,1.0,FORMULA,,,,,,unidad_raw=UNIDADES | seccion=SECCION TAPICERIA MANO DE OBRA= | precio_unitario_raw=300.0 | total_raw=0.0
CAMA MODELO MINIMALISTA 2X2,TORNILLOS,1.0,FIJO,,,,,,unidad_raw=UNIDADES | seccion=SECCION TAPICERIA MANO DE OBRA= | precio_unitario_raw=100.0 | total_raw=0.0
CAMA MODELO MINIMALISTA 2X2,ESPUMA DE 1 1/2'' ROSADA,2.25,AREA,,,,,,unidad_raw=UNIDADES | seccion=SECCION TAPICERIA MANO DE OBRA= | precio_unitario_raw=30000.0 | total_raw=67500.0
CAMA MODELO MINIMALISTA 2X2,ESPUMA 2 AZUL,1.5,AREA,,,,,,unidad_raw=LAMINA | seccion=SECCION TAPICERIA MANO DE OBRA= | precio_unitario_raw=50250.0 | total_raw=75375.0
CAMA MODELO MINIMALISTA 2X2,ESPUMA 1 1/2'' AZUL,1.0,FORMULA,,,,,,unidad_raw=MTS | seccion=SECCION TAPICERIA MANO DE OBRA= | precio_unitario_raw=30000.0 | total_raw=0.0
CAMA MODELO MINIMALISTA 2X2,RIATA,0.5,LINEAL,,,,,,unidad_raw=METROS | seccion=SECCION TAPICERIA MANO DE OBRA= | precio_unitario_raw=37000.0 | total_raw=18500.0
CAMA MODELO MINIMALISTA 2X2,HILO,0.25,FORMULA,,,,,,unidad_raw=UNIDAD | seccion=SECCION TAPICERIA MANO DE OBRA= | precio_unitario_raw=25000.0 | total_raw=6250.0
CAMA MODELO MINIMALISTA 2X2,PEGANTE EPRAY,0.5,FORMULA,,,,,,unidad_raw=ROLLO | seccion=SECCION TAPICERIA MANO DE OBRA= | precio_unitario_raw=19000.0 | total_raw=9500.0
CAMA MODELO MINIMALISTA 2X2,COSTAL,2.0,AREA,,,,,,unidad_raw=METROS | seccion=SECCION TAPICERIA MANO DE OBRA= | precio_unitario_raw=3500.0 | total_raw=7000.0
CAMA MODELO MINIMALISTA 2X2,SUPER,1.0,VOLUMEN,,,,,,unidad_raw=LITRO | seccion=SECCION TAPICERIA MANO DE OBRA= | precio_unitario_raw=19000.0 | total_raw=19000.0
CAMA MODELO MINIMALISTA 2X2,CARTON,2.0,FORMULA,,,,,,unidad_raw=UNIDADES | seccion=SECCION TAPICERIA MANO DE OBRA= | precio_unitario_raw=5000.0 | total_raw=10000.0
CAMA MODELO MINIMALISTA 2X2,HECHURA,1.0,FIJO,,,,,,unidad_raw=CAMA | seccion=SECCION TAPICERIA MANO DE OBRA= | precio_unitario_raw=210000.0 | total_raw=210000.0
CAMA MODELO MINIMALISTA 2X2,LENCILLO,1.0,FORMULA,,,,,,unidad_raw=METROS | seccion=SECCION TAPICERIA MANO DE OBRA= | precio_unitario_raw=2650.0 | total_raw=0.0
CAMA CHEMBER 2X2,MADERA (2),1250.0,FORMULA,,,,,,unidad_raw=APAMATE | seccion=EBANISTA WILMER MANO DE OBRA= | precio_unitario_raw=140.0 | total_raw=175000.0
CAMA CHEMBER 2X2,MDF DE 3,1.0,AREA,,,,,,unidad_raw=LAMINA | seccion=EBANISTA WILMER MANO DE OBRA= | precio_unitario_raw=67000.0 | total_raw=67000.0
CAMA CHEMBER 2X2,LAMINA DE 15,1.0,FORMULA,,,,,,unidad_raw=LAMINA | seccion=EBANISTA WILMER MANO DE OBRA= | precio_unitario_raw=220000.0 | total_raw=0.0
CAMA CHEMBER 2X2,LAMINA DE 5.5,2.0,AREA,,,,,,unidad_raw=LAMINA | seccion=EBANISTA WILMER MANO DE OBRA= | precio_unitario_raw=140000.0 | total_raw=280000.0
CAMA CHEMBER 2X2,LAMINA DE 9,1.0,AREA,,,,,,unidad_raw=LAMINA | seccion=EBANISTA WILMER MANO DE OBRA= | precio_unitario_raw=140000.0 | total_raw=140000.0
CAMA CHEMBER 2X2,COLBON,2.0,VOLUMEN,,,,,,unidad_raw=LITRO | seccion=EBANISTA WILMER MANO DE OBRA= | precio_unitario_raw=14000.0 | total_raw=28000.0
CAMA CHEMBER 2X2,GRAPAS,0.5,ESPACIADO,,,,,,unidad_raw=CAJA | seccion=EBANISTA WILMER MANO DE OBRA= | precio_unitario_raw=12000.0 | total_raw=6000.0
CAMA CHEMBER 2X2,GANCHOS,1.0,FIJO,,,,,,unidad_raw=PAR | seccion=EBANISTA WILMER MANO DE OBRA= | precio_unitario_raw=20000.0 | total_raw=20000.0
CAMA CHEMBER 2X2,F40,14.0,FORMULA,,,,,,unidad_raw=TIRAS | seccion=EBANISTA WILMER MANO DE OBRA= | precio_unitario_raw=1000.0 | total_raw=14000.0
CAMA CHEMBER 2X2,"TORNILLOS DE 2""",250.0,ESPACIADO,,,,,,unidad_raw=Unidad | seccion=EBANISTA WILMER MANO DE OBRA= | precio_unitario_raw=100.0 | total_raw=25000.0
CAMA CHEMBER 2X2,ebanisteria 300.000 x 5% de m.o,1.0,FORMULA,,,,,,seccion=EBANISTA WILMER MANO DE OBRA= | total_raw=315000.0
CAMA CHEMBER 2X2,gastos de Ebanisteria e 10%,1.0,FORMULA,,,,,,seccion=EBANISTA WILMER MANO DE OBRA= | total_raw=107000.0
CAMA CHEMBER 2X2,CORREDERAS 35 NORMAL,2.0,FORMULA,,,,,,unidad_raw=PAR | seccion=EBANISTA WILMER MANO DE OBRA= | precio_unitario_raw=250000.0 | total_raw=500000.0
CAMA CHEMBER 2X2,"MDF DE 2,7",1.0,FORMULA,,,,,,unidad_raw=1 PEDAZO DE 1.00X46=46 | seccion=EBANISTA WILMER MANO DE OBRA= | precio_unitario_raw=65000.0 | total_raw=0.0
CAMA CHEMBER 2X2,LAM MDF 5,1.0,FORMULA,,,,,,unidad_raw=1 PEDASO DE 1.50X40=60 | seccion=EBANISTA WILMER MANO DE OBRA= | precio_unitario_raw=130000.0 | total_raw=0.0
CAMA CHEMBER 2X2,LAM MDF 9,1.0,FORMULA,,,,,,"unidad_raw=1 PEDASO DE 1,50X40=60 | seccion=EBANISTA WILMER MANO DE OBRA= | precio_unitario_raw=140.0"
CAMA CHEMBER 2X2,CORREDERAS,4.0,FORMULA,,,,,,unidad_raw=UNIDADES | seccion=EBANISTA WILMER MANO DE OBRA= | precio_unitario_raw=15000.0 | total_raw=60000.0
CAMA CHEMBER 2X2,GRAPAS,1.0,FIJO,,,,,,unidad_raw=Unidad | seccion=EBANISTA WILMER MANO DE OBRA= | precio_unitario_raw=600.0 | total_raw=0.0
CAMA CHEMBER 2X2,CLAVILLOS N F 40,1.0,FIJO,,,,,,unidad_raw=TIRA | seccion=EBANISTA WILMER MANO DE OBRA= | precio_unitario_raw=1000.0 | total_raw=0.0
CAMA CHEMBER 2X2,HECHURA,1.0,FIJO,,,,,,unidad_raw=PAR | seccion=EBANISTA WILMER MANO DE OBRA= | precio_unitario_raw=157500.0 | total_raw=0.0
CAMA CHEMBER 2X2,"TORNILLOS DE 2""",1.0,FIJO,,,,,,unidad_raw=Unidad | seccion=EBANISTA WILMER MANO DE OBRA= | precio_unitario_raw=100.0 | total_raw=0.0
CAMA CHEMBER 2X2,gastos de Ebanisteria e 5%,1.0,FORMULA,,,,,,seccion=EBANISTA WILMER MANO DE OBRA= | total_raw=28000.0
CAMA CHEMBER 2X2,SECCION PINTURA Y PREPARADA,1.0,FORMULA,,,,,DE NOCHERO,seccion=SECCION PINTURA Y PREPARADA DE NOCHERO
CAMA CHEMBER 2X2,PREPARADO JOTA,2.0,FORMULA,,,,,,unidad_raw=CON EL 5% | seccion=SECCION PINTURA Y PREPARADA DE NOCHERO | precio_unitario_raw=36750.0 | total_raw=73500.0
CAMA CHEMBER 2X2,PINTURA ALEX,2.0,FORMULA,,,,,,unidad_raw=CON EL 5% | seccion=SECCION PINTURA Y PREPARADA DE NOCHERO | precio_unitario_raw=36750.0 | total_raw=73500.0
CAMA CHEMBER 2X2,SELLADOR,2.5,VOLUMEN,,,,,,unidad_raw=PISTOLADAS | seccion=SECCION PINTURA Y PREPARADA DE NOCHERO | precio_unitario_raw=18000.0 | total_raw=45000.0
CAMA CHEMBER 2X2,LIJA 400,2.0,FORMULA,,,,,,unidad_raw=unidades | seccion=SECCION PINTURA Y PREPARADA DE NOCHERO | precio_unitario_raw=2000.0 | total_raw=4000.0
CAMA CHEMBER 2X2,NITRO,1.0,FORMULA,,,,,,unidad_raw=galon | seccion=SECCION PINTURA Y PREPARADA DE NOCHERO | precio_unitario_raw=70000.0 | total_raw=0.0
CAMA CHEMBER 2X2,VIDRIOS,1.0,FORMULA,,,,,,unidad_raw=unidad | seccion=SECCION PINTURA Y PREPARADA DE NOCHERO | precio_unitario_raw=45000.0 | total_raw=0.0
CAMA CHEMBER 2X2,TALCO,1.0,FORMULA,,,,,,unidad_raw=unidad | seccion=SECCION PINTURA Y PREPARADA DE NOCHERO | precio_unitario_raw=2500.0 | total_raw=0.0
CAMA CHEMBER 2X2,TINER,1.0,FORMULA,,,,,,unidad_raw=GALON | seccion=SECCION PINTURA Y PREPARADA DE NOCHERO | precio_unitario_raw=34000.0 | total_raw=0.0
CAMA CHEMBER 2X2,TOPES,1.0,FORMULA,,,,,,unidad_raw=JALADORES | seccion=SECCION PINTURA Y PREPARADA DE NOCHERO | precio_unitario_raw=3000.0 | total_raw=0.0
CAMA CHEMBER 2X2,BLANCO POLIURETANO,1.5,VOLUMEN,,,,,,unidad_raw=PISTOLADA | seccion=SECCION PINTURA Y PREPARADA DE NOCHERO | precio_unitario_raw=57500.0 | total_raw=86250.0
CAMA CHEMBER 2X2,COLOR,2.0,VOLUMEN,,,,,,unidad_raw=PISTOLADA | seccion=SECCION PINTURA Y PREPARADA DE NOCHERO | precio_unitario_raw=22000.0 | total_raw=44000.0
CAMA CHEMBER 2X2,ENCINA,1.0,FORMULA,,,,,,unidad_raw=galon | seccion=SECCION PINTURA Y PREPARADA DE NOCHERO | precio_unitario_raw=160000.0 | total_raw=0.0
CAMA CHEMBER 2X2,GASOLINA,0.5,LINEAL,,,,,,unidad_raw=ML | seccion=SECCION PINTURA Y PREPARADA DE NOCHERO | precio_unitario_raw=4500.0 | total_raw=2250.0
CAMA CHEMBER 2X2,RESANE,0.5,VOLUMEN,,,,,,unidad_raw=LITRO | seccion=SECCION PINTURA Y PREPARADA DE NOCHERO | precio_unitario_raw=20000.0 | total_raw=10000.0
CAMA CHEMBER 2X2,LACA S/M,2.0,VOLUMEN,,,,,,unidad_raw=PISTOLADA | seccion=SECCION PINTURA Y PREPARADA DE NOCHERO | precio_unitario_raw=23000.0 | total_raw=46000.0
CAMA CHEMBER 2X2,Gastos de Pintura 10%,1.0,FORMULA,,,,,,seccion=SECCION PINTURA Y PREPARADA DE NOCHERO | total_raw=38450.0
CAMA CHEMBER 2X2,SECCION PINTURA Y PREPARADA,1.0,FORMULA,,,,,PATAS,seccion=SECCION PINTURA Y PREPARADA PATAS
CAMA CHEMBER 2X2,PREPARADO JOTA,8.0,FORMULA,,,,,,unidad_raw=CON EL 5% | seccion=SECCION PINTURA Y PREPARADA PATAS | precio_unitario_raw=1050.0 | total_raw=8400.0
CAMA CHEMBER 2X2,PINTURA ALEX,8.0,FORMULA,,,,,,unidad_raw=CON EL 5% | seccion=SECCION PINTURA Y PREPARADA PATAS | precio_unitario_raw=2100.0 | total_raw=16800.0
CAMA CHEMBER 2X2,PINTURA DE PATAS ALEX,1.0,FIJO,,,,,,seccion=SECCION PINTURA Y PREPARADA PATAS | precio_unitario_raw=2100.0 | total_raw=0.0
CAMA CHEMBER 2X2,SELLADOR,0.23,VOLUMEN,,,,,,unidad_raw=PISTOLADAS | seccion=SECCION PINTURA Y PREPARADA PATAS | precio_unitario_raw=18000.0 | total_raw=4140.0
CAMA CHEMBER 2X2,LIJA 400,0.5,FORMULA,,,,,,unidad_raw=unidades | seccion=SECCION PINTURA Y PREPARADA PATAS | precio_unitario_raw=2000.0 | total_raw=1000.0
CAMA CHEMBER 2X2,NITRO,1.0,FORMULA,,,,,,unidad_raw=galon | seccion=SECCION PINTURA Y PREPARADA PATAS | total_raw=0.0
CAMA CHEMBER 2X2,lija 220,1.0,FORMULA,,,,,,unidad_raw=unidad | seccion=SECCION PINTURA Y PREPARADA PATAS | precio_unitario_raw=2000.0 | total_raw=0.0
CAMA CHEMBER 2X2,lija 120,1.0,FORMULA,,,,,,unidad_raw=unidad | seccion=SECCION PINTURA Y PREPARADA PATAS | precio_unitario_raw=2000.0 | total_raw=0.0
CAMA CHEMBER 2X2,LACA SEMIMATE,0.2,VOLUMEN,,,,,,unidad_raw=GALON | seccion=SECCION PINTURA Y PREPARADA PATAS | precio_unitario_raw=23000.0 | total_raw=4600.0
CAMA CHEMBER 2X2,kerosen,1.0,FORMULA,,,,,,unidad_raw=litro | seccion=SECCION PINTURA Y PREPARADA PATAS | precio_unitario_raw=18000.0 | total_raw=0.0
CAMA CHEMBER 2X2,COLOR,0.25,VOLUMEN,,,,,,unidad_raw=PISTOLADA | seccion=SECCION PINTURA Y PREPARADA PATAS | precio_unitario_raw=22000.0 | total_raw=5500.0
CAMA CHEMBER 2X2,TINTE MIEL,1.0,FORMULA,,,,,,unidad_raw=galon | seccion=SECCION PINTURA Y PREPARADA PATAS | total_raw=0.0
CAMA CHEMBER 2X2,GASOLINA,1.0,FORMULA,,,,,,unidad_raw=LITRO | seccion=SECCION PINTURA Y PREPARADA PATAS | precio_unitario_raw=4.5 | total_raw=0.0
CAMA CHEMBER 2X2,RESANE,1.0,FORMULA,,,,,,unidad_raw=LITRO | seccion=SECCION PINTURA Y PREPARADA PATAS | precio_unitario_raw=23000.0 | total_raw=0.0
CAMA CHEMBER 2X2,LACA BRILLANTE,1.0,FORMULA,,,,,,unidad_raw=PISTOLADA | seccion=SECCION PINTURA Y PREPARADA PATAS | precio_unitario_raw=23000.0 | total_raw=0.0
CAMA CHEMBER 2X2,Gastos de Pintura 10%,1.0,FORMULA,,,,,,seccion=SECCION PINTURA Y PREPARADA PATAS | total_raw=32095.1
CAMA CHEMBER 2X2,COLAPATOS,1.0,FIJO,,,,,,unidad_raw=PARES | seccion=SECCION TERMINACION | precio_unitario_raw=40000.0 | total_raw=40000.0
CAMA CHEMBER 2X2,MULTIUSOS,2.0,FORMULA,,,,,,unidad_raw=PARES | seccion=SECCION TERMINACION | precio_unitario_raw=6000.0 | total_raw=12000.0
CAMA CHEMBER 2X2,REGLETA DELGADA,1.0,FORMULA,,,,,,unidad_raw=UNIDAD | seccion=SECCION TERMINACION | precio_unitario_raw=20000.0 | total_raw=0.0
CAMA CHEMBER 2X2,LAMPARAS DE LUZ,1.0,FORMULA,,,,,,unidad_raw=UNIDADES | seccion=SECCION TERMINACION | precio_unitario_raw=100000.0 | total_raw=0.0
CAMA CHEMBER 2X2,CABLE DE 12,1.0,FORMULA,,,,,,unidad_raw=METROS | seccion=SECCION TERMINACION | precio_unitario_raw=3000.0 | total_raw=0.0
CAMA CHEMBER 2X2,APAGADORES,1.0,FORMULA,,,,,,unidad_raw=PAR | seccion=SECCION TERMINACION | precio_unitario_raw=1500.0 | total_raw=0.0
CAMA CHEMBER 2X2,ENCHUFLES BLANCO MACHO,1.0,FORMULA,,,,,,unidad_raw=UNIDADES | seccion=SECCION TERMINACION | precio_unitario_raw=2000.0 | total_raw=0.0
CAMA CHEMBER 2X2,HERRAJES DE CAMA,1.0,FORMULA,,,,,,unidad_raw=PAR | seccion=SECCION TERMINACION | precio_unitario_raw=160000.0 | total_raw=0.0
CAMA CHEMBER 2X2,JALADORES,1.0,FIJO,,,,,,unidad_raw=UNIDAD | seccion=SECCION TERMINACION | precio_unitario_raw=26800.0 | total_raw=0.0
CAMA CHEMBER 2X2,MULTIUSOS,1.0,FORMULA,,,,,,unidad_raw=UNIDADES | seccion=SECCION TERMINACION | precio_unitario_raw=3000.0 | total_raw=0.0
CAMA CHEMBER 2X2,CORREDERAS,1.0,FIJO,,,,,,unidad_raw=unidades | seccion=SECCION TERMINACION | precio_unitario_raw=8000.0 | total_raw=0.0
CAMA CHEMBER 2X2,EMBALADA,1.0,FIJO,,,,,,unidad_raw=unidades | seccion=SECCION TERMINACION | precio_unitario_raw=150000.0 | total_raw=150000.0
CAMA CHEMBER 2X2,SECCION TENDIDO,1.0,FORMULA,,,,,,seccion=SECCION TERMINACION | total_raw=0.0
CAMA CHEMBER 2X2,MADERA 60X1X4,614.0,FORMULA,,,,,,unidad_raw=APAMATE | seccion=SECCION TERMINACION | precio_unitario_raw=140.0 | total_raw=85960.0
CAMA CHEMBER 2X2,PEOPE,2.0,FORMULA,,,,,,seccion=SECCION TERMINACION | precio_unitario_raw=3500.0 | total_raw=7000.0
CAMA CHEMBER 2X2,GRAPAS,0.1,ESPACIADO,,,,,,unidad_raw=CAJA | seccion=SECCION TERMINACION | precio_unitario_raw=12000.0 | total_raw=1200.0
CAMA CHEMBER 2X2,MDF DE 9,1.0,AREA,,,,,,unidad_raw=LAMINA | seccion=SECCION TERMINACION | precio_unitario_raw=140000.0 | total_raw=140000.0
CAMA CHEMBER 2X2,COLBON,0.2,VOLUMEN,,,,,,unidad_raw=LITRO | seccion=SECCION TERMINACION | precio_unitario_raw=14000.0 | total_raw=2800.0
CAMA CHEMBER 2X2,"TORNILLOS DE 2""",40.0,ESPACIADO,,,,,,unidad_raw=UNIDAD | seccion=SECCION TERMINACION | precio_unitario_raw=100.0 | total_raw=4000.0
CAMA CHEMBER 2X2,CLAVILLO,2.0,ESPACIADO,,,,,,unidad_raw=TIRA | seccion=SECCION TERMINACION | precio_unitario_raw=1000.0 | total_raw=2000.0
CAMA CHEMBER 2X2,HECHURA,1.0,FIJO,,,,,,unidad_raw=UNIDAD | seccion=SECCION TERMINACION | precio_unitario_raw=63000.0 | total_raw=63000.0
CAMA CHEMBER 2X2,SECCION TAPICERIA,1.0,FORMULA,,,,,,unidad_raw=MANO DE OBRA= | seccion=SECCION TAPICERIA MANO DE OBRA=
CAMA CHEMBER 2X2,TELA DIVERSA BEIS,13.0,AREA,,,,,,unidad_raw=METROS | seccion=SECCION TAPICERIA MANO DE OBRA= | precio_unitario_raw=35000.0 | total_raw=455000.0
CAMA CHEMBER 2X2,ESPUMA 1/2 ROSADA,1.0,AREA,,,,,,unidad_raw=LAMINA | seccion=SECCION TAPICERIA MANO DE OBRA= | precio_unitario_raw=25000.0 | total_raw=25000.0
CAMA CHEMBER 2X2,GRAPAS,0.5,ESPACIADO,,,,,,unidad_raw=CAJA DE GRAPAS | seccion=SECCION TAPICERIA MANO DE OBRA= | precio_unitario_raw=12000.0 | total_raw=6000.0
CAMA CHEMBER 2X2,CASQUETES,1.0,FORMULA,,,,,,unidad_raw=UNIDADES | seccion=SECCION TAPICERIA MANO DE OBRA= | precio_unitario_raw=300.0 | total_raw=0.0
CAMA CHEMBER 2X2,TORNILLOS,20.0,ESPACIADO,,,,,,unidad_raw=UNIDADES | seccion=SECCION TAPICERIA MANO DE OBRA= | precio_unitario_raw=100.0 | total_raw=2000.0
CAMA CHEMBER 2X2,ESPUMA DE 1 1/2'' ROSADA,1.0,FORMULA,,,,,,unidad_raw=UNIDADES | seccion=SECCION TAPICERIA MANO DE OBRA= | precio_unitario_raw=30000.0 | total_raw=0.0
CAMA CHEMBER 2X2,ESPUMA 2 AZUL,2.0,AREA,,,,,,unidad_raw=LAMINA | seccion=SECCION TAPICERIA MANO DE OBRA= | precio_unitario_raw=50250.0 | total_raw=100500.0
CAMA CHEMBER 2X2,ESPUMA 1 1/2'' AZUL,2.5,AREA,,,,,,unidad_raw=MTS | seccion=SECCION TAPICERIA MANO DE OBRA= | precio_unitario_raw=30000.0 | total_raw=75000.0
CAMA CHEMBER 2X2,RIATA,1.0,FORMULA,,,,,,unidad_raw=METROS | seccion=SECCION TAPICERIA MANO DE OBRA= | precio_unitario_raw=3000.0 | total_raw=0.0
CAMA CHEMBER 2X2,HILO,1.0,FORMULA,,,,,,unidad_raw=UNIDAD | seccion=SECCION TAPICERIA MANO DE OBRA= | precio_unitario_raw=25000.0 | total_raw=0.0
CAMA CHEMBER 2X2,CANAMO,1.0,FORMULA,,,,,,unidad_raw=ROLLO | seccion=SECCION TAPICERIA MANO DE OBRA= | precio_unitario_raw=12000.0 | total_raw=0.0
CAMA CHEMBER 2X2,COSTAL,2.7,AREA,,,,,,unidad_raw=METROS | seccion=SECCION TAPICERIA MANO DE OBRA= | precio_unitario_raw=3500.0 | total_raw=9450.0
CAMA CHEMBER 2X2,SUPER,2.0,VOLUMEN,,,,,,unidad_raw=LITRO | seccion=SECCION TAPICERIA MANO DE OBRA= | precio_unitario_raw=19000.0 | total_raw=38000.0
CAMA CHEMBER 2X2,CARTON,6.0,FORMULA,,,,,,unidad_raw=UNIDADES | seccion=SECCION TAPICERIA MANO DE OBRA= | precio_unitario_raw=5000.0 | total_raw=30000.0
CAMA CHEMBER 2X2,HECHURA,1.0,FIJO,,,,,,unidad_raw=CAMA | seccion=SECCION TAPICERIA MANO DE OBRA= | precio_unitario_raw=210000.0 | total_raw=210000.0
CAMA CHEMBER 2X2,LENCILLO,1.0,FORMULA,,,,,,unidad_raw=METROS | seccion=SECCION TAPICERIA MANO DE OBRA= | precio_unitario_raw=2650.0 | total_raw=0.0
CAMA RUZO 2X2,MADERA (2),1350.0,FORMULA,,,,,,unidad_raw=APAMATE | seccion=EBANISTA WILMER MANO DE OBRA= | precio_unitario_raw=140.0 | total_raw=189000.0
CAMA RUZO 2X2,MDF DE 3,0.7,AREA,,,,,,unidad_raw=LAMINA | seccion=EBANISTA WILMER MANO DE OBRA= | precio_unitario_raw=67000.0 | total_raw=46900.0
CAMA RUZO 2X2,LAMINA DE 15,0.5,AREA,,,,,,unidad_raw=LAMINA | seccion=EBANISTA WILMER MANO DE OBRA= | precio_unitario_raw=220000.0 | total_raw=110000.0
CAMA RUZO 2X2,LAMINA DE 9,0.5,AREA,,,,,,unidad_raw=LAMINA | seccion=EBANISTA WILMER MANO DE OBRA= | precio_unitario_raw=140000.0 | total_raw=70000.0
CAMA RUZO 2X2,COLBON,1.5,VOLUMEN,,,,,,unidad_raw=LITRO | seccion=EBANISTA WILMER MANO DE OBRA= | precio_unitario_raw=14000.0 | total_raw=21000.0
CAMA RUZO 2X2,GRAPAS,15.0,ESPACIADO,,,,,,unidad_raw=CAJA | seccion=EBANISTA WILMER MANO DE OBRA= | precio_unitario_raw=12000.0 | total_raw=180000.0
CAMA RUZO 2X2,GANCHOS,1.0,FIJO,,,,,,unidad_raw=PAR | seccion=EBANISTA WILMER MANO DE OBRA= | precio_unitario_raw=20000.0 | total_raw=20000.0
CAMA RUZO 2X2,F40,11.0,FORMULA,,,,,,unidad_raw=TIRAS | seccion=EBANISTA WILMER MANO DE OBRA= | precio_unitario_raw=1000.0 | total_raw=11000.0
CAMA RUZO 2X2,"TORNILLOS DE 2""",250.0,ESPACIADO,,,,,,unidad_raw=Unidad | seccion=EBANISTA WILMER MANO DE OBRA= | precio_unitario_raw=100.0 | total_raw=25000.0
CAMA RUZO 2X2,ebanisteria 300.000 x 5% de m.o,1.0,FORMULA,,,,,,seccion=EBANISTA WILMER MANO DE OBRA= | total_raw=315000.0
CAMA RUZO 2X2,gastos de Ebanisteria e 10%,1.0,FORMULA,,,,,,seccion=EBANISTA WILMER MANO DE OBRA= | total_raw=98790.0
CAMA RUZO 2X2,CORREDERAS 35 NORMAL,2.0,FORMULA,,,,,,unidad_raw=PAR | seccion=EBANISTA WILMER MANO DE OBRA= | precio_unitario_raw=250000.0 | total_raw=500000.0
CAMA RUZO 2X2,"MDF DE 2,7",1.0,FORMULA,,,,,,unidad_raw=1 PEDAZO DE 1.00X46=46 | seccion=EBANISTA WILMER MANO DE OBRA= | precio_unitario_raw=65000.0 | total_raw=0.0
CAMA RUZO 2X2,LAM MDF 5,1.0,FORMULA,,,,,,unidad_raw=1 PEDASO DE 1.50X40=60 | seccion=EBANISTA WILMER MANO DE OBRA= | precio_unitario_raw=130000.0 | total_raw=0.0
CAMA RUZO 2X2,LAM MDF 9,1.0,FORMULA,,,,,,"unidad_raw=1 PEDASO DE 1,50X40=60 | seccion=EBANISTA WILMER MANO DE OBRA= | precio_unitario_raw=140.0"
CAMA RUZO 2X2,CORREDERAS,4.0,FORMULA,,,,,,unidad_raw=UNIDADES | seccion=EBANISTA WILMER MANO DE OBRA= | precio_unitario_raw=15000.0 | total_raw=60000.0
CAMA RUZO 2X2,GRAPAS,1.0,FIJO,,,,,,unidad_raw=Unidad | seccion=EBANISTA WILMER MANO DE OBRA= | precio_unitario_raw=600.0 | total_raw=0.0
CAMA RUZO 2X2,CLAVILLOS N F 40,1.0,FIJO,,,,,,unidad_raw=TIRA | seccion=EBANISTA WILMER MANO DE OBRA= | precio_unitario_raw=1000.0 | total_raw=0.0
CAMA RUZO 2X2,HECHURA,1.0,FIJO,,,,,,unidad_raw=PAR | seccion=EBANISTA WILMER MANO DE OBRA= | precio_unitario_raw=157500.0 | total_raw=0.0
CAMA RUZO 2X2,"TORNILLOS DE 2""",1.0,FIJO,,,,,,unidad_raw=Unidad | seccion=EBANISTA WILMER MANO DE OBRA= | precio_unitario_raw=100.0 | total_raw=0.0
CAMA RUZO 2X2,gastos de Ebanisteria e 5%,1.0,FORMULA,,,,,,seccion=EBANISTA WILMER MANO DE OBRA= | total_raw=28000.0
CAMA RUZO 2X2,SECCION PINTURA Y PREPARADA,1.0,FORMULA,,,,,DE NOCHERO,seccion=SECCION PINTURA Y PREPARADA DE NOCHERO
CAMA RUZO 2X2,PREPARADO JOTA,2.0,FORMULA,,,,,,unidad_raw=CON EL 5% | seccion=SECCION PINTURA Y PREPARADA DE NOCHERO | precio_unitario_raw=36750.0 | total_raw=73500.0
CAMA RUZO 2X2,PINTURA ALEX,2.0,FORMULA,,,,,,unidad_raw=CON EL 5% | seccion=SECCION PINTURA Y PREPARADA DE NOCHERO | precio_unitario_raw=36750.0 | total_raw=73500.0
CAMA RUZO 2X2,SELLADOR,2.5,VOLUMEN,,,,,,unidad_raw=PISTOLADAS | seccion=SECCION PINTURA Y PREPARADA DE NOCHERO | precio_unitario_raw=18000.0 | total_raw=45000.0
CAMA RUZO 2X2,LIJA 400,2.0,FORMULA,,,,,,unidad_raw=unidades | seccion=SECCION PINTURA Y PREPARADA DE NOCHERO | precio_unitario_raw=2000.0 | total_raw=4000.0
CAMA RUZO 2X2,NITRO,1.0,FORMULA,,,,,,unidad_raw=galon | seccion=SECCION PINTURA Y PREPARADA DE NOCHERO | precio_unitario_raw=70000.0 | total_raw=0.0
CAMA RUZO 2X2,VIDRIOS,1.0,FORMULA,,,,,,unidad_raw=unidad | seccion=SECCION PINTURA Y PREPARADA DE NOCHERO | precio_unitario_raw=45000.0 | total_raw=0.0
CAMA RUZO 2X2,TALCO,1.0,FORMULA,,,,,,unidad_raw=unidad | seccion=SECCION PINTURA Y PREPARADA DE NOCHERO | precio_unitario_raw=2500.0 | total_raw=0.0
CAMA RUZO 2X2,TINER,1.0,FORMULA,,,,,,unidad_raw=GALON | seccion=SECCION PINTURA Y PREPARADA DE NOCHERO | precio_unitario_raw=34000.0 | total_raw=0.0
CAMA RUZO 2X2,TOPES,1.0,FORMULA,,,,,,unidad_raw=JALADORES | seccion=SECCION PINTURA Y PREPARADA DE NOCHERO | precio_unitario_raw=3000.0 | total_raw=0.0
CAMA RUZO 2X2,BLANCO POLIURETANO,1.5,VOLUMEN,,,,,,unidad_raw=PISTOLADA | seccion=SECCION PINTURA Y PREPARADA DE NOCHERO | precio_unitario_raw=57500.0 | total_raw=86250.0
CAMA RUZO 2X2,COLOR,2.0,VOLUMEN,,,,,,unidad_raw=PISTOLADA | seccion=SECCION PINTURA Y PREPARADA DE NOCHERO | precio_unitario_raw=22000.0 | total_raw=44000.0
CAMA RUZO 2X2,ENCINA,1.0,FORMULA,,,,,,unidad_raw=galon | seccion=SECCION PINTURA Y PREPARADA DE NOCHERO | precio_unitario_raw=160000.0 | total_raw=0.0
CAMA RUZO 2X2,GASOLINA,0.5,LINEAL,,,,,,unidad_raw=ML | seccion=SECCION PINTURA Y PREPARADA DE NOCHERO | precio_unitario_raw=4500.0 | total_raw=2250.0
CAMA RUZO 2X2,RESANE,0.5,VOLUMEN,,,,,,unidad_raw=LITRO | seccion=SECCION PINTURA Y PREPARADA DE NOCHERO | precio_unitario_raw=20000.0 | total_raw=10000.0
CAMA RUZO 2X2,LACA S/M,2.0,VOLUMEN,,,,,,unidad_raw=PISTOLADA | seccion=SECCION PINTURA Y PREPARADA DE NOCHERO | precio_unitario_raw=23000.0 | total_raw=46000.0
CAMA RUZO 2X2,Gastos de Pintura 10%,1.0,FORMULA,,,,,,seccion=SECCION PINTURA Y PREPARADA DE NOCHERO | total_raw=38450.0
CAMA RUZO 2X2,SECCION PINTURA Y PREPARADA,1.0,FORMULA,,,,,PATAS,seccion=SECCION PINTURA Y PREPARADA PATAS
CAMA RUZO 2X2,PREPARADO JOTA,8.0,FORMULA,,,,,,unidad_raw=CON EL 5% | seccion=SECCION PINTURA Y PREPARADA PATAS | precio_unitario_raw=1050.0 | total_raw=8400.0
CAMA RUZO 2X2,PINTURA ALEX,8.0,FORMULA,,,,,,unidad_raw=CON EL 5% | seccion=SECCION PINTURA Y PREPARADA PATAS | precio_unitario_raw=2100.0 | total_raw=16800.0
CAMA RUZO 2X2,PINTURA DE PATAS ALEX,1.0,FIJO,,,,,,seccion=SECCION PINTURA Y PREPARADA PATAS | precio_unitario_raw=2100.0 | total_raw=0.0
CAMA RUZO 2X2,SELLADOR,0.23,VOLUMEN,,,,,,unidad_raw=PISTOLADAS | seccion=SECCION PINTURA Y PREPARADA PATAS | precio_unitario_raw=18000.0 | total_raw=4140.0
CAMA RUZO 2X2,LIJA 400,0.5,FORMULA,,,,,,unidad_raw=unidades | seccion=SECCION PINTURA Y PREPARADA PATAS | precio_unitario_raw=2000.0 | total_raw=1000.0
CAMA RUZO 2X2,NITRO,1.0,FORMULA,,,,,,unidad_raw=galon | seccion=SECCION PINTURA Y PREPARADA PATAS | total_raw=0.0
CAMA RUZO 2X2,lija 220,1.0,FORMULA,,,,,,unidad_raw=unidad | seccion=SECCION PINTURA Y PREPARADA PATAS | precio_unitario_raw=2000.0 | total_raw=0.0
CAMA RUZO 2X2,lija 120,1.0,FORMULA,,,,,,unidad_raw=unidad | seccion=SECCION PINTURA Y PREPARADA PATAS | precio_unitario_raw=2000.0 | total_raw=0.0
CAMA RUZO 2X2,LACA SEMIMATE,0.2,VOLUMEN,,,,,,unidad_raw=GALON | seccion=SECCION PINTURA Y PREPARADA PATAS | precio_unitario_raw=23000.0 | total_raw=4600.0
CAMA RUZO 2X2,kerosen,1.0,FORMULA,,,,,,unidad_raw=litro | seccion=SECCION PINTURA Y PREPARADA PATAS | precio_unitario_raw=18000.0 | total_raw=0.0
CAMA RUZO 2X2,COLOR,0.25,VOLUMEN,,,,,,unidad_raw=PISTOLADA | seccion=SECCION PINTURA Y PREPARADA PATAS | precio_unitario_raw=22000.0 | total_raw=5500.0
CAMA RUZO 2X2,TINTE MIEL,1.0,FORMULA,,,,,,unidad_raw=galon | seccion=SECCION PINTURA Y PREPARADA PATAS | total_raw=0.0
CAMA RUZO 2X2,GASOLINA,1.0,FORMULA,,,,,,unidad_raw=LITRO | seccion=SECCION PINTURA Y PREPARADA PATAS | precio_unitario_raw=4.5 | total_raw=0.0
CAMA RUZO 2X2,RESANE,1.0,FORMULA,,,,,,unidad_raw=LITRO | seccion=SECCION PINTURA Y PREPARADA PATAS | precio_unitario_raw=23000.0 | total_raw=0.0
CAMA RUZO 2X2,LACA BRILLANTE,1.0,FORMULA,,,,,,unidad_raw=PISTOLADA | seccion=SECCION PINTURA Y PREPARADA PATAS | precio_unitario_raw=23000.0 | total_raw=0.0
CAMA RUZO 2X2,Gastos de Pintura 10%,1.0,FORMULA,,,,,,seccion=SECCION PINTURA Y PREPARADA PATAS | total_raw=32095.1
CAMA RUZO 2X2,COLAPATOS,1.0,FIJO,,,,,,unidad_raw=PARES | seccion=SECCION TERMINACION | precio_unitario_raw=40000.0 | total_raw=40000.0
CAMA RUZO 2X2,MULTIUSOS,2.0,FORMULA,,,,,,unidad_raw=PARES | seccion=SECCION TERMINACION | precio_unitario_raw=6000.0 | total_raw=12000.0
CAMA RUZO 2X2,REGLETA DELGADA,1.0,FORMULA,,,,,,unidad_raw=UNIDAD | seccion=SECCION TERMINACION | precio_unitario_raw=20000.0 | total_raw=0.0
CAMA RUZO 2X2,LAMPARAS DE LUZ,1.0,FORMULA,,,,,,unidad_raw=UNIDADES | seccion=SECCION TERMINACION | precio_unitario_raw=100000.0 | total_raw=0.0
CAMA RUZO 2X2,CABLE DE 12,1.0,FORMULA,,,,,,unidad_raw=METROS | seccion=SECCION TERMINACION | precio_unitario_raw=3000.0 | total_raw=0.0
CAMA RUZO 2X2,APAGADORES,1.0,FORMULA,,,,,,unidad_raw=PAR | seccion=SECCION TERMINACION | precio_unitario_raw=1500.0 | total_raw=0.0
CAMA RUZO 2X2,ENCHUFLES BLANCO MACHO,1.0,FORMULA,,,,,,unidad_raw=UNIDADES | seccion=SECCION TERMINACION | precio_unitario_raw=2000.0 | total_raw=0.0
CAMA RUZO 2X2,HERRAJES DE CAMA,1.0,FORMULA,,,,,,unidad_raw=PAR | seccion=SECCION TERMINACION | precio_unitario_raw=160000.0 | total_raw=0.0
CAMA RUZO 2X2,JALADORES,1.0,FIJO,,,,,,unidad_raw=UNIDAD | seccion=SECCION TERMINACION | precio_unitario_raw=26800.0 | total_raw=0.0
CAMA RUZO 2X2,MULTIUSOS,1.0,FORMULA,,,,,,unidad_raw=UNIDADES | seccion=SECCION TERMINACION | precio_unitario_raw=3000.0 | total_raw=0.0
CAMA RUZO 2X2,CORREDERAS,1.0,FIJO,,,,,,unidad_raw=unidades | seccion=SECCION TERMINACION | precio_unitario_raw=8000.0 | total_raw=0.0
CAMA RUZO 2X2,EMBALADA,1.0,FIJO,,,,,,unidad_raw=unidades | seccion=SECCION TERMINACION | precio_unitario_raw=150000.0 | total_raw=150000.0
CAMA RUZO 2X2,SECCION TENDIDO,1.0,FORMULA,,,,,,seccion=SECCION TERMINACION | total_raw=0.0
CAMA RUZO 2X2,MADERA 60X1X4,614.0,FORMULA,,,,,,unidad_raw=APAMATE | seccion=SECCION TERMINACION | precio_unitario_raw=140.0 | total_raw=85960.0
CAMA RUZO 2X2,PEOPE,2.0,FORMULA,,,,,,seccion=SECCION TERMINACION | precio_unitario_raw=3500.0 | total_raw=7000.0
CAMA RUZO 2X2,GRAPAS,0.1,ESPACIADO,,,,,,unidad_raw=CAJA | seccion=SECCION TERMINACION | precio_unitario_raw=12000.0 | total_raw=1200.0
CAMA RUZO 2X2,MDF DE 9,1.0,AREA,,,,,,unidad_raw=LAMINA | seccion=SECCION TERMINACION | precio_unitario_raw=140000.0 | total_raw=140000.0
CAMA RUZO 2X2,COLBON,0.2,VOLUMEN,,,,,,unidad_raw=LITRO | seccion=SECCION TERMINACION | precio_unitario_raw=14000.0 | total_raw=2800.0
CAMA RUZO 2X2,"TORNILLOS DE 2""",40.0,ESPACIADO,,,,,,unidad_raw=UNIDAD | seccion=SECCION TERMINACION | precio_unitario_raw=100.0 | total_raw=4000.0
CAMA RUZO 2X2,CLAVILLO,2.0,ESPACIADO,,,,,,unidad_raw=TIRA | seccion=SECCION TERMINACION | precio_unitario_raw=1000.0 | total_raw=2000.0
CAMA RUZO 2X2,HECHURA,1.0,FIJO,,,,,,unidad_raw=UNIDAD | seccion=SECCION TERMINACION | precio_unitario_raw=63000.0 | total_raw=63000.0
CAMA RUZO 2X2,SECCION TAPICERIA,1.0,FORMULA,,,,,,unidad_raw=MANO DE OBRA= | seccion=SECCION TAPICERIA MANO DE OBRA=
CAMA RUZO 2X2,TELA DIVERSA BEIS,11.0,AREA,,,,,,unidad_raw=METROS | seccion=SECCION TAPICERIA MANO DE OBRA= | precio_unitario_raw=35000.0 | total_raw=385000.0
CAMA RUZO 2X2,ESPUMA 1/2 ROSADA,0.5,AREA,,,,,,unidad_raw=LAMINA | seccion=SECCION TAPICERIA MANO DE OBRA= | precio_unitario_raw=25000.0 | total_raw=12500.0
CAMA RUZO 2X2,GRAPAS,0.5,ESPACIADO,,,,,,unidad_raw=CAJA DE GRAPAS | seccion=SECCION TAPICERIA MANO DE OBRA= | precio_unitario_raw=12000.0 | total_raw=6000.0
CAMA RUZO 2X2,CASQUETES,1.0,FORMULA,,,,,,unidad_raw=UNIDADES | seccion=SECCION TAPICERIA MANO DE OBRA= | precio_unitario_raw=300.0 | total_raw=0.0
CAMA RUZO 2X2,TORNILLOS,1.0,FIJO,,,,,,unidad_raw=UNIDADES | seccion=SECCION TAPICERIA MANO DE OBRA= | precio_unitario_raw=100.0 | total_raw=0.0
CAMA RUZO 2X2,ESPUMA DE 1 1/2'' ROSADA,1.0,AREA,,,,,,unidad_raw=UNIDADES | seccion=SECCION TAPICERIA MANO DE OBRA= | precio_unitario_raw=30000.0 | total_raw=30000.0
CAMA RUZO 2X2,ESPUMA 2 AZUL,1.0,AREA,,,,,,unidad_raw=LAMINA | seccion=SECCION TAPICERIA MANO DE OBRA= | precio_unitario_raw=50250.0 | total_raw=50250.0
CAMA RUZO 2X2,ESPUMA 1 1/2'' AZUL,1.0,FORMULA,,,,,,unidad_raw=MTS | seccion=SECCION TAPICERIA MANO DE OBRA= | precio_unitario_raw=1000.0 | total_raw=0.0
CAMA RUZO 2X2,RIATA,1.0,FORMULA,,,,,,unidad_raw=METROS | seccion=SECCION TAPICERIA MANO DE OBRA= | precio_unitario_raw=3000.0 | total_raw=0.0
CAMA RUZO 2X2,HILO,0.5,FORMULA,,,,,,unidad_raw=UNIDAD | seccion=SECCION TAPICERIA MANO DE OBRA= | precio_unitario_raw=25000.0 | total_raw=12500.0
CAMA RUZO 2X2,CANAMO,1.0,FORMULA,,,,,,unidad_raw=ROLLO | seccion=SECCION TAPICERIA MANO DE OBRA= | precio_unitario_raw=12000.0 | total_raw=0.0
CAMA RUZO 2X2,COSTAL,5.0,AREA,,,,,,unidad_raw=METROS | seccion=SECCION TAPICERIA MANO DE OBRA= | precio_unitario_raw=3500.0 | total_raw=17500.0
CAMA RUZO 2X2,SUPER,1.0,VOLUMEN,,,,,,unidad_raw=LITRO | seccion=SECCION TAPICERIA MANO DE OBRA= | precio_unitario_raw=19000.0 | total_raw=19000.0
CAMA RUZO 2X2,CARTON,1.0,FORMULA,,,,,,unidad_raw=UNIDADES | seccion=SECCION TAPICERIA MANO DE OBRA= | precio_unitario_raw=5000.0 | total_raw=0.0
CAMA RUZO 2X2,HECHURA,1.0,FIJO,,,,,,unidad_raw=CAMA | seccion=SECCION TAPICERIA MANO DE OBRA= | precio_unitario_raw=210000.0 | total_raw=210000.0
CAMA RUZO 2X2,LENCILLO,1.0,FORMULA,,,,,,unidad_raw=METROS | seccion=SECCION TAPICERIA MANO DE OBRA= | precio_unitario_raw=2650.0 | total_raw=0.0
CAMA TINAJA 2X2,MADERA (2),450.0,FORMULA,,,,,,unidad_raw=APAMATE | seccion=EBANISTA WILMER MANO DE OBRA= | precio_unitario_raw=140.0 | total_raw=63000.0
CAMA TINAJA 2X2,MDF DE 3,1.34,AREA,,,,,,unidad_raw=LAMINA | seccion=EBANISTA WILMER MANO DE OBRA= | precio_unitario_raw=67000.0 | total_raw=89780.0
CAMA TINAJA 2X2,LAMINA DE 15,1.0,AREA,,,,,,unidad_raw=LAMINA | seccion=EBANISTA WILMER MANO DE OBRA= | precio_unitario_raw=220000.0 | total_raw=220000.0
CAMA TINAJA 2X2,LAMINA DE,1.0,FORMULA,,,,,,unidad_raw=LAMINA | seccion=EBANISTA WILMER MANO DE OBRA= | precio_unitario_raw=130000.0 | total_raw=0.0
CAMA TINAJA 2X2,COLBON,1.5,VOLUMEN,,,,,,unidad_raw=LITRO | seccion=EBANISTA WILMER MANO DE OBRA= | precio_unitario_raw=14000.0 | total_raw=21000.0
CAMA TINAJA 2X2,GRAPAS,0.5,ESPACIADO,,,,,,unidad_raw=CAJA | seccion=EBANISTA WILMER MANO DE OBRA= | precio_unitario_raw=12000.0 | total_raw=6000.0
CAMA TINAJA 2X2,GANCHOS,1.0,FIJO,,,,,,unidad_raw=PAR | seccion=EBANISTA WILMER MANO DE OBRA= | precio_unitario_raw=20000.0 | total_raw=20000.0
CAMA TINAJA 2X2,F40,15.0,FORMULA,,,,,,unidad_raw=TIRAS | seccion=EBANISTA WILMER MANO DE OBRA= | precio_unitario_raw=1000.0 | total_raw=15000.0
CAMA TINAJA 2X2,"TORNILLOS DE 2""",150.0,ESPACIADO,,,,,,unidad_raw=Unidad | seccion=EBANISTA WILMER MANO DE OBRA= | precio_unitario_raw=100.0 | total_raw=15000.0
CAMA TINAJA 2X2,ebanisteria 300.000 x 5% de m.o,1.0,FORMULA,,,,,,seccion=EBANISTA WILMER MANO DE OBRA= | total_raw=315000.0
CAMA TINAJA 2X2,gastos de Ebanisteria e 10%,1.0,FORMULA,,,,,,seccion=EBANISTA WILMER MANO DE OBRA= | total_raw=76478.0
CAMA TINAJA 2X2,CORREDERAS 35 NORMAL,2.0,FORMULA,,,,,,unidad_raw=PAR | seccion=EBANISTA WILMER MANO DE OBRA= | precio_unitario_raw=250000.0 | total_raw=500000.0
CAMA TINAJA 2X2,"MDF DE 2,7",1.0,FORMULA,,,,,,unidad_raw=1 PEDAZO DE 1.00X46=46 | seccion=EBANISTA WILMER MANO DE OBRA= | precio_unitario_raw=65000.0 | total_raw=0.0
CAMA TINAJA 2X2,LAM MDF 5,1.0,FORMULA,,,,,,unidad_raw=1 PEDASO DE 1.50X40=60 | seccion=EBANISTA WILMER MANO DE OBRA= | precio_unitario_raw=130000.0 | total_raw=0.0
CAMA TINAJA 2X2,LAM MDF 9,1.0,FORMULA,,,,,,"unidad_raw=1 PEDASO DE 1,50X40=60 | seccion=EBANISTA WILMER MANO DE OBRA= | precio_unitario_raw=140.0"
CAMA TINAJA 2X2,CORREDERAS,4.0,FORMULA,,,,,,unidad_raw=UNIDADES | seccion=EBANISTA WILMER MANO DE OBRA= | precio_unitario_raw=15000.0 | total_raw=60000.0
CAMA TINAJA 2X2,GRAPAS,1.0,FIJO,,,,,,unidad_raw=Unidad | seccion=EBANISTA WILMER MANO DE OBRA= | precio_unitario_raw=600.0 | total_raw=0.0
CAMA TINAJA 2X2,CLAVILLOS N F 40,1.0,FIJO,,,,,,unidad_raw=TIRA | seccion=EBANISTA WILMER MANO DE OBRA= | precio_unitario_raw=1000.0 | total_raw=0.0
CAMA TINAJA 2X2,HECHURA,1.0,FIJO,,,,,,unidad_raw=PAR | seccion=EBANISTA WILMER MANO DE OBRA= | precio_unitario_raw=157500.0 | total_raw=0.0
CAMA TINAJA 2X2,"TORNILLOS DE 2""",1.0,FIJO,,,,,,unidad_raw=Unidad | seccion=EBANISTA WILMER MANO DE OBRA= | precio_unitario_raw=100.0 | total_raw=0.0
CAMA TINAJA 2X2,gastos de Ebanisteria e 5%,1.0,FORMULA,,,,,,seccion=EBANISTA WILMER MANO DE OBRA= | total_raw=28000.0
CAMA TINAJA 2X2,SECCION PINTURA Y PREPARADA,1.0,FORMULA,,,,,DE NOCHERO,seccion=SECCION PINTURA Y PREPARADA DE NOCHERO
CAMA TINAJA 2X2,PREPARADO JOTA,2.0,FORMULA,,,,,,unidad_raw=CON EL 5% | seccion=SECCION PINTURA Y PREPARADA DE NOCHERO | precio_unitario_raw=36750.0 | total_raw=73500.0
CAMA TINAJA 2X2,PINTURA ALEX,2.0,FORMULA,,,,,,unidad_raw=CON EL 5% | seccion=SECCION PINTURA Y PREPARADA DE NOCHERO | precio_unitario_raw=36750.0 | total_raw=73500.0
CAMA TINAJA 2X2,SELLADOR,2.5,VOLUMEN,,,,,,unidad_raw=PISTOLADAS | seccion=SECCION PINTURA Y PREPARADA DE NOCHERO | precio_unitario_raw=18000.0 | total_raw=45000.0
CAMA TINAJA 2X2,LIJA 400,2.0,FORMULA,,,,,,unidad_raw=unidades | seccion=SECCION PINTURA Y PREPARADA DE NOCHERO | precio_unitario_raw=2000.0 | total_raw=4000.0
CAMA TINAJA 2X2,NITRO,1.0,FORMULA,,,,,,unidad_raw=galon | seccion=SECCION PINTURA Y PREPARADA DE NOCHERO | precio_unitario_raw=70000.0 | total_raw=0.0
CAMA TINAJA 2X2,VIDRIOS,1.0,FORMULA,,,,,,unidad_raw=unidad | seccion=SECCION PINTURA Y PREPARADA DE NOCHERO | precio_unitario_raw=45000.0 | total_raw=0.0
CAMA TINAJA 2X2,TALCO,1.0,FORMULA,,,,,,unidad_raw=unidad | seccion=SECCION PINTURA Y PREPARADA DE NOCHERO | precio_unitario_raw=2500.0 | total_raw=0.0
CAMA TINAJA 2X2,TINER,1.0,FORMULA,,,,,,unidad_raw=GALON | seccion=SECCION PINTURA Y PREPARADA DE NOCHERO | precio_unitario_raw=34000.0 | total_raw=0.0
CAMA TINAJA 2X2,TOPES,1.0,FORMULA,,,,,,unidad_raw=JALADORES | seccion=SECCION PINTURA Y PREPARADA DE NOCHERO | precio_unitario_raw=3000.0 | total_raw=0.0
CAMA TINAJA 2X2,BLANCO POLIURETANO,1.5,VOLUMEN,,,,,,unidad_raw=PISTOLADA | seccion=SECCION PINTURA Y PREPARADA DE NOCHERO | precio_unitario_raw=57500.0 | total_raw=86250.0
CAMA TINAJA 2X2,COLOR,2.0,VOLUMEN,,,,,,unidad_raw=PISTOLADA | seccion=SECCION PINTURA Y PREPARADA DE NOCHERO | precio_unitario_raw=22000.0 | total_raw=44000.0
CAMA TINAJA 2X2,ENCINA,1.0,FORMULA,,,,,,unidad_raw=galon | seccion=SECCION PINTURA Y PREPARADA DE NOCHERO | precio_unitario_raw=160000.0 | total_raw=0.0
CAMA TINAJA 2X2,GASOLINA,0.5,LINEAL,,,,,,unidad_raw=ML | seccion=SECCION PINTURA Y PREPARADA DE NOCHERO | precio_unitario_raw=4500.0 | total_raw=2250.0
CAMA TINAJA 2X2,RESANE,0.5,VOLUMEN,,,,,,unidad_raw=LITRO | seccion=SECCION PINTURA Y PREPARADA DE NOCHERO | precio_unitario_raw=20000.0 | total_raw=10000.0
CAMA TINAJA 2X2,LACA S/M,2.0,VOLUMEN,,,,,,unidad_raw=PISTOLADA | seccion=SECCION PINTURA Y PREPARADA DE NOCHERO | precio_unitario_raw=23000.0 | total_raw=46000.0
CAMA TINAJA 2X2,Gastos de Pintura 10%,1.0,FORMULA,,,,,,seccion=SECCION PINTURA Y PREPARADA DE NOCHERO | total_raw=38450.0
CAMA TINAJA 2X2,SECCION PINTURA Y PREPARADA,1.0,FORMULA,,,,,PATAS,seccion=SECCION PINTURA Y PREPARADA PATAS
CAMA TINAJA 2X2,PREPARADO JOTA,8.0,FORMULA,,,,,,unidad_raw=CON EL 5% | seccion=SECCION PINTURA Y PREPARADA PATAS | precio_unitario_raw=1050.0 | total_raw=8400.0
CAMA TINAJA 2X2,PINTURA ALEX,8.0,FORMULA,,,,,,unidad_raw=CON EL 5% | seccion=SECCION PINTURA Y PREPARADA PATAS | precio_unitario_raw=2100.0 | total_raw=16800.0
CAMA TINAJA 2X2,PINTURA DE PATAS ALEX,1.0,FIJO,,,,,,seccion=SECCION PINTURA Y PREPARADA PATAS | precio_unitario_raw=2100.0 | total_raw=0.0
CAMA TINAJA 2X2,SELLADOR,0.23,VOLUMEN,,,,,,unidad_raw=PISTOLADAS | seccion=SECCION PINTURA Y PREPARADA PATAS | precio_unitario_raw=18000.0 | total_raw=4140.0
CAMA TINAJA 2X2,LIJA 400,0.5,FORMULA,,,,,,unidad_raw=unidades | seccion=SECCION PINTURA Y PREPARADA PATAS | precio_unitario_raw=2000.0 | total_raw=1000.0
CAMA TINAJA 2X2,NITRO,1.0,FORMULA,,,,,,unidad_raw=galon | seccion=SECCION PINTURA Y PREPARADA PATAS | total_raw=0.0
CAMA TINAJA 2X2,lija 220,1.0,FORMULA,,,,,,unidad_raw=unidad | seccion=SECCION PINTURA Y PREPARADA PATAS | precio_unitario_raw=2000.0 | total_raw=0.0
CAMA TINAJA 2X2,lija 120,1.0,FORMULA,,,,,,unidad_raw=unidad | seccion=SECCION PINTURA Y PREPARADA PATAS | precio_unitario_raw=2000.0 | total_raw=0.0
CAMA TINAJA 2X2,LACA SEMIMATE,0.2,VOLUMEN,,,,,,unidad_raw=GALON | seccion=SECCION PINTURA Y PREPARADA PATAS | precio_unitario_raw=23000.0 | total_raw=4600.0
CAMA TINAJA 2X2,kerosen,1.0,FORMULA,,,,,,unidad_raw=litro | seccion=SECCION PINTURA Y PREPARADA PATAS | precio_unitario_raw=18000.0 | total_raw=0.0
CAMA TINAJA 2X2,COLOR,0.25,VOLUMEN,,,,,,unidad_raw=PISTOLADA | seccion=SECCION PINTURA Y PREPARADA PATAS | precio_unitario_raw=22000.0 | total_raw=5500.0
CAMA TINAJA 2X2,TINTE MIEL,1.0,FORMULA,,,,,,unidad_raw=galon | seccion=SECCION PINTURA Y PREPARADA PATAS | total_raw=0.0
CAMA TINAJA 2X2,GASOLINA,1.0,FORMULA,,,,,,unidad_raw=LITRO | seccion=SECCION PINTURA Y PREPARADA PATAS | precio_unitario_raw=4.5 | total_raw=0.0
CAMA TINAJA 2X2,RESANE,1.0,FORMULA,,,,,,unidad_raw=LITRO | seccion=SECCION PINTURA Y PREPARADA PATAS | precio_unitario_raw=23000.0 | total_raw=0.0
CAMA TINAJA 2X2,LACA BRILLANTE,1.0,FORMULA,,,,,,unidad_raw=PISTOLADA | seccion=SECCION PINTURA Y PREPARADA PATAS | precio_unitario_raw=23000.0 | total_raw=0.0
CAMA TINAJA 2X2,Gastos de Pintura 10%,1.0,FORMULA,,,,,,seccion=SECCION PINTURA Y PREPARADA PATAS | total_raw=32095.1
CAMA TINAJA 2X2,TOMAS NEGROS,1.0,FORMULA,,,,,,unidad_raw=UNIDAD | seccion=SECCION TERMINACION | precio_unitario_raw=10500.0 | total_raw=0.0
CAMA TINAJA 2X2,REGLETA ANCHA,1.0,FORMULA,,,,,,unidad_raw=UNIDAD | seccion=SECCION TERMINACION | precio_unitario_raw=20000.0 | total_raw=0.0
CAMA TINAJA 2X2,REGLETA DELGADA,1.0,FORMULA,,,,,,unidad_raw=UNIDAD | seccion=SECCION TERMINACION | precio_unitario_raw=20000.0 | total_raw=0.0
CAMA TINAJA 2X2,LAMPARAS DE LUZ,1.0,FORMULA,,,,,,unidad_raw=UNIDADES | seccion=SECCION TERMINACION | precio_unitario_raw=100000.0 | total_raw=0.0
CAMA TINAJA 2X2,CABLE DE 12,1.0,FORMULA,,,,,,unidad_raw=METROS | seccion=SECCION TERMINACION | precio_unitario_raw=3000.0 | total_raw=0.0
CAMA TINAJA 2X2,APAGADORES,1.0,FORMULA,,,,,,unidad_raw=PAR | seccion=SECCION TERMINACION | precio_unitario_raw=1500.0 | total_raw=0.0
CAMA TINAJA 2X2,ENCHUFLES BLANCO MACHO,1.0,FORMULA,,,,,,unidad_raw=UNIDADES | seccion=SECCION TERMINACION | precio_unitario_raw=2000.0 | total_raw=0.0
CAMA TINAJA 2X2,HERRAJES DE CAMA,1.0,FORMULA,,,,,,unidad_raw=PAR | seccion=SECCION TERMINACION | precio_unitario_raw=160000.0 | total_raw=0.0
CAMA TINAJA 2X2,JALADORES,1.0,FIJO,,,,,,unidad_raw=UNIDAD | seccion=SECCION TERMINACION | precio_unitario_raw=26800.0 | total_raw=0.0
CAMA TINAJA 2X2,MULTIUSOS,1.0,FORMULA,,,,,,unidad_raw=UNIDADES | seccion=SECCION TERMINACION | precio_unitario_raw=3000.0 | total_raw=0.0
CAMA TINAJA 2X2,CORREDERAS,1.0,FIJO,,,,,,unidad_raw=unidades | seccion=SECCION TERMINACION | precio_unitario_raw=8000.0 | total_raw=0.0
CAMA TINAJA 2X2,EMBALADA,1.0,FIJO,,,,,,unidad_raw=unidades | seccion=SECCION TERMINACION | precio_unitario_raw=150000.0 | total_raw=150000.0
CAMA TINAJA 2X2,SECCION TENDIDO,1.0,FORMULA,,,,,,seccion=SECCION TERMINACION | total_raw=0.0
CAMA TINAJA 2X2,MADERA 60X1X4,614.0,FORMULA,,,,,,unidad_raw=APAMATE | seccion=SECCION TERMINACION | precio_unitario_raw=140.0 | total_raw=85960.0
CAMA TINAJA 2X2,PEOPE,2.0,FORMULA,,,,,,seccion=SECCION TERMINACION | precio_unitario_raw=3500.0 | total_raw=7000.0
CAMA TINAJA 2X2,GRAPAS,0.1,ESPACIADO,,,,,,unidad_raw=CAJA | seccion=SECCION TERMINACION | precio_unitario_raw=12000.0 | total_raw=1200.0
CAMA TINAJA 2X2,MDF DE 9,1.0,AREA,,,,,,unidad_raw=LAMINA | seccion=SECCION TERMINACION | precio_unitario_raw=140000.0 | total_raw=140000.0
CAMA TINAJA 2X2,COLBON,0.2,VOLUMEN,,,,,,unidad_raw=LITRO | seccion=SECCION TERMINACION | precio_unitario_raw=14000.0 | total_raw=2800.0
CAMA TINAJA 2X2,"TORNILLOS DE 2""",40.0,ESPACIADO,,,,,,unidad_raw=UNIDAD | seccion=SECCION TERMINACION | precio_unitario_raw=100.0 | total_raw=4000.0
CAMA TINAJA 2X2,CLAVILLO,2.0,ESPACIADO,,,,,,unidad_raw=TIRA | seccion=SECCION TERMINACION | precio_unitario_raw=1000.0 | total_raw=2000.0
CAMA TINAJA 2X2,HECHURA,1.0,FIJO,,,,,,unidad_raw=UNIDAD | seccion=SECCION TERMINACION | precio_unitario_raw=63000.0 | total_raw=63000.0
CAMA TINAJA 2X2,SECCION TAPICERIA,1.0,FORMULA,,,,,,unidad_raw=MANO DE OBRA= | seccion=SECCION TAPICERIA MANO DE OBRA=
CAMA TINAJA 2X2,TELA DIVERSA BEIS,13.0,AREA,,,,,,unidad_raw=METROS | seccion=SECCION TAPICERIA MANO DE OBRA= | precio_unitario_raw=35000.0 | total_raw=455000.0
CAMA TINAJA 2X2,ESPUMA 1/2 ROSADA,1.0,FORMULA,,,,,,unidad_raw=LAMINA | seccion=SECCION TAPICERIA MANO DE OBRA= | precio_unitario_raw=25000.0 | total_raw=0.0
CAMA TINAJA 2X2,GRAPAS,0.5,ESPACIADO,,,,,,unidad_raw=CAJA DE GRAPAS | seccion=SECCION TAPICERIA MANO DE OBRA= | precio_unitario_raw=12000.0 | total_raw=6000.0
CAMA TINAJA 2X2,CASQUETES,260.0,FORMULA,,,,,,unidad_raw=UNIDADES | seccion=SECCION TAPICERIA MANO DE OBRA= | precio_unitario_raw=300.0 | total_raw=78000.0
CAMA TINAJA 2X2,TORNILLOS,1.0,FIJO,,,,,,unidad_raw=UNIDADES | seccion=SECCION TAPICERIA MANO DE OBRA= | precio_unitario_raw=100.0 | total_raw=0.0
CAMA TINAJA 2X2,ESPUMA DE 1 1/2'' ROSADA,1.0,FORMULA,,,,,,unidad_raw=UNIDADES | seccion=SECCION TAPICERIA MANO DE OBRA= | precio_unitario_raw=30000.0 | total_raw=0.0
CAMA TINAJA 2X2,ESPUMA 2 AZUL,3.0,AREA,,,,,,unidad_raw=LAMINA | seccion=SECCION TAPICERIA MANO DE OBRA= | precio_unitario_raw=50250.0 | total_raw=150750.0
CAMA TINAJA 2X2,ESPUMA 1 1/2'' AZUL,1.0,FORMULA,,,,,,unidad_raw=MTS | seccion=SECCION TAPICERIA MANO DE OBRA= | precio_unitario_raw=1000.0 | total_raw=0.0
CAMA TINAJA 2X2,RIATA,10.0,LINEAL,,,,,,unidad_raw=METROS | seccion=SECCION TAPICERIA MANO DE OBRA= | precio_unitario_raw=3000.0 | total_raw=30000.0
CAMA TINAJA 2X2,HILO,1.0,FORMULA,,,,,,unidad_raw=UNIDAD | seccion=SECCION TAPICERIA MANO DE OBRA= | precio_unitario_raw=25000.0 | total_raw=0.0
CAMA TINAJA 2X2,CANAMO,1.0,FIJO,,,,,,unidad_raw=ROLLO | seccion=SECCION TAPICERIA MANO DE OBRA= | precio_unitario_raw=12000.0 | total_raw=12000.0
CAMA TINAJA 2X2,COSTAL,6.0,AREA,,,,,,unidad_raw=METROS | seccion=SECCION TAPICERIA MANO DE OBRA= | precio_unitario_raw=3500.0 | total_raw=21000.0
CAMA TINAJA 2X2,SUPER,2.0,VOLUMEN,,,,,,unidad_raw=LITRO | seccion=SECCION TAPICERIA MANO DE OBRA= | precio_unitario_raw=19000.0 | total_raw=38000.0
CAMA TINAJA 2X2,CARTON,4.0,FORMULA,,,,,,unidad_raw=UNIDADES | seccion=SECCION TAPICERIA MANO DE OBRA= | precio_unitario_raw=5000.0 | total_raw=20000.0
CAMA TINAJA 2X2,HECHURA,1.0,FIJO,,,,,,unidad_raw=CAMA | seccion=SECCION TAPICERIA MANO DE OBRA= | precio_unitario_raw=210000.0 | total_raw=210000.0
CAMA TINAJA 2X2,LENCILLO,1.0,FORMULA,,,,,,unidad_raw=METROS | seccion=SECCION TAPICERIA MANO DE OBRA= | precio_unitario_raw=2650.0 | total_raw=0.0
CAMA MINIMALISTA 2X2,MADERA (2),1751.0,FORMULA,,,,,,unidad_raw=APAMATE | seccion=EBANISTA JORGE OLAYA MANO DE OBRA= 300000 | precio_unitario_raw=140.0 | total_raw=245140.0
CAMA MINIMALISTA 2X2,MDF DE 3,0.0,AREA,,,,,,unidad_raw=LAMINA | seccion=EBANISTA JORGE OLAYA MANO DE OBRA= 300000 | precio_unitario_raw=67000.0 | total_raw=0.0
CAMA MINIMALISTA 2X2,LAMINA DE 15,1.0,AREA,,,,,,unidad_raw=LAMINA | seccion=EBANISTA JORGE OLAYA MANO DE OBRA= 300000 | precio_unitario_raw=220000.0 | total_raw=220000.0
CAMA MINIMALISTA 2X2,"LAMINA DE 2,7",3.0,AREA,,,,,,unidad_raw=LAMINA | seccion=EBANISTA JORGE OLAYA MANO DE OBRA= 300000 | precio_unitario_raw=68000.0 | total_raw=204000.0
CAMA MINIMALISTA 2X2,COLBON,1.0,VOLUMEN,,,,,,unidad_raw=LITRO | seccion=EBANISTA JORGE OLAYA MANO DE OBRA= 300000 | precio_unitario_raw=14000.0 | total_raw=14000.0
CAMA MINIMALISTA 2X2,GRAPAS,0.3,ESPACIADO,,,,,,unidad_raw=CAJA | seccion=EBANISTA JORGE OLAYA MANO DE OBRA= 300000 | precio_unitario_raw=12000.0 | total_raw=3600.0
CAMA MINIMALISTA 2X2,GANCHOS,2.0,FORMULA,,,,,,unidad_raw=PAR | seccion=EBANISTA JORGE OLAYA MANO DE OBRA= 300000 | precio_unitario_raw=20000.0 | total_raw=40000.0
CAMA MINIMALISTA 2X2,F40,20.0,FORMULA,,,,,,unidad_raw=TIRAS | seccion=EBANISTA JORGE OLAYA MANO DE OBRA= 300000 | precio_unitario_raw=1000.0 | total_raw=20000.0
CAMA MINIMALISTA 2X2,"TORNILLOS DE 2""",400.0,ESPACIADO,,,,,,unidad_raw=Unidad | seccion=EBANISTA JORGE OLAYA MANO DE OBRA= 300000 | precio_unitario_raw=100.0 | total_raw=40000.0
CAMA MINIMALISTA 2X2,ebanisteria 300.000 x 5% de m.o,1.0,FORMULA,,,,,,seccion=EBANISTA JORGE OLAYA MANO DE OBRA= 300000 | total_raw=315000.0
CAMA MINIMALISTA 2X2,gastos de Ebanisteria e 10%,1.0,FORMULA,,,,,,seccion=EBANISTA JORGE OLAYA MANO DE OBRA= 300000 | total_raw=60375.0
CAMA MINIMALISTA 2X2,CORREDERAS 35 NORMAL,0.0,FORMULA,,,,,,unidad_raw=PAR | seccion=EBANISTA JORGE OLAYA MANO DE OBRA= 300000 | precio_unitario_raw=250000.0 | total_raw=0.0
CAMA MINIMALISTA 2X2,"MDF DE 2,7",0.0,AREA,,,,,,unidad_raw=1 PEDAZO DE 1.00X46=46 | seccion=EBANISTA JORGE OLAYA MANO DE OBRA= 300000 | precio_unitario_raw=65000.0 | total_raw=0.0
CAMA MINIMALISTA 2X2,LAM MDF 5,1.0,FORMULA,,,,,,unidad_raw=1 PEDASO DE 1.50X40=60 | seccion=EBANISTA JORGE OLAYA MANO DE OBRA= 300000 | precio_unitario_raw=130000.0 | total_raw=0.0
CAMA MINIMALISTA 2X2,LAM MDF 9,1.0,FORMULA,,,,,,"unidad_raw=1 PEDASO DE 1,50X40=60 | seccion=EBANISTA JORGE OLAYA MANO DE OBRA= 300000 | precio_unitario_raw=140.0"
CAMA MINIMALISTA 2X2,COLBON,1.0,FORMULA,,,,,,unidad_raw=litros | seccion=EBANISTA JORGE OLAYA MANO DE OBRA= 300000 | precio_unitario_raw=14000.0 | total_raw=0.0
CAMA MINIMALISTA 2X2,GRAPAS,1.0,FIJO,,,,,,unidad_raw=Unidad | seccion=EBANISTA JORGE OLAYA MANO DE OBRA= 300000 | precio_unitario_raw=600.0 | total_raw=0.0
CAMA MINIMALISTA 2X2,CLAVILLOS N F 40,1.0,FIJO,,,,,,unidad_raw=TIRA | seccion=EBANISTA JORGE OLAYA MANO DE OBRA= 300000 | precio_unitario_raw=1000.0 | total_raw=0.0
CAMA MINIMALISTA 2X2,HECHURA,1.0,FIJO,,,,,,unidad_raw=PAR | seccion=EBANISTA JORGE OLAYA MANO DE OBRA= 300000 | precio_unitario_raw=157500.0 | total_raw=0.0
CAMA MINIMALISTA 2X2,"TORNILLOS DE 2""",1.0,FIJO,,,,,,unidad_raw=Unidad | seccion=EBANISTA JORGE OLAYA MANO DE OBRA= 300000 | precio_unitario_raw=100.0 | total_raw=0.0
CAMA MINIMALISTA 2X2,gastos de Ebanisteria e 5%,1.0,FORMULA,,,,,,seccion=EBANISTA JORGE OLAYA MANO DE OBRA= 300000 | total_raw=26294.75
CAMA MINIMALISTA 2X2,SECCION PINTURA Y PREPARADA,1.0,FORMULA,,,,,DE NOCHERO,seccion=SECCION PINTURA Y PREPARADA DE NOCHERO
CAMA MINIMALISTA 2X2,PREPARADO JOTA,2.0,FORMULA,,,,,,unidad_raw=CON EL 5% | seccion=SECCION PINTURA Y PREPARADA DE NOCHERO | precio_unitario_raw=36750.0 | total_raw=73500.0
CAMA MINIMALISTA 2X2,PINTURA ALEX,2.0,FORMULA,,,,,,unidad_raw=CON EL 5% | seccion=SECCION PINTURA Y PREPARADA DE NOCHERO | precio_unitario_raw=36750.0 | total_raw=73500.0
CAMA MINIMALISTA 2X2,SELLADOR,2.5,VOLUMEN,,,,,,unidad_raw=PISTOLADAS | seccion=SECCION PINTURA Y PREPARADA DE NOCHERO | precio_unitario_raw=18000.0 | total_raw=45000.0
CAMA MINIMALISTA 2X2,LIJA 400,2.0,FORMULA,,,,,,unidad_raw=unidades | seccion=SECCION PINTURA Y PREPARADA DE NOCHERO | precio_unitario_raw=2000.0 | total_raw=4000.0
CAMA MINIMALISTA 2X2,NITRO,1.0,FORMULA,,,,,,unidad_raw=galon | seccion=SECCION PINTURA Y PREPARADA DE NOCHERO | precio_unitario_raw=70000.0 | total_raw=0.0
CAMA MINIMALISTA 2X2,VIDRIOS,1.0,FORMULA,,,,,,unidad_raw=unidad | seccion=SECCION PINTURA Y PREPARADA DE NOCHERO | precio_unitario_raw=45000.0 | total_raw=0.0
CAMA MINIMALISTA 2X2,TALCO,1.0,FORMULA,,,,,,unidad_raw=unidad | seccion=SECCION PINTURA Y PREPARADA DE NOCHERO | precio_unitario_raw=2500.0 | total_raw=0.0
CAMA MINIMALISTA 2X2,TINER,1.0,FORMULA,,,,,,unidad_raw=GALON | seccion=SECCION PINTURA Y PREPARADA DE NOCHERO | precio_unitario_raw=34000.0 | total_raw=0.0
CAMA MINIMALISTA 2X2,TOPES,1.0,FORMULA,,,,,,unidad_raw=JALADORES | seccion=SECCION PINTURA Y PREPARADA DE NOCHERO | precio_unitario_raw=3000.0 | total_raw=0.0
CAMA MINIMALISTA 2X2,BLANCO POLIURETANO,1.5,VOLUMEN,,,,,,unidad_raw=PISTOLADA | seccion=SECCION PINTURA Y PREPARADA DE NOCHERO | precio_unitario_raw=57500.0 | total_raw=86250.0
CAMA MINIMALISTA 2X2,COLOR,2.0,VOLUMEN,,,,,,unidad_raw=PISTOLADA | seccion=SECCION PINTURA Y PREPARADA DE NOCHERO | precio_unitario_raw=22000.0 | total_raw=44000.0
CAMA MINIMALISTA 2X2,ENCINA,1.0,FORMULA,,,,,,unidad_raw=galon | seccion=SECCION PINTURA Y PREPARADA DE NOCHERO | precio_unitario_raw=160000.0 | total_raw=0.0
CAMA MINIMALISTA 2X2,GASOLINA,0.5,LINEAL,,,,,,unidad_raw=ML | seccion=SECCION PINTURA Y PREPARADA DE NOCHERO | precio_unitario_raw=4500.0 | total_raw=2250.0
CAMA MINIMALISTA 2X2,RESANE,0.5,VOLUMEN,,,,,,unidad_raw=LITRO | seccion=SECCION PINTURA Y PREPARADA DE NOCHERO | precio_unitario_raw=20000.0 | total_raw=10000.0
CAMA MINIMALISTA 2X2,LACA S/M,2.0,VOLUMEN,,,,,,unidad_raw=PISTOLADA | seccion=SECCION PINTURA Y PREPARADA DE NOCHERO | precio_unitario_raw=23000.0 | total_raw=46000.0
CAMA MINIMALISTA 2X2,Gastos de Pintura 10%,1.0,FORMULA,,,,,,seccion=SECCION PINTURA Y PREPARADA DE NOCHERO | total_raw=38450.0
CAMA MINIMALISTA 2X2,SECCION PINTURA Y PREPARADA,1.0,FORMULA,,,,,PATAS,seccion=SECCION PINTURA Y PREPARADA PATAS
CAMA MINIMALISTA 2X2,PREPARADO JOTA,8.0,FORMULA,,,,,,unidad_raw=CON EL 5% | seccion=SECCION PINTURA Y PREPARADA PATAS | precio_unitario_raw=1050.0 | total_raw=8400.0
CAMA MINIMALISTA 2X2,PINTURA ALEX,8.0,FORMULA,,,,,,unidad_raw=CON EL 5% | seccion=SECCION PINTURA Y PREPARADA PATAS | precio_unitario_raw=2100.0 | total_raw=16800.0
CAMA MINIMALISTA 2X2,PINTURA DE PATAS ALEX,1.0,FIJO,,,,,,seccion=SECCION PINTURA Y PREPARADA PATAS | precio_unitario_raw=2100.0 | total_raw=0.0
CAMA MINIMALISTA 2X2,SELLADOR,0.23,VOLUMEN,,,,,,unidad_raw=PISTOLADAS | seccion=SECCION PINTURA Y PREPARADA PATAS | precio_unitario_raw=18000.0 | total_raw=4140.0
CAMA MINIMALISTA 2X2,LIJA 400,0.5,FORMULA,,,,,,unidad_raw=unidades | seccion=SECCION PINTURA Y PREPARADA PATAS | precio_unitario_raw=2000.0 | total_raw=1000.0
CAMA MINIMALISTA 2X2,NITRO,1.0,FORMULA,,,,,,unidad_raw=galon | seccion=SECCION PINTURA Y PREPARADA PATAS | total_raw=0.0
CAMA MINIMALISTA 2X2,lija 220,1.0,FORMULA,,,,,,unidad_raw=unidad | seccion=SECCION PINTURA Y PREPARADA PATAS | precio_unitario_raw=2000.0 | total_raw=0.0
CAMA MINIMALISTA 2X2,lija 120,1.0,FORMULA,,,,,,unidad_raw=unidad | seccion=SECCION PINTURA Y PREPARADA PATAS | precio_unitario_raw=2000.0 | total_raw=0.0
CAMA MINIMALISTA 2X2,LACA SEMIMATE,0.2,VOLUMEN,,,,,,unidad_raw=GALON | seccion=SECCION PINTURA Y PREPARADA PATAS | precio_unitario_raw=23000.0 | total_raw=4600.0
CAMA MINIMALISTA 2X2,kerosen,1.0,FORMULA,,,,,,unidad_raw=litro | seccion=SECCION PINTURA Y PREPARADA PATAS | precio_unitario_raw=18000.0 | total_raw=0.0
CAMA MINIMALISTA 2X2,COLOR,0.25,VOLUMEN,,,,,,unidad_raw=PISTOLADA | seccion=SECCION PINTURA Y PREPARADA PATAS | precio_unitario_raw=22000.0 | total_raw=5500.0
CAMA MINIMALISTA 2X2,TINTE MIEL,1.0,FORMULA,,,,,,unidad_raw=galon | seccion=SECCION PINTURA Y PREPARADA PATAS | total_raw=0.0
CAMA MINIMALISTA 2X2,GASOLINA,1.0,FORMULA,,,,,,unidad_raw=LITRO | seccion=SECCION PINTURA Y PREPARADA PATAS | precio_unitario_raw=4.5 | total_raw=0.0
CAMA MINIMALISTA 2X2,RESANE,1.0,FORMULA,,,,,,unidad_raw=LITRO | seccion=SECCION PINTURA Y PREPARADA PATAS | precio_unitario_raw=23000.0 | total_raw=0.0
CAMA MINIMALISTA 2X2,LACA BRILLANTE,1.0,FORMULA,,,,,,unidad_raw=PISTOLADA | seccion=SECCION PINTURA Y PREPARADA PATAS | precio_unitario_raw=23000.0 | total_raw=0.0
CAMA MINIMALISTA 2X2,Gastos de Pintura 10%,1.0,FORMULA,,,,,,seccion=SECCION PINTURA Y PREPARADA PATAS | total_raw=32095.1
CAMA MINIMALISTA 2X2,TOMAS NEGROS,1.0,FORMULA,,,,,,unidad_raw=UNIDAD | seccion=SECCION TERMINACION | precio_unitario_raw=10500.0 | total_raw=0.0
CAMA MINIMALISTA 2X2,REGLETA ANCHA,1.0,FORMULA,,,,,,unidad_raw=UNIDAD | seccion=SECCION TERMINACION | precio_unitario_raw=20000.0 | total_raw=0.0
CAMA MINIMALISTA 2X2,REGLETA DELGADA,1.0,FORMULA,,,,,,unidad_raw=UNIDAD | seccion=SECCION TERMINACION | precio_unitario_raw=20000.0 | total_raw=0.0
CAMA MINIMALISTA 2X2,LAMPARAS DE LUZ,1.0,FORMULA,,,,,,unidad_raw=UNIDADES | seccion=SECCION TERMINACION | precio_unitario_raw=100000.0 | total_raw=0.0
CAMA MINIMALISTA 2X2,CABLE DE 12,1.0,FORMULA,,,,,,unidad_raw=METROS | seccion=SECCION TERMINACION | precio_unitario_raw=3000.0 | total_raw=0.0
CAMA MINIMALISTA 2X2,APAGADORES,1.0,FORMULA,,,,,,unidad_raw=PAR | seccion=SECCION TERMINACION | precio_unitario_raw=1500.0 | total_raw=0.0
CAMA MINIMALISTA 2X2,ENCHUFLES BLANCO MACHO,1.0,FORMULA,,,,,,unidad_raw=UNIDADES | seccion=SECCION TERMINACION | precio_unitario_raw=2000.0 | total_raw=0.0
CAMA MINIMALISTA 2X2,HERRAJES DE CAMA,1.0,FORMULA,,,,,,unidad_raw=PAR | seccion=SECCION TERMINACION | precio_unitario_raw=160000.0 | total_raw=0.0
CAMA MINIMALISTA 2X2,JALADORES,1.0,FIJO,,,,,,unidad_raw=UNIDAD | seccion=SECCION TERMINACION | precio_unitario_raw=26800.0 | total_raw=0.0
CAMA MINIMALISTA 2X2,MULTIUSOS,1.0,FORMULA,,,,,,unidad_raw=UNIDADES | seccion=SECCION TERMINACION | precio_unitario_raw=3000.0 | total_raw=0.0
CAMA MINIMALISTA 2X2,CORREDERAS,1.0,FIJO,,,,,,unidad_raw=unidades | seccion=SECCION TERMINACION | precio_unitario_raw=8000.0 | total_raw=0.0
CAMA MINIMALISTA 2X2,EMBALADA,1.0,FIJO,,,,,,unidad_raw=unidades | seccion=SECCION TERMINACION | precio_unitario_raw=150000.0 | total_raw=150000.0
CAMA MINIMALISTA 2X2,SECCION TENDIDO,1.0,FORMULA,,,,,,seccion=SECCION TERMINACION | total_raw=0.0
CAMA MINIMALISTA 2X2,MADERA 60X1X4,614.0,FORMULA,,,,,,unidad_raw=APAMATE | seccion=SECCION TERMINACION | precio_unitario_raw=140.0 | total_raw=85960.0
CAMA MINIMALISTA 2X2,PEOPE,2.0,FORMULA,,,,,,seccion=SECCION TERMINACION | precio_unitario_raw=3500.0 | total_raw=7000.0
CAMA MINIMALISTA 2X2,GRAPAS,0.1,ESPACIADO,,,,,,unidad_raw=CAJA | seccion=SECCION TERMINACION | precio_unitario_raw=12000.0 | total_raw=1200.0
CAMA MINIMALISTA 2X2,MDF DE 9,1.0,AREA,,,,,,unidad_raw=LAMINA | seccion=SECCION TERMINACION | precio_unitario_raw=140000.0 | total_raw=140000.0
CAMA MINIMALISTA 2X2,COLBON,0.2,VOLUMEN,,,,,,unidad_raw=LITRO | seccion=SECCION TERMINACION | precio_unitario_raw=14000.0 | total_raw=2800.0
CAMA MINIMALISTA 2X2,"TORNILLOS DE 2""",40.0,ESPACIADO,,,,,,unidad_raw=UNIDAD | seccion=SECCION TERMINACION | precio_unitario_raw=100.0 | total_raw=4000.0
CAMA MINIMALISTA 2X2,CLAVILLO,2.0,ESPACIADO,,,,,,unidad_raw=TIRA | seccion=SECCION TERMINACION | precio_unitario_raw=1000.0 | total_raw=2000.0
CAMA MINIMALISTA 2X2,HECHURA,1.0,FIJO,,,,,,unidad_raw=UNIDAD | seccion=SECCION TERMINACION | precio_unitario_raw=63000.0 | total_raw=63000.0
CAMA MINIMALISTA 2X2,SECCION TAPICERIA,1.0,FORMULA,,,,,,unidad_raw=MANO DE OBRA= | seccion=SECCION TAPICERIA MANO DE OBRA=
CAMA MINIMALISTA 2X2,TELA DIVERSA BEIS,13.0,AREA,,,,,,unidad_raw=METROS | seccion=SECCION TAPICERIA MANO DE OBRA= | precio_unitario_raw=35000.0 | total_raw=455000.0
CAMA MINIMALISTA 2X2,ESPUMA 1/2 ROSADA,0.5,AREA,,,,,,unidad_raw=LAMINA | seccion=SECCION TAPICERIA MANO DE OBRA= | precio_unitario_raw=25000.0 | total_raw=12500.0
CAMA MINIMALISTA 2X2,GRAPAS,0.8,ESPACIADO,,,,,,unidad_raw=CAJA DE GRAPAS | seccion=SECCION TAPICERIA MANO DE OBRA= | precio_unitario_raw=12000.0 | total_raw=9600.0
CAMA MINIMALISTA 2X2,PATAS L PLATEADAS,1.0,FIJO,,,,,,unidad_raw=UNIDADES | seccion=SECCION TAPICERIA MANO DE OBRA= | precio_unitario_raw=8000.0 | total_raw=0.0
CAMA MINIMALISTA 2X2,TORNILLOS,1.0,FIJO,,,,,,unidad_raw=UNIDADES | seccion=SECCION TAPICERIA MANO DE OBRA= | precio_unitario_raw=100.0 | total_raw=0.0
CAMA MINIMALISTA 2X2,ESPUMA DE 1 1/2'' ROSADA,2.0,AREA,,,,,,unidad_raw=UNIDADES | seccion=SECCION TAPICERIA MANO DE OBRA= | precio_unitario_raw=30000.0 | total_raw=60000.0
CAMA MINIMALISTA 2X2,ESPUMA 2 AZUL,3.5,AREA,,,,,,unidad_raw=LAMINA | seccion=SECCION TAPICERIA MANO DE OBRA= | precio_unitario_raw=50000.0 | total_raw=175000.0
CAMA MINIMALISTA 2X2,ESPUMA 1 1/2'' AZUL,1.0,FORMULA,,,,,,unidad_raw=MTS | seccion=SECCION TAPICERIA MANO DE OBRA= | precio_unitario_raw=1000.0 | total_raw=0.0
CAMA MINIMALISTA 2X2,COSTAL,2.0,AREA,,,,,,unidad_raw=METROS | seccion=SECCION TAPICERIA MANO DE OBRA= | precio_unitario_raw=4000.0 | total_raw=8000.0
CAMA MINIMALISTA 2X2,HILO,0.5,FORMULA,,,,,,unidad_raw=UNIDAD | seccion=SECCION TAPICERIA MANO DE OBRA= | precio_unitario_raw=25000.0 | total_raw=12500.0
CAMA MINIMALISTA 2X2,CANAMO,1.0,FIJO,,,,,,unidad_raw=ROLLO | seccion=SECCION TAPICERIA MANO DE OBRA= | precio_unitario_raw=12000.0 | total_raw=12000.0
CAMA MINIMALISTA 2X2,SUPER,1.0,VOLUMEN,,,,,,unidad_raw=LITRO | seccion=SECCION TAPICERIA MANO DE OBRA= | precio_unitario_raw=19000.0 | total_raw=19000.0
CAMA MINIMALISTA 2X2,CARTON,4.0,FORMULA,,,,,,unidad_raw=UNIDADES | seccion=SECCION TAPICERIA MANO DE OBRA= | precio_unitario_raw=5000.0 | total_raw=20000.0
CAMA MINIMALISTA 2X2,HECHURA,1.0,FIJO,,,,,,unidad_raw=CAMA | seccion=SECCION TAPICERIA MANO DE OBRA= | precio_unitario_raw=210000.0 | total_raw=210000.0
CAMA MINIMALISTA 2X2,LENCILLO,3.1,LINEAL,,,,,,unidad_raw=METROS | seccion=SECCION TAPICERIA MANO DE OBRA= | precio_unitario_raw=2650.0 | total_raw=8215.0
"CAMA TURQUIA DE 1,60 24/02/2026",MADERA (2),1775.0,FORMULA,,,,,,unidad_raw=APAMATE | seccion=EBANISTA EDUAR MANO DE OBRA= EN CRUDO | precio_unitario_raw=140.0 | total_raw=248500.0
"CAMA TURQUIA DE 1,60 24/02/2026",MDF DE 3,0.57,AREA,,,,,,"unidad_raw=0,30X 1,90 DE MDF DE 3 | seccion=EBANISTA EDUAR MANO DE OBRA= EN CRUDO | precio_unitario_raw=16800.0 | total_raw=9576.0"
"CAMA TURQUIA DE 1,60 24/02/2026",LAMINA DE 15,1.5,AREA,,,,,,unidad_raw=LAMINA | seccion=EBANISTA EDUAR MANO DE OBRA= EN CRUDO | precio_unitario_raw=220000.0 | total_raw=330000.0
"CAMA TURQUIA DE 1,60 24/02/2026","LAMINA DE 9""",1.8,AREA,,,,,,unidad_raw=LAMINA | seccion=EBANISTA EDUAR MANO DE OBRA= EN CRUDO | precio_unitario_raw=32000.0 | total_raw=57600.0
"CAMA TURQUIA DE 1,60 24/02/2026",COLBON,1.0,VOLUMEN,,,,,,unidad_raw=LITRO | seccion=EBANISTA EDUAR MANO DE OBRA= EN CRUDO | precio_unitario_raw=14000.0 | total_raw=14000.0
"CAMA TURQUIA DE 1,60 24/02/2026",GRAPAS,0.5,ESPACIADO,,,,,,unidad_raw=CAJA | seccion=EBANISTA EDUAR MANO DE OBRA= EN CRUDO | precio_unitario_raw=12000.0 | total_raw=6000.0
"CAMA TURQUIA DE 1,60 24/02/2026",GANCHOS,1.0,FIJO,,,,,,unidad_raw=PAR | seccion=EBANISTA EDUAR MANO DE OBRA= EN CRUDO | precio_unitario_raw=20000.0 | total_raw=20000.0
"CAMA TURQUIA DE 1,60 24/02/2026",SUPER,0.5,VOLUMEN,,,,,,unidad_raw=LITRO | seccion=EBANISTA EDUAR MANO DE OBRA= EN CRUDO | precio_unitario_raw=13300.0 | total_raw=6650.0
"CAMA TURQUIA DE 1,60 24/02/2026",F40,5.0,FORMULA,,,,,,unidad_raw=TIRAS | seccion=EBANISTA EDUAR MANO DE OBRA= EN CRUDO | precio_unitario_raw=1000.0 | total_raw=5000.0
"CAMA TURQUIA DE 1,60 24/02/2026","TORNILLOS DE 2""",120.0,ESPACIADO,,,,,,unidad_raw=Unidad | seccion=EBANISTA EDUAR MANO DE OBRA= EN CRUDO | precio_unitario_raw=100.0 | total_raw=12000.0
"CAMA TURQUIA DE 1,60 24/02/2026",ebanisteria 300.000 x 5% de m.o,1.0,FORMULA,,,,,,seccion=EBANISTA EDUAR MANO DE OBRA= EN CRUDO | total_raw=315000.0
"CAMA TURQUIA DE 1,60 24/02/2026",gastos de Ebanisteria e 10%,1.0,FORMULA,,,,,,seccion=EBANISTA EDUAR MANO DE OBRA= EN CRUDO | total_raw=102432.6
"CAMA TURQUIA DE 1,60 24/02/2026",CORREDERAS 35 NORMAL,4.0,FORMULA,,,,,,unidad_raw=PAR | seccion=EBANISTA EDUAR MANO DE OBRA= EN CRUDO | precio_unitario_raw=10000.0 | total_raw=40000.0
"CAMA TURQUIA DE 1,60 24/02/2026","MDF DE 2,7",1.0,FORMULA,,,,,,unidad_raw=1 PEDAZO DE 1.00X46=46 | seccion=EBANISTA EDUAR MANO DE OBRA= EN CRUDO | precio_unitario_raw=65000.0 | total_raw=0.0
"CAMA TURQUIA DE 1,60 24/02/2026",LAM MDF 5,1.0,FORMULA,,,,,,unidad_raw=1 PEDASO DE 1.50X40=60 | seccion=EBANISTA EDUAR MANO DE OBRA= EN CRUDO | precio_unitario_raw=130000.0 | total_raw=0.0
"CAMA TURQUIA DE 1,60 24/02/2026",LAM MDF 9,1.0,FORMULA,,,,,,"unidad_raw=1 PEDASO DE 1,50X40=60 | seccion=EBANISTA EDUAR MANO DE OBRA= EN CRUDO | precio_unitario_raw=140.0"
"CAMA TURQUIA DE 1,60 24/02/2026",COLBON,1.0,FORMULA,,,,,,unidad_raw=litros | seccion=EBANISTA EDUAR MANO DE OBRA= EN CRUDO | precio_unitario_raw=14000.0 | total_raw=0.0
"CAMA TURQUIA DE 1,60 24/02/2026",GRAPAS,1.0,FIJO,,,,,,unidad_raw=Unidad | seccion=EBANISTA EDUAR MANO DE OBRA= EN CRUDO | precio_unitario_raw=600.0 | total_raw=0.0
"CAMA TURQUIA DE 1,60 24/02/2026",CLAVILLOS N F 40,1.0,FIJO,,,,,,unidad_raw=TIRA | seccion=EBANISTA EDUAR MANO DE OBRA= EN CRUDO | precio_unitario_raw=1000.0 | total_raw=0.0
"CAMA TURQUIA DE 1,60 24/02/2026",HECHURA,2.0,FORMULA,,,,,,unidad_raw=PAR | seccion=EBANISTA EDUAR MANO DE OBRA= EN CRUDO | precio_unitario_raw=250000.0 | total_raw=500000.0
"CAMA TURQUIA DE 1,60 24/02/2026","TORNILLOS DE 2""",1.0,FIJO,,,,,,unidad_raw=Unidad | seccion=EBANISTA EDUAR MANO DE OBRA= EN CRUDO | precio_unitario_raw=100.0 | total_raw=0.0
"CAMA TURQUIA DE 1,60 24/02/2026",gastos de Ebanisteria e 5%,1.0,FORMULA,,,,,,seccion=EBANISTA EDUAR MANO DE OBRA= EN CRUDO | total_raw=27000.0
"CAMA TURQUIA DE 1,60 24/02/2026",SECCION PINTURA Y PREPARADA,1.0,FORMULA,,,,,DE NOCHERO,seccion=SECCION PINTURA Y PREPARADA DE NOCHERO
"CAMA TURQUIA DE 1,60 24/02/2026",PREPARADO JOTA,2.0,FORMULA,,,,,,unidad_raw=CON EL 5% | seccion=SECCION PINTURA Y PREPARADA DE NOCHERO | precio_unitario_raw=36750.0 | total_raw=73500.0
"CAMA TURQUIA DE 1,60 24/02/2026",PINTURA ALEX,2.0,FORMULA,,,,,,unidad_raw=CON EL 5% | seccion=SECCION PINTURA Y PREPARADA DE NOCHERO | precio_unitario_raw=36750.0 | total_raw=73500.0
"CAMA TURQUIA DE 1,60 24/02/2026",SELLADOR,4.0,VOLUMEN,,,,,,unidad_raw=PISTOLADAS | seccion=SECCION PINTURA Y PREPARADA DE NOCHERO | precio_unitario_raw=18000.0 | total_raw=72000.0
"CAMA TURQUIA DE 1,60 24/02/2026",LIJA 400,2.0,FORMULA,,,,,,unidad_raw=unidades | seccion=SECCION PINTURA Y PREPARADA DE NOCHERO | precio_unitario_raw=2000.0 | total_raw=4000.0
"CAMA TURQUIA DE 1,60 24/02/2026",NITRO,1.0,FORMULA,,,,,,unidad_raw=galon | seccion=SECCION PINTURA Y PREPARADA DE NOCHERO | precio_unitario_raw=70000.0 | total_raw=0.0
"CAMA TURQUIA DE 1,60 24/02/2026",VIDRIOS,1.0,FORMULA,,,,,,unidad_raw=unidad | seccion=SECCION PINTURA Y PREPARADA DE NOCHERO | precio_unitario_raw=45000.0 | total_raw=0.0
"CAMA TURQUIA DE 1,60 24/02/2026",TALCO,1.0,FORMULA,,,,,,unidad_raw=unidad | seccion=SECCION PINTURA Y PREPARADA DE NOCHERO | precio_unitario_raw=2500.0 | total_raw=0.0
"CAMA TURQUIA DE 1,60 24/02/2026",TINER,1.0,FORMULA,,,,,,unidad_raw=GALON | seccion=SECCION PINTURA Y PREPARADA DE NOCHERO | precio_unitario_raw=34000.0 | total_raw=0.0
"CAMA TURQUIA DE 1,60 24/02/2026",TOPES,1.0,FORMULA,,,,,,unidad_raw=JALADORES | seccion=SECCION PINTURA Y PREPARADA DE NOCHERO | precio_unitario_raw=3000.0 | total_raw=0.0
"CAMA TURQUIA DE 1,60 24/02/2026",COLOR TABACO,2.5,VOLUMEN,,,,,,unidad_raw=PISTOLADA | seccion=SECCION PINTURA Y PREPARADA DE NOCHERO | precio_unitario_raw=22000.0 | total_raw=55000.0
"CAMA TURQUIA DE 1,60 24/02/2026",COLOR,2.0,VOLUMEN,,,,,,unidad_raw=PISTOLADA | seccion=SECCION PINTURA Y PREPARADA DE NOCHERO | precio_unitario_raw=22000.0 | total_raw=44000.0
"CAMA TURQUIA DE 1,60 24/02/2026",ENCINA,1.0,FORMULA,,,,,,unidad_raw=galon | seccion=SECCION PINTURA Y PREPARADA DE NOCHERO | precio_unitario_raw=160000.0 | total_raw=0.0
"CAMA TURQUIA DE 1,60 24/02/2026",GASOLINA,0.5,LINEAL,,,,,,unidad_raw=ML | seccion=SECCION PINTURA Y PREPARADA DE NOCHERO | precio_unitario_raw=4500.0 | total_raw=2250.0
"CAMA TURQUIA DE 1,60 24/02/2026",RESANE,0.5,VOLUMEN,,,,,,unidad_raw=LITRO | seccion=SECCION PINTURA Y PREPARADA DE NOCHERO | precio_unitario_raw=20000.0 | total_raw=10000.0
"CAMA TURQUIA DE 1,60 24/02/2026",LACA S/M,1.5,VOLUMEN,,,,,,unidad_raw=PISTOLADA | seccion=SECCION PINTURA Y PREPARADA DE NOCHERO | precio_unitario_raw=22000.0 | total_raw=33000.0
"CAMA TURQUIA DE 1,60 24/02/2026",Gastos de Pintura 10%,1.0,FORMULA,,,,,,seccion=SECCION PINTURA Y PREPARADA DE NOCHERO | total_raw=36725.0
"CAMA TURQUIA DE 1,60 24/02/2026",SECCION PINTURA Y PREPARADA,1.0,FORMULA,,,,,DE CAMA,seccion=SECCION PINTURA Y PREPARADA DE CAMA
"CAMA TURQUIA DE 1,60 24/02/2026",PREPARADO JOTA,1.0,FIJO,,,,,,unidad_raw=CON EL 5% | seccion=SECCION PINTURA Y PREPARADA DE CAMA | precio_unitario_raw=73500.0 | total_raw=73500.0
"CAMA TURQUIA DE 1,60 24/02/2026",PINTURA ALEX,1.0,FIJO,,,,,,unidad_raw=CON EL 5% | seccion=SECCION PINTURA Y PREPARADA DE CAMA | precio_unitario_raw=63000.0 | total_raw=63000.0
"CAMA TURQUIA DE 1,60 24/02/2026",PINTURA DE PATAS ALEX,1.0,FIJO,,,,,,seccion=SECCION PINTURA Y PREPARADA DE CAMA | precio_unitario_raw=2100.0 | total_raw=0.0
"CAMA TURQUIA DE 1,60 24/02/2026",SELLADOR,2.0,VOLUMEN,,,,,,unidad_raw=PISTOLADAS | seccion=SECCION PINTURA Y PREPARADA DE CAMA | precio_unitario_raw=18000.0 | total_raw=36000.0
"CAMA TURQUIA DE 1,60 24/02/2026",LIJA 400,1.5,FORMULA,,,,,,unidad_raw=unidades | seccion=SECCION PINTURA Y PREPARADA DE CAMA | precio_unitario_raw=2000.0 | total_raw=3000.0
"CAMA TURQUIA DE 1,60 24/02/2026",NITRO,1.0,FORMULA,,,,,,unidad_raw=galon | seccion=SECCION PINTURA Y PREPARADA DE CAMA | total_raw=0.0
"CAMA TURQUIA DE 1,60 24/02/2026",lija 220,1.0,FORMULA,,,,,,unidad_raw=unidad | seccion=SECCION PINTURA Y PREPARADA DE CAMA | precio_unitario_raw=2000.0 | total_raw=0.0
"CAMA TURQUIA DE 1,60 24/02/2026",lija 120,1.0,FORMULA,,,,,,unidad_raw=unidad | seccion=SECCION PINTURA Y PREPARADA DE CAMA | precio_unitario_raw=2000.0 | total_raw=0.0
"CAMA TURQUIA DE 1,60 24/02/2026",LACA SEMIMATE,2.5,VOLUMEN,,,,,,unidad_raw=GALON | seccion=SECCION PINTURA Y PREPARADA DE CAMA | precio_unitario_raw=22000.0 | total_raw=55000.0
"CAMA TURQUIA DE 1,60 24/02/2026",kerosen,1.0,FORMULA,,,,,,unidad_raw=litro | seccion=SECCION PINTURA Y PREPARADA DE CAMA | precio_unitario_raw=18000.0 | total_raw=0.0
"CAMA TURQUIA DE 1,60 24/02/2026",COLOR TABACO,1.0,FORMULA,,,,,,unidad_raw=PISTOLADA | seccion=SECCION PINTURA Y PREPARADA DE CAMA | precio_unitario_raw=22000.0 | total_raw=77000.0
"CAMA TURQUIA DE 1,60 24/02/2026",TINTE MIEL,3.5,VOLUMEN,,,,,,unidad_raw=galon | seccion=SECCION PINTURA Y PREPARADA DE CAMA
"CAMA TURQUIA DE 1,60 24/02/2026",GASOLINA,0.5,VOLUMEN,,,,,,unidad_raw=LITRO | seccion=SECCION PINTURA Y PREPARADA DE CAMA | precio_unitario_raw=4500.0 | total_raw=2250.0
"CAMA TURQUIA DE 1,60 24/02/2026",RESANE,0.2,VOLUMEN,,,,,,unidad_raw=LITRO | seccion=SECCION PINTURA Y PREPARADA DE CAMA | precio_unitario_raw=23000.0 | total_raw=4600.0
"CAMA TURQUIA DE 1,60 24/02/2026",LACA BRILLANTE,1.0,FORMULA,,,,,,unidad_raw=PISTOLADA | seccion=SECCION PINTURA Y PREPARADA DE CAMA | precio_unitario_raw=23000.0 | total_raw=0.0
"CAMA TURQUIA DE 1,60 24/02/2026",Gastos de Pintura 10%,1.0,FORMULA,,,,,,seccion=SECCION PINTURA Y PREPARADA DE CAMA | total_raw=31435.0
"CAMA TURQUIA DE 1,60 24/02/2026",ESPEJOS,1.0,LINEAL,,,,,,unidad_raw=METRO | seccion=SECCION TERMINACION | precio_unitario_raw=137800.0 | total_raw=137800.0
"CAMA TURQUIA DE 1,60 24/02/2026",BISELADO DEL ESPEJO BORDE,10.3,FORMULA,,,,,,unidad_raw=UNIDAD | seccion=SECCION TERMINACION | precio_unitario_raw=7000.0 | total_raw=72100.0
"CAMA TURQUIA DE 1,60 24/02/2026",CORTE Y NPULIDA,1.0,FIJO,,,,,,unidad_raw=UNIDAD | seccion=SECCION TERMINACION | precio_unitario_raw=50000.0 | total_raw=50000.0
"CAMA TURQUIA DE 1,60 24/02/2026",LAMPARAS DE LUZ,1.0,FORMULA,,,,,,unidad_raw=UNIDADES | seccion=SECCION TERMINACION | precio_unitario_raw=100000.0
"CAMA TURQUIA DE 1,60 24/02/2026",CABLE DE 12,1.0,FORMULA,,,,,,unidad_raw=METROS | seccion=SECCION TERMINACION | precio_unitario_raw=3000.0 | total_raw=0.0
"CAMA TURQUIA DE 1,60 24/02/2026",APAGADORES,1.0,FORMULA,,,,,,unidad_raw=PAR | seccion=SECCION TERMINACION | precio_unitario_raw=1500.0 | total_raw=0.0
"CAMA TURQUIA DE 1,60 24/02/2026",ENCHUFLES BLANCO MACHO,1.0,FORMULA,,,,,,unidad_raw=UNIDADES | seccion=SECCION TERMINACION | precio_unitario_raw=2000.0 | total_raw=0.0
"CAMA TURQUIA DE 1,60 24/02/2026",HERRAJES DE CAMA,1.0,FORMULA,,,,,,unidad_raw=PAR | seccion=SECCION TERMINACION | precio_unitario_raw=160000.0 | total_raw=0.0
"CAMA TURQUIA DE 1,60 24/02/2026",JALADORES,1.0,FIJO,,,,,,unidad_raw=UNIDAD | seccion=SECCION TERMINACION | precio_unitario_raw=26800.0 | total_raw=0.0
"CAMA TURQUIA DE 1,60 24/02/2026",MULTIUSOS,1.0,FORMULA,,,,,,unidad_raw=UNIDADES | seccion=SECCION TERMINACION | precio_unitario_raw=3000.0 | total_raw=0.0
"CAMA TURQUIA DE 1,60 24/02/2026",CORREDERAS,1.0,FIJO,,,,,,unidad_raw=unidades | seccion=SECCION TERMINACION | precio_unitario_raw=10000.0 | total_raw=0.0
"CAMA TURQUIA DE 1,60 24/02/2026",EMBALADA,1.0,FIJO,,,,,,unidad_raw=unidades | seccion=SECCION TERMINACION | precio_unitario_raw=150000.0 | total_raw=150000.0
"CAMA TURQUIA DE 1,60 24/02/2026",SECCION TENDIDO DE REJAS,1.0,FORMULA,,,,,,seccion=SECCION TERMINACION | total_raw=0.0
"CAMA TURQUIA DE 1,60 24/02/2026",MADERA 60X1X4,730.0,FORMULA,,,,,,unidad_raw=APAMATE | seccion=SECCION TERMINACION | precio_unitario_raw=140.0 | total_raw=0.0
"CAMA TURQUIA DE 1,60 24/02/2026",PEOPE METROS,2.0,FORMULA,,,,,,seccion=SECCION TERMINACION | precio_unitario_raw=3500.0 | total_raw=102200.0
"CAMA TURQUIA DE 1,60 24/02/2026",GRAPAS,0.3,ESPACIADO,,,,,,unidad_raw=CAJA | seccion=SECCION TERMINACION | precio_unitario_raw=12000.0 | total_raw=0.0
"CAMA TURQUIA DE 1,60 24/02/2026",MDF DE 9,1.0,AREA,,,,,,unidad_raw=LAMINA | seccion=SECCION TERMINACION | precio_unitario_raw=140000.0 | total_raw=3600.0
"CAMA TURQUIA DE 1,60 24/02/2026",COLBON,0.2,VOLUMEN,,,,,,unidad_raw=LITRO | seccion=SECCION TERMINACION | precio_unitario_raw=14000.0 | total_raw=140000.0
"CAMA TURQUIA DE 1,60 24/02/2026","TORNILLOS DE 2""",40.0,ESPACIADO,,,,,,unidad_raw=UNIDAD | seccion=SECCION TERMINACION | precio_unitario_raw=100.0 | total_raw=2800.0
"CAMA TURQUIA DE 1,60 24/02/2026",CLAVILLO,2.0,ESPACIADO,,,,,,unidad_raw=TIRA | seccion=SECCION TERMINACION | precio_unitario_raw=1000.0 | total_raw=4000.0
"CAMA TURQUIA DE 1,60 24/02/2026",HECHURA,1.0,FIJO,,,,,,unidad_raw=UNIDAD | seccion=SECCION TERMINACION | precio_unitario_raw=63000.0 | total_raw=63000.0
"CAMA TURQUIA DE 1,60 24/02/2026",SECCION TAPICERIA,1.0,FORMULA,,,,,,unidad_raw=MANO DE OBRA= | seccion=SECCION TAPICERIA MANO DE OBRA=
"CAMA TURQUIA DE 1,60 24/02/2026",TELA ESTALIN BLANCA,4.0,AREA,,,,,,unidad_raw=METROS | seccion=SECCION TAPICERIA MANO DE OBRA= | precio_unitario_raw=31000.0 | total_raw=124000.0
"CAMA TURQUIA DE 1,60 24/02/2026",ESPUMA DE 1 1/2'' ROSADA,1.25,AREA,,,,,,unidad_raw=LAMINA | seccion=SECCION TAPICERIA MANO DE OBRA= | precio_unitario_raw=30000.0 | total_raw=37500.0
"CAMA TURQUIA DE 1,60 24/02/2026",GRAPAS,0.5,ESPACIADO,,,,,,unidad_raw=CAJA DE GRAPAS | seccion=SECCION TAPICERIA MANO DE OBRA= | precio_unitario_raw=12000.0 | total_raw=6000.0
"CAMA TURQUIA DE 1,60 24/02/2026",PATAS L PLATEADAS,1.0,FIJO,,,,,,unidad_raw=UNIDADES | seccion=SECCION TAPICERIA MANO DE OBRA= | total_raw=6000.0
"CAMA TURQUIA DE 1,60 24/02/2026",TORNILLOS,50.0,ESPACIADO,,,,,,unidad_raw=UNIDADES | seccion=SECCION TAPICERIA MANO DE OBRA= | precio_unitario_raw=100.0 | total_raw=5000.0
"CAMA TURQUIA DE 1,60 24/02/2026",ESPUMA DE 2'' ROSADA,0.0,AREA,,,,,,unidad_raw=UNIDADES | seccion=SECCION TAPICERIA MANO DE OBRA= | precio_unitario_raw=30000.0 | total_raw=5000.0
"CAMA TURQUIA DE 1,60 24/02/2026",ESPUMA 2 AZUL,0.0,AREA,,,,,,unidad_raw=LAMINA | seccion=SECCION TAPICERIA MANO DE OBRA= | precio_unitario_raw=50000.0 | total_raw=0.0
"CAMA TURQUIA DE 1,60 24/02/2026",o,1.0,FORMULA,,,,,,unidad_raw=MTS | seccion=SECCION TAPICERIA MANO DE OBRA= | precio_unitario_raw=1000.0 | total_raw=0.0
"CAMA TURQUIA DE 1,60 24/02/2026",COSTAL,0.0,AREA,,,,,,unidad_raw=METROS | seccion=SECCION TAPICERIA MANO DE OBRA= | precio_unitario_raw=4000.0 | total_raw=0.0
"CAMA TURQUIA DE 1,60 24/02/2026",HILO,0.5,FORMULA,,,,,,unidad_raw=UNIDAD | seccion=SECCION TAPICERIA MANO DE OBRA= | precio_unitario_raw=25000.0 | total_raw=0.0
"CAMA TURQUIA DE 1,60 24/02/2026",CANAMO,0.0,FORMULA,,,,,,unidad_raw=ROLLO | seccion=SECCION TAPICERIA MANO DE OBRA= | precio_unitario_raw=12000.0 | total_raw=12500.0
"CAMA TURQUIA DE 1,60 24/02/2026",SUPER,0.2,VOLUMEN,,,,,,unidad_raw=LITRO | seccion=SECCION TAPICERIA MANO DE OBRA= | precio_unitario_raw=19000.0 | total_raw=0.0
"CAMA TURQUIA DE 1,60 24/02/2026",CARTON,0.0,FORMULA,,,,,,unidad_raw=UNIDADES | seccion=SECCION TAPICERIA MANO DE OBRA= | precio_unitario_raw=5000.0 | total_raw=3800.0
"CAMA TURQUIA DE 1,60 24/02/2026",HECHURA,1.0,FIJO,,,,,,unidad_raw=CAMA | seccion=SECCION TAPICERIA MANO DE OBRA= | precio_unitario_raw=210000.0 | total_raw=210000.0
"CAMA TURQUIA DE 1,60 24/02/2026",LENCILLO,0.0,LINEAL,,,,,,unidad_raw=METROS | seccion=SECCION TAPICERIA MANO DE OBRA= | precio_unitario_raw=2650.0 | total_raw=210000.0
CAMA MANANTIAL 2X2,MADERA (2),1000.0,FORMULA,,,,,,unidad_raw=APAMATE | seccion=EBANISTA WILMER MANO DE OBRA= | precio_unitario_raw=140.0 | total_raw=140000.0
CAMA MANANTIAL 2X2,MDF DE 3,1.25,AREA,,,,,,unidad_raw=LAMINA | seccion=EBANISTA WILMER MANO DE OBRA= | precio_unitario_raw=67000.0 | total_raw=83750.0
CAMA MANANTIAL 2X2,LAMINA DE 15,0.0,AREA,,,,,,unidad_raw=LAMINA | seccion=EBANISTA WILMER MANO DE OBRA= | precio_unitario_raw=210000.0 | total_raw=0.0
CAMA MANANTIAL 2X2,LAMINA DE,1.0,FORMULA,,,,,,unidad_raw=LAMINA | seccion=EBANISTA WILMER MANO DE OBRA= | precio_unitario_raw=130000.0 | total_raw=0.0
CAMA MANANTIAL 2X2,COLBON,1.0,VOLUMEN,,,,,,unidad_raw=LITRO | seccion=EBANISTA WILMER MANO DE OBRA= | precio_unitario_raw=14000.0 | total_raw=14000.0
CAMA MANANTIAL 2X2,GRAPAS,0.5,ESPACIADO,,,,,,unidad_raw=CAJA | seccion=EBANISTA WILMER MANO DE OBRA= | precio_unitario_raw=12000.0 | total_raw=6000.0
CAMA MANANTIAL 2X2,GANCHOS,1.0,FIJO,,,,,,unidad_raw=PAR | seccion=EBANISTA WILMER MANO DE OBRA= | precio_unitario_raw=20000.0 | total_raw=20000.0
CAMA MANANTIAL 2X2,F40,15.0,FORMULA,,,,,,unidad_raw=TIRAS | seccion=EBANISTA WILMER MANO DE OBRA= | precio_unitario_raw=1000.0 | total_raw=15000.0
CAMA MANANTIAL 2X2,"TORNILLOS DE 2""",100.0,ESPACIADO,,,,,,unidad_raw=Unidad | seccion=EBANISTA WILMER MANO DE OBRA= | precio_unitario_raw=100.0 | total_raw=10000.0
CAMA MANANTIAL 2X2,ebanisteria 300.000 x 5% de m.o,1.0,FORMULA,,,,,,seccion=EBANISTA WILMER MANO DE OBRA= | total_raw=315000.0
CAMA MANANTIAL 2X2,gastos de Ebanisteria e 10%,1.0,FORMULA,,,,,,seccion=EBANISTA WILMER MANO DE OBRA= | total_raw=60375.0
CAMA MANANTIAL 2X2,CORREDERAS 35 NORMAL,2.0,FORMULA,,,,,,unidad_raw=PAR | seccion=EBANISTA WILMER MANO DE OBRA= | precio_unitario_raw=250000.0 | total_raw=500000.0
CAMA MANANTIAL 2X2,"MDF DE 2,7",1.0,FORMULA,,,,,,unidad_raw=1 PEDAZO DE 1.00X46=46 | seccion=EBANISTA WILMER MANO DE OBRA= | precio_unitario_raw=65000.0 | total_raw=0.0
CAMA MANANTIAL 2X2,LAM MDF 5,1.0,FORMULA,,,,,,unidad_raw=1 PEDASO DE 1.50X40=60 | seccion=EBANISTA WILMER MANO DE OBRA= | precio_unitario_raw=130000.0 | total_raw=0.0
CAMA MANANTIAL 2X2,LAM MDF 9,1.0,FORMULA,,,,,,"unidad_raw=1 PEDASO DE 1,50X40=60 | seccion=EBANISTA WILMER MANO DE OBRA= | precio_unitario_raw=140.0"
CAMA MANANTIAL 2X2,COLBON,1.0,FORMULA,,,,,,unidad_raw=litros | seccion=EBANISTA WILMER MANO DE OBRA= | precio_unitario_raw=14000.0 | total_raw=0.0
CAMA MANANTIAL 2X2,GRAPAS,1.0,FIJO,,,,,,unidad_raw=Unidad | seccion=EBANISTA WILMER MANO DE OBRA= | precio_unitario_raw=600.0 | total_raw=0.0
CAMA MANANTIAL 2X2,CLAVILLOS N F 40,1.0,FIJO,,,,,,unidad_raw=TIRA | seccion=EBANISTA WILMER MANO DE OBRA= | precio_unitario_raw=1000.0 | total_raw=0.0
CAMA MANANTIAL 2X2,HECHURA,1.0,FIJO,,,,,,unidad_raw=PAR | seccion=EBANISTA WILMER MANO DE OBRA= | precio_unitario_raw=157500.0 | total_raw=0.0
CAMA MANANTIAL 2X2,"TORNILLOS DE 2""",1.0,FIJO,,,,,,unidad_raw=Unidad | seccion=EBANISTA WILMER MANO DE OBRA= | precio_unitario_raw=100.0 | total_raw=0.0
CAMA MANANTIAL 2X2,gastos de Ebanisteria e 5%,1.0,FORMULA,,,,,,seccion=EBANISTA WILMER MANO DE OBRA= | total_raw=26294.75
CAMA MANANTIAL 2X2,SECCION PINTURA Y PREPARADA,1.0,FORMULA,,,,,DE NOCHERO,seccion=SECCION PINTURA Y PREPARADA DE NOCHERO
CAMA MANANTIAL 2X2,PREPARADO JOTA,2.0,FORMULA,,,,,,unidad_raw=CON EL 5% | seccion=SECCION PINTURA Y PREPARADA DE NOCHERO | precio_unitario_raw=36750.0 | total_raw=73500.0
CAMA MANANTIAL 2X2,PINTURA ALEX,2.0,FORMULA,,,,,,unidad_raw=CON EL 5% | seccion=SECCION PINTURA Y PREPARADA DE NOCHERO | precio_unitario_raw=36750.0 | total_raw=73500.0
CAMA MANANTIAL 2X2,SELLADOR,2.5,VOLUMEN,,,,,,unidad_raw=PISTOLADAS | seccion=SECCION PINTURA Y PREPARADA DE NOCHERO | precio_unitario_raw=18000.0 | total_raw=45000.0
CAMA MANANTIAL 2X2,LIJA 400,2.0,FORMULA,,,,,,unidad_raw=unidades | seccion=SECCION PINTURA Y PREPARADA DE NOCHERO | precio_unitario_raw=2000.0 | total_raw=4000.0
CAMA MANANTIAL 2X2,NITRO,1.0,FORMULA,,,,,,unidad_raw=galon | seccion=SECCION PINTURA Y PREPARADA DE NOCHERO | precio_unitario_raw=70000.0 | total_raw=0.0
CAMA MANANTIAL 2X2,VIDRIOS,1.0,FORMULA,,,,,,unidad_raw=unidad | seccion=SECCION PINTURA Y PREPARADA DE NOCHERO | precio_unitario_raw=45000.0 | total_raw=0.0
CAMA MANANTIAL 2X2,TALCO,1.0,FORMULA,,,,,,unidad_raw=unidad | seccion=SECCION PINTURA Y PREPARADA DE NOCHERO | precio_unitario_raw=2500.0 | total_raw=0.0
CAMA MANANTIAL 2X2,TINER,1.0,FORMULA,,,,,,unidad_raw=GALON | seccion=SECCION PINTURA Y PREPARADA DE NOCHERO | precio_unitario_raw=34000.0 | total_raw=0.0
CAMA MANANTIAL 2X2,TOPES,1.0,FORMULA,,,,,,unidad_raw=JALADORES | seccion=SECCION PINTURA Y PREPARADA DE NOCHERO | precio_unitario_raw=3000.0 | total_raw=0.0
CAMA MANANTIAL 2X2,BLANCO POLIURETANO,1.5,VOLUMEN,,,,,,unidad_raw=PISTOLADA | seccion=SECCION PINTURA Y PREPARADA DE NOCHERO | precio_unitario_raw=57500.0 | total_raw=86250.0
CAMA MANANTIAL 2X2,COLOR,2.0,VOLUMEN,,,,,,unidad_raw=PISTOLADA | seccion=SECCION PINTURA Y PREPARADA DE NOCHERO | precio_unitario_raw=22000.0 | total_raw=44000.0
CAMA MANANTIAL 2X2,ENCINA,1.0,FORMULA,,,,,,unidad_raw=galon | seccion=SECCION PINTURA Y PREPARADA DE NOCHERO | precio_unitario_raw=160000.0 | total_raw=0.0
CAMA MANANTIAL 2X2,GASOLINA,0.5,LINEAL,,,,,,unidad_raw=ML | seccion=SECCION PINTURA Y PREPARADA DE NOCHERO | precio_unitario_raw=4500.0 | total_raw=2250.0
CAMA MANANTIAL 2X2,RESANE,0.5,VOLUMEN,,,,,,unidad_raw=LITRO | seccion=SECCION PINTURA Y PREPARADA DE NOCHERO | precio_unitario_raw=20000.0 | total_raw=10000.0
CAMA MANANTIAL 2X2,LACA S/M,2.0,VOLUMEN,,,,,,unidad_raw=PISTOLADA | seccion=SECCION PINTURA Y PREPARADA DE NOCHERO | precio_unitario_raw=23000.0 | total_raw=46000.0
CAMA MANANTIAL 2X2,Gastos de Pintura 10%,1.0,FORMULA,,,,,,seccion=SECCION PINTURA Y PREPARADA DE NOCHERO | total_raw=38450.0
CAMA MANANTIAL 2X2,SECCION PINTURA Y PREPARADA,1.0,FORMULA,,,,,PATAS,seccion=SECCION PINTURA Y PREPARADA PATAS
CAMA MANANTIAL 2X2,PREPARADO JOTA,8.0,FORMULA,,,,,,unidad_raw=CON EL 5% | seccion=SECCION PINTURA Y PREPARADA PATAS | precio_unitario_raw=1050.0 | total_raw=8400.0
CAMA MANANTIAL 2X2,PINTURA ALEX,8.0,FORMULA,,,,,,unidad_raw=CON EL 5% | seccion=SECCION PINTURA Y PREPARADA PATAS | precio_unitario_raw=2100.0 | total_raw=16800.0
CAMA MANANTIAL 2X2,PINTURA DE PATAS ALEX,1.0,FIJO,,,,,,seccion=SECCION PINTURA Y PREPARADA PATAS | precio_unitario_raw=2100.0 | total_raw=0.0
CAMA MANANTIAL 2X2,SELLADOR,0.23,VOLUMEN,,,,,,unidad_raw=PISTOLADAS | seccion=SECCION PINTURA Y PREPARADA PATAS | precio_unitario_raw=18000.0 | total_raw=4140.0
CAMA MANANTIAL 2X2,LIJA 400,0.5,FORMULA,,,,,,unidad_raw=unidades | seccion=SECCION PINTURA Y PREPARADA PATAS | precio_unitario_raw=2000.0 | total_raw=1000.0
CAMA MANANTIAL 2X2,NITRO,1.0,FORMULA,,,,,,unidad_raw=galon | seccion=SECCION PINTURA Y PREPARADA PATAS | total_raw=0.0
CAMA MANANTIAL 2X2,lija 220,1.0,FORMULA,,,,,,unidad_raw=unidad | seccion=SECCION PINTURA Y PREPARADA PATAS | precio_unitario_raw=2000.0 | total_raw=0.0
CAMA MANANTIAL 2X2,lija 120,1.0,FORMULA,,,,,,unidad_raw=unidad | seccion=SECCION PINTURA Y PREPARADA PATAS | precio_unitario_raw=2000.0 | total_raw=0.0
CAMA MANANTIAL 2X2,LACA SEMIMATE,0.2,VOLUMEN,,,,,,unidad_raw=GALON | seccion=SECCION PINTURA Y PREPARADA PATAS | precio_unitario_raw=23000.0 | total_raw=4600.0
CAMA MANANTIAL 2X2,kerosen,1.0,FORMULA,,,,,,unidad_raw=litro | seccion=SECCION PINTURA Y PREPARADA PATAS | precio_unitario_raw=18000.0 | total_raw=0.0
CAMA MANANTIAL 2X2,COLOR,0.25,VOLUMEN,,,,,,unidad_raw=PISTOLADA | seccion=SECCION PINTURA Y PREPARADA PATAS | precio_unitario_raw=22000.0 | total_raw=5500.0
CAMA MANANTIAL 2X2,TINTE MIEL,1.0,FORMULA,,,,,,unidad_raw=galon | seccion=SECCION PINTURA Y PREPARADA PATAS | total_raw=0.0
CAMA MANANTIAL 2X2,GASOLINA,1.0,FORMULA,,,,,,unidad_raw=LITRO | seccion=SECCION PINTURA Y PREPARADA PATAS | precio_unitario_raw=4.5 | total_raw=0.0
CAMA MANANTIAL 2X2,RESANE,1.0,FORMULA,,,,,,unidad_raw=LITRO | seccion=SECCION PINTURA Y PREPARADA PATAS | precio_unitario_raw=23000.0 | total_raw=0.0
CAMA MANANTIAL 2X2,LACA BRILLANTE,1.0,FORMULA,,,,,,unidad_raw=PISTOLADA | seccion=SECCION PINTURA Y PREPARADA PATAS | precio_unitario_raw=23000.0 | total_raw=0.0
CAMA MANANTIAL 2X2,Gastos de Pintura 10%,1.0,FORMULA,,,,,,seccion=SECCION PINTURA Y PREPARADA PATAS | total_raw=32095.1
CAMA MANANTIAL 2X2,TOMAS NEGROS,1.0,FORMULA,,,,,,unidad_raw=UNIDAD | seccion=SECCION TERMINACION | precio_unitario_raw=10500.0 | total_raw=0.0
CAMA MANANTIAL 2X2,REGLETA ANCHA,1.0,FORMULA,,,,,,unidad_raw=UNIDAD | seccion=SECCION TERMINACION | precio_unitario_raw=20000.0 | total_raw=0.0
CAMA MANANTIAL 2X2,REGLETA DELGADA,1.0,FORMULA,,,,,,unidad_raw=UNIDAD | seccion=SECCION TERMINACION | precio_unitario_raw=20000.0 | total_raw=0.0
CAMA MANANTIAL 2X2,LAMPARAS DE LUZ,1.0,FORMULA,,,,,,unidad_raw=UNIDADES | seccion=SECCION TERMINACION | precio_unitario_raw=100000.0 | total_raw=0.0
CAMA MANANTIAL 2X2,CABLE DE 12,1.0,FORMULA,,,,,,unidad_raw=METROS | seccion=SECCION TERMINACION | precio_unitario_raw=3000.0 | total_raw=0.0
CAMA MANANTIAL 2X2,APAGADORES,1.0,FORMULA,,,,,,unidad_raw=PAR | seccion=SECCION TERMINACION | precio_unitario_raw=1500.0 | total_raw=0.0
CAMA MANANTIAL 2X2,ENCHUFLES BLANCO MACHO,1.0,FORMULA,,,,,,unidad_raw=UNIDADES | seccion=SECCION TERMINACION | precio_unitario_raw=2000.0 | total_raw=0.0
CAMA MANANTIAL 2X2,HERRAJES DE CAMA,1.0,FORMULA,,,,,,unidad_raw=PAR | seccion=SECCION TERMINACION | precio_unitario_raw=160000.0 | total_raw=0.0
CAMA MANANTIAL 2X2,JALADORES,1.0,FIJO,,,,,,unidad_raw=UNIDAD | seccion=SECCION TERMINACION | precio_unitario_raw=26800.0 | total_raw=0.0
CAMA MANANTIAL 2X2,MULTIUSOS,1.0,FORMULA,,,,,,unidad_raw=UNIDADES | seccion=SECCION TERMINACION | precio_unitario_raw=3000.0 | total_raw=0.0
CAMA MANANTIAL 2X2,CORREDERAS,1.0,FIJO,,,,,,unidad_raw=unidades | seccion=SECCION TERMINACION | precio_unitario_raw=8000.0 | total_raw=0.0
CAMA MANANTIAL 2X2,EMBALADA,1.0,FIJO,,,,,,unidad_raw=unidades | seccion=SECCION TERMINACION | precio_unitario_raw=150000.0 | total_raw=150000.0
CAMA MANANTIAL 2X2,SECCION TENDIDO,1.0,FORMULA,,,,,,seccion=SECCION TERMINACION | total_raw=0.0
CAMA MANANTIAL 2X2,MADERA 60X1X4,614.0,FORMULA,,,,,,unidad_raw=APAMATE | seccion=SECCION TERMINACION | precio_unitario_raw=140.0 | total_raw=85960.0
CAMA MANANTIAL 2X2,PEOPE,2.0,FORMULA,,,,,,seccion=SECCION TERMINACION | precio_unitario_raw=3500.0 | total_raw=7000.0
CAMA MANANTIAL 2X2,GRAPAS,0.1,ESPACIADO,,,,,,unidad_raw=CAJA | seccion=SECCION TERMINACION | precio_unitario_raw=12000.0 | total_raw=1200.0
CAMA MANANTIAL 2X2,MDF DE 9,1.0,AREA,,,,,,unidad_raw=LAMINA | seccion=SECCION TERMINACION | precio_unitario_raw=140000.0 | total_raw=140000.0
CAMA MANANTIAL 2X2,COLBON,0.2,VOLUMEN,,,,,,unidad_raw=LITRO | seccion=SECCION TERMINACION | precio_unitario_raw=14000.0 | total_raw=2800.0
CAMA MANANTIAL 2X2,"TORNILLOS DE 2""",40.0,ESPACIADO,,,,,,unidad_raw=UNIDAD | seccion=SECCION TERMINACION | precio_unitario_raw=100.0 | total_raw=4000.0
CAMA MANANTIAL 2X2,CLAVILLO,2.0,ESPACIADO,,,,,,unidad_raw=TIRA | seccion=SECCION TERMINACION | precio_unitario_raw=1000.0 | total_raw=2000.0
CAMA MANANTIAL 2X2,HECHURA,1.0,FIJO,,,,,,unidad_raw=UNIDAD | seccion=SECCION TERMINACION | precio_unitario_raw=63000.0 | total_raw=63000.0
CAMA MANANTIAL 2X2,SECCION TAPICERIA,1.0,FORMULA,,,,,,unidad_raw=MANO DE OBRA= | seccion=SECCION TAPICERIA MANO DE OBRA=
CAMA MANANTIAL 2X2,TELA DIVERSA BEIS,13.0,AREA,,,,,,unidad_raw=METROS | seccion=SECCION TAPICERIA MANO DE OBRA= | precio_unitario_raw=35000.0 | total_raw=455000.0
CAMA MANANTIAL 2X2,ESPUMA 1/2 ROSADA,0.5,AREA,,,,,,unidad_raw=LAMINA | seccion=SECCION TAPICERIA MANO DE OBRA= | precio_unitario_raw=25000.0 | total_raw=12500.0
CAMA MANANTIAL 2X2,GRAPAS,0.8,ESPACIADO,,,,,,unidad_raw=CAJA DE GRAPAS | seccion=SECCION TAPICERIA MANO DE OBRA= | precio_unitario_raw=12000.0 | total_raw=9600.0
CAMA MANANTIAL 2X2,PATAS L PLATEADAS,1.0,FIJO,,,,,,unidad_raw=UNIDADES | seccion=SECCION TAPICERIA MANO DE OBRA= | precio_unitario_raw=8000.0 | total_raw=0.0
CAMA MANANTIAL 2X2,TORNILLOS,1.0,FIJO,,,,,,unidad_raw=UNIDADES | seccion=SECCION TAPICERIA MANO DE OBRA= | precio_unitario_raw=100.0 | total_raw=0.0
CAMA MANANTIAL 2X2,ESPUMA DE 1 1/2'' ROSADA,2.0,AREA,,,,,,unidad_raw=UNIDADES | seccion=SECCION TAPICERIA MANO DE OBRA= | precio_unitario_raw=30000.0 | total_raw=60000.0
CAMA MANANTIAL 2X2,ESPUMA 2 AZUL,3.5,AREA,,,,,,unidad_raw=LAMINA | seccion=SECCION TAPICERIA MANO DE OBRA= | precio_unitario_raw=50000.0 | total_raw=175000.0
CAMA MANANTIAL 2X2,ESPUMA 1 1/2'' AZUL,1.0,FORMULA,,,,,,unidad_raw=MTS | seccion=SECCION TAPICERIA MANO DE OBRA= | precio_unitario_raw=1000.0 | total_raw=0.0
CAMA MANANTIAL 2X2,COSTAL,2.0,AREA,,,,,,unidad_raw=METROS | seccion=SECCION TAPICERIA MANO DE OBRA= | precio_unitario_raw=4000.0 | total_raw=8000.0
CAMA MANANTIAL 2X2,HILO,0.5,FORMULA,,,,,,unidad_raw=UNIDAD | seccion=SECCION TAPICERIA MANO DE OBRA= | precio_unitario_raw=25000.0 | total_raw=12500.0
CAMA MANANTIAL 2X2,CANAMO,1.0,FIJO,,,,,,unidad_raw=ROLLO | seccion=SECCION TAPICERIA MANO DE OBRA= | precio_unitario_raw=12000.0 | total_raw=12000.0
CAMA MANANTIAL 2X2,SUPER,1.0,VOLUMEN,,,,,,unidad_raw=LITRO | seccion=SECCION TAPICERIA MANO DE OBRA= | precio_unitario_raw=19000.0 | total_raw=19000.0
CAMA MANANTIAL 2X2,CARTON,4.0,FORMULA,,,,,,unidad_raw=UNIDADES | seccion=SECCION TAPICERIA MANO DE OBRA= | precio_unitario_raw=5000.0 | total_raw=20000.0
CAMA MANANTIAL 2X2,HECHURA,1.0,FIJO,,,,,,unidad_raw=CAMA | seccion=SECCION TAPICERIA MANO DE OBRA= | precio_unitario_raw=210000.0 | total_raw=210000.0
CAMA MANANTIAL 2X2,LENCILLO,3.1,LINEAL,,,,,,unidad_raw=METROS | seccion=SECCION TAPICERIA MANO DE OBRA= | precio_unitario_raw=2650.0 | total_raw=8215.0
SOMIER Y ESPALDAR EVELYN TRUJILLO,MADERA (2),220.0,FORMULA,,,,,,unidad_raw=APAMATE | seccion=EBANISTA EDUAR MANO DE OBRA= EN CRUDO | precio_unitario_raw=140.0 | total_raw=30800.0
SOMIER Y ESPALDAR EVELYN TRUJILLO,MDF DE 3,1.0,FORMULA,,,,,,unidad_raw=LAMINA | seccion=EBANISTA EDUAR MANO DE OBRA= EN CRUDO | precio_unitario_raw=140000.0 | total_raw=0.0
SOMIER Y ESPALDAR EVELYN TRUJILLO,TABLAS,4.0,FORMULA,,,,,,"unidad_raw=2,10x21x25 | seccion=EBANISTA EDUAR MANO DE OBRA= EN CRUDO | precio_unitario_raw=21000.0 | total_raw=84000.0"
SOMIER Y ESPALDAR EVELYN TRUJILLO,"LAMINA DE 9""",1.5,AREA,,,,,,unidad_raw=LAMINA | seccion=EBANISTA EDUAR MANO DE OBRA= EN CRUDO | precio_unitario_raw=140000.0 | total_raw=210000.0
SOMIER Y ESPALDAR EVELYN TRUJILLO,COLBON,1.0,VOLUMEN,,,,,,unidad_raw=LITRO | seccion=EBANISTA EDUAR MANO DE OBRA= EN CRUDO | precio_unitario_raw=14000.0 | total_raw=14000.0
SOMIER Y ESPALDAR EVELYN TRUJILLO,GRAPAS,0.5,ESPACIADO,,,,,,unidad_raw=CAJA | seccion=EBANISTA EDUAR MANO DE OBRA= EN CRUDO | precio_unitario_raw=12000.0 | total_raw=6000.0
SOMIER Y ESPALDAR EVELYN TRUJILLO,GANCHOS,0.0,FORMULA,,,,,,unidad_raw=PAR | seccion=EBANISTA EDUAR MANO DE OBRA= EN CRUDO | precio_unitario_raw=20000.0 | total_raw=0.0
SOMIER Y ESPALDAR EVELYN TRUJILLO,SUPER,0.0,VOLUMEN,,,,,,unidad_raw=LITRO | seccion=EBANISTA EDUAR MANO DE OBRA= EN CRUDO | precio_unitario_raw=13300.0 | total_raw=0.0
SOMIER Y ESPALDAR EVELYN TRUJILLO,F50,3.0,FORMULA,,,,,,unidad_raw=TIRAS | seccion=EBANISTA EDUAR MANO DE OBRA= EN CRUDO | precio_unitario_raw=1000.0 | total_raw=3000.0
SOMIER Y ESPALDAR EVELYN TRUJILLO,"TORNILLOS DE 2""",150.0,ESPACIADO,,,,,,unidad_raw=Unidad | seccion=EBANISTA EDUAR MANO DE OBRA= EN CRUDO | precio_unitario_raw=100.0 | total_raw=15000.0
SOMIER Y ESPALDAR EVELYN TRUJILLO,ebanisteria 300.000 x 5% de m.o,1.0,FORMULA,,,,,,seccion=EBANISTA EDUAR MANO DE OBRA= EN CRUDO | total_raw=242000.0
SOMIER Y ESPALDAR EVELYN TRUJILLO,gastos de Ebanisteria e 10%,1.0,FORMULA,,,,,,seccion=EBANISTA EDUAR MANO DE OBRA= EN CRUDO | total_raw=60480.0
SOMIER Y ESPALDAR EVELYN TRUJILLO,CORREDERAS 35 NORMAL,1.0,FIJO,,,,,,unidad_raw=PAR | seccion=EBANISTA EDUAR MANO DE OBRA= EN CRUDO | precio_unitario_raw=10000.0 | total_raw=0.0
SOMIER Y ESPALDAR EVELYN TRUJILLO,"MDF DE 2,7",1.0,FORMULA,,,,,,unidad_raw=1 PEDAZO DE 1.00X46=46 | seccion=EBANISTA EDUAR MANO DE OBRA= EN CRUDO | precio_unitario_raw=65000.0 | total_raw=0.0
SOMIER Y ESPALDAR EVELYN TRUJILLO,LAM MDF 5,1.0,FORMULA,,,,,,unidad_raw=1 PEDASO DE 1.50X40=60 | seccion=EBANISTA EDUAR MANO DE OBRA= EN CRUDO | precio_unitario_raw=130000.0 | total_raw=0.0
SOMIER Y ESPALDAR EVELYN TRUJILLO,LAM MDF 9,1.0,FORMULA,,,,,,"unidad_raw=1 PEDASO DE 1,50X40=60 | seccion=EBANISTA EDUAR MANO DE OBRA= EN CRUDO | precio_unitario_raw=140.0"
SOMIER Y ESPALDAR EVELYN TRUJILLO,COLBON,1.0,FORMULA,,,,,,unidad_raw=litros | seccion=EBANISTA EDUAR MANO DE OBRA= EN CRUDO | precio_unitario_raw=14000.0 | total_raw=0.0
SOMIER Y ESPALDAR EVELYN TRUJILLO,GRAPAS,1.0,FIJO,,,,,,unidad_raw=Unidad | seccion=EBANISTA EDUAR MANO DE OBRA= EN CRUDO | precio_unitario_raw=600.0 | total_raw=0.0
SOMIER Y ESPALDAR EVELYN TRUJILLO,CLAVILLOS N F 40,1.0,FIJO,,,,,,unidad_raw=TIRA | seccion=EBANISTA EDUAR MANO DE OBRA= EN CRUDO | precio_unitario_raw=1000.0 | total_raw=0.0
SOMIER Y ESPALDAR EVELYN TRUJILLO,HECHURA,1.0,FIJO,,,,,,unidad_raw=PAR | seccion=EBANISTA EDUAR MANO DE OBRA= EN CRUDO | precio_unitario_raw=250000.0 | total_raw=0.0
SOMIER Y ESPALDAR EVELYN TRUJILLO,"TORNILLOS DE 2""",1.0,FIJO,,,,,,unidad_raw=Unidad | seccion=EBANISTA EDUAR MANO DE OBRA= EN CRUDO | precio_unitario_raw=100.0 | total_raw=0.0
SOMIER Y ESPALDAR EVELYN TRUJILLO,gastos de Ebanisteria e 5%,1.0,FORMULA,,,,,,seccion=EBANISTA EDUAR MANO DE OBRA= EN CRUDO | total_raw=0.0
SOMIER Y ESPALDAR EVELYN TRUJILLO,SECCION PINTURA Y PREPARADA,1.0,FORMULA,,,,,DE NOCHERO,seccion=SECCION PINTURA Y PREPARADA DE NOCHERO
SOMIER Y ESPALDAR EVELYN TRUJILLO,PREPARADO JOTA,1.0,FORMULA,,,,,,unidad_raw=CON EL 5% | seccion=SECCION PINTURA Y PREPARADA DE NOCHERO | precio_unitario_raw=36750.0 | total_raw=0.0
SOMIER Y ESPALDAR EVELYN TRUJILLO,PINTURA ALEX,1.0,FORMULA,,,,,,unidad_raw=CON EL 5% | seccion=SECCION PINTURA Y PREPARADA DE NOCHERO | precio_unitario_raw=36750.0 | total_raw=0.0
SOMIER Y ESPALDAR EVELYN TRUJILLO,SELLADOR,1.0,FORMULA,,,,,,unidad_raw=PISTOLADAS | seccion=SECCION PINTURA Y PREPARADA DE NOCHERO | precio_unitario_raw=18000.0 | total_raw=0.0
SOMIER Y ESPALDAR EVELYN TRUJILLO,LIJA 400,1.0,FORMULA,,,,,,unidad_raw=unidades | seccion=SECCION PINTURA Y PREPARADA DE NOCHERO | precio_unitario_raw=2000.0 | total_raw=0.0
SOMIER Y ESPALDAR EVELYN TRUJILLO,NITRO,1.0,FORMULA,,,,,,unidad_raw=galon | seccion=SECCION PINTURA Y PREPARADA DE NOCHERO | precio_unitario_raw=70000.0 | total_raw=0.0
SOMIER Y ESPALDAR EVELYN TRUJILLO,VIDRIOS,1.0,FORMULA,,,,,,unidad_raw=unidad | seccion=SECCION PINTURA Y PREPARADA DE NOCHERO | precio_unitario_raw=45000.0 | total_raw=0.0
SOMIER Y ESPALDAR EVELYN TRUJILLO,TALCO,1.0,FORMULA,,,,,,unidad_raw=unidad | seccion=SECCION PINTURA Y PREPARADA DE NOCHERO | precio_unitario_raw=2500.0 | total_raw=0.0
SOMIER Y ESPALDAR EVELYN TRUJILLO,TINER,1.0,FORMULA,,,,,,unidad_raw=GALON | seccion=SECCION PINTURA Y PREPARADA DE NOCHERO | precio_unitario_raw=34000.0 | total_raw=0.0
SOMIER Y ESPALDAR EVELYN TRUJILLO,TOPES,1.0,FORMULA,,,,,,unidad_raw=JALADORES | seccion=SECCION PINTURA Y PREPARADA DE NOCHERO | precio_unitario_raw=3000.0 | total_raw=0.0
SOMIER Y ESPALDAR EVELYN TRUJILLO,COLOR TABACO,1.0,FORMULA,,,,,,unidad_raw=PISTOLADA | seccion=SECCION PINTURA Y PREPARADA DE NOCHERO | precio_unitario_raw=22000.0 | total_raw=0.0
SOMIER Y ESPALDAR EVELYN TRUJILLO,COLOR,1.0,FORMULA,,,,,,unidad_raw=PISTOLADA | seccion=SECCION PINTURA Y PREPARADA DE NOCHERO | precio_unitario_raw=22000.0 | total_raw=0.0
SOMIER Y ESPALDAR EVELYN TRUJILLO,ENCINA,1.0,FORMULA,,,,,,unidad_raw=galon | seccion=SECCION PINTURA Y PREPARADA DE NOCHERO | precio_unitario_raw=160000.0 | total_raw=0.0
SOMIER Y ESPALDAR EVELYN TRUJILLO,GASOLINA,1.0,FORMULA,,,,,,unidad_raw=ML | seccion=SECCION PINTURA Y PREPARADA DE NOCHERO | precio_unitario_raw=4500.0 | total_raw=0.0
SOMIER Y ESPALDAR EVELYN TRUJILLO,RESANE,1.0,FORMULA,,,,,,unidad_raw=LITRO | seccion=SECCION PINTURA Y PREPARADA DE NOCHERO | precio_unitario_raw=20000.0 | total_raw=0.0
SOMIER Y ESPALDAR EVELYN TRUJILLO,LACA S/M,1.0,FORMULA,,,,,,unidad_raw=PISTOLADA | seccion=SECCION PINTURA Y PREPARADA DE NOCHERO | precio_unitario_raw=22000.0 | total_raw=0.0
SOMIER Y ESPALDAR EVELYN TRUJILLO,Gastos de Pintura 10%,1.0,FORMULA,,,,,,seccion=SECCION PINTURA Y PREPARADA DE NOCHERO | total_raw=0.0
SOMIER Y ESPALDAR EVELYN TRUJILLO,SECCION PINTURA Y PREPARADA,1.0,FORMULA,,,,,PATAS DE CABECERO,seccion=SECCION PINTURA Y PREPARADA PATAS DE CABECERO
SOMIER Y ESPALDAR EVELYN TRUJILLO,PREPARADO JOTA,2.0,FORMULA,,,,,,unidad_raw=CON EL 5% | seccion=SECCION PINTURA Y PREPARADA PATAS DE CABECERO | precio_unitario_raw=1000.0 | total_raw=2100.0
SOMIER Y ESPALDAR EVELYN TRUJILLO,PINTURA ALEX,2.0,FORMULA,,,,,,unidad_raw=CON EL 5% | seccion=SECCION PINTURA Y PREPARADA PATAS DE CABECERO | precio_unitario_raw=2000.0 | total_raw=4200.0
SOMIER Y ESPALDAR EVELYN TRUJILLO,PINTURA DE PATAS ALEX,1.0,FIJO,,,,,,seccion=SECCION PINTURA Y PREPARADA PATAS DE CABECERO | precio_unitario_raw=2100.0 | total_raw=0.0
SOMIER Y ESPALDAR EVELYN TRUJILLO,SELLADOR,0.25,VOLUMEN,,,,,,unidad_raw=PISTOLADAS | seccion=SECCION PINTURA Y PREPARADA PATAS DE CABECERO | precio_unitario_raw=18000.0 | total_raw=4500.0
SOMIER Y ESPALDAR EVELYN TRUJILLO,LIJA 400,0.25,FORMULA,,,,,,unidad_raw=unidades | seccion=SECCION PINTURA Y PREPARADA PATAS DE CABECERO | precio_unitario_raw=2000.0 | total_raw=500.0
SOMIER Y ESPALDAR EVELYN TRUJILLO,NITRO,1.0,FORMULA,,,,,,unidad_raw=galon | seccion=SECCION PINTURA Y PREPARADA PATAS DE CABECERO | total_raw=0.0
SOMIER Y ESPALDAR EVELYN TRUJILLO,lija 220,1.0,FORMULA,,,,,,unidad_raw=unidad | seccion=SECCION PINTURA Y PREPARADA PATAS DE CABECERO | precio_unitario_raw=2000.0 | total_raw=0.0
SOMIER Y ESPALDAR EVELYN TRUJILLO,lija 120,1.0,FORMULA,,,,,,unidad_raw=unidad | seccion=SECCION PINTURA Y PREPARADA PATAS DE CABECERO | precio_unitario_raw=2000.0 | total_raw=0.0
SOMIER Y ESPALDAR EVELYN TRUJILLO,LACA SEMIMATE,1.0,FORMULA,,,,,,unidad_raw=GALON | seccion=SECCION PINTURA Y PREPARADA PATAS DE CABECERO | precio_unitario_raw=22000.0 | total_raw=0.0
SOMIER Y ESPALDAR EVELYN TRUJILLO,kerosen,1.0,FORMULA,,,,,,unidad_raw=litro | seccion=SECCION PINTURA Y PREPARADA PATAS DE CABECERO | precio_unitario_raw=18000.0 | total_raw=0.0
SOMIER Y ESPALDAR EVELYN TRUJILLO,COLOR CON LACA,0.2,VOLUMEN,,,,,,unidad_raw=PISTOLADA | seccion=SECCION PINTURA Y PREPARADA PATAS DE CABECERO | precio_unitario_raw=22000.0 | total_raw=4400.0
SOMIER Y ESPALDAR EVELYN TRUJILLO,TINTE MIEL,0.0,VOLUMEN,,,,,,unidad_raw=galon | seccion=SECCION PINTURA Y PREPARADA PATAS DE CABECERO
SOMIER Y ESPALDAR EVELYN TRUJILLO,GASOLINA,0.0,VOLUMEN,,,,,,unidad_raw=LITRO | seccion=SECCION PINTURA Y PREPARADA PATAS DE CABECERO | precio_unitario_raw=4500.0 | total_raw=0.0
SOMIER Y ESPALDAR EVELYN TRUJILLO,RESANE,0.0,VOLUMEN,,,,,,unidad_raw=LITRO | seccion=SECCION PINTURA Y PREPARADA PATAS DE CABECERO | precio_unitario_raw=23000.0 | total_raw=0.0
SOMIER Y ESPALDAR EVELYN TRUJILLO,LACA BRILLANTE,1.0,FORMULA,,,,,,unidad_raw=PISTOLADA | seccion=SECCION PINTURA Y PREPARADA PATAS DE CABECERO | precio_unitario_raw=23000.0 | total_raw=0.0
SOMIER Y ESPALDAR EVELYN TRUJILLO,Gastos de Pintura 10%,1.0,FORMULA,,,,,,seccion=SECCION PINTURA Y PREPARADA PATAS DE CABECERO | total_raw=1570.0
SOMIER Y ESPALDAR EVELYN TRUJILLO,ESPEJOS,0.0,LINEAL,,,,,,unidad_raw=METRO | seccion=SECCION TERMINACION | precio_unitario_raw=137800.0 | total_raw=0.0
SOMIER Y ESPALDAR EVELYN TRUJILLO,BISELADO DEL ESPEJO BORDE,0.0,FORMULA,,,,,,unidad_raw=UNIDAD | seccion=SECCION TERMINACION | precio_unitario_raw=7000.0 | total_raw=0.0
SOMIER Y ESPALDAR EVELYN TRUJILLO,CORTE Y NPULIDA,0.0,FORMULA,,,,,,unidad_raw=UNIDAD | seccion=SECCION TERMINACION | precio_unitario_raw=50000.0 | total_raw=0.0
SOMIER Y ESPALDAR EVELYN TRUJILLO,LAMPARAS DE LUZ,1.0,FORMULA,,,,,,unidad_raw=UNIDADES | seccion=SECCION TERMINACION | precio_unitario_raw=100000.0
SOMIER Y ESPALDAR EVELYN TRUJILLO,CABLE DE 12,1.0,FORMULA,,,,,,unidad_raw=METROS | seccion=SECCION TERMINACION | precio_unitario_raw=3000.0 | total_raw=0.0
SOMIER Y ESPALDAR EVELYN TRUJILLO,APAGADORES,1.0,FORMULA,,,,,,unidad_raw=PAR | seccion=SECCION TERMINACION | precio_unitario_raw=1500.0 | total_raw=0.0
SOMIER Y ESPALDAR EVELYN TRUJILLO,ENCHUFLES BLANCO MACHO,1.0,FORMULA,,,,,,unidad_raw=UNIDADES | seccion=SECCION TERMINACION | precio_unitario_raw=2000.0 | total_raw=0.0
SOMIER Y ESPALDAR EVELYN TRUJILLO,HERRAJES DE CAMA,1.0,FORMULA,,,,,,unidad_raw=PAR | seccion=SECCION TERMINACION | precio_unitario_raw=160000.0 | total_raw=0.0
SOMIER Y ESPALDAR EVELYN TRUJILLO,JALADORES,1.0,FIJO,,,,,,unidad_raw=UNIDAD | seccion=SECCION TERMINACION | precio_unitario_raw=26800.0 | total_raw=0.0
SOMIER Y ESPALDAR EVELYN TRUJILLO,MULTIUSOS,1.0,FORMULA,,,,,,unidad_raw=UNIDADES | seccion=SECCION TERMINACION | precio_unitario_raw=3000.0 | total_raw=0.0
SOMIER Y ESPALDAR EVELYN TRUJILLO,CORREDERAS,1.0,FIJO,,,,,,unidad_raw=unidades | seccion=SECCION TERMINACION | precio_unitario_raw=10000.0 | total_raw=0.0
SOMIER Y ESPALDAR EVELYN TRUJILLO,EMBALADA,1.0,FIJO,,,,,,unidad_raw=unidades | seccion=SECCION TERMINACION | precio_unitario_raw=150000.0 | total_raw=150000.0
SOMIER Y ESPALDAR EVELYN TRUJILLO,SECCION TENDIDO DE REJAS,1.0,FORMULA,,,,,,seccion=SECCION TERMINACION | total_raw=0.0
SOMIER Y ESPALDAR EVELYN TRUJILLO,MADERA 60X1X4,0.0,FORMULA,,,,,,unidad_raw=APAMATE | seccion=SECCION TERMINACION | precio_unitario_raw=140.0 | total_raw=0.0
SOMIER Y ESPALDAR EVELYN TRUJILLO,PEOPE METROS,0.0,FORMULA,,,,,,seccion=SECCION TERMINACION | precio_unitario_raw=3500.0 | total_raw=0.0
SOMIER Y ESPALDAR EVELYN TRUJILLO,GRAPAS,1.0,FIJO,,,,,,unidad_raw=CAJA | seccion=SECCION TERMINACION | precio_unitario_raw=12000.0 | total_raw=0.0
SOMIER Y ESPALDAR EVELYN TRUJILLO,MDF DE 9,0.0,AREA,,,,,,unidad_raw=LAMINA | seccion=SECCION TERMINACION | precio_unitario_raw=140000.0 | total_raw=0.0
SOMIER Y ESPALDAR EVELYN TRUJILLO,COLBON,0.0,VOLUMEN,,,,,,unidad_raw=LITRO | seccion=SECCION TERMINACION | precio_unitario_raw=14000.0 | total_raw=0.0
SOMIER Y ESPALDAR EVELYN TRUJILLO,"TORNILLOS DE 2""",0.0,ESPACIADO,,,,,,unidad_raw=UNIDAD | seccion=SECCION TERMINACION | precio_unitario_raw=100.0 | total_raw=0.0
SOMIER Y ESPALDAR EVELYN TRUJILLO,CLAVILLO,0.0,ESPACIADO,,,,,,unidad_raw=TIRA | seccion=SECCION TERMINACION | precio_unitario_raw=1000.0 | total_raw=0.0
SOMIER Y ESPALDAR EVELYN TRUJILLO,HECHURA,0.0,FORMULA,,,,,,unidad_raw=UNIDAD | seccion=SECCION TERMINACION | precio_unitario_raw=63000.0 | total_raw=0.0
SOMIER Y ESPALDAR EVELYN TRUJILLO,SECCION TAPICERIA,1.0,FORMULA,,,,,,unidad_raw=MANO DE OBRA= | seccion=SECCION TAPICERIA MANO DE OBRA= CARLOS
SOMIER Y ESPALDAR EVELYN TRUJILLO,TELA CHICAGO,6.0,AREA,,,,,,unidad_raw=METROS | seccion=SECCION TAPICERIA MANO DE OBRA= CARLOS | precio_unitario_raw=20000.0 | total_raw=120000.0
SOMIER Y ESPALDAR EVELYN TRUJILLO,ESPUMA DE 1 1/2'' ROSADA,1.0,AREA,,,,,,unidad_raw=LAMINA | seccion=SECCION TAPICERIA MANO DE OBRA= CARLOS | precio_unitario_raw=30000.0 | total_raw=30000.0
SOMIER Y ESPALDAR EVELYN TRUJILLO,"ESPUMA BLANCA 1""",2.0,AREA,,,,,,unidad_raw=LAMINA | seccion=SECCION TAPICERIA MANO DE OBRA= CARLOS | precio_unitario_raw=12500.0 | total_raw=25000.0
SOMIER Y ESPALDAR EVELYN TRUJILLO,PATAS METALICAS,5.0,FORMULA,,,,,,unidad_raw=UNIDADES | seccion=SECCION TAPICERIA MANO DE OBRA= CARLOS | precio_unitario_raw=6000.0 | total_raw=30000.0
SOMIER Y ESPALDAR EVELYN TRUJILLO,"TORNILLOS 1""1/2",28.0,ESPACIADO,,,,,,unidad_raw=UNIDADES | seccion=SECCION TAPICERIA MANO DE OBRA= CARLOS | precio_unitario_raw=100.0 | total_raw=2800.0
SOMIER Y ESPALDAR EVELYN TRUJILLO,"TORNILLOS 1""",20.0,ESPACIADO,,,,,,unidad_raw=UNIDADES | seccion=SECCION TAPICERIA MANO DE OBRA= CARLOS | precio_unitario_raw=100.0 | total_raw=2000.0
SOMIER Y ESPALDAR EVELYN TRUJILLO,"TORNILLOS 2""",4.0,ESPACIADO,,,,,,unidad_raw=UNIDADES | seccion=SECCION TAPICERIA MANO DE OBRA= CARLOS | precio_unitario_raw=100.0 | total_raw=400.0
SOMIER Y ESPALDAR EVELYN TRUJILLO,"ESPUMA DE 1/2"" ROSADA",1.2,AREA,,,,,,unidad_raw=UNIDADES | seccion=SECCION TAPICERIA MANO DE OBRA= CARLOS | precio_unitario_raw=6630.0 | total_raw=7956.0
SOMIER Y ESPALDAR EVELYN TRUJILLO,ESPUMA 2 AZUL,1.0,FORMULA,,,,,,unidad_raw=LAMINA | seccion=SECCION TAPICERIA MANO DE OBRA= CARLOS | precio_unitario_raw=50000.0 | total_raw=0.0
SOMIER Y ESPALDAR EVELYN TRUJILLO,GRAPAS,0.5,ESPACIADO,,,,,,unidad_raw=CAJA DE GRAPAS | seccion=SECCION TAPICERIA MANO DE OBRA= CARLOS | precio_unitario_raw=12000.0 | total_raw=6000.0
SOMIER Y ESPALDAR EVELYN TRUJILLO,COSTAL,2.5,AREA,,,,,,unidad_raw=METROS | seccion=SECCION TAPICERIA MANO DE OBRA= CARLOS | precio_unitario_raw=4000.0 | total_raw=10000.0
SOMIER Y ESPALDAR EVELYN TRUJILLO,HILO,0.25,FORMULA,,,,,,unidad_raw=UNIDAD | seccion=SECCION TAPICERIA MANO DE OBRA= CARLOS | precio_unitario_raw=25000.0 | total_raw=6250.0
SOMIER Y ESPALDAR EVELYN TRUJILLO,CANAMO,0.0,FORMULA,,,,,,unidad_raw=ROLLO | seccion=SECCION TAPICERIA MANO DE OBRA= CARLOS | precio_unitario_raw=12000.0 | total_raw=0.0
SOMIER Y ESPALDAR EVELYN TRUJILLO,SUPER,0.2,VOLUMEN,,,,,,unidad_raw=LITRO | seccion=SECCION TAPICERIA MANO DE OBRA= CARLOS | precio_unitario_raw=19000.0 | total_raw=3800.0
SOMIER Y ESPALDAR EVELYN TRUJILLO,CARTON,0.0,FORMULA,,,,,,unidad_raw=UNIDADES | seccion=SECCION TAPICERIA MANO DE OBRA= CARLOS | precio_unitario_raw=5000.0 | total_raw=0.0
SOMIER Y ESPALDAR EVELYN TRUJILLO,HECHURA,1.0,FIJO,,,,,,unidad_raw=CAMA | seccion=SECCION TAPICERIA MANO DE OBRA= CARLOS | precio_unitario_raw=210000.0 | total_raw=0.0
SOMIER Y ESPALDAR EVELYN TRUJILLO,LENCILLO,9.25,LINEAL,,,,,,unidad_raw=METROS | seccion=SECCION TAPICERIA MANO DE OBRA= CARLOS | precio_unitario_raw=2650.0 | total_raw=24512.5
"1 CAMAS ESTRELLAS DE 1,60 24/02/2026",MADERA,1303.0,FORMULA,,,,,,unidad_raw=APAMATE | seccion=EBANISTA WILMER MANO DE OBRA= EN CRUDO | precio_unitario_raw=140.0 | total_raw=182420.0
"1 CAMAS ESTRELLAS DE 1,60 24/02/2026",MDF DE 3,0.0,AREA,,,,,,unidad_raw=LAMINA | seccion=EBANISTA WILMER MANO DE OBRA= EN CRUDO | precio_unitario_raw=16800.0 | total_raw=0.0
"1 CAMAS ESTRELLAS DE 1,60 24/02/2026","LAMINA DE 5,5""",2.0,AREA,,,,,,unidad_raw=LAMINA | seccion=EBANISTA WILMER MANO DE OBRA= EN CRUDO | precio_unitario_raw=130000.0 | total_raw=260000.0
"1 CAMAS ESTRELLAS DE 1,60 24/02/2026","LAMINA DE 9""",1.0,AREA,,,,,,unidad_raw=LAMINA | seccion=EBANISTA WILMER MANO DE OBRA= EN CRUDO | precio_unitario_raw=140000.0 | total_raw=140000.0
"1 CAMAS ESTRELLAS DE 1,60 24/02/2026",COLBON,1.0,VOLUMEN,,,,,,unidad_raw=LITRO | seccion=EBANISTA WILMER MANO DE OBRA= EN CRUDO | precio_unitario_raw=14000.0 | total_raw=14000.0
"1 CAMAS ESTRELLAS DE 1,60 24/02/2026",GRAPAS,0.5,ESPACIADO,,,,,,unidad_raw=CAJA | seccion=EBANISTA WILMER MANO DE OBRA= EN CRUDO | precio_unitario_raw=12000.0 | total_raw=6000.0
"1 CAMAS ESTRELLAS DE 1,60 24/02/2026",GANCHOS,1.0,FIJO,,,,,,unidad_raw=PAR | seccion=EBANISTA WILMER MANO DE OBRA= EN CRUDO | precio_unitario_raw=20000.0 | total_raw=20000.0
"1 CAMAS ESTRELLAS DE 1,60 24/02/2026",SUPER,0.0,VOLUMEN,,,,,,unidad_raw=LITRO | seccion=EBANISTA WILMER MANO DE OBRA= EN CRUDO | precio_unitario_raw=13300.0 | total_raw=0.0
"1 CAMAS ESTRELLAS DE 1,60 24/02/2026",CLAVILLO F40,7.5,ESPACIADO,,,,,,unidad_raw=TIRAS | seccion=EBANISTA WILMER MANO DE OBRA= EN CRUDO | precio_unitario_raw=1000.0 | total_raw=7500.0
"1 CAMAS ESTRELLAS DE 1,60 24/02/2026","TORNILLOS DE 1""1/2",100.0,ESPACIADO,,,,,,unidad_raw=UNIDAD | seccion=EBANISTA WILMER MANO DE OBRA= EN CRUDO | precio_unitario_raw=100.0 | total_raw=10000.0
"1 CAMAS ESTRELLAS DE 1,60 24/02/2026","TORNILLOS DE 2""",200.0,ESPACIADO,,,,,,unidad_raw=Unidad | seccion=EBANISTA WILMER MANO DE OBRA= EN CRUDO | precio_unitario_raw=100.0 | total_raw=20000.0
"1 CAMAS ESTRELLAS DE 1,60 24/02/2026",ebanisteria 300.000 x 5% de m.o,1.0,FORMULA,,,,,,seccion=EBANISTA WILMER MANO DE OBRA= EN CRUDO | total_raw=315000.0
"1 CAMAS ESTRELLAS DE 1,60 24/02/2026",gastos de Ebanisteria e 10%,1.0,FORMULA,,,,,,seccion=EBANISTA WILMER MANO DE OBRA= EN CRUDO | total_raw=97492.0
"1 CAMAS ESTRELLAS DE 1,60 24/02/2026",CORREDERAS 35 PUSH,4.0,FORMULA,,,,,,unidad_raw=PAR | seccion=EBANISTA WILMER MANO DE OBRA= EN CRUDO | precio_unitario_raw=17500.0 | total_raw=70000.0
"1 CAMAS ESTRELLAS DE 1,60 24/02/2026",MADERA,430.0,FORMULA,,,,,,unidad_raw=APAMATE | seccion=EBANISTA WILMER MANO DE OBRA= EN CRUDO | precio_unitario_raw=140.0 | total_raw=60200.0
"1 CAMAS ESTRELLAS DE 1,60 24/02/2026","LAM MDF 15""",0.25,AREA,,,,,,unidad_raw=LAMINA | seccion=EBANISTA WILMER MANO DE OBRA= EN CRUDO | precio_unitario_raw=220000.0 | total_raw=55000.0
"1 CAMAS ESTRELLAS DE 1,60 24/02/2026","LAM MDF 2,7""",0.3,AREA,,,,,,unidad_raw=LAMINA | seccion=EBANISTA WILMER MANO DE OBRA= EN CRUDO | precio_unitario_raw=68000.0 | total_raw=20400.0
"1 CAMAS ESTRELLAS DE 1,60 24/02/2026",LAM MDF 9,0.5,AREA,,,,,,unidad_raw=LAMINA | seccion=EBANISTA WILMER MANO DE OBRA= EN CRUDO | precio_unitario_raw=140000.0 | total_raw=70000.0
"1 CAMAS ESTRELLAS DE 1,60 24/02/2026",COLBON,2.0,VOLUMEN,,,,,,unidad_raw=litros | seccion=EBANISTA WILMER MANO DE OBRA= EN CRUDO | precio_unitario_raw=14000.0 | total_raw=28000.0
"1 CAMAS ESTRELLAS DE 1,60 24/02/2026",GRAPAS,0.5,ESPACIADO,,,,,,unidad_raw=CAJA | seccion=EBANISTA WILMER MANO DE OBRA= EN CRUDO | precio_unitario_raw=12000.0 | total_raw=6000.0
"1 CAMAS ESTRELLAS DE 1,60 24/02/2026",CLAVILLOS N F 40,10.0,ESPACIADO,,,,,,unidad_raw=TIRA | seccion=EBANISTA WILMER MANO DE OBRA= EN CRUDO | precio_unitario_raw=1000.0 | total_raw=10000.0
"1 CAMAS ESTRELLAS DE 1,60 24/02/2026",HECHURA,2.0,FORMULA,,,,,,unidad_raw=PAR | seccion=EBANISTA WILMER MANO DE OBRA= EN CRUDO | precio_unitario_raw=105000.0 | total_raw=210000.0
"1 CAMAS ESTRELLAS DE 1,60 24/02/2026","TORNILLOS DE 2""",20.0,ESPACIADO,,,,,,unidad_raw=Unidad | seccion=EBANISTA WILMER MANO DE OBRA= EN CRUDO | precio_unitario_raw=100.0 | total_raw=2000.0
"1 CAMAS ESTRELLAS DE 1,60 24/02/2026",HECHURA,1.0,FIJO,,,,,,unidad_raw=PAR | seccion=EBANISTA WILMER MANO DE OBRA= EN CRUDO | total_raw=0.0
"1 CAMAS ESTRELLAS DE 1,60 24/02/2026",gastos de Ebanisteria e 10%,1.0,FORMULA,,,,,,seccion=EBANISTA WILMER MANO DE OBRA= EN CRUDO | total_raw=53160.0
"1 CAMAS ESTRELLAS DE 1,60 24/02/2026",SECCION PINTURA Y PREPARADA,1.0,FORMULA,,,,,DE NOCHERO,seccion=SECCION PINTURA Y PREPARADA DE NOCHERO
"1 CAMAS ESTRELLAS DE 1,60 24/02/2026",PREPARADO JOTA,2.0,FORMULA,,,,,,unidad_raw=CON EL 5% | seccion=SECCION PINTURA Y PREPARADA DE NOCHERO | precio_unitario_raw=36750.0 | total_raw=73500.0
"1 CAMAS ESTRELLAS DE 1,60 24/02/2026",PINTURA ALEX,2.0,FORMULA,,,,,,unidad_raw=CON EL 5% | seccion=SECCION PINTURA Y PREPARADA DE NOCHERO | precio_unitario_raw=36750.0 | total_raw=73500.0
"1 CAMAS ESTRELLAS DE 1,60 24/02/2026",SELLADOR,4.0,VOLUMEN,,,,,,unidad_raw=PISTOLADAS | seccion=SECCION PINTURA Y PREPARADA DE NOCHERO | precio_unitario_raw=18000.0 | total_raw=72000.0
"1 CAMAS ESTRELLAS DE 1,60 24/02/2026",LIJA # 220,1.5,FORMULA,,,,,,unidad_raw=UNIDADES | seccion=SECCION PINTURA Y PREPARADA DE NOCHERO | precio_unitario_raw=2000.0 | total_raw=3000.0
"1 CAMAS ESTRELLAS DE 1,60 24/02/2026",LIJA # 120,0.5,FORMULA,,,,,,unidad_raw=UNIDADES | seccion=SECCION PINTURA Y PREPARADA DE NOCHERO | precio_unitario_raw=20000.0 | total_raw=10000.0
"1 CAMAS ESTRELLAS DE 1,60 24/02/2026",LIJA 400,0.5,FORMULA,,,,,,unidad_raw=unidades | seccion=SECCION PINTURA Y PREPARADA DE NOCHERO | precio_unitario_raw=2000.0 | total_raw=1000.0
"1 CAMAS ESTRELLAS DE 1,60 24/02/2026",NITRO,1.0,FORMULA,,,,,,unidad_raw=galon | seccion=SECCION PINTURA Y PREPARADA DE NOCHERO | precio_unitario_raw=70000.0 | total_raw=0.0
"1 CAMAS ESTRELLAS DE 1,60 24/02/2026",VIDRIOS,1.0,FORMULA,,,,,,unidad_raw=unidad | seccion=SECCION PINTURA Y PREPARADA DE NOCHERO | precio_unitario_raw=45000.0 | total_raw=0.0
"1 CAMAS ESTRELLAS DE 1,60 24/02/2026",TALCO,1.0,FIJO,,,,,,unidad_raw=unidad | seccion=SECCION PINTURA Y PREPARADA DE NOCHERO | precio_unitario_raw=2500.0 | total_raw=2500.0
"1 CAMAS ESTRELLAS DE 1,60 24/02/2026",TINER,1.0,FORMULA,,,,,,unidad_raw=GALON | seccion=SECCION PINTURA Y PREPARADA DE NOCHERO | precio_unitario_raw=34000.0 | total_raw=0.0
"1 CAMAS ESTRELLAS DE 1,60 24/02/2026",TOPES,1.0,FORMULA,,,,,,unidad_raw=JALADORES | seccion=SECCION PINTURA Y PREPARADA DE NOCHERO | precio_unitario_raw=3000.0 | total_raw=0.0
"1 CAMAS ESTRELLAS DE 1,60 24/02/2026",COLOR TABACO,1.0,FORMULA,,,,,,unidad_raw=PISTOLADA | seccion=SECCION PINTURA Y PREPARADA DE NOCHERO | precio_unitario_raw=22000.0 | total_raw=0.0
"1 CAMAS ESTRELLAS DE 1,60 24/02/2026",COLOR NEGRO,2.0,VOLUMEN,,,,,,unidad_raw=PISTOLADA | seccion=SECCION PINTURA Y PREPARADA DE NOCHERO | precio_unitario_raw=22000.0 | total_raw=44000.0
"1 CAMAS ESTRELLAS DE 1,60 24/02/2026",ENCINA,1.0,FORMULA,,,,,,unidad_raw=galon | seccion=SECCION PINTURA Y PREPARADA DE NOCHERO | precio_unitario_raw=160000.0 | total_raw=0.0
"1 CAMAS ESTRELLAS DE 1,60 24/02/2026",GASOLINA,1.0,FORMULA,,,,,,unidad_raw=ML | seccion=SECCION PINTURA Y PREPARADA DE NOCHERO | precio_unitario_raw=4500.0 | total_raw=0.0
"1 CAMAS ESTRELLAS DE 1,60 24/02/2026",RESANE,1.0,FORMULA,,,,,,unidad_raw=LITRO | seccion=SECCION PINTURA Y PREPARADA DE NOCHERO | precio_unitario_raw=20000.0 | total_raw=0.0
"1 CAMAS ESTRELLAS DE 1,60 24/02/2026",LACA BRILLANTE CON ESCARCHA,2.0,VOLUMEN,,,,,,unidad_raw=PISTOLADA | seccion=SECCION PINTURA Y PREPARADA DE NOCHERO | precio_unitario_raw=23000.0 | total_raw=46000.0
"1 CAMAS ESTRELLAS DE 1,60 24/02/2026",Gastos de Pintura 10%,1.0,FORMULA,,,,,,seccion=SECCION PINTURA Y PREPARADA DE NOCHERO | total_raw=32550.0
"1 CAMAS ESTRELLAS DE 1,60 24/02/2026",SECCION PINTURA Y PREPARADA,1.0,FORMULA,,,,,DE PATAS,seccion=SECCION PINTURA Y PREPARADA DE PATAS
"1 CAMAS ESTRELLAS DE 1,60 24/02/2026",PREPARADO JOTA,6.0,FORMULA,,,,,,unidad_raw=CON EL 5% | seccion=SECCION PINTURA Y PREPARADA DE PATAS | precio_unitario_raw=1000.0 | total_raw=12600.0
"1 CAMAS ESTRELLAS DE 1,60 24/02/2026",PINTURA ALEX,6.0,FORMULA,,,,,,unidad_raw=CON EL 5% | seccion=SECCION PINTURA Y PREPARADA DE PATAS | precio_unitario_raw=2000.0 | total_raw=25200.0
"1 CAMAS ESTRELLAS DE 1,60 24/02/2026",PINTURA DE PATAS ALEX,1.0,FIJO,,,,,,seccion=SECCION PINTURA Y PREPARADA DE PATAS | precio_unitario_raw=2100.0 | total_raw=0.0
"1 CAMAS ESTRELLAS DE 1,60 24/02/2026",SELLADOR,1.5,VOLUMEN,,,,,,unidad_raw=PISTOLADAS | seccion=SECCION PINTURA Y PREPARADA DE PATAS | precio_unitario_raw=18000.0 | total_raw=27000.0
"1 CAMAS ESTRELLAS DE 1,60 24/02/2026",LIJA 400,1.0,FIJO,,,,,,unidad_raw=unidades | seccion=SECCION PINTURA Y PREPARADA DE PATAS | precio_unitario_raw=4000.0 | total_raw=4000.0
"1 CAMAS ESTRELLAS DE 1,60 24/02/2026",NITRO,1.0,FORMULA,,,,,,unidad_raw=galon | seccion=SECCION PINTURA Y PREPARADA DE PATAS | total_raw=0.0
"1 CAMAS ESTRELLAS DE 1,60 24/02/2026",lija 220,1.0,FIJO,,,,,,unidad_raw=unidad | seccion=SECCION PINTURA Y PREPARADA DE PATAS | precio_unitario_raw=2000.0 | total_raw=2000.0
"1 CAMAS ESTRELLAS DE 1,60 24/02/2026",lija 120,1.0,FORMULA,,,,,,unidad_raw=unidad | seccion=SECCION PINTURA Y PREPARADA DE PATAS | precio_unitario_raw=2000.0 | total_raw=0.0
"1 CAMAS ESTRELLAS DE 1,60 24/02/2026",LACA SEMIMATE,1.0,FORMULA,,,,,,unidad_raw=GALON | seccion=SECCION PINTURA Y PREPARADA DE PATAS | precio_unitario_raw=22000.0 | total_raw=0.0
"1 CAMAS ESTRELLAS DE 1,60 24/02/2026",kerosen,1.0,FORMULA,,,,,,unidad_raw=litro | seccion=SECCION PINTURA Y PREPARADA DE PATAS | precio_unitario_raw=18000.0 | total_raw=0.0
"1 CAMAS ESTRELLAS DE 1,60 24/02/2026",COLOR NEGRO,0.5,VOLUMEN,,,,,,unidad_raw=PISTOLADA | seccion=SECCION PINTURA Y PREPARADA DE PATAS | precio_unitario_raw=22000.0 | total_raw=11000.0
"1 CAMAS ESTRELLAS DE 1,60 24/02/2026",TINTE MIEL,1.0,FORMULA,,,,,,unidad_raw=galon | seccion=SECCION PINTURA Y PREPARADA DE PATAS
"1 CAMAS ESTRELLAS DE 1,60 24/02/2026",GASOLINA,1.0,FORMULA,,,,,,unidad_raw=LITRO | seccion=SECCION PINTURA Y PREPARADA DE PATAS | precio_unitario_raw=4500.0 | total_raw=0.0
"1 CAMAS ESTRELLAS DE 1,60 24/02/2026",RESANE,0.3,VOLUMEN,,,,,,unidad_raw=LITRO | seccion=SECCION PINTURA Y PREPARADA DE PATAS | precio_unitario_raw=23000.0 | total_raw=6900.0
"1 CAMAS ESTRELLAS DE 1,60 24/02/2026",LACA BRILLANTE,0.5,VOLUMEN,,,,,,unidad_raw=PISTOLADA | seccion=SECCION PINTURA Y PREPARADA DE PATAS | precio_unitario_raw=23000.0 | total_raw=11500.0
"1 CAMAS ESTRELLAS DE 1,60 24/02/2026",Gastos de Pintura 10%,1.0,FORMULA,,,,,,seccion=SECCION PINTURA Y PREPARADA DE PATAS | total_raw=10020.0
"1 CAMAS ESTRELLAS DE 1,60 24/02/2026","ESPEJOS 1,20X1,83",2.196,LINEAL,,,,,,unidad_raw=METRO | seccion=SECCION TERMINACION | precio_unitario_raw=137800.0 | total_raw=302608.8
"1 CAMAS ESTRELLAS DE 1,60 24/02/2026",BISELADO DEL ESPEJO BORDE,35.0,LINEAL,,,,,,unidad_raw=METROS | seccion=SECCION TERMINACION | precio_unitario_raw=7000.0 | total_raw=245000.0
"1 CAMAS ESTRELLAS DE 1,60 24/02/2026",CORTE Y NPULIDA Y BISELADO ESPEJO,2.0,FORMULA,,,,,,unidad_raw=UNIDAD | seccion=SECCION TERMINACION | precio_unitario_raw=20000.0 | total_raw=40000.0
"1 CAMAS ESTRELLAS DE 1,60 24/02/2026",PINTUTRA DE CAMA,1.0,FORMULA,,,,,,seccion=SECCION TERMINACION | total_raw=587608.8
"1 CAMAS ESTRELLAS DE 1,60 24/02/2026",PREPARRACION,1.0,FIJO,,,,,,unidad_raw=UNIDAD | seccion=SECCION TERMINACION | precio_unitario_raw=31500.0 | total_raw=31500.0
"1 CAMAS ESTRELLAS DE 1,60 24/02/2026",LACA BRILLANTE CON ESCARCHA,2.5,VOLUMEN,,,,,,unidad_raw=PISTOLADA | seccion=SECCION TERMINACION | precio_unitario_raw=22000.0 | total_raw=55000.0
"1 CAMAS ESTRELLAS DE 1,60 24/02/2026",PINTURA,1.0,FIJO,,,,,,unidad_raw=UNIDAD | seccion=SECCION TERMINACION | precio_unitario_raw=31500.0 | total_raw=31500.0
"1 CAMAS ESTRELLAS DE 1,60 24/02/2026",SELLADOR,1.5,VOLUMEN,,,,,,unidad_raw=PISTOLADAS | seccion=SECCION TERMINACION | precio_unitario_raw=18000.0 | total_raw=27000.0
"1 CAMAS ESTRELLAS DE 1,60 24/02/2026",LIJA,2.0,VOLUMEN,,,,,,unidad_raw=PISTOLADAS | seccion=SECCION TERMINACION | precio_unitario_raw=2000.0 | total_raw=4000.0
"1 CAMAS ESTRELLAS DE 1,60 24/02/2026",COLOR NEGRO,4.0,FORMULA,,,,,,unidad_raw=UNIDAD | seccion=SECCION TERMINACION | precio_unitario_raw=20000.0 | total_raw=80000.0
"1 CAMAS ESTRELLAS DE 1,60 24/02/2026",LAMPARAS DE LUZ,1.0,FORMULA,,,,,,unidad_raw=UNIDADES | seccion=SECCION TERMINACION | precio_unitario_raw=100000.0
"1 CAMAS ESTRELLAS DE 1,60 24/02/2026",CABLE DE 12,10.0,LINEAL,,,,,,unidad_raw=METROS | seccion=SECCION TERMINACION | precio_unitario_raw=3000.0 | total_raw=3000.0
"1 CAMAS ESTRELLAS DE 1,60 24/02/2026",APAGADORES,2.0,FORMULA,,,,,,unidad_raw=PARES | seccion=SECCION TERMINACION | precio_unitario_raw=29000.0 | total_raw=58000.0
"1 CAMAS ESTRELLAS DE 1,60 24/02/2026",ENCHUFLES BLANCO MACHO,1.0,FIJO,,,,,,unidad_raw=UNIDADES | seccion=SECCION TERMINACION | precio_unitario_raw=2000.0 | total_raw=2000.0
"1 CAMAS ESTRELLAS DE 1,60 24/02/2026",HERRAJES DE CAMA,1.0,FORMULA,,,,,,unidad_raw=PAR | seccion=SECCION TERMINACION | precio_unitario_raw=160000.0 | total_raw=2000.0
"1 CAMAS ESTRELLAS DE 1,60 24/02/2026",JALADORES,1.0,FIJO,,,,,,unidad_raw=UNIDAD | seccion=SECCION TERMINACION | precio_unitario_raw=26800.0 | total_raw=0.0
"1 CAMAS ESTRELLAS DE 1,60 24/02/2026",MANO DE OBRA DE JOTA,2.0,FORMULA,,,,,,unidad_raw=UNIDADES | seccion=SECCION TERMINACION | precio_unitario_raw=15750.0 | total_raw=31500.0
"1 CAMAS ESTRELLAS DE 1,60 24/02/2026",CORREDERAS,1.0,FIJO,,,,,,unidad_raw=unidades | seccion=SECCION TERMINACION | precio_unitario_raw=10000.0 | total_raw=31500.0
"1 CAMAS ESTRELLAS DE 1,60 24/02/2026",EMBALADA,1.0,FIJO,,,,,,unidad_raw=unidades | seccion=SECCION TERMINACION | precio_unitario_raw=150000.0 | total_raw=150000.0
"1 CAMAS ESTRELLAS DE 1,60 24/02/2026",SECCION TENDIDO PATAS,1.0,FIJO,,,,,,seccion=SECCION TERMINACION | total_raw=0.0
"1 CAMAS ESTRELLAS DE 1,60 24/02/2026",MADERA 60X1X4,350.0,FORMULA,,,,,,unidad_raw=APAMATE | seccion=SECCION TERMINACION | precio_unitario_raw=140.0 | total_raw=49000.0
"1 CAMAS ESTRELLAS DE 1,60 24/02/2026",PEOPE METROS,2.0,FORMULA,,,,,,seccion=SECCION TERMINACION | precio_unitario_raw=3000.0 | total_raw=6000.0
"1 CAMAS ESTRELLAS DE 1,60 24/02/2026",GRAPAS,0.5,ESPACIADO,,,,,,unidad_raw=CAJA | seccion=SECCION TERMINACION | precio_unitario_raw=12000.0 | total_raw=6000.0
"1 CAMAS ESTRELLAS DE 1,60 24/02/2026",MDF DE 9,1.0,AREA,,,,,,unidad_raw=LAMINA | seccion=SECCION TERMINACION | precio_unitario_raw=140000.0 | total_raw=140000.0
"1 CAMAS ESTRELLAS DE 1,60 24/02/2026",COLBON,0.5,VOLUMEN,,,,,,unidad_raw=LITRO | seccion=SECCION TERMINACION | precio_unitario_raw=14000.0 | total_raw=7000.0
"1 CAMAS ESTRELLAS DE 1,60 24/02/2026","TORNILLOS DE 2""",40.0,ESPACIADO,,,,,,unidad_raw=UNIDAD | seccion=SECCION TERMINACION | precio_unitario_raw=100.0 | total_raw=4000.0
"1 CAMAS ESTRELLAS DE 1,60 24/02/2026",CLAVILLO,5.0,ESPACIADO,,,,,,unidad_raw=TIRA | seccion=SECCION TERMINACION | precio_unitario_raw=1000.0 | total_raw=5000.0
"1 CAMAS ESTRELLAS DE 1,60 24/02/2026",HECHURA FABRICACION,1.0,FIJO,,,,,,unidad_raw=UNIDAD | seccion=SECCION TERMINACION | precio_unitario_raw=63000.0 | total_raw=63000.0
"1 CAMAS ESTRELLAS DE 1,60 24/02/2026",SECCION TAPICERIA,1.0,FORMULA,,,,,,unidad_raw=MANO DE OBRA= | seccion=SECCION TAPICERIA MANO DE OBRA=
"1 CAMAS ESTRELLAS DE 1,60 24/02/2026",TELA ESTALIN NEGRA,10.0,AREA,,,,,,unidad_raw=METROS | seccion=SECCION TAPICERIA MANO DE OBRA= | precio_unitario_raw=28900.0 | total_raw=289000.0
"1 CAMAS ESTRELLAS DE 1,60 24/02/2026",ESPUMA DE 1 1/2'' ROSADA,3.0,AREA,,,,,,unidad_raw=LAMINA | seccion=SECCION TAPICERIA MANO DE OBRA= | precio_unitario_raw=30000.0 | total_raw=90000.0
"1 CAMAS ESTRELLAS DE 1,60 24/02/2026",GRAPAS,0.5,ESPACIADO,,,,,,unidad_raw=CAJA DE GRAPAS | seccion=SECCION TAPICERIA MANO DE OBRA= | precio_unitario_raw=12000.0 | total_raw=6000.0
"1 CAMAS ESTRELLAS DE 1,60 24/02/2026",PATAS L PLATEADAS,0.0,FORMULA,,,,,,unidad_raw=UNIDADES | seccion=SECCION TAPICERIA MANO DE OBRA= | total_raw=0.0
"1 CAMAS ESTRELLAS DE 1,60 24/02/2026","TORNILLOS 1""",100.0,ESPACIADO,,,,,,unidad_raw=UNIDADES | seccion=SECCION TAPICERIA MANO DE OBRA= | precio_unitario_raw=100.0 | total_raw=10000.0
"1 CAMAS ESTRELLAS DE 1,60 24/02/2026",ESPUMA DE 2'' ROSADA,0.0,AREA,,,,,,unidad_raw=UNIDADES | seccion=SECCION TAPICERIA MANO DE OBRA= | precio_unitario_raw=30000.0 | total_raw=0.0
"1 CAMAS ESTRELLAS DE 1,60 24/02/2026",ESPUMA 2 AZUL,0.0,AREA,,,,,,unidad_raw=LAMINA | seccion=SECCION TAPICERIA MANO DE OBRA= | precio_unitario_raw=50000.0 | total_raw=0.0
"1 CAMAS ESTRELLAS DE 1,60 24/02/2026",COSTAL,0.0,AREA,,,,,,unidad_raw=METROS | seccion=SECCION TAPICERIA MANO DE OBRA= | precio_unitario_raw=4000.0 | total_raw=0.0
"1 CAMAS ESTRELLAS DE 1,60 24/02/2026",HILO,0.0,FORMULA,,,,,,unidad_raw=UNIDAD | seccion=SECCION TAPICERIA MANO DE OBRA= | precio_unitario_raw=25000.0 | total_raw=0.0
"1 CAMAS ESTRELLAS DE 1,60 24/02/2026",CANAMO,0.0,FORMULA,,,,,,unidad_raw=ROLLO | seccion=SECCION TAPICERIA MANO DE OBRA= | precio_unitario_raw=12000.0 | total_raw=0.0
"1 CAMAS ESTRELLAS DE 1,60 24/02/2026",SUPER,1.0,VOLUMEN,,,,,,unidad_raw=LITRO | seccion=SECCION TAPICERIA MANO DE OBRA= | precio_unitario_raw=19000.0 | total_raw=19000.0
"1 CAMAS ESTRELLAS DE 1,60 24/02/2026",CARTON,0.0,FORMULA,,,,,,unidad_raw=UNIDADES | seccion=SECCION TAPICERIA MANO DE OBRA= | precio_unitario_raw=5000.0 | total_raw=0.0
"1 CAMAS ESTRELLAS DE 1,60 24/02/2026",HECHURA,1.0,FIJO,,,,,,unidad_raw=CAMA | seccion=SECCION TAPICERIA MANO DE OBRA= | precio_unitario_raw=210000.0 | total_raw=210000.0
"1 CAMAS ESTRELLAS DE 1,60 24/02/2026",LENCILLO,0.0,LINEAL,,,,,,unidad_raw=METROS | seccion=SECCION TAPICERIA MANO DE OBRA= | precio_unitario_raw=2650.0 | total_raw=210000.0
ALDEMARYN MONTILVA,MADERA,1234.0,FORMULA,,,,,,unidad_raw=APAMATE | seccion=EBANISTA EDUAR MANO DE OBRA= EN CRUDO | precio_unitario_raw=140.0 | total_raw=172760.0
ALDEMARYN MONTILVA,"LAMINA DE 15""",0.5,AREA,,,,,,unidad_raw=LAMINA | seccion=EBANISTA EDUAR MANO DE OBRA= EN CRUDO | precio_unitario_raw=220000.0 | total_raw=110000.0
ALDEMARYN MONTILVA,"LAMINA DE 5,5""",1.27,AREA,,,,,,unidad_raw=LAMINA | seccion=EBANISTA EDUAR MANO DE OBRA= EN CRUDO | precio_unitario_raw=29114.0 | total_raw=36974.78
ALDEMARYN MONTILVA,"LAMINA DE 2,7""",3.48,AREA,,,,,,unidad_raw=LAMINA | seccion=EBANISTA EDUAR MANO DE OBRA= EN CRUDO | precio_unitario_raw=15229.0 | total_raw=52996.92
ALDEMARYN MONTILVA,TABLAS,1.0,FORMULA,,,,,,unidad_raw=UNIDAD | seccion=EBANISTA EDUAR MANO DE OBRA= EN CRUDO | precio_unitario_raw=21000.0 | total_raw=0.0
ALDEMARYN MONTILVA,"LAMINA DE 9""",2.2,AREA,,,,,,"unidad_raw=0,90*2,44 | seccion=EBANISTA EDUAR MANO DE OBRA= EN CRUDO | precio_unitario_raw=31900.0 | total_raw=70180.0"
ALDEMARYN MONTILVA,COLBON,1.0,VOLUMEN,,,,,,unidad_raw=LITRO | seccion=EBANISTA EDUAR MANO DE OBRA= EN CRUDO | precio_unitario_raw=14000.0 | total_raw=14000.0
ALDEMARYN MONTILVA,GRAPAS,0.5,ESPACIADO,,,,,,unidad_raw=CAJA | seccion=EBANISTA EDUAR MANO DE OBRA= EN CRUDO | precio_unitario_raw=12000.0 | total_raw=6000.0
ALDEMARYN MONTILVA,GANCHOS,1.0,FIJO,,,,,,unidad_raw=PAR | seccion=EBANISTA EDUAR MANO DE OBRA= EN CRUDO | precio_unitario_raw=20000.0 | total_raw=20000.0
ALDEMARYN MONTILVA,TORNILLOS TUERCA DE UNA,4.0,ESPACIADO,,,,,,unidad_raw=UNIDAD | seccion=EBANISTA EDUAR MANO DE OBRA= EN CRUDO | precio_unitario_raw=800.0 | total_raw=3200.0
ALDEMARYN MONTILVA,SUPER,1.0,FORMULA,,,,,,unidad_raw=LITRO | seccion=EBANISTA EDUAR MANO DE OBRA= EN CRUDO | precio_unitario_raw=13300.0 | total_raw=0.0
ALDEMARYN MONTILVA,F50,5.0,FORMULA,,,,,,unidad_raw=TIRAS | seccion=EBANISTA EDUAR MANO DE OBRA= EN CRUDO | precio_unitario_raw=1000.0 | total_raw=5000.0
ALDEMARYN MONTILVA,"TORNILLOS DE 2""",150.0,ESPACIADO,,,,,,unidad_raw=Unidad | seccion=EBANISTA EDUAR MANO DE OBRA= EN CRUDO | precio_unitario_raw=100.0 | total_raw=15000.0
ALDEMARYN MONTILVA,ebanisteria 300.000 x 5% de m.o,1.0,FORMULA,,,,,,seccion=EBANISTA EDUAR MANO DE OBRA= EN CRUDO | total_raw=315000.0
ALDEMARYN MONTILVA,gastos de Ebanisteria e 10%,1.0,FORMULA,,,,,,seccion=EBANISTA EDUAR MANO DE OBRA= EN CRUDO | total_raw=82111.17
ALDEMARYN MONTILVA,CORREDERAS 35 NORMAL,2.0,FORMULA,,,,,,unidad_raw=PAR | seccion=EBANISTA EDUAR MANO DE OBRA= EN CRUDO | precio_unitario_raw=17500.0 | total_raw=35000.0
ALDEMARYN MONTILVA,"MDF DE 2,7",0.72,AREA,,,,,,"unidad_raw=1 PEDAZO DE 0,40*1,80 | seccion=EBANISTA EDUAR MANO DE OBRA= EN CRUDO | precio_unitario_raw=15229.0 | total_raw=10964.88"
ALDEMARYN MONTILVA,"LAM MDF 15""",2.24,AREA,,,,,,"unidad_raw=1 PEDASO DE 100*2,24 | seccion=EBANISTA EDUAR MANO DE OBRA= EN CRUDO | precio_unitario_raw=49270.0 | total_raw=110364.8"
ALDEMARYN MONTILVA,LAM MDF 9,1.0,FORMULA,,,,,,"unidad_raw=1 PEDASO DE 1,50X40=60 | seccion=EBANISTA EDUAR MANO DE OBRA= EN CRUDO | precio_unitario_raw=140.0 | total_raw=0.0"
ALDEMARYN MONTILVA,COLBON,0.5,VOLUMEN,,,,,,unidad_raw=litros | seccion=EBANISTA EDUAR MANO DE OBRA= EN CRUDO | precio_unitario_raw=14000.0 | total_raw=7000.0
ALDEMARYN MONTILVA,GRAPAS,1.0,FIJO,,,,,,unidad_raw=Unidad | seccion=EBANISTA EDUAR MANO DE OBRA= EN CRUDO | precio_unitario_raw=600.0 | total_raw=0.0
ALDEMARYN MONTILVA,CLAVILLOS N F 40,30.0,ESPACIADO,,,,,,unidad_raw=TIRA | seccion=EBANISTA EDUAR MANO DE OBRA= EN CRUDO | precio_unitario_raw=1000.0 | total_raw=30000.0
ALDEMARYN MONTILVA,HECHURA,1.0,FIJO,,,,,,unidad_raw=PAR | seccion=EBANISTA EDUAR MANO DE OBRA= EN CRUDO | precio_unitario_raw=250000.0 | total_raw=0.0
ALDEMARYN MONTILVA,"TORNILLOS DE 1"" 1/2",30.0,ESPACIADO,,,,,,unidad_raw=Unidad | seccion=EBANISTA EDUAR MANO DE OBRA= EN CRUDO | precio_unitario_raw=100.0 | total_raw=3000.0
ALDEMARYN MONTILVA,MANO DE OBRA OLAYA,1.0,FORMULA,,,,,,seccion=EBANISTA EDUAR MANO DE OBRA= EN CRUDO | total_raw=105000.0
ALDEMARYN MONTILVA,gastos de Ebanisteria e 5%,1.0,FORMULA,,,,,,seccion=EBANISTA EDUAR MANO DE OBRA= EN CRUDO | total_raw=15066.484
ALDEMARYN MONTILVA,SECCION PINTURA Y PREPARADA,1.0,FORMULA,,,,,DE NOCHERO,seccion=SECCION PINTURA Y PREPARADA DE NOCHERO
ALDEMARYN MONTILVA,PREPARADO JOTA,1.0,FORMULA,,,,,,unidad_raw=CON EL 5% | seccion=SECCION PINTURA Y PREPARADA DE NOCHERO | precio_unitario_raw=36750.0 | total_raw=0.0
ALDEMARYN MONTILVA,PINTURA ALEX,1.0,FORMULA,,,,,,unidad_raw=CON EL 5% | seccion=SECCION PINTURA Y PREPARADA DE NOCHERO | precio_unitario_raw=36750.0 | total_raw=0.0
ALDEMARYN MONTILVA,SELLADOR,1.0,FORMULA,,,,,,unidad_raw=PISTOLADAS | seccion=SECCION PINTURA Y PREPARADA DE NOCHERO | precio_unitario_raw=18000.0 | total_raw=0.0
ALDEMARYN MONTILVA,LIJA 400,1.0,FORMULA,,,,,,unidad_raw=unidades | seccion=SECCION PINTURA Y PREPARADA DE NOCHERO | precio_unitario_raw=2000.0 | total_raw=0.0
ALDEMARYN MONTILVA,NITRO,1.0,FORMULA,,,,,,unidad_raw=galon | seccion=SECCION PINTURA Y PREPARADA DE NOCHERO | precio_unitario_raw=70000.0 | total_raw=0.0
ALDEMARYN MONTILVA,VIDRIOS,1.0,FORMULA,,,,,,unidad_raw=unidad | seccion=SECCION PINTURA Y PREPARADA DE NOCHERO | precio_unitario_raw=45000.0 | total_raw=0.0
ALDEMARYN MONTILVA,TALCO,1.0,FORMULA,,,,,,unidad_raw=unidad | seccion=SECCION PINTURA Y PREPARADA DE NOCHERO | precio_unitario_raw=2500.0 | total_raw=0.0
ALDEMARYN MONTILVA,TINER,1.0,FORMULA,,,,,,unidad_raw=GALON | seccion=SECCION PINTURA Y PREPARADA DE NOCHERO | precio_unitario_raw=34000.0 | total_raw=0.0
ALDEMARYN MONTILVA,TOPES,1.0,FORMULA,,,,,,unidad_raw=JALADORES | seccion=SECCION PINTURA Y PREPARADA DE NOCHERO | precio_unitario_raw=3000.0 | total_raw=0.0
ALDEMARYN MONTILVA,COLOR TABACO,1.0,FORMULA,,,,,,unidad_raw=PISTOLADA | seccion=SECCION PINTURA Y PREPARADA DE NOCHERO | precio_unitario_raw=22000.0 | total_raw=0.0
ALDEMARYN MONTILVA,COLOR,1.0,FORMULA,,,,,,unidad_raw=PISTOLADA | seccion=SECCION PINTURA Y PREPARADA DE NOCHERO | precio_unitario_raw=22000.0 | total_raw=0.0
ALDEMARYN MONTILVA,ENCINA,1.0,FORMULA,,,,,,unidad_raw=galon | seccion=SECCION PINTURA Y PREPARADA DE NOCHERO | precio_unitario_raw=160000.0 | total_raw=0.0
ALDEMARYN MONTILVA,GASOLINA,1.0,FORMULA,,,,,,unidad_raw=ML | seccion=SECCION PINTURA Y PREPARADA DE NOCHERO | precio_unitario_raw=4500.0 | total_raw=0.0
ALDEMARYN MONTILVA,RESANE,1.0,FORMULA,,,,,,unidad_raw=LITRO | seccion=SECCION PINTURA Y PREPARADA DE NOCHERO | precio_unitario_raw=20000.0 | total_raw=0.0
ALDEMARYN MONTILVA,LACA S/M,1.0,FORMULA,,,,,,unidad_raw=PISTOLADA | seccion=SECCION PINTURA Y PREPARADA DE NOCHERO | precio_unitario_raw=22000.0 | total_raw=0.0
ALDEMARYN MONTILVA,Gastos de Pintura 10%,1.0,FORMULA,,,,,,seccion=SECCION PINTURA Y PREPARADA DE NOCHERO | total_raw=0.0
ALDEMARYN MONTILVA,SECCION PINTURA Y PREPARADA,1.0,FORMULA,,,,,PATAS DE CABECERO,seccion=SECCION PINTURA Y PREPARADA PATAS DE CABECERO
ALDEMARYN MONTILVA,PREPARADO JOTA,2.0,FORMULA,,,,,,unidad_raw=CON EL 5% | seccion=SECCION PINTURA Y PREPARADA PATAS DE CABECERO | precio_unitario_raw=1000.0 | total_raw=2100.0
ALDEMARYN MONTILVA,PINTURA ALEX,2.0,FORMULA,,,,,,unidad_raw=CON EL 5% | seccion=SECCION PINTURA Y PREPARADA PATAS DE CABECERO | precio_unitario_raw=2000.0 | total_raw=4200.0
ALDEMARYN MONTILVA,PINTURA DE PATAS ALEX,1.0,FIJO,,,,,,seccion=SECCION PINTURA Y PREPARADA PATAS DE CABECERO | precio_unitario_raw=2100.0 | total_raw=0.0
ALDEMARYN MONTILVA,SELLADOR,0.25,VOLUMEN,,,,,,unidad_raw=PISTOLADAS | seccion=SECCION PINTURA Y PREPARADA PATAS DE CABECERO | precio_unitario_raw=18000.0 | total_raw=4500.0
ALDEMARYN MONTILVA,LIJA 400,0.25,FORMULA,,,,,,unidad_raw=unidades | seccion=SECCION PINTURA Y PREPARADA PATAS DE CABECERO | precio_unitario_raw=2000.0 | total_raw=500.0
ALDEMARYN MONTILVA,NITRO,1.0,FORMULA,,,,,,unidad_raw=galon | seccion=SECCION PINTURA Y PREPARADA PATAS DE CABECERO | total_raw=0.0
ALDEMARYN MONTILVA,lija 220,1.0,FORMULA,,,,,,unidad_raw=unidad | seccion=SECCION PINTURA Y PREPARADA PATAS DE CABECERO | precio_unitario_raw=2000.0 | total_raw=0.0
ALDEMARYN MONTILVA,lija 120,1.0,FORMULA,,,,,,unidad_raw=unidad | seccion=SECCION PINTURA Y PREPARADA PATAS DE CABECERO | precio_unitario_raw=2000.0 | total_raw=0.0
ALDEMARYN MONTILVA,LACA SEMIMATE,1.0,FORMULA,,,,,,unidad_raw=GALON | seccion=SECCION PINTURA Y PREPARADA PATAS DE CABECERO | precio_unitario_raw=22000.0 | total_raw=0.0
ALDEMARYN MONTILVA,kerosen,1.0,FORMULA,,,,,,unidad_raw=litro | seccion=SECCION PINTURA Y PREPARADA PATAS DE CABECERO | precio_unitario_raw=18000.0 | total_raw=0.0
ALDEMARYN MONTILVA,COLOR CON LACA,0.2,VOLUMEN,,,,,,unidad_raw=PISTOLADA | seccion=SECCION PINTURA Y PREPARADA PATAS DE CABECERO | precio_unitario_raw=22000.0 | total_raw=4400.0
ALDEMARYN MONTILVA,TINTE MIEL,0.0,VOLUMEN,,,,,,unidad_raw=galon | seccion=SECCION PINTURA Y PREPARADA PATAS DE CABECERO
ALDEMARYN MONTILVA,GASOLINA,0.0,VOLUMEN,,,,,,unidad_raw=LITRO | seccion=SECCION PINTURA Y PREPARADA PATAS DE CABECERO | precio_unitario_raw=4500.0 | total_raw=0.0
ALDEMARYN MONTILVA,RESANE,0.0,VOLUMEN,,,,,,unidad_raw=LITRO | seccion=SECCION PINTURA Y PREPARADA PATAS DE CABECERO | precio_unitario_raw=23000.0 | total_raw=0.0
ALDEMARYN MONTILVA,LACA BRILLANTE,1.0,FORMULA,,,,,,unidad_raw=PISTOLADA | seccion=SECCION PINTURA Y PREPARADA PATAS DE CABECERO | precio_unitario_raw=23000.0 | total_raw=0.0
ALDEMARYN MONTILVA,Gastos de Pintura 10%,1.0,FORMULA,,,,,,seccion=SECCION PINTURA Y PREPARADA PATAS DE CABECERO | total_raw=1570.0
ALDEMARYN MONTILVA,ESPEJOS,0.0,LINEAL,,,,,,unidad_raw=METRO | seccion=SECCION TERMINACION | precio_unitario_raw=137800.0 | total_raw=0.0
ALDEMARYN MONTILVA,BISELADO DEL ESPEJO BORDE,0.0,FORMULA,,,,,,unidad_raw=UNIDAD | seccion=SECCION TERMINACION | precio_unitario_raw=7000.0 | total_raw=0.0
ALDEMARYN MONTILVA,CORTE Y NPULIDA,0.0,FORMULA,,,,,,unidad_raw=UNIDAD | seccion=SECCION TERMINACION | precio_unitario_raw=50000.0 | total_raw=0.0
ALDEMARYN MONTILVA,LAMPARAS DE LUZ,1.0,FORMULA,,,,,,unidad_raw=UNIDADES | seccion=SECCION TERMINACION | precio_unitario_raw=100000.0
ALDEMARYN MONTILVA,CABLE DE 12,1.0,FORMULA,,,,,,unidad_raw=METROS | seccion=SECCION TERMINACION | precio_unitario_raw=3000.0 | total_raw=0.0
ALDEMARYN MONTILVA,APAGADORES,1.0,FORMULA,,,,,,unidad_raw=PAR | seccion=SECCION TERMINACION | precio_unitario_raw=1500.0 | total_raw=0.0
ALDEMARYN MONTILVA,ENCHUFLES BLANCO MACHO,1.0,FORMULA,,,,,,unidad_raw=UNIDADES | seccion=SECCION TERMINACION | precio_unitario_raw=2000.0 | total_raw=0.0
ALDEMARYN MONTILVA,HERRAJES DE CAMA,1.0,FORMULA,,,,,,unidad_raw=PAR | seccion=SECCION TERMINACION | precio_unitario_raw=160000.0 | total_raw=0.0
ALDEMARYN MONTILVA,JALADORES,1.0,FIJO,,,,,,unidad_raw=UNIDAD | seccion=SECCION TERMINACION | precio_unitario_raw=26800.0 | total_raw=0.0
ALDEMARYN MONTILVA,MULTIUSOS,1.0,FORMULA,,,,,,unidad_raw=UNIDADES | seccion=SECCION TERMINACION | precio_unitario_raw=3000.0 | total_raw=0.0
ALDEMARYN MONTILVA,CORREDERAS,1.0,FIJO,,,,,,unidad_raw=unidades | seccion=SECCION TERMINACION | precio_unitario_raw=10000.0 | total_raw=0.0
ALDEMARYN MONTILVA,EMBALADA,1.0,FIJO,,,,,,unidad_raw=unidades | seccion=SECCION TERMINACION | precio_unitario_raw=150000.0 | total_raw=150000.0
ALDEMARYN MONTILVA,SECCION TENDIDO DE REJAS,1.0,FORMULA,,,,,,seccion=SECCION TERMINACION | total_raw=0.0
ALDEMARYN MONTILVA,MADERA 60X1X4,0.0,FORMULA,,,,,,unidad_raw=APAMATE | seccion=SECCION TERMINACION | precio_unitario_raw=140.0 | total_raw=0.0
ALDEMARYN MONTILVA,PEOPE METROS,0.0,FORMULA,,,,,,seccion=SECCION TERMINACION | precio_unitario_raw=3500.0 | total_raw=0.0
ALDEMARYN MONTILVA,GRAPAS,1.0,FIJO,,,,,,unidad_raw=CAJA | seccion=SECCION TERMINACION | precio_unitario_raw=12000.0 | total_raw=0.0
ALDEMARYN MONTILVA,MDF DE 9,0.0,AREA,,,,,,unidad_raw=LAMINA | seccion=SECCION TERMINACION | precio_unitario_raw=140000.0 | total_raw=0.0
ALDEMARYN MONTILVA,COLBON,0.0,VOLUMEN,,,,,,unidad_raw=LITRO | seccion=SECCION TERMINACION | precio_unitario_raw=14000.0 | total_raw=0.0
ALDEMARYN MONTILVA,"TORNILLOS DE 2""",0.0,ESPACIADO,,,,,,unidad_raw=UNIDAD | seccion=SECCION TERMINACION | precio_unitario_raw=100.0 | total_raw=0.0
ALDEMARYN MONTILVA,CLAVILLO,0.0,ESPACIADO,,,,,,unidad_raw=TIRA | seccion=SECCION TERMINACION | precio_unitario_raw=1000.0 | total_raw=0.0
ALDEMARYN MONTILVA,HECHURA,0.0,FORMULA,,,,,,unidad_raw=UNIDAD | seccion=SECCION TERMINACION | precio_unitario_raw=63000.0 | total_raw=0.0
ALDEMARYN MONTILVA,SECCION TAPICERIA,1.0,FORMULA,,,,,,unidad_raw=MANO DE OBRA= | seccion=SECCION TAPICERIA MANO DE OBRA= CARLOS
ALDEMARYN MONTILVA,TELA CHICAGO,6.0,AREA,,,,,,unidad_raw=METROS | seccion=SECCION TAPICERIA MANO DE OBRA= CARLOS | precio_unitario_raw=20000.0 | total_raw=120000.0
ALDEMARYN MONTILVA,ESPUMA DE 1 1/2'' ROSADA,1.0,AREA,,,,,,unidad_raw=LAMINA | seccion=SECCION TAPICERIA MANO DE OBRA= CARLOS | precio_unitario_raw=30000.0 | total_raw=30000.0
ALDEMARYN MONTILVA,"ESPUMA BLANCA 1""",2.0,AREA,,,,,,unidad_raw=LAMINA | seccion=SECCION TAPICERIA MANO DE OBRA= CARLOS | precio_unitario_raw=12500.0 | total_raw=25000.0
ALDEMARYN MONTILVA,PATAS METALICAS,5.0,FORMULA,,,,,,unidad_raw=UNIDADES | seccion=SECCION TAPICERIA MANO DE OBRA= CARLOS | precio_unitario_raw=6000.0 | total_raw=30000.0
ALDEMARYN MONTILVA,"TORNILLOS 1""1/2",28.0,ESPACIADO,,,,,,unidad_raw=UNIDADES | seccion=SECCION TAPICERIA MANO DE OBRA= CARLOS | precio_unitario_raw=100.0 | total_raw=2800.0
ALDEMARYN MONTILVA,"TORNILLOS 1""",20.0,ESPACIADO,,,,,,unidad_raw=UNIDADES | seccion=SECCION TAPICERIA MANO DE OBRA= CARLOS | precio_unitario_raw=100.0 | total_raw=2000.0
ALDEMARYN MONTILVA,"TORNILLOS 2""",4.0,ESPACIADO,,,,,,unidad_raw=UNIDADES | seccion=SECCION TAPICERIA MANO DE OBRA= CARLOS | precio_unitario_raw=100.0 | total_raw=400.0
ALDEMARYN MONTILVA,"ESPUMA DE 1/2"" ROSADA",1.2,AREA,,,,,,unidad_raw=UNIDADES | seccion=SECCION TAPICERIA MANO DE OBRA= CARLOS | precio_unitario_raw=6630.0 | total_raw=7956.0
ALDEMARYN MONTILVA,ESPUMA 2 AZUL,1.0,FORMULA,,,,,,unidad_raw=LAMINA | seccion=SECCION TAPICERIA MANO DE OBRA= CARLOS | precio_unitario_raw=50000.0 | total_raw=0.0
ALDEMARYN MONTILVA,GRAPAS,0.5,ESPACIADO,,,,,,unidad_raw=CAJA DE GRAPAS | seccion=SECCION TAPICERIA MANO DE OBRA= CARLOS | precio_unitario_raw=12000.0 | total_raw=6000.0
ALDEMARYN MONTILVA,COSTAL,2.5,AREA,,,,,,unidad_raw=METROS | seccion=SECCION TAPICERIA MANO DE OBRA= CARLOS | precio_unitario_raw=4000.0 | total_raw=10000.0
ALDEMARYN MONTILVA,HILO,0.25,FORMULA,,,,,,unidad_raw=UNIDAD | seccion=SECCION TAPICERIA MANO DE OBRA= CARLOS | precio_unitario_raw=25000.0 | total_raw=6250.0
ALDEMARYN MONTILVA,CANAMO,0.0,FORMULA,,,,,,unidad_raw=ROLLO | seccion=SECCION TAPICERIA MANO DE OBRA= CARLOS | precio_unitario_raw=12000.0 | total_raw=0.0
ALDEMARYN MONTILVA,SUPER,0.2,VOLUMEN,,,,,,unidad_raw=LITRO | seccion=SECCION TAPICERIA MANO DE OBRA= CARLOS | precio_unitario_raw=19000.0 | total_raw=3800.0
ALDEMARYN MONTILVA,CARTON,0.0,FORMULA,,,,,,unidad_raw=UNIDADES | seccion=SECCION TAPICERIA MANO DE OBRA= CARLOS | precio_unitario_raw=5000.0 | total_raw=0.0
ALDEMARYN MONTILVA,HECHURA,1.0,FIJO,,,,,,unidad_raw=CAMA | seccion=SECCION TAPICERIA MANO DE OBRA= CARLOS | precio_unitario_raw=210000.0 | total_raw=0.0
ALDEMARYN MONTILVA,LENCILLO,9.25,LINEAL,,,,,,unidad_raw=METROS | seccion=SECCION TAPICERIA MANO DE OBRA= CARLOS | precio_unitario_raw=2650.0 | total_raw=24512.5
10/03/2026 CAMA EL SOL 2*2,MADERA,450.0,FORMULA,,,,,,unidad_raw=APAMATE | seccion=EBANISTA WILMER MANO DE OBRA= | precio_unitario_raw=140.0 | total_raw=63000.0
10/03/2026 CAMA EL SOL 2*2,MDF DE 15,0.5,AREA,,,,,,unidad_raw=LAMINA | seccion=EBANISTA WILMER MANO DE OBRA= | precio_unitario_raw=220000.0 | total_raw=110000.0
10/03/2026 CAMA EL SOL 2*2,"MDF 2,7",0.5,AREA,,,,,,unidad_raw=LAMINA | seccion=EBANISTA WILMER MANO DE OBRA= | precio_unitario_raw=68000.0 | total_raw=34000.0
10/03/2026 CAMA EL SOL 2*2,TABLA,0.5,FORMULA,,,,,,"unidad_raw=2,50*20*2,5 | seccion=EBANISTA WILMER MANO DE OBRA= | precio_unitario_raw=28600.0 | total_raw=14300.0"
10/03/2026 CAMA EL SOL 2*2,TABLA,0.5,FORMULA,,,,,,"unidad_raw=3*20*2,5 | seccion=EBANISTA WILMER MANO DE OBRA= | precio_unitario_raw=31500.0 | total_raw=15750.0"
10/03/2026 CAMA EL SOL 2*2,TABLA,0.5,FORMULA,,,,,,"unidad_raw=3*30*2,5 | seccion=EBANISTA WILMER MANO DE OBRA= | precio_unitario_raw=50000.0 | total_raw=25000.0"
10/03/2026 CAMA EL SOL 2*2,COLBON,1.5,VOLUMEN,,,,,,unidad_raw=LITRO | seccion=EBANISTA WILMER MANO DE OBRA= | precio_unitario_raw=14000.0 | total_raw=21000.0
10/03/2026 CAMA EL SOL 2*2,GRAPAS,0.5,ESPACIADO,,,,,,unidad_raw=CAJA | seccion=EBANISTA WILMER MANO DE OBRA= | precio_unitario_raw=12000.0 | total_raw=6000.0
10/03/2026 CAMA EL SOL 2*2,GANCHOS,1.0,FIJO,,,,,,unidad_raw=PAR | seccion=EBANISTA WILMER MANO DE OBRA= | precio_unitario_raw=20000.0 | total_raw=20000.0
10/03/2026 CAMA EL SOL 2*2,CLAVILLO,5.0,ESPACIADO,,,,,,unidad_raw=TIRAS | seccion=EBANISTA WILMER MANO DE OBRA= | precio_unitario_raw=1000.0 | total_raw=5000.0
10/03/2026 CAMA EL SOL 2*2,"TORNILLOS DE 1"" 1/2",100.0,ESPACIADO,,,,,,unidad_raw=Unidad | seccion=EBANISTA WILMER MANO DE OBRA= | precio_unitario_raw=100.0 | total_raw=10000.0
10/03/2026 CAMA EL SOL 2*2,ebanisteria 300.000 x 5% de m.o,1.0,FORMULA,,,,,,seccion=EBANISTA WILMER MANO DE OBRA= | total_raw=315000.0
10/03/2026 CAMA EL SOL 2*2,gastos de Ebanisteria e 10%,1.0,FORMULA,,,,,,seccion=EBANISTA WILMER MANO DE OBRA= | total_raw=63905.0
10/03/2026 CAMA EL SOL 2*2,CORREDERAS,4.0,FORMULA,,,,,,unidad_raw=Unidad | seccion=EBANISTA WILMER MANO DE OBRA= | precio_unitario_raw=10000.0 | total_raw=40000.0
10/03/2026 CAMA EL SOL 2*2,HECHURA LUIS ALFONSO,2.0,FORMULA,,,,,,unidad_raw=PAR | seccion=EBANISTA WILMER MANO DE OBRA= | precio_unitario_raw=250000.0 | total_raw=500000.0
10/03/2026 CAMA EL SOL 2*2,gastos de Ebanisteria e 5%,1.0,FORMULA,,,,,,seccion=EBANISTA WILMER MANO DE OBRA= | total_raw=0.0
10/03/2026 CAMA EL SOL 2*2,SECCION PINTURA Y PREPARADA,1.0,FORMULA,,,,,DOS NOCHERO,seccion=SECCION PINTURA Y PREPARADA DOS NOCHERO
10/03/2026 CAMA EL SOL 2*2,PREPARADO JOTA,2.0,FORMULA,,,,,,unidad_raw=CON EL 5% | seccion=SECCION PINTURA Y PREPARADA DOS NOCHERO | precio_unitario_raw=36750.0 | total_raw=73500.0
10/03/2026 CAMA EL SOL 2*2,PINTURA ALEX,2.0,FORMULA,,,,,,unidad_raw=CON EL 5% | seccion=SECCION PINTURA Y PREPARADA DOS NOCHERO | precio_unitario_raw=36750.0 | total_raw=73500.0
10/03/2026 CAMA EL SOL 2*2,SELLADOR,4.0,VOLUMEN,,,,,,unidad_raw=PISTOLADAS | seccion=SECCION PINTURA Y PREPARADA DOS NOCHERO | precio_unitario_raw=18000.0 | total_raw=72000.0
10/03/2026 CAMA EL SOL 2*2,LIJA 400,0.5,FORMULA,,,,,,unidad_raw=unidades | seccion=SECCION PINTURA Y PREPARADA DOS NOCHERO | precio_unitario_raw=2000.0 | total_raw=1000.0
10/03/2026 CAMA EL SOL 2*2,lija 150,0.5,VOLUMEN,,,,,,unidad_raw=galon | seccion=SECCION PINTURA Y PREPARADA DOS NOCHERO | precio_unitario_raw=2000.0 | total_raw=1000.0
10/03/2026 CAMA EL SOL 2*2,lija 120,1.0,FIJO,,,,,,unidad_raw=unidad | seccion=SECCION PINTURA Y PREPARADA DOS NOCHERO | precio_unitario_raw=2000.0 | total_raw=2000.0
10/03/2026 CAMA EL SOL 2*2,COLOR,2.5,VOLUMEN,,,,,,unidad_raw=PISTOLADA | seccion=SECCION PINTURA Y PREPARADA DOS NOCHERO | precio_unitario_raw=22000.0 | total_raw=55000.0
10/03/2026 CAMA EL SOL 2*2,GASOLINA,0.5,LINEAL,,,,,,unidad_raw=ML | seccion=SECCION PINTURA Y PREPARADA DOS NOCHERO | precio_unitario_raw=5000.0 | total_raw=2500.0
10/03/2026 CAMA EL SOL 2*2,RESANE,1.0,VOLUMEN,,,,,,unidad_raw=LITRO | seccion=SECCION PINTURA Y PREPARADA DOS NOCHERO | precio_unitario_raw=20000.0 | total_raw=20000.0
10/03/2026 CAMA EL SOL 2*2,LACA S/M,2.0,VOLUMEN,,,,,,unidad_raw=PISTOLADA | seccion=SECCION PINTURA Y PREPARADA DOS NOCHERO | precio_unitario_raw=23000.0 | total_raw=46000.0
10/03/2026 CAMA EL SOL 2*2,Gastos de Pintura 10%,1.0,FORMULA,,,,,,seccion=SECCION PINTURA Y PREPARADA DOS NOCHERO | total_raw=34650.0
10/03/2026 CAMA EL SOL 2*2,SECCION PINTURA Y PREPARADA,1.0,FORMULA,,,,,PATAS,seccion=SECCION PINTURA Y PREPARADA PATAS
10/03/2026 CAMA EL SOL 2*2,PREPARADO JOTA,8.0,FORMULA,,,,,,unidad_raw=CON EL 5% | seccion=SECCION PINTURA Y PREPARADA PATAS | precio_unitario_raw=1050.0 | total_raw=8400.0
10/03/2026 CAMA EL SOL 2*2,PINTURA ALEX,8.0,FORMULA,,,,,,unidad_raw=CON EL 5% | seccion=SECCION PINTURA Y PREPARADA PATAS | precio_unitario_raw=2100.0 | total_raw=16800.0
10/03/2026 CAMA EL SOL 2*2,SELLADOR,0.3,VOLUMEN,,,,,,unidad_raw=PISTOLADAS | seccion=SECCION PINTURA Y PREPARADA PATAS | precio_unitario_raw=18000.0 | total_raw=5400.0
10/03/2026 CAMA EL SOL 2*2,LIJA 400,0.5,FORMULA,,,,,,unidad_raw=unidades | seccion=SECCION PINTURA Y PREPARADA PATAS | precio_unitario_raw=2000.0 | total_raw=1000.0
10/03/2026 CAMA EL SOL 2*2,lija 220,0.5,FORMULA,,,,,,unidad_raw=unidad | seccion=SECCION PINTURA Y PREPARADA PATAS | precio_unitario_raw=2000.0 | total_raw=1000.0
10/03/2026 CAMA EL SOL 2*2,COLOR,0.25,VOLUMEN,,,,,,unidad_raw=PISTOLADA | seccion=SECCION PINTURA Y PREPARADA PATAS | precio_unitario_raw=22000.0 | total_raw=5500.0
10/03/2026 CAMA EL SOL 2*2,RESANE,0.5,VOLUMEN,,,,,,unidad_raw=LITRO | seccion=SECCION PINTURA Y PREPARADA PATAS | precio_unitario_raw=20000.0 | total_raw=10000.0
10/03/2026 CAMA EL SOL 2*2,LACA SM,0.25,VOLUMEN,,,,,,unidad_raw=PISTOLADA | seccion=SECCION PINTURA Y PREPARADA PATAS | precio_unitario_raw=23000.0 | total_raw=5750.0
10/03/2026 CAMA EL SOL 2*2,Gastos de Pintura 10%,1.0,FORMULA,,,,,,seccion=SECCION PINTURA Y PREPARADA PATAS | total_raw=5385.0
10/03/2026 CAMA EL SOL 2*2,TOMAS NEGROS,1.0,FORMULA,,,,,,unidad_raw=UNIDAD | seccion=SECCION TERMINACION | precio_unitario_raw=10500.0 | total_raw=0.0
10/03/2026 CAMA EL SOL 2*2,REGLETA ANCHA,1.0,FORMULA,,,,,,unidad_raw=UNIDAD | seccion=SECCION TERMINACION | precio_unitario_raw=20000.0 | total_raw=0.0
10/03/2026 CAMA EL SOL 2*2,REGLETA DELGADA,1.0,FORMULA,,,,,,unidad_raw=UNIDAD | seccion=SECCION TERMINACION | precio_unitario_raw=20000.0 | total_raw=0.0
10/03/2026 CAMA EL SOL 2*2,LAMPARAS DE LUZ,1.0,FORMULA,,,,,,unidad_raw=UNIDADES | seccion=SECCION TERMINACION | precio_unitario_raw=100000.0 | total_raw=0.0
10/03/2026 CAMA EL SOL 2*2,CABLE DE 12,1.0,FORMULA,,,,,,unidad_raw=METROS | seccion=SECCION TERMINACION | precio_unitario_raw=3000.0 | total_raw=0.0
10/03/2026 CAMA EL SOL 2*2,APAGADORES,1.0,FORMULA,,,,,,unidad_raw=PAR | seccion=SECCION TERMINACION | precio_unitario_raw=1500.0 | total_raw=0.0
10/03/2026 CAMA EL SOL 2*2,ENCHUFLES BLANCO MACHO,1.0,FORMULA,,,,,,unidad_raw=UNIDADES | seccion=SECCION TERMINACION | precio_unitario_raw=2000.0 | total_raw=0.0
10/03/2026 CAMA EL SOL 2*2,HERRAJES DE CAMA,1.0,FORMULA,,,,,,unidad_raw=PAR | seccion=SECCION TERMINACION | precio_unitario_raw=160000.0 | total_raw=0.0
10/03/2026 CAMA EL SOL 2*2,JALADORES,1.0,FIJO,,,,,,unidad_raw=UNIDAD | seccion=SECCION TERMINACION | precio_unitario_raw=26800.0 | total_raw=0.0
10/03/2026 CAMA EL SOL 2*2,MULTIUSOS,1.0,FORMULA,,,,,,unidad_raw=UNIDADES | seccion=SECCION TERMINACION | precio_unitario_raw=3000.0 | total_raw=0.0
10/03/2026 CAMA EL SOL 2*2,CORREDERAS,1.0,FIJO,,,,,,unidad_raw=unidades | seccion=SECCION TERMINACION | precio_unitario_raw=8000.0 | total_raw=0.0
10/03/2026 CAMA EL SOL 2*2,EMBALADA,1.0,FIJO,,,,,,unidad_raw=unidades | seccion=SECCION TERMINACION | precio_unitario_raw=150000.0 | total_raw=150000.0
10/03/2026 CAMA EL SOL 2*2,SECCION TENDIDO,1.0,FORMULA,,,,,,seccion=SECCION TERMINACION | total_raw=0.0
10/03/2026 CAMA EL SOL 2*2,MADERA,639.0,FORMULA,,,,,,unidad_raw=APAMATE | seccion=SECCION TERMINACION | precio_unitario_raw=140.0 | total_raw=89460.0
10/03/2026 CAMA EL SOL 2*2,PEOPE,4.2,FORMULA,,,,,,seccion=SECCION TERMINACION | precio_unitario_raw=3500.0 | total_raw=14700.0
10/03/2026 CAMA EL SOL 2*2,GRAPAS,0.25,ESPACIADO,,,,,,unidad_raw=CAJA | seccion=SECCION TERMINACION | precio_unitario_raw=12000.0 | total_raw=3000.0
10/03/2026 CAMA EL SOL 2*2,MDF DE 9,1.0,AREA,,,,,,unidad_raw=LAMINA | seccion=SECCION TERMINACION | precio_unitario_raw=140000.0 | total_raw=140000.0
10/03/2026 CAMA EL SOL 2*2,COLBON,0.5,VOLUMEN,,,,,,unidad_raw=LITRO | seccion=SECCION TERMINACION | precio_unitario_raw=14000.0 | total_raw=7000.0
10/03/2026 CAMA EL SOL 2*2,"TORNILLOS DE 2""",40.0,ESPACIADO,,,,,,unidad_raw=UNIDAD | seccion=SECCION TERMINACION | precio_unitario_raw=100.0 | total_raw=4000.0
10/03/2026 CAMA EL SOL 2*2,COLOR NEGRO TENDIDOS,0.5,VOLUMEN,,,,,,unidad_raw=PISTOLADAS | seccion=SECCION TERMINACION | precio_unitario_raw=22000.0 | total_raw=11000.0
10/03/2026 CAMA EL SOL 2*2,PINTURA DE TENDIDOS,2.0,FORMULA,,,,,,unidad_raw=CON EL 5% | seccion=SECCION TERMINACION | precio_unitario_raw=6300.0 | total_raw=12600.0
10/03/2026 CAMA EL SOL 2*2,CLAVILLO,3.0,ESPACIADO,,,,,,unidad_raw=TIRA | seccion=SECCION TERMINACION | precio_unitario_raw=1000.0 | total_raw=3000.0
10/03/2026 CAMA EL SOL 2*2,HECHURA,1.0,FIJO,,,,,,unidad_raw=UNIDAD | seccion=SECCION TERMINACION | precio_unitario_raw=63000.0 | total_raw=63000.0
10/03/2026 CAMA EL SOL 2*2,SECCION TAPICERIA,1.0,FORMULA,,,,,,unidad_raw=MANO DE OBRA= | seccion=SECCION TAPICERIA MANO DE OBRA=
10/03/2026 CAMA EL SOL 2*2,TELA AZULA GRAFO DIVERSA/(BRUN,12.0,AREA,,,,,,unidad_raw=METROS | seccion=SECCION TAPICERIA MANO DE OBRA= | precio_unitario_raw=24600.0 | total_raw=295200.0
10/03/2026 CAMA EL SOL 2*2,"ESPUMA 1"" ROSADA",1.75,AREA,,,,,,unidad_raw=LAMINA | seccion=SECCION TAPICERIA MANO DE OBRA= | precio_unitario_raw=20000.0 | total_raw=35000.0
10/03/2026 CAMA EL SOL 2*2,GRAPAS,0.75,ESPACIADO,,,,,,unidad_raw=CAJA DE GRAPAS | seccion=SECCION TAPICERIA MANO DE OBRA= | precio_unitario_raw=12000.0 | total_raw=9000.0
10/03/2026 CAMA EL SOL 2*2,ESPUMA 1/2 ROSADA,0.5,AREA,,,,,,unidad_raw=LAMINA | seccion=SECCION TAPICERIA MANO DE OBRA= | precio_unitario_raw=8000.0 | total_raw=4000.0
10/03/2026 CAMA EL SOL 2*2,ESPUMA 2 AZUL,1.75,AREA,,,,,,unidad_raw=LAMINA | seccion=SECCION TAPICERIA MANO DE OBRA= | precio_unitario_raw=41000.0 | total_raw=71750.0
10/03/2026 CAMA EL SOL 2*2,COSTAL,4.0,AREA,,,,,,unidad_raw=METROS | seccion=SECCION TAPICERIA MANO DE OBRA= | precio_unitario_raw=3500.0 | total_raw=14000.0
10/03/2026 CAMA EL SOL 2*2,HILO,0.5,FORMULA,,,,,,unidad_raw=UNIDAD | seccion=SECCION TAPICERIA MANO DE OBRA= | precio_unitario_raw=25000.0 | total_raw=12500.0
10/03/2026 CAMA EL SOL 2*2,SUPER SPRAY,0.75,VOLUMEN,,,,,,unidad_raw=LITRO | seccion=SECCION TAPICERIA MANO DE OBRA= | precio_unitario_raw=18000.0 | total_raw=13500.0
10/03/2026 CAMA EL SOL 2*2,HECHURA,1.0,FIJO,,,,,,unidad_raw=CAMA | seccion=SECCION TAPICERIA MANO DE OBRA= | precio_unitario_raw=210000.0 | total_raw=210000.0
"10/03/2026 CAMA NUBE 1,40",MADERA,400.0,FORMULA,,,,,,unidad_raw=APAMATE | seccion=EBANISTA WILMER MANO DE OBRA= | precio_unitario_raw=140.0 | total_raw=56000.0
"10/03/2026 CAMA NUBE 1,40",MDF DE 15,0.5,AREA,,,,,,unidad_raw=LAMINA | seccion=EBANISTA WILMER MANO DE OBRA= | precio_unitario_raw=330000.0 | total_raw=165000.0
"10/03/2026 CAMA NUBE 1,40","MDF 2,7",0.25,AREA,,,,,,unidad_raw=LAMINA | seccion=EBANISTA WILMER MANO DE OBRA= | precio_unitario_raw=68000.0 | total_raw=17000.0
"10/03/2026 CAMA NUBE 1,40",LAMINA DE 15,1.0,FORMULA,,,,,,unidad_raw=LAMINA | seccion=EBANISTA WILMER MANO DE OBRA= | precio_unitario_raw=220000.0 | total_raw=0.0
"10/03/2026 CAMA NUBE 1,40",TABLA,0.25,FORMULA,,,,,,"unidad_raw=2,50*20*2,5 | seccion=EBANISTA WILMER MANO DE OBRA= | precio_unitario_raw=28600.0 | total_raw=7150.0"
"10/03/2026 CAMA NUBE 1,40",TABLA,0.25,FORMULA,,,,,,"unidad_raw=3*20*2,5 | seccion=EBANISTA WILMER MANO DE OBRA= | precio_unitario_raw=31500.0 | total_raw=7875.0"
"10/03/2026 CAMA NUBE 1,40",TABLA,0.5,FORMULA,,,,,,"unidad_raw=3*30*2,5 | seccion=EBANISTA WILMER MANO DE OBRA= | precio_unitario_raw=93000.0 | total_raw=46500.0"
"10/03/2026 CAMA NUBE 1,40",COLBON,1.0,VOLUMEN,,,,,,unidad_raw=LITRO | seccion=EBANISTA WILMER MANO DE OBRA= | precio_unitario_raw=14000.0 | total_raw=14000.0
"10/03/2026 CAMA NUBE 1,40",GRAPAS,0.5,ESPACIADO,,,,,,unidad_raw=CAJA | seccion=EBANISTA WILMER MANO DE OBRA= | precio_unitario_raw=12000.0 | total_raw=6000.0
"10/03/2026 CAMA NUBE 1,40",GANCHOS,0.5,FORMULA,,,,,,unidad_raw=PAR | seccion=EBANISTA WILMER MANO DE OBRA= | precio_unitario_raw=20000.0 | total_raw=10000.0
"10/03/2026 CAMA NUBE 1,40",F40,5.0,FORMULA,,,,,,unidad_raw=TIRAS | seccion=EBANISTA WILMER MANO DE OBRA= | precio_unitario_raw=1000.0 | total_raw=5000.0
"10/03/2026 CAMA NUBE 1,40","TORNILLOS DE 2""",100.0,ESPACIADO,,,,,,unidad_raw=Unidad | seccion=EBANISTA WILMER MANO DE OBRA= | precio_unitario_raw=100.0 | total_raw=10000.0
"10/03/2026 CAMA NUBE 1,40",ebanisteria 300.000 x 5% de m.o,1.0,FORMULA,,,,,,seccion=EBANISTA WILMER MANO DE OBRA= | total_raw=315000.0
"10/03/2026 CAMA NUBE 1,40",gastos de Ebanisteria e 10%,1.0,FORMULA,,,,,,seccion=EBANISTA WILMER MANO DE OBRA= | total_raw=65952.5
"10/03/2026 CAMA NUBE 1,40",CORREDERAS 35 NORMAL,1.0,FIJO,,,,,,unidad_raw=PAR | seccion=EBANISTA WILMER MANO DE OBRA= | precio_unitario_raw=250000.0 | total_raw=0.0
"10/03/2026 CAMA NUBE 1,40",CORREDERAS,1.0,FIJO,,,,,,unidad_raw=1 PEDAZO DE 1.00X46=46 | seccion=EBANISTA WILMER MANO DE OBRA= | precio_unitario_raw=15000.0 | total_raw=0.0
"10/03/2026 CAMA NUBE 1,40",LAM MDF 5,1.0,FORMULA,,,,,,unidad_raw=1 PEDASO DE 1.50X40=60 | seccion=EBANISTA WILMER MANO DE OBRA= | precio_unitario_raw=130000.0 | total_raw=0.0
"10/03/2026 CAMA NUBE 1,40",LAM MDF 9,1.0,FORMULA,,,,,,"unidad_raw=1 PEDASO DE 1,50X40=60 | seccion=EBANISTA WILMER MANO DE OBRA= | precio_unitario_raw=140.0"
"10/03/2026 CAMA NUBE 1,40",COLBON,1.0,FORMULA,,,,,,unidad_raw=litros | seccion=EBANISTA WILMER MANO DE OBRA= | precio_unitario_raw=14000.0 | total_raw=0.0
"10/03/2026 CAMA NUBE 1,40",GRAPAS,1.0,FIJO,,,,,,unidad_raw=Unidad | seccion=EBANISTA WILMER MANO DE OBRA= | precio_unitario_raw=600.0 | total_raw=0.0
"10/03/2026 CAMA NUBE 1,40",CLAVILLOS N F 40,1.0,FIJO,,,,,,unidad_raw=TIRA | seccion=EBANISTA WILMER MANO DE OBRA= | precio_unitario_raw=1000.0 | total_raw=0.0
"10/03/2026 CAMA NUBE 1,40",HECHURA LUIS ANTONIO,2.0,FORMULA,,,,,,unidad_raw=PAR | seccion=EBANISTA WILMER MANO DE OBRA= | precio_unitario_raw=250000.0 | total_raw=500000.0
"10/03/2026 CAMA NUBE 1,40","TORNILLOS DE 2""",1.0,FIJO,,,,,,unidad_raw=Unidad | seccion=EBANISTA WILMER MANO DE OBRA= | precio_unitario_raw=100.0 | total_raw=0.0
"10/03/2026 CAMA NUBE 1,40",SECCION PINTURA Y PREPARADA,1.0,FORMULA,,,,,DE NOCHERO,seccion=SECCION PINTURA Y PREPARADA DE NOCHERO
"10/03/2026 CAMA NUBE 1,40",PREPARADO JOTA,2.0,FORMULA,,,,,,unidad_raw=CON EL 5% | seccion=SECCION PINTURA Y PREPARADA DE NOCHERO | precio_unitario_raw=36750.0 | total_raw=73500.0
"10/03/2026 CAMA NUBE 1,40",PINTURA ALEX,2.0,FORMULA,,,,,,unidad_raw=CON EL 5% | seccion=SECCION PINTURA Y PREPARADA DE NOCHERO | precio_unitario_raw=36750.0 | total_raw=73500.0
"10/03/2026 CAMA NUBE 1,40",SELLADOR,4.0,VOLUMEN,,,,,,unidad_raw=PISTOLADAS | seccion=SECCION PINTURA Y PREPARADA DE NOCHERO | precio_unitario_raw=18000.0 | total_raw=72000.0
"10/03/2026 CAMA NUBE 1,40",LIJA 400,0.5,FORMULA,,,,,,unidad_raw=unidades | seccion=SECCION PINTURA Y PREPARADA DE NOCHERO | precio_unitario_raw=4000.0 | total_raw=2000.0
"10/03/2026 CAMA NUBE 1,40",lija 150,0.5,VOLUMEN,,,,,,unidad_raw=galon | seccion=SECCION PINTURA Y PREPARADA DE NOCHERO | precio_unitario_raw=2000.0 | total_raw=1000.0
"10/03/2026 CAMA NUBE 1,40",lija 120,1.0,FIJO,,,,,,unidad_raw=unidad | seccion=SECCION PINTURA Y PREPARADA DE NOCHERO | precio_unitario_raw=2000.0 | total_raw=2000.0
"10/03/2026 CAMA NUBE 1,40",TALCO,1.0,FORMULA,,,,,,unidad_raw=unidad | seccion=SECCION PINTURA Y PREPARADA DE NOCHERO | precio_unitario_raw=2500.0 | total_raw=0.0
"10/03/2026 CAMA NUBE 1,40",COLOR,2.0,VOLUMEN,,,,,,unidad_raw=PISTOLADAS | seccion=SECCION PINTURA Y PREPARADA DE NOCHERO | precio_unitario_raw=22000.0 | total_raw=44000.0
"10/03/2026 CAMA NUBE 1,40",TOPES,1.0,FORMULA,,,,,,unidad_raw=JALADORES | seccion=SECCION PINTURA Y PREPARADA DE NOCHERO | precio_unitario_raw=3000.0 | total_raw=0.0
"10/03/2026 CAMA NUBE 1,40",BLANCO POLIURETANO,1.0,FORMULA,,,,,,unidad_raw=PISTOLADA | seccion=SECCION PINTURA Y PREPARADA DE NOCHERO | precio_unitario_raw=57500.0 | total_raw=0.0
"10/03/2026 CAMA NUBE 1,40",COLOR,1.0,FORMULA,,,,,,unidad_raw=PISTOLADA | seccion=SECCION PINTURA Y PREPARADA DE NOCHERO | precio_unitario_raw=22000.0 | total_raw=0.0
"10/03/2026 CAMA NUBE 1,40",ENCINA,1.0,FORMULA,,,,,,unidad_raw=galon | seccion=SECCION PINTURA Y PREPARADA DE NOCHERO | precio_unitario_raw=160000.0 | total_raw=0.0
"10/03/2026 CAMA NUBE 1,40",GASOLINA,0.5,LINEAL,,,,,,unidad_raw=ML | seccion=SECCION PINTURA Y PREPARADA DE NOCHERO | precio_unitario_raw=5000.0 | total_raw=2500.0
"10/03/2026 CAMA NUBE 1,40",RESANE,1.0,VOLUMEN,,,,,,unidad_raw=LITRO | seccion=SECCION PINTURA Y PREPARADA DE NOCHERO | precio_unitario_raw=20000.0 | total_raw=20000.0
"10/03/2026 CAMA NUBE 1,40",LACA S/M,2.0,VOLUMEN,,,,,,unidad_raw=PISTOLADA | seccion=SECCION PINTURA Y PREPARADA DE NOCHERO | precio_unitario_raw=23000.0 | total_raw=46000.0
"10/03/2026 CAMA NUBE 1,40",Gastos de Pintura 10%,1.0,FORMULA,,,,,,seccion=SECCION PINTURA Y PREPARADA DE NOCHERO | total_raw=33650.0
"10/03/2026 CAMA NUBE 1,40",SECCION PINTURA Y PREPARADA,1.0,FORMULA,,,,,PATAS Y TENDIDO,seccion=SECCION PINTURA Y PREPARADA PATAS Y TENDIDO
"10/03/2026 CAMA NUBE 1,40",PREPARADO JOTA,8.0,FORMULA,,,,,,unidad_raw=CON EL 5% | seccion=SECCION PINTURA Y PREPARADA PATAS Y TENDIDO | precio_unitario_raw=1050.0 | total_raw=8400.0
"10/03/2026 CAMA NUBE 1,40",PINTURA ALEX,8.0,FORMULA,,,,,,unidad_raw=CON EL 5% | seccion=SECCION PINTURA Y PREPARADA PATAS Y TENDIDO | precio_unitario_raw=2100.0 | total_raw=16800.0
"10/03/2026 CAMA NUBE 1,40",PINTURA DE TENDIDOS,2.0,FORMULA,,,,,,unidad_raw=CON EL 5% | seccion=SECCION PINTURA Y PREPARADA PATAS Y TENDIDO | precio_unitario_raw=6300.0 | total_raw=12600.0
"10/03/2026 CAMA NUBE 1,40",SELLADOR,0.3,VOLUMEN,,,,,,unidad_raw=PISTOLADAS | seccion=SECCION PINTURA Y PREPARADA PATAS Y TENDIDO | precio_unitario_raw=18000.0 | total_raw=5400.0
"10/03/2026 CAMA NUBE 1,40",LIJA 400,1.0,FORMULA,,,,,,unidad_raw=unidades | seccion=SECCION PINTURA Y PREPARADA PATAS Y TENDIDO | precio_unitario_raw=2000.0 | total_raw=0.0
"10/03/2026 CAMA NUBE 1,40",COLOR NEGRO TENDIDOS,0.5,VOLUMEN,,,,,,unidad_raw=PISTOLADAS | seccion=SECCION PINTURA Y PREPARADA PATAS Y TENDIDO | precio_unitario_raw=22000.0 | total_raw=11000.0
"10/03/2026 CAMA NUBE 1,40",lija 220,0.5,FORMULA,,,,,,unidad_raw=unidad | seccion=SECCION PINTURA Y PREPARADA PATAS Y TENDIDO | precio_unitario_raw=2000.0 | total_raw=1000.0
"10/03/2026 CAMA NUBE 1,40",lija 120,0.5,FORMULA,,,,,,unidad_raw=unidad | seccion=SECCION PINTURA Y PREPARADA PATAS Y TENDIDO | precio_unitario_raw=2000.0 | total_raw=1000.0
"10/03/2026 CAMA NUBE 1,40",LACA SEMIMATE,1.0,FORMULA,,,,,,unidad_raw=GALON | seccion=SECCION PINTURA Y PREPARADA PATAS Y TENDIDO | precio_unitario_raw=23000.0 | total_raw=0.0
"10/03/2026 CAMA NUBE 1,40",kerosen,1.0,FORMULA,,,,,,unidad_raw=litro | seccion=SECCION PINTURA Y PREPARADA PATAS Y TENDIDO | precio_unitario_raw=18000.0 | total_raw=0.0
"10/03/2026 CAMA NUBE 1,40",COLOR,0.3,VOLUMEN,,,,,,unidad_raw=PISTOLADA | seccion=SECCION PINTURA Y PREPARADA PATAS Y TENDIDO | precio_unitario_raw=22000.0 | total_raw=6600.0
"10/03/2026 CAMA NUBE 1,40",TINTE MIEL,1.0,FORMULA,,,,,,unidad_raw=galon | seccion=SECCION PINTURA Y PREPARADA PATAS Y TENDIDO | total_raw=0.0
"10/03/2026 CAMA NUBE 1,40",GASOLINA,1.0,FORMULA,,,,,,unidad_raw=LITRO | seccion=SECCION PINTURA Y PREPARADA PATAS Y TENDIDO | precio_unitario_raw=4.5 | total_raw=0.0
"10/03/2026 CAMA NUBE 1,40",RESANE,0.5,VOLUMEN,,,,,,unidad_raw=LITRO | seccion=SECCION PINTURA Y PREPARADA PATAS Y TENDIDO | precio_unitario_raw=20000.0 | total_raw=10000.0
"10/03/2026 CAMA NUBE 1,40",LACA SM,0.3,VOLUMEN,,,,,,unidad_raw=PISTOLADA | seccion=SECCION PINTURA Y PREPARADA PATAS Y TENDIDO | precio_unitario_raw=23000.0 | total_raw=6900.0
"10/03/2026 CAMA NUBE 1,40",Gastos de Pintura 10%,1.0,FORMULA,,,,,,seccion=SECCION PINTURA Y PREPARADA PATAS Y TENDIDO | total_raw=7970.0
"10/03/2026 CAMA NUBE 1,40",TOMAS NEGROS,1.0,FORMULA,,,,,,unidad_raw=UNIDAD | seccion=SECCION TERMINACION | precio_unitario_raw=10500.0 | total_raw=0.0
"10/03/2026 CAMA NUBE 1,40",REGLETA ANCHA,1.0,FORMULA,,,,,,unidad_raw=UNIDAD | seccion=SECCION TERMINACION | precio_unitario_raw=20000.0 | total_raw=0.0
"10/03/2026 CAMA NUBE 1,40",REGLETA DELGADA,1.0,FORMULA,,,,,,unidad_raw=UNIDAD | seccion=SECCION TERMINACION | precio_unitario_raw=20000.0 | total_raw=0.0
"10/03/2026 CAMA NUBE 1,40",LAMPARAS DE LUZ,1.0,FORMULA,,,,,,unidad_raw=UNIDADES | seccion=SECCION TERMINACION | precio_unitario_raw=100000.0 | total_raw=0.0
"10/03/2026 CAMA NUBE 1,40",CABLE DE 12,1.0,FORMULA,,,,,,unidad_raw=METROS | seccion=SECCION TERMINACION | precio_unitario_raw=3000.0 | total_raw=0.0
"10/03/2026 CAMA NUBE 1,40",APAGADORES,1.0,FORMULA,,,,,,unidad_raw=PAR | seccion=SECCION TERMINACION | precio_unitario_raw=1500.0 | total_raw=0.0
"10/03/2026 CAMA NUBE 1,40",ENCHUFLES BLANCO MACHO,1.0,FORMULA,,,,,,unidad_raw=UNIDADES | seccion=SECCION TERMINACION | precio_unitario_raw=2000.0 | total_raw=0.0
"10/03/2026 CAMA NUBE 1,40",HERRAJES DE CAMA,1.0,FORMULA,,,,,,unidad_raw=PAR | seccion=SECCION TERMINACION | precio_unitario_raw=160000.0 | total_raw=0.0
"10/03/2026 CAMA NUBE 1,40",JALADORES,1.0,FIJO,,,,,,unidad_raw=UNIDAD | seccion=SECCION TERMINACION | precio_unitario_raw=26800.0 | total_raw=0.0
"10/03/2026 CAMA NUBE 1,40",MULTIUSOS,1.0,FORMULA,,,,,,unidad_raw=UNIDADES | seccion=SECCION TERMINACION | precio_unitario_raw=3000.0 | total_raw=0.0
"10/03/2026 CAMA NUBE 1,40",CORREDERAS,1.0,FIJO,,,,,,unidad_raw=unidades | seccion=SECCION TERMINACION | precio_unitario_raw=8000.0 | total_raw=0.0
"10/03/2026 CAMA NUBE 1,40",EMBALADA,1.0,FIJO,,,,,,unidad_raw=unidades | seccion=SECCION TERMINACION | precio_unitario_raw=150000.0 | total_raw=150000.0
"10/03/2026 CAMA NUBE 1,40",SECCION TENDIDO,1.0,FORMULA,,,,,,seccion=SECCION TERMINACION | total_raw=0.0
"10/03/2026 CAMA NUBE 1,40",MADERA 60X1X4,639.0,FORMULA,,,,,,unidad_raw=APAMATE | seccion=SECCION TERMINACION | precio_unitario_raw=140.0 | total_raw=89460.0
"10/03/2026 CAMA NUBE 1,40",PEOPE,2.1,FORMULA,,,,,,seccion=SECCION TERMINACION | precio_unitario_raw=3500.0 | total_raw=7350.0
"10/03/2026 CAMA NUBE 1,40",GRAPAS,1.0,FIJO,,,,,,unidad_raw=CAJA | seccion=SECCION TERMINACION | precio_unitario_raw=12000.0 | total_raw=0.0
"10/03/2026 CAMA NUBE 1,40",MDF DE 9,1.0,AREA,,,,,,unidad_raw=LAMINA | seccion=SECCION TERMINACION | precio_unitario_raw=140000.0 | total_raw=140000.0
"10/03/2026 CAMA NUBE 1,40",COLBON,1.0,FORMULA,,,,,,unidad_raw=LITRO | seccion=SECCION TERMINACION | precio_unitario_raw=14000.0 | total_raw=0.0
"10/03/2026 CAMA NUBE 1,40","TORNILLOS DE 2""",40.0,ESPACIADO,,,,,,unidad_raw=UNIDAD | seccion=SECCION TERMINACION | precio_unitario_raw=100.0 | total_raw=4000.0
"10/03/2026 CAMA NUBE 1,40",CLAVILLO,3.0,ESPACIADO,,,,,,unidad_raw=TIRA | seccion=SECCION TERMINACION | precio_unitario_raw=1000.0 | total_raw=3000.0
"10/03/2026 CAMA NUBE 1,40",HECHURA,1.0,FIJO,,,,,,unidad_raw=UNIDAD | seccion=SECCION TERMINACION | precio_unitario_raw=63000.0 | total_raw=63000.0
"10/03/2026 CAMA NUBE 1,40",SECCION TAPICERIA,1.0,FORMULA,,,,,,unidad_raw=MANO DE OBRA= | seccion=SECCION TAPICERIA MANO DE OBRA=
"10/03/2026 CAMA NUBE 1,40",TELA BRUNA BEIGE,11.0,AREA,,,,,,unidad_raw=METROS | seccion=SECCION TAPICERIA MANO DE OBRA= | precio_unitario_raw=30000.0 | total_raw=330000.0
"10/03/2026 CAMA NUBE 1,40","ESPUMA 1"" ROSADA",0.5,AREA,,,,,,unidad_raw=LAMINA | seccion=SECCION TAPICERIA MANO DE OBRA= | precio_unitario_raw=8000.0 | total_raw=4000.0
"10/03/2026 CAMA NUBE 1,40",GRAPAS,0.75,ESPACIADO,,,,,,unidad_raw=CAJA DE GRAPAS | seccion=SECCION TAPICERIA MANO DE OBRA= | precio_unitario_raw=12000.0 | total_raw=9000.0
"10/03/2026 CAMA NUBE 1,40",PATAS L PLATEADAS,1.0,FIJO,,,,,,unidad_raw=UNIDADES | seccion=SECCION TAPICERIA MANO DE OBRA= | precio_unitario_raw=8000.0 | total_raw=0.0
"10/03/2026 CAMA NUBE 1,40",TORNILLOS,1.0,FIJO,,,,,,unidad_raw=UNIDADES | seccion=SECCION TAPICERIA MANO DE OBRA= | precio_unitario_raw=100.0 | total_raw=0.0
"10/03/2026 CAMA NUBE 1,40",ESPUMA DE 1 1/2'' ROSADA,1.5,AREA,,,,,,unidad_raw=UNIDADES | seccion=SECCION TAPICERIA MANO DE OBRA= | precio_unitario_raw=30000.0 | total_raw=45000.0
"10/03/2026 CAMA NUBE 1,40",ESPUMA 2 AZUL,2.5,AREA,,,,,,unidad_raw=LAMINA | seccion=SECCION TAPICERIA MANO DE OBRA= | precio_unitario_raw=41000.0 | total_raw=102500.0
"10/03/2026 CAMA NUBE 1,40",ESPUMA 1 1/2'' AZUL,1.0,FORMULA,,,,,,unidad_raw=MTS | seccion=SECCION TAPICERIA MANO DE OBRA= | precio_unitario_raw=30000.0 | total_raw=0.0
"10/03/2026 CAMA NUBE 1,40",COSTAL,2.0,AREA,,,,,,unidad_raw=METROS | seccion=SECCION TAPICERIA MANO DE OBRA= | precio_unitario_raw=4000.0 | total_raw=8000.0
"10/03/2026 CAMA NUBE 1,40",HILO,0.5,FORMULA,,,,,,unidad_raw=UNIDAD | seccion=SECCION TAPICERIA MANO DE OBRA= | precio_unitario_raw=25000.0 | total_raw=12500.0
"10/03/2026 CAMA NUBE 1,40",CABULLA,1.0,FORMULA,,,,,,seccion=SECCION TAPICERIA MANO DE OBRA= | precio_unitario_raw=18000.0 | total_raw=0.0
"10/03/2026 CAMA NUBE 1,40",CANAMO,1.0,FORMULA,,,,,,unidad_raw=ROLLO | seccion=SECCION TAPICERIA MANO DE OBRA= | precio_unitario_raw=12000.0 | total_raw=0.0
"10/03/2026 CAMA NUBE 1,40",SUPER,1.0,VOLUMEN,,,,,,unidad_raw=LITRO | seccion=SECCION TAPICERIA MANO DE OBRA= | precio_unitario_raw=14000.0 | total_raw=14000.0
"10/03/2026 CAMA NUBE 1,40",CARTON,1.0,FORMULA,,,,,,unidad_raw=UNIDADES | seccion=SECCION TAPICERIA MANO DE OBRA= | precio_unitario_raw=5000.0 | total_raw=0.0
"10/03/2026 CAMA NUBE 1,40",HECHURA,1.0,FIJO,,,,,,unidad_raw=CAMA | seccion=SECCION TAPICERIA MANO DE OBRA= | precio_unitario_raw=210000.0 | total_raw=0.0
"10/03/2026 CAMA NUBE 1,40",LENCILLO,1.0,FORMULA,,,,,,unidad_raw=METROS | seccion=SECCION TAPICERIA MANO DE OBRA= | precio_unitario_raw=3500.0 | total_raw=0.0
10/03/2026 CAMA NUBE EL SOL 2*2,MADERA,433.0,FORMULA,,,,,,unidad_raw=APAMATE | seccion=EBANISTA WILMER MANO DE OBRA= | precio_unitario_raw=140.0 | total_raw=60620.0
10/03/2026 CAMA NUBE EL SOL 2*2,MDF DE 15,0.5,AREA,,,,,,unidad_raw=LAMINA | seccion=EBANISTA WILMER MANO DE OBRA= | precio_unitario_raw=330000.0 | total_raw=165000.0
10/03/2026 CAMA NUBE EL SOL 2*2,"MDF 2,7",0.25,AREA,,,,,,unidad_raw=LAMINA | seccion=EBANISTA WILMER MANO DE OBRA= | precio_unitario_raw=68000.0 | total_raw=17000.0
10/03/2026 CAMA NUBE EL SOL 2*2,LAMINA DE 15,1.0,FORMULA,,,,,,unidad_raw=LAMINA | seccion=EBANISTA WILMER MANO DE OBRA= | precio_unitario_raw=220000.0 | total_raw=0.0
10/03/2026 CAMA NUBE EL SOL 2*2,TABLA,0.25,FORMULA,,,,,,"unidad_raw=2,50*20*2,5 | seccion=EBANISTA WILMER MANO DE OBRA= | precio_unitario_raw=28600.0 | total_raw=7150.0"
10/03/2026 CAMA NUBE EL SOL 2*2,TABLA,0.25,FORMULA,,,,,,"unidad_raw=3*20*2,5 | seccion=EBANISTA WILMER MANO DE OBRA= | precio_unitario_raw=31500.0 | total_raw=7875.0"
10/03/2026 CAMA NUBE EL SOL 2*2,TABLA,0.25,FORMULA,,,,,,"unidad_raw=3*30*2,5 | seccion=EBANISTA WILMER MANO DE OBRA= | precio_unitario_raw=93000.0 | total_raw=23250.0"
10/03/2026 CAMA NUBE EL SOL 2*2,COLBON,0.5,VOLUMEN,,,,,,unidad_raw=LITRO | seccion=EBANISTA WILMER MANO DE OBRA= | precio_unitario_raw=14000.0 | total_raw=7000.0
10/03/2026 CAMA NUBE EL SOL 2*2,GRAPAS,0.5,ESPACIADO,,,,,,unidad_raw=CAJA | seccion=EBANISTA WILMER MANO DE OBRA= | precio_unitario_raw=12000.0 | total_raw=6000.0
10/03/2026 CAMA NUBE EL SOL 2*2,GANCHOS,0.5,FORMULA,,,,,,unidad_raw=PAR | seccion=EBANISTA WILMER MANO DE OBRA= | precio_unitario_raw=20000.0 | total_raw=10000.0
10/03/2026 CAMA NUBE EL SOL 2*2,F40,5.0,FORMULA,,,,,,unidad_raw=TIRAS | seccion=EBANISTA WILMER MANO DE OBRA= | precio_unitario_raw=1000.0 | total_raw=5000.0
10/03/2026 CAMA NUBE EL SOL 2*2,"TORNILLOS DE 2""",100.0,ESPACIADO,,,,,,unidad_raw=Unidad | seccion=EBANISTA WILMER MANO DE OBRA= | precio_unitario_raw=100.0 | total_raw=10000.0
10/03/2026 CAMA NUBE EL SOL 2*2,ebanisteria 300.000 x 5% de m.o,1.0,FORMULA,,,,,,seccion=EBANISTA WILMER MANO DE OBRA= | total_raw=315000.0
10/03/2026 CAMA NUBE EL SOL 2*2,gastos de Ebanisteria e 10%,1.0,FORMULA,,,,,,seccion=EBANISTA WILMER MANO DE OBRA= | total_raw=63389.5
10/03/2026 CAMA NUBE EL SOL 2*2,CORREDERAS 35 NORMAL,1.0,FIJO,,,,,,unidad_raw=PAR | seccion=EBANISTA WILMER MANO DE OBRA= | precio_unitario_raw=250000.0 | total_raw=0.0
10/03/2026 CAMA NUBE EL SOL 2*2,CORREDERAS,1.0,FIJO,,,,,,unidad_raw=1 PEDAZO DE 1.00X46=46 | seccion=EBANISTA WILMER MANO DE OBRA= | precio_unitario_raw=15000.0 | total_raw=0.0
10/03/2026 CAMA NUBE EL SOL 2*2,LAM MDF 5,1.0,FORMULA,,,,,,unidad_raw=1 PEDASO DE 1.50X40=60 | seccion=EBANISTA WILMER MANO DE OBRA= | precio_unitario_raw=130000.0 | total_raw=0.0
10/03/2026 CAMA NUBE EL SOL 2*2,LAM MDF 9,1.0,FORMULA,,,,,,"unidad_raw=1 PEDASO DE 1,50X40=60 | seccion=EBANISTA WILMER MANO DE OBRA= | precio_unitario_raw=140.0"
10/03/2026 CAMA NUBE EL SOL 2*2,COLBON,1.0,FORMULA,,,,,,unidad_raw=litros | seccion=EBANISTA WILMER MANO DE OBRA= | precio_unitario_raw=14000.0 | total_raw=0.0
10/03/2026 CAMA NUBE EL SOL 2*2,GRAPAS,1.0,FIJO,,,,,,unidad_raw=Unidad | seccion=EBANISTA WILMER MANO DE OBRA= | precio_unitario_raw=600.0 | total_raw=0.0
10/03/2026 CAMA NUBE EL SOL 2*2,CLAVILLOS N F 40,1.0,FIJO,,,,,,unidad_raw=TIRA | seccion=EBANISTA WILMER MANO DE OBRA= | precio_unitario_raw=1000.0 | total_raw=0.0
10/03/2026 CAMA NUBE EL SOL 2*2,HECHURA,1.0,FIJO,,,,,,unidad_raw=PAR | seccion=EBANISTA WILMER MANO DE OBRA= | precio_unitario_raw=157500.0 | total_raw=0.0
10/03/2026 CAMA NUBE EL SOL 2*2,"TORNILLOS DE 2""",1.0,FIJO,,,,,,unidad_raw=Unidad | seccion=EBANISTA WILMER MANO DE OBRA= | precio_unitario_raw=100.0 | total_raw=0.0
10/03/2026 CAMA NUBE EL SOL 2*2,gastos de Ebanisteria e 5%,1.0,FORMULA,,,,,,seccion=EBANISTA WILMER MANO DE OBRA= | total_raw=0.0
10/03/2026 CAMA NUBE EL SOL 2*2,SECCION PINTURA Y PREPARADA,1.0,FORMULA,,,,,DE NOCHERO,seccion=SECCION PINTURA Y PREPARADA DE NOCHERO
10/03/2026 CAMA NUBE EL SOL 2*2,PREPARADO JOTA,1.0,FORMULA,,,,,,unidad_raw=CON EL 5% | seccion=SECCION PINTURA Y PREPARADA DE NOCHERO | precio_unitario_raw=36750.0 | total_raw=0.0
10/03/2026 CAMA NUBE EL SOL 2*2,PINTURA ALEX,1.0,FORMULA,,,,,,unidad_raw=CON EL 5% | seccion=SECCION PINTURA Y PREPARADA DE NOCHERO | precio_unitario_raw=36750.0 | total_raw=0.0
10/03/2026 CAMA NUBE EL SOL 2*2,SELLADOR,1.0,FORMULA,,,,,,unidad_raw=PISTOLADAS | seccion=SECCION PINTURA Y PREPARADA DE NOCHERO | precio_unitario_raw=18000.0 | total_raw=0.0
10/03/2026 CAMA NUBE EL SOL 2*2,LIJA 400,1.0,FORMULA,,,,,,unidad_raw=unidades | seccion=SECCION PINTURA Y PREPARADA DE NOCHERO | precio_unitario_raw=2000.0 | total_raw=0.0
10/03/2026 CAMA NUBE EL SOL 2*2,NITRO,1.0,FORMULA,,,,,,unidad_raw=galon | seccion=SECCION PINTURA Y PREPARADA DE NOCHERO | precio_unitario_raw=70000.0 | total_raw=0.0
10/03/2026 CAMA NUBE EL SOL 2*2,VIDRIOS,1.0,FORMULA,,,,,,unidad_raw=unidad | seccion=SECCION PINTURA Y PREPARADA DE NOCHERO | precio_unitario_raw=45000.0 | total_raw=0.0
10/03/2026 CAMA NUBE EL SOL 2*2,TALCO,1.0,FORMULA,,,,,,unidad_raw=unidad | seccion=SECCION PINTURA Y PREPARADA DE NOCHERO | precio_unitario_raw=2500.0 | total_raw=0.0
10/03/2026 CAMA NUBE EL SOL 2*2,TINER,1.0,FORMULA,,,,,,unidad_raw=GALON | seccion=SECCION PINTURA Y PREPARADA DE NOCHERO | precio_unitario_raw=34000.0 | total_raw=0.0
10/03/2026 CAMA NUBE EL SOL 2*2,TOPES,1.0,FORMULA,,,,,,unidad_raw=JALADORES | seccion=SECCION PINTURA Y PREPARADA DE NOCHERO | precio_unitario_raw=3000.0 | total_raw=0.0
10/03/2026 CAMA NUBE EL SOL 2*2,BLANCO POLIURETANO,1.0,FORMULA,,,,,,unidad_raw=PISTOLADA | seccion=SECCION PINTURA Y PREPARADA DE NOCHERO | precio_unitario_raw=57500.0 | total_raw=0.0
10/03/2026 CAMA NUBE EL SOL 2*2,COLOR,1.0,FORMULA,,,,,,unidad_raw=PISTOLADA | seccion=SECCION PINTURA Y PREPARADA DE NOCHERO | precio_unitario_raw=22000.0 | total_raw=0.0
10/03/2026 CAMA NUBE EL SOL 2*2,ENCINA,1.0,FORMULA,,,,,,unidad_raw=galon | seccion=SECCION PINTURA Y PREPARADA DE NOCHERO | precio_unitario_raw=160000.0 | total_raw=0.0
10/03/2026 CAMA NUBE EL SOL 2*2,GASOLINA,1.0,FORMULA,,,,,,unidad_raw=ML | seccion=SECCION PINTURA Y PREPARADA DE NOCHERO | precio_unitario_raw=4500.0 | total_raw=0.0
10/03/2026 CAMA NUBE EL SOL 2*2,RESANE,1.0,FORMULA,,,,,,unidad_raw=LITRO | seccion=SECCION PINTURA Y PREPARADA DE NOCHERO | precio_unitario_raw=20000.0 | total_raw=0.0
10/03/2026 CAMA NUBE EL SOL 2*2,LACA S/M,1.0,FORMULA,,,,,,unidad_raw=PISTOLADA | seccion=SECCION PINTURA Y PREPARADA DE NOCHERO | precio_unitario_raw=23000.0 | total_raw=0.0
10/03/2026 CAMA NUBE EL SOL 2*2,Gastos de Pintura 10%,1.0,FORMULA,,,,,,seccion=SECCION PINTURA Y PREPARADA DE NOCHERO | total_raw=0.0
10/03/2026 CAMA NUBE EL SOL 2*2,SECCION PINTURA Y PREPARADA,1.0,FORMULA,,,,,PATAS,seccion=SECCION PINTURA Y PREPARADA PATAS
10/03/2026 CAMA NUBE EL SOL 2*2,PREPARADO JOTA,8.0,FORMULA,,,,,,unidad_raw=CON EL 5% | seccion=SECCION PINTURA Y PREPARADA PATAS | precio_unitario_raw=1050.0 | total_raw=8400.0
10/03/2026 CAMA NUBE EL SOL 2*2,PINTURA ALEX,8.0,FORMULA,,,,,,unidad_raw=CON EL 5% | seccion=SECCION PINTURA Y PREPARADA PATAS | precio_unitario_raw=2100.0 | total_raw=16800.0
10/03/2026 CAMA NUBE EL SOL 2*2,PINTURA DE PATAS ALEX,1.0,FIJO,,,,,,seccion=SECCION PINTURA Y PREPARADA PATAS | precio_unitario_raw=2100.0 | total_raw=0.0
10/03/2026 CAMA NUBE EL SOL 2*2,SELLADOR,0.3,VOLUMEN,,,,,,unidad_raw=PISTOLADAS | seccion=SECCION PINTURA Y PREPARADA PATAS | precio_unitario_raw=18000.0 | total_raw=5400.0
10/03/2026 CAMA NUBE EL SOL 2*2,LIJA 400,1.0,FORMULA,,,,,,unidad_raw=unidades | seccion=SECCION PINTURA Y PREPARADA PATAS | precio_unitario_raw=2000.0 | total_raw=0.0
10/03/2026 CAMA NUBE EL SOL 2*2,NITRO,1.0,FORMULA,,,,,,unidad_raw=galon | seccion=SECCION PINTURA Y PREPARADA PATAS | total_raw=0.0
10/03/2026 CAMA NUBE EL SOL 2*2,lija 220,0.5,FORMULA,,,,,,unidad_raw=unidad | seccion=SECCION PINTURA Y PREPARADA PATAS | precio_unitario_raw=2000.0 | total_raw=1000.0
10/03/2026 CAMA NUBE EL SOL 2*2,lija 120,1.0,FORMULA,,,,,,unidad_raw=unidad | seccion=SECCION PINTURA Y PREPARADA PATAS | precio_unitario_raw=2000.0 | total_raw=0.0
10/03/2026 CAMA NUBE EL SOL 2*2,LACA SEMIMATE,0.5,VOLUMEN,,,,,,unidad_raw=GALON | seccion=SECCION PINTURA Y PREPARADA PATAS | precio_unitario_raw=23000.0 | total_raw=11500.0
10/03/2026 CAMA NUBE EL SOL 2*2,kerosen,1.0,FORMULA,,,,,,unidad_raw=litro | seccion=SECCION PINTURA Y PREPARADA PATAS | precio_unitario_raw=18000.0 | total_raw=0.0
10/03/2026 CAMA NUBE EL SOL 2*2,COLOR,0.5,VOLUMEN,,,,,,unidad_raw=PISTOLADA | seccion=SECCION PINTURA Y PREPARADA PATAS | precio_unitario_raw=22000.0 | total_raw=11000.0
10/03/2026 CAMA NUBE EL SOL 2*2,TINTE MIEL,1.0,FORMULA,,,,,,unidad_raw=galon | seccion=SECCION PINTURA Y PREPARADA PATAS | total_raw=0.0
10/03/2026 CAMA NUBE EL SOL 2*2,GASOLINA,1.0,FORMULA,,,,,,unidad_raw=LITRO | seccion=SECCION PINTURA Y PREPARADA PATAS | precio_unitario_raw=4.5 | total_raw=0.0
10/03/2026 CAMA NUBE EL SOL 2*2,RESANE,1.0,FORMULA,,,,,,unidad_raw=LITRO | seccion=SECCION PINTURA Y PREPARADA PATAS | precio_unitario_raw=23000.0 | total_raw=0.0
10/03/2026 CAMA NUBE EL SOL 2*2,LACA BRILLANTE,1.0,FORMULA,,,,,,unidad_raw=PISTOLADA | seccion=SECCION PINTURA Y PREPARADA PATAS | precio_unitario_raw=23000.0 | total_raw=0.0
10/03/2026 CAMA NUBE EL SOL 2*2,Gastos de Pintura 10%,1.0,FORMULA,,,,,,seccion=SECCION PINTURA Y PREPARADA PATAS | total_raw=5410.0
10/03/2026 CAMA NUBE EL SOL 2*2,TOMAS NEGROS,1.0,FORMULA,,,,,,unidad_raw=UNIDAD | seccion=SECCION TERMINACION | precio_unitario_raw=10500.0 | total_raw=0.0
10/03/2026 CAMA NUBE EL SOL 2*2,REGLETA ANCHA,1.0,FORMULA,,,,,,unidad_raw=UNIDAD | seccion=SECCION TERMINACION | precio_unitario_raw=20000.0 | total_raw=0.0
10/03/2026 CAMA NUBE EL SOL 2*2,REGLETA DELGADA,1.0,FORMULA,,,,,,unidad_raw=UNIDAD | seccion=SECCION TERMINACION | precio_unitario_raw=20000.0 | total_raw=0.0
10/03/2026 CAMA NUBE EL SOL 2*2,LAMPARAS DE LUZ,1.0,FORMULA,,,,,,unidad_raw=UNIDADES | seccion=SECCION TERMINACION | precio_unitario_raw=100000.0 | total_raw=0.0
10/03/2026 CAMA NUBE EL SOL 2*2,CABLE DE 12,1.0,FORMULA,,,,,,unidad_raw=METROS | seccion=SECCION TERMINACION | precio_unitario_raw=3000.0 | total_raw=0.0
10/03/2026 CAMA NUBE EL SOL 2*2,APAGADORES,1.0,FORMULA,,,,,,unidad_raw=PAR | seccion=SECCION TERMINACION | precio_unitario_raw=1500.0 | total_raw=0.0
10/03/2026 CAMA NUBE EL SOL 2*2,ENCHUFLES BLANCO MACHO,1.0,FORMULA,,,,,,unidad_raw=UNIDADES | seccion=SECCION TERMINACION | precio_unitario_raw=2000.0 | total_raw=0.0
10/03/2026 CAMA NUBE EL SOL 2*2,HERRAJES DE CAMA,1.0,FORMULA,,,,,,unidad_raw=PAR | seccion=SECCION TERMINACION | precio_unitario_raw=160000.0 | total_raw=0.0
10/03/2026 CAMA NUBE EL SOL 2*2,JALADORES,1.0,FIJO,,,,,,unidad_raw=UNIDAD | seccion=SECCION TERMINACION | precio_unitario_raw=26800.0 | total_raw=0.0
10/03/2026 CAMA NUBE EL SOL 2*2,MULTIUSOS,1.0,FORMULA,,,,,,unidad_raw=UNIDADES | seccion=SECCION TERMINACION | precio_unitario_raw=3000.0 | total_raw=0.0
10/03/2026 CAMA NUBE EL SOL 2*2,CORREDERAS,1.0,FIJO,,,,,,unidad_raw=unidades | seccion=SECCION TERMINACION | precio_unitario_raw=8000.0 | total_raw=0.0
10/03/2026 CAMA NUBE EL SOL 2*2,EMBALADA,1.0,FIJO,,,,,,unidad_raw=unidades | seccion=SECCION TERMINACION | precio_unitario_raw=150000.0 | total_raw=150000.0
10/03/2026 CAMA NUBE EL SOL 2*2,SECCION TENDIDO,1.0,FORMULA,,,,,,seccion=SECCION TERMINACION | total_raw=0.0
10/03/2026 CAMA NUBE EL SOL 2*2,MADERA 60X1X4,1.0,FORMULA,,,,,,unidad_raw=APAMATE | seccion=SECCION TERMINACION | precio_unitario_raw=140.0 | total_raw=0.0
10/03/2026 CAMA NUBE EL SOL 2*2,PEOPE,1.0,FORMULA,,,,,,seccion=SECCION TERMINACION | precio_unitario_raw=3500.0 | total_raw=0.0
10/03/2026 CAMA NUBE EL SOL 2*2,GRAPAS,1.0,FIJO,,,,,,unidad_raw=CAJA | seccion=SECCION TERMINACION | precio_unitario_raw=12000.0 | total_raw=0.0
10/03/2026 CAMA NUBE EL SOL 2*2,MDF DE 9,1.0,FORMULA,,,,,,unidad_raw=LAMINA | seccion=SECCION TERMINACION | precio_unitario_raw=140000.0 | total_raw=0.0
10/03/2026 CAMA NUBE EL SOL 2*2,COLBON,1.0,FORMULA,,,,,,unidad_raw=LITRO | seccion=SECCION TERMINACION | precio_unitario_raw=14000.0 | total_raw=0.0
10/03/2026 CAMA NUBE EL SOL 2*2,"TORNILLOS DE 2""",1.0,FIJO,,,,,,unidad_raw=UNIDAD | seccion=SECCION TERMINACION | precio_unitario_raw=100.0 | total_raw=0.0
10/03/2026 CAMA NUBE EL SOL 2*2,CLAVILLO,1.0,FIJO,,,,,,unidad_raw=TIRA | seccion=SECCION TERMINACION | precio_unitario_raw=1000.0 | total_raw=0.0
10/03/2026 CAMA NUBE EL SOL 2*2,HECHURA,1.0,FIJO,,,,,,unidad_raw=UNIDAD | seccion=SECCION TERMINACION | precio_unitario_raw=63000.0 | total_raw=0.0
10/03/2026 CAMA NUBE EL SOL 2*2,SECCION TAPICERIA,1.0,FORMULA,,,,,,unidad_raw=MANO DE OBRA= | seccion=SECCION TAPICERIA MANO DE OBRA=
10/03/2026 CAMA NUBE EL SOL 2*2,TELA DIVERSA,12.0,AREA,,,,,,unidad_raw=METROS | seccion=SECCION TAPICERIA MANO DE OBRA= | precio_unitario_raw=14500.0 | total_raw=174000.0
10/03/2026 CAMA NUBE EL SOL 2*2,"ESPUMA 1"" ROSADA",2.0,AREA,,,,,,unidad_raw=LAMINA | seccion=SECCION TAPICERIA MANO DE OBRA= | precio_unitario_raw=25125.0 | total_raw=50250.0
10/03/2026 CAMA NUBE EL SOL 2*2,GRAPAS,0.75,ESPACIADO,,,,,,unidad_raw=CAJA DE GRAPAS | seccion=SECCION TAPICERIA MANO DE OBRA= | precio_unitario_raw=12000.0 | total_raw=9000.0
10/03/2026 CAMA NUBE EL SOL 2*2,PATAS L PLATEADAS,1.0,FIJO,,,,,,unidad_raw=UNIDADES | seccion=SECCION TAPICERIA MANO DE OBRA= | precio_unitario_raw=8000.0 | total_raw=0.0
10/03/2026 CAMA NUBE EL SOL 2*2,TORNILLOS,1.0,FIJO,,,,,,unidad_raw=UNIDADES | seccion=SECCION TAPICERIA MANO DE OBRA= | precio_unitario_raw=100.0 | total_raw=0.0
10/03/2026 CAMA NUBE EL SOL 2*2,ESPUMA DE 1 1/2'' ROSADA,1.0,FORMULA,,,,,,unidad_raw=UNIDADES | seccion=SECCION TAPICERIA MANO DE OBRA= | precio_unitario_raw=30000.0 | total_raw=0.0
10/03/2026 CAMA NUBE EL SOL 2*2,ESPUMA 2 AZUL,2.0,AREA,,,,,,unidad_raw=LAMINA | seccion=SECCION TAPICERIA MANO DE OBRA= | precio_unitario_raw=41000.0 | total_raw=82000.0
10/03/2026 CAMA NUBE EL SOL 2*2,ESPUMA 1 1/2'' AZUL,1.0,FORMULA,,,,,,unidad_raw=MTS | seccion=SECCION TAPICERIA MANO DE OBRA= | precio_unitario_raw=30000.0 | total_raw=0.0
10/03/2026 CAMA NUBE EL SOL 2*2,COSTAL,2.0,AREA,,,,,,unidad_raw=METROS | seccion=SECCION TAPICERIA MANO DE OBRA= | precio_unitario_raw=4000.0 | total_raw=8000.0
10/03/2026 CAMA NUBE EL SOL 2*2,HILO,1.0,FORMULA,,,,,,unidad_raw=UNIDAD | seccion=SECCION TAPICERIA MANO DE OBRA= | precio_unitario_raw=28000.0 | total_raw=0.0
10/03/2026 CAMA NUBE EL SOL 2*2,CABULLA,1.0,FORMULA,,,,,,seccion=SECCION TAPICERIA MANO DE OBRA= | precio_unitario_raw=18000.0 | total_raw=0.0
10/03/2026 CAMA NUBE EL SOL 2*2,CANAMO,1.0,FORMULA,,,,,,unidad_raw=ROLLO | seccion=SECCION TAPICERIA MANO DE OBRA= | precio_unitario_raw=12000.0 | total_raw=0.0
10/03/2026 CAMA NUBE EL SOL 2*2,SUPER SPRAY,1.0,VOLUMEN,,,,,,unidad_raw=LITRO | seccion=SECCION TAPICERIA MANO DE OBRA= | precio_unitario_raw=19000.0 | total_raw=19000.0
10/03/2026 CAMA NUBE EL SOL 2*2,CARTON,1.0,FORMULA,,,,,,unidad_raw=UNIDADES | seccion=SECCION TAPICERIA MANO DE OBRA= | precio_unitario_raw=5000.0 | total_raw=0.0
10/03/2026 CAMA NUBE EL SOL 2*2,HECHURA,1.0,FIJO,,,,,,unidad_raw=CAMA | seccion=SECCION TAPICERIA MANO DE OBRA= | precio_unitario_raw=210000.0 | total_raw=0.0
10/03/2026 CAMA NUBE EL SOL 2*2,LENCILLO,1.0,FORMULA,,,,,,unidad_raw=METROS | seccion=SECCION TAPICERIA MANO DE OBRA= | precio_unitario_raw=3500.0 | total_raw=0.0
"10/03/2026 CAMA EL SOL 1,60",MADERA,433.0,FORMULA,,,,,,unidad_raw=APAMATE | seccion=EBANISTA WILMER MANO DE OBRA= | precio_unitario_raw=140.0 | total_raw=60620.0
"10/03/2026 CAMA EL SOL 1,60",MDF DE 15,0.5,AREA,,,,,,unidad_raw=LAMINA | seccion=EBANISTA WILMER MANO DE OBRA= | precio_unitario_raw=330000.0 | total_raw=165000.0
"10/03/2026 CAMA EL SOL 1,60","MDF 2,7",0.25,AREA,,,,,,unidad_raw=LAMINA | seccion=EBANISTA WILMER MANO DE OBRA= | precio_unitario_raw=68000.0 | total_raw=17000.0
"10/03/2026 CAMA EL SOL 1,60",LAMINA DE 15,1.0,FORMULA,,,,,,unidad_raw=LAMINA | seccion=EBANISTA WILMER MANO DE OBRA= | precio_unitario_raw=220000.0 | total_raw=0.0
"10/03/2026 CAMA EL SOL 1,60",TABLA,0.25,FORMULA,,,,,,"unidad_raw=2,50*20*2,5 | seccion=EBANISTA WILMER MANO DE OBRA= | precio_unitario_raw=28600.0 | total_raw=7150.0"
"10/03/2026 CAMA EL SOL 1,60",TABLA,0.25,FORMULA,,,,,,"unidad_raw=3*20*2,5 | seccion=EBANISTA WILMER MANO DE OBRA= | precio_unitario_raw=31500.0 | total_raw=7875.0"
"10/03/2026 CAMA EL SOL 1,60",TABLA,0.25,FORMULA,,,,,,"unidad_raw=3*30*2,5 | seccion=EBANISTA WILMER MANO DE OBRA= | precio_unitario_raw=93000.0 | total_raw=23250.0"
"10/03/2026 CAMA EL SOL 1,60",COLBON,0.5,VOLUMEN,,,,,,unidad_raw=LITRO | seccion=EBANISTA WILMER MANO DE OBRA= | precio_unitario_raw=14000.0 | total_raw=7000.0
"10/03/2026 CAMA EL SOL 1,60",GRAPAS,0.5,ESPACIADO,,,,,,unidad_raw=CAJA | seccion=EBANISTA WILMER MANO DE OBRA= | precio_unitario_raw=12000.0 | total_raw=6000.0
"10/03/2026 CAMA EL SOL 1,60",GANCHOS,0.5,FORMULA,,,,,,unidad_raw=PAR | seccion=EBANISTA WILMER MANO DE OBRA= | precio_unitario_raw=20000.0 | total_raw=10000.0
"10/03/2026 CAMA EL SOL 1,60",F40,5.0,FORMULA,,,,,,unidad_raw=TIRAS | seccion=EBANISTA WILMER MANO DE OBRA= | precio_unitario_raw=1000.0 | total_raw=5000.0
"10/03/2026 CAMA EL SOL 1,60","TORNILLOS DE 2""",100.0,ESPACIADO,,,,,,unidad_raw=Unidad | seccion=EBANISTA WILMER MANO DE OBRA= | precio_unitario_raw=100.0 | total_raw=10000.0
"10/03/2026 CAMA EL SOL 1,60",ebanisteria 300.000 x 5% de m.o,1.0,FORMULA,,,,,,seccion=EBANISTA WILMER MANO DE OBRA= | total_raw=315000.0
"10/03/2026 CAMA EL SOL 1,60",gastos de Ebanisteria e 10%,1.0,FORMULA,,,,,,seccion=EBANISTA WILMER MANO DE OBRA= | total_raw=63389.5
"10/03/2026 CAMA EL SOL 1,60",CORREDERAS 35 NORMAL,1.0,FIJO,,,,,,unidad_raw=PAR | seccion=EBANISTA WILMER MANO DE OBRA= | precio_unitario_raw=250000.0 | total_raw=0.0
"10/03/2026 CAMA EL SOL 1,60",CORREDERAS,1.0,FIJO,,,,,,unidad_raw=1 PEDAZO DE 1.00X46=46 | seccion=EBANISTA WILMER MANO DE OBRA= | precio_unitario_raw=15000.0 | total_raw=0.0
"10/03/2026 CAMA EL SOL 1,60",LAM MDF 5,1.0,FORMULA,,,,,,unidad_raw=1 PEDASO DE 1.50X40=60 | seccion=EBANISTA WILMER MANO DE OBRA= | precio_unitario_raw=130000.0 | total_raw=0.0
"10/03/2026 CAMA EL SOL 1,60",LAM MDF 9,1.0,FORMULA,,,,,,"unidad_raw=1 PEDASO DE 1,50X40=60 | seccion=EBANISTA WILMER MANO DE OBRA= | precio_unitario_raw=140.0"
"10/03/2026 CAMA EL SOL 1,60",COLBON,1.0,FORMULA,,,,,,unidad_raw=litros | seccion=EBANISTA WILMER MANO DE OBRA= | precio_unitario_raw=14000.0 | total_raw=0.0
"10/03/2026 CAMA EL SOL 1,60",GRAPAS,1.0,FIJO,,,,,,unidad_raw=Unidad | seccion=EBANISTA WILMER MANO DE OBRA= | precio_unitario_raw=600.0 | total_raw=0.0
"10/03/2026 CAMA EL SOL 1,60",CLAVILLOS N F 40,1.0,FIJO,,,,,,unidad_raw=TIRA | seccion=EBANISTA WILMER MANO DE OBRA= | precio_unitario_raw=1000.0 | total_raw=0.0
"10/03/2026 CAMA EL SOL 1,60",HECHURA,1.0,FIJO,,,,,,unidad_raw=PAR | seccion=EBANISTA WILMER MANO DE OBRA= | precio_unitario_raw=157500.0 | total_raw=0.0
"10/03/2026 CAMA EL SOL 1,60","TORNILLOS DE 2""",1.0,FIJO,,,,,,unidad_raw=Unidad | seccion=EBANISTA WILMER MANO DE OBRA= | precio_unitario_raw=100.0 | total_raw=0.0
"10/03/2026 CAMA EL SOL 1,60",gastos de Ebanisteria e 5%,1.0,FORMULA,,,,,,seccion=EBANISTA WILMER MANO DE OBRA= | total_raw=0.0
"10/03/2026 CAMA EL SOL 1,60",SECCION PINTURA Y PREPARADA,1.0,FORMULA,,,,,DE NOCHERO,seccion=SECCION PINTURA Y PREPARADA DE NOCHERO
"10/03/2026 CAMA EL SOL 1,60",PREPARADO JOTA,1.0,FORMULA,,,,,,unidad_raw=CON EL 5% | seccion=SECCION PINTURA Y PREPARADA DE NOCHERO | precio_unitario_raw=36750.0 | total_raw=0.0
"10/03/2026 CAMA EL SOL 1,60",PINTURA ALEX,1.0,FORMULA,,,,,,unidad_raw=CON EL 5% | seccion=SECCION PINTURA Y PREPARADA DE NOCHERO | precio_unitario_raw=36750.0 | total_raw=0.0
"10/03/2026 CAMA EL SOL 1,60",SELLADOR,1.0,FORMULA,,,,,,unidad_raw=PISTOLADAS | seccion=SECCION PINTURA Y PREPARADA DE NOCHERO | precio_unitario_raw=18000.0 | total_raw=0.0
"10/03/2026 CAMA EL SOL 1,60",LIJA 400,1.0,FORMULA,,,,,,unidad_raw=unidades | seccion=SECCION PINTURA Y PREPARADA DE NOCHERO | precio_unitario_raw=2000.0 | total_raw=0.0
"10/03/2026 CAMA EL SOL 1,60",NITRO,1.0,FORMULA,,,,,,unidad_raw=galon | seccion=SECCION PINTURA Y PREPARADA DE NOCHERO | precio_unitario_raw=70000.0 | total_raw=0.0
"10/03/2026 CAMA EL SOL 1,60",VIDRIOS,1.0,FORMULA,,,,,,unidad_raw=unidad | seccion=SECCION PINTURA Y PREPARADA DE NOCHERO | precio_unitario_raw=45000.0 | total_raw=0.0
"10/03/2026 CAMA EL SOL 1,60",TALCO,1.0,FORMULA,,,,,,unidad_raw=unidad | seccion=SECCION PINTURA Y PREPARADA DE NOCHERO | precio_unitario_raw=2500.0 | total_raw=0.0
"10/03/2026 CAMA EL SOL 1,60",TINER,1.0,FORMULA,,,,,,unidad_raw=GALON | seccion=SECCION PINTURA Y PREPARADA DE NOCHERO | precio_unitario_raw=34000.0 | total_raw=0.0
"10/03/2026 CAMA EL SOL 1,60",TOPES,1.0,FORMULA,,,,,,unidad_raw=JALADORES | seccion=SECCION PINTURA Y PREPARADA DE NOCHERO | precio_unitario_raw=3000.0 | total_raw=0.0
"10/03/2026 CAMA EL SOL 1,60",BLANCO POLIURETANO,1.0,FORMULA,,,,,,unidad_raw=PISTOLADA | seccion=SECCION PINTURA Y PREPARADA DE NOCHERO | precio_unitario_raw=57500.0 | total_raw=0.0
"10/03/2026 CAMA EL SOL 1,60",COLOR,1.0,FORMULA,,,,,,unidad_raw=PISTOLADA | seccion=SECCION PINTURA Y PREPARADA DE NOCHERO | precio_unitario_raw=22000.0 | total_raw=0.0
"10/03/2026 CAMA EL SOL 1,60",ENCINA,1.0,FORMULA,,,,,,unidad_raw=galon | seccion=SECCION PINTURA Y PREPARADA DE NOCHERO | precio_unitario_raw=160000.0 | total_raw=0.0
"10/03/2026 CAMA EL SOL 1,60",GASOLINA,1.0,FORMULA,,,,,,unidad_raw=ML | seccion=SECCION PINTURA Y PREPARADA DE NOCHERO | precio_unitario_raw=4500.0 | total_raw=0.0
"10/03/2026 CAMA EL SOL 1,60",RESANE,1.0,FORMULA,,,,,,unidad_raw=LITRO | seccion=SECCION PINTURA Y PREPARADA DE NOCHERO | precio_unitario_raw=20000.0 | total_raw=0.0
"10/03/2026 CAMA EL SOL 1,60",LACA S/M,1.0,FORMULA,,,,,,unidad_raw=PISTOLADA | seccion=SECCION PINTURA Y PREPARADA DE NOCHERO | precio_unitario_raw=23000.0 | total_raw=0.0
"10/03/2026 CAMA EL SOL 1,60",Gastos de Pintura 10%,1.0,FORMULA,,,,,,seccion=SECCION PINTURA Y PREPARADA DE NOCHERO | total_raw=0.0
"10/03/2026 CAMA EL SOL 1,60",SECCION PINTURA Y PREPARADA,1.0,FORMULA,,,,,PATAS,seccion=SECCION PINTURA Y PREPARADA PATAS
"10/03/2026 CAMA EL SOL 1,60",PREPARADO JOTA,8.0,FORMULA,,,,,,unidad_raw=CON EL 5% | seccion=SECCION PINTURA Y PREPARADA PATAS | precio_unitario_raw=1050.0 | total_raw=8400.0
"10/03/2026 CAMA EL SOL 1,60",PINTURA ALEX,8.0,FORMULA,,,,,,unidad_raw=CON EL 5% | seccion=SECCION PINTURA Y PREPARADA PATAS | precio_unitario_raw=2100.0 | total_raw=16800.0
"10/03/2026 CAMA EL SOL 1,60",PINTURA DE PATAS ALEX,1.0,FIJO,,,,,,seccion=SECCION PINTURA Y PREPARADA PATAS | precio_unitario_raw=2100.0 | total_raw=0.0
"10/03/2026 CAMA EL SOL 1,60",SELLADOR,0.3,VOLUMEN,,,,,,unidad_raw=PISTOLADAS | seccion=SECCION PINTURA Y PREPARADA PATAS | precio_unitario_raw=18000.0 | total_raw=5400.0
"10/03/2026 CAMA EL SOL 1,60",LIJA 400,1.0,FORMULA,,,,,,unidad_raw=unidades | seccion=SECCION PINTURA Y PREPARADA PATAS | precio_unitario_raw=2000.0 | total_raw=0.0
"10/03/2026 CAMA EL SOL 1,60",NITRO,1.0,FORMULA,,,,,,unidad_raw=galon | seccion=SECCION PINTURA Y PREPARADA PATAS | total_raw=0.0
"10/03/2026 CAMA EL SOL 1,60",lija 220,0.5,FORMULA,,,,,,unidad_raw=unidad | seccion=SECCION PINTURA Y PREPARADA PATAS | precio_unitario_raw=2000.0 | total_raw=1000.0
"10/03/2026 CAMA EL SOL 1,60",lija 120,1.0,FORMULA,,,,,,unidad_raw=unidad | seccion=SECCION PINTURA Y PREPARADA PATAS | precio_unitario_raw=2000.0 | total_raw=0.0
"10/03/2026 CAMA EL SOL 1,60",LACA SEMIMATE,0.5,VOLUMEN,,,,,,unidad_raw=GALON | seccion=SECCION PINTURA Y PREPARADA PATAS | precio_unitario_raw=23000.0 | total_raw=11500.0
"10/03/2026 CAMA EL SOL 1,60",kerosen,1.0,FORMULA,,,,,,unidad_raw=litro | seccion=SECCION PINTURA Y PREPARADA PATAS | precio_unitario_raw=18000.0 | total_raw=0.0
"10/03/2026 CAMA EL SOL 1,60",COLOR,0.5,VOLUMEN,,,,,,unidad_raw=PISTOLADA | seccion=SECCION PINTURA Y PREPARADA PATAS | precio_unitario_raw=22000.0 | total_raw=11000.0
"10/03/2026 CAMA EL SOL 1,60",TINTE MIEL,1.0,FORMULA,,,,,,unidad_raw=galon | seccion=SECCION PINTURA Y PREPARADA PATAS | total_raw=0.0
"10/03/2026 CAMA EL SOL 1,60",GASOLINA,1.0,FORMULA,,,,,,unidad_raw=LITRO | seccion=SECCION PINTURA Y PREPARADA PATAS | precio_unitario_raw=4.5 | total_raw=0.0
"10/03/2026 CAMA EL SOL 1,60",RESANE,1.0,FORMULA,,,,,,unidad_raw=LITRO | seccion=SECCION PINTURA Y PREPARADA PATAS | precio_unitario_raw=23000.0 | total_raw=0.0
"10/03/2026 CAMA EL SOL 1,60",LACA BRILLANTE,1.0,FORMULA,,,,,,unidad_raw=PISTOLADA | seccion=SECCION PINTURA Y PREPARADA PATAS | precio_unitario_raw=23000.0 | total_raw=0.0
"10/03/2026 CAMA EL SOL 1,60",Gastos de Pintura 10%,1.0,FORMULA,,,,,,seccion=SECCION PINTURA Y PREPARADA PATAS | total_raw=5410.0
"10/03/2026 CAMA EL SOL 1,60",TOMAS NEGROS,1.0,FORMULA,,,,,,unidad_raw=UNIDAD | seccion=SECCION TERMINACION | precio_unitario_raw=10500.0 | total_raw=0.0
"10/03/2026 CAMA EL SOL 1,60",REGLETA ANCHA,1.0,FORMULA,,,,,,unidad_raw=UNIDAD | seccion=SECCION TERMINACION | precio_unitario_raw=20000.0 | total_raw=0.0
"10/03/2026 CAMA EL SOL 1,60",REGLETA DELGADA,1.0,FORMULA,,,,,,unidad_raw=UNIDAD | seccion=SECCION TERMINACION | precio_unitario_raw=20000.0 | total_raw=0.0
"10/03/2026 CAMA EL SOL 1,60",LAMPARAS DE LUZ,1.0,FORMULA,,,,,,unidad_raw=UNIDADES | seccion=SECCION TERMINACION | precio_unitario_raw=100000.0 | total_raw=0.0
"10/03/2026 CAMA EL SOL 1,60",CABLE DE 12,1.0,FORMULA,,,,,,unidad_raw=METROS | seccion=SECCION TERMINACION | precio_unitario_raw=3000.0 | total_raw=0.0
"10/03/2026 CAMA EL SOL 1,60",APAGADORES,1.0,FORMULA,,,,,,unidad_raw=PAR | seccion=SECCION TERMINACION | precio_unitario_raw=1500.0 | total_raw=0.0
"10/03/2026 CAMA EL SOL 1,60",ENCHUFLES BLANCO MACHO,1.0,FORMULA,,,,,,unidad_raw=UNIDADES | seccion=SECCION TERMINACION | precio_unitario_raw=2000.0 | total_raw=0.0
"10/03/2026 CAMA EL SOL 1,60",HERRAJES DE CAMA,1.0,FORMULA,,,,,,unidad_raw=PAR | seccion=SECCION TERMINACION | precio_unitario_raw=160000.0 | total_raw=0.0
"10/03/2026 CAMA EL SOL 1,60",JALADORES,1.0,FIJO,,,,,,unidad_raw=UNIDAD | seccion=SECCION TERMINACION | precio_unitario_raw=26800.0 | total_raw=0.0
"10/03/2026 CAMA EL SOL 1,60",MULTIUSOS,1.0,FORMULA,,,,,,unidad_raw=UNIDADES | seccion=SECCION TERMINACION | precio_unitario_raw=3000.0 | total_raw=0.0
"10/03/2026 CAMA EL SOL 1,60",CORREDERAS,1.0,FIJO,,,,,,unidad_raw=unidades | seccion=SECCION TERMINACION | precio_unitario_raw=8000.0 | total_raw=0.0
"10/03/2026 CAMA EL SOL 1,60",EMBALADA,1.0,FIJO,,,,,,unidad_raw=unidades | seccion=SECCION TERMINACION | precio_unitario_raw=150000.0 | total_raw=150000.0
"10/03/2026 CAMA EL SOL 1,60",SECCION TENDIDO,1.0,FORMULA,,,,,,seccion=SECCION TERMINACION | total_raw=0.0
"10/03/2026 CAMA EL SOL 1,60",MADERA 60X1X4,1.0,FORMULA,,,,,,unidad_raw=APAMATE | seccion=SECCION TERMINACION | precio_unitario_raw=140.0 | total_raw=0.0
"10/03/2026 CAMA EL SOL 1,60",PEOPE,1.0,FORMULA,,,,,,seccion=SECCION TERMINACION | precio_unitario_raw=3500.0 | total_raw=0.0
"10/03/2026 CAMA EL SOL 1,60",GRAPAS,1.0,FIJO,,,,,,unidad_raw=CAJA | seccion=SECCION TERMINACION | precio_unitario_raw=12000.0 | total_raw=0.0
"10/03/2026 CAMA EL SOL 1,60",MDF DE 9,1.0,FORMULA,,,,,,unidad_raw=LAMINA | seccion=SECCION TERMINACION | precio_unitario_raw=140000.0 | total_raw=0.0
"10/03/2026 CAMA EL SOL 1,60",COLBON,1.0,FORMULA,,,,,,unidad_raw=LITRO | seccion=SECCION TERMINACION | precio_unitario_raw=14000.0 | total_raw=0.0
"10/03/2026 CAMA EL SOL 1,60","TORNILLOS DE 2""",1.0,FIJO,,,,,,unidad_raw=UNIDAD | seccion=SECCION TERMINACION | precio_unitario_raw=100.0 | total_raw=0.0
"10/03/2026 CAMA EL SOL 1,60",CLAVILLO,1.0,FIJO,,,,,,unidad_raw=TIRA | seccion=SECCION TERMINACION | precio_unitario_raw=1000.0 | total_raw=0.0
"10/03/2026 CAMA EL SOL 1,60",HECHURA,1.0,FIJO,,,,,,unidad_raw=UNIDAD | seccion=SECCION TERMINACION | precio_unitario_raw=63000.0 | total_raw=0.0
"10/03/2026 CAMA EL SOL 1,60",SECCION TAPICERIA,1.0,FORMULA,,,,,,unidad_raw=MANO DE OBRA= | seccion=SECCION TAPICERIA MANO DE OBRA=
"10/03/2026 CAMA EL SOL 1,60",TELA GRIS SIN NOMBRE,11.0,AREA,,,,,,unidad_raw=METROS | seccion=SECCION TAPICERIA MANO DE OBRA= | precio_unitario_raw=0.0 | total_raw=0.0
"10/03/2026 CAMA EL SOL 1,60","ESPUMA 1"" ROSADA",1.0,FORMULA,,,,,,unidad_raw=LAMINA | seccion=SECCION TAPICERIA MANO DE OBRA= | precio_unitario_raw=25125.0 | total_raw=0.0
"10/03/2026 CAMA EL SOL 1,60",GRAPAS,0.75,ESPACIADO,,,,,,unidad_raw=CAJA DE GRAPAS | seccion=SECCION TAPICERIA MANO DE OBRA= | precio_unitario_raw=12000.0 | total_raw=9000.0
"10/03/2026 CAMA EL SOL 1,60",PATAS L PLATEADAS,1.0,FIJO,,,,,,unidad_raw=UNIDADES | seccion=SECCION TAPICERIA MANO DE OBRA= | precio_unitario_raw=8000.0 | total_raw=0.0
"10/03/2026 CAMA EL SOL 1,60",TORNILLOS,1.0,FIJO,,,,,,unidad_raw=UNIDADES | seccion=SECCION TAPICERIA MANO DE OBRA= | precio_unitario_raw=100.0 | total_raw=0.0
"10/03/2026 CAMA EL SOL 1,60",ESPUMA DE 1 1/2'' ROSADA,1.5,AREA,,,,,,unidad_raw=UNIDADES | seccion=SECCION TAPICERIA MANO DE OBRA= | precio_unitario_raw=30000.0 | total_raw=45000.0
"10/03/2026 CAMA EL SOL 1,60",ESPUMA 2 AZUL,2.5,AREA,,,,,,unidad_raw=LAMINA | seccion=SECCION TAPICERIA MANO DE OBRA= | precio_unitario_raw=41000.0 | total_raw=102500.0
"10/03/2026 CAMA EL SOL 1,60",ESPUMA 1 1/2'' AZUL,1.0,FORMULA,,,,,,unidad_raw=MTS | seccion=SECCION TAPICERIA MANO DE OBRA= | precio_unitario_raw=30000.0 | total_raw=0.0
"10/03/2026 CAMA EL SOL 1,60",COSTAL,2.0,AREA,,,,,,unidad_raw=METROS | seccion=SECCION TAPICERIA MANO DE OBRA= | precio_unitario_raw=4000.0 | total_raw=8000.0
"10/03/2026 CAMA EL SOL 1,60",HILO,1.0,FORMULA,,,,,,unidad_raw=UNIDAD | seccion=SECCION TAPICERIA MANO DE OBRA= | precio_unitario_raw=28000.0 | total_raw=0.0
"10/03/2026 CAMA EL SOL 1,60",CABULLA,1.0,FORMULA,,,,,,seccion=SECCION TAPICERIA MANO DE OBRA= | precio_unitario_raw=18000.0 | total_raw=0.0
"10/03/2026 CAMA EL SOL 1,60",CANAMO,1.0,FORMULA,,,,,,unidad_raw=ROLLO | seccion=SECCION TAPICERIA MANO DE OBRA= | precio_unitario_raw=12000.0 | total_raw=0.0
"10/03/2026 CAMA EL SOL 1,60",SUPER,1.0,VOLUMEN,,,,,,unidad_raw=LITRO | seccion=SECCION TAPICERIA MANO DE OBRA= | precio_unitario_raw=19000.0 | total_raw=19000.0
"10/03/2026 CAMA EL SOL 1,60",CARTON,1.0,FORMULA,,,,,,unidad_raw=UNIDADES | seccion=SECCION TAPICERIA MANO DE OBRA= | precio_unitario_raw=5000.0 | total_raw=0.0
"10/03/2026 CAMA EL SOL 1,60",HECHURA,1.0,FIJO,,,,,,unidad_raw=CAMA | seccion=SECCION TAPICERIA MANO DE OBRA= | precio_unitario_raw=210000.0 | total_raw=0.0
"10/03/2026 CAMA EL SOL 1,60",LENCILLO,1.0,FORMULA,,,,,,unidad_raw=METROS | seccion=SECCION TAPICERIA MANO DE OBRA= | precio_unitario_raw=3500.0 | total_raw=0.0
10/03/2026 CAMA MANANTIAL EL SOL 2*2,MADERA,533.0,FORMULA,,,,,,unidad_raw=APAMATE | seccion=EBANISTA WILMER MANO DE OBRA= | precio_unitario_raw=140.0 | total_raw=74620.0
10/03/2026 CAMA MANANTIAL EL SOL 2*2,"MDF DE 2,7""",1.25,AREA,,,,,,unidad_raw=LAMINA | seccion=EBANISTA WILMER MANO DE OBRA= | precio_unitario_raw=68000.0 | total_raw=85000.0
10/03/2026 CAMA MANANTIAL EL SOL 2*2,"MDF 2,7",1.0,FORMULA,,,,,,unidad_raw=LAMINA | seccion=EBANISTA WILMER MANO DE OBRA= | precio_unitario_raw=68000.0 | total_raw=0.0
10/03/2026 CAMA MANANTIAL EL SOL 2*2,LAMINA DE 15,0.5,AREA,,,,,,unidad_raw=LAMINA | seccion=EBANISTA WILMER MANO DE OBRA= | precio_unitario_raw=220000.0 | total_raw=110000.0
10/03/2026 CAMA MANANTIAL EL SOL 2*2,TABLA,0.5,FORMULA,,,,,,unidad_raw=3*21*25 | seccion=EBANISTA WILMER MANO DE OBRA= | precio_unitario_raw=31500.0 | total_raw=15750.0
10/03/2026 CAMA MANANTIAL EL SOL 2*2,TABLA,0.5,FORMULA,,,,,,"unidad_raw=30*2,5*3 | seccion=EBANISTA WILMER MANO DE OBRA= | precio_unitario_raw=46500.0 | total_raw=23250.0"
10/03/2026 CAMA MANANTIAL EL SOL 2*2,TABLA,0.25,FORMULA,,,,,,"unidad_raw=29*2,5*2 | seccion=EBANISTA WILMER MANO DE OBRA= | precio_unitario_raw=31000.0 | total_raw=7750.0"
10/03/2026 CAMA MANANTIAL EL SOL 2*2,COLBON,1.0,VOLUMEN,,,,,,unidad_raw=LITRO | seccion=EBANISTA WILMER MANO DE OBRA= | precio_unitario_raw=14000.0 | total_raw=14000.0
10/03/2026 CAMA MANANTIAL EL SOL 2*2,GRAPAS,0.5,ESPACIADO,,,,,,unidad_raw=CAJA | seccion=EBANISTA WILMER MANO DE OBRA= | precio_unitario_raw=12000.0 | total_raw=6000.0
10/03/2026 CAMA MANANTIAL EL SOL 2*2,GANCHOS,1.0,FIJO,,,,,,unidad_raw=PAR | seccion=EBANISTA WILMER MANO DE OBRA= | precio_unitario_raw=20000.0 | total_raw=0.0
10/03/2026 CAMA MANANTIAL EL SOL 2*2,F40,9.0,FORMULA,,,,,,unidad_raw=TIRAS | seccion=EBANISTA WILMER MANO DE OBRA= | precio_unitario_raw=1000.0 | total_raw=9000.0
10/03/2026 CAMA MANANTIAL EL SOL 2*2,"TORNILLOS DE 1"" 1/2",50.0,ESPACIADO,,,,,,unidad_raw=Unidad | seccion=EBANISTA WILMER MANO DE OBRA= | precio_unitario_raw=100.0 | total_raw=5000.0
10/03/2026 CAMA MANANTIAL EL SOL 2*2,ebanisteria 300.000 x 5% de m.o,1.0,FORMULA,,,,,,seccion=EBANISTA WILMER MANO DE OBRA= | total_raw=315000.0
10/03/2026 CAMA MANANTIAL EL SOL 2*2,gastos de Ebanisteria e 10%,1.0,FORMULA,,,,,,seccion=EBANISTA WILMER MANO DE OBRA= | total_raw=66537.0
10/03/2026 CAMA MANANTIAL EL SOL 2*2,CORREDERAS 35 NORMAL,1.0,FIJO,,,,,,unidad_raw=PAR | seccion=EBANISTA WILMER MANO DE OBRA= | precio_unitario_raw=250000.0 | total_raw=0.0
10/03/2026 CAMA MANANTIAL EL SOL 2*2,CORREDERAS,1.0,FIJO,,,,,,unidad_raw=1 PEDAZO DE 1.00X46=46 | seccion=EBANISTA WILMER MANO DE OBRA= | precio_unitario_raw=15000.0 | total_raw=0.0
10/03/2026 CAMA MANANTIAL EL SOL 2*2,LAM MDF 5,1.0,FORMULA,,,,,,unidad_raw=1 PEDASO DE 1.50X40=60 | seccion=EBANISTA WILMER MANO DE OBRA= | precio_unitario_raw=130000.0 | total_raw=0.0
10/03/2026 CAMA MANANTIAL EL SOL 2*2,LAM MDF 9,1.0,FORMULA,,,,,,"unidad_raw=1 PEDASO DE 1,50X40=60 | seccion=EBANISTA WILMER MANO DE OBRA= | precio_unitario_raw=140.0"
10/03/2026 CAMA MANANTIAL EL SOL 2*2,COLBON,1.0,FORMULA,,,,,,unidad_raw=litros | seccion=EBANISTA WILMER MANO DE OBRA= | precio_unitario_raw=14000.0 | total_raw=0.0
10/03/2026 CAMA MANANTIAL EL SOL 2*2,GRAPAS,1.0,FIJO,,,,,,unidad_raw=Unidad | seccion=EBANISTA WILMER MANO DE OBRA= | precio_unitario_raw=600.0 | total_raw=0.0
10/03/2026 CAMA MANANTIAL EL SOL 2*2,CLAVILLOS N F 40,1.0,FIJO,,,,,,unidad_raw=TIRA | seccion=EBANISTA WILMER MANO DE OBRA= | precio_unitario_raw=1000.0 | total_raw=0.0
10/03/2026 CAMA MANANTIAL EL SOL 2*2,HECHURA,1.0,FIJO,,,,,,unidad_raw=PAR | seccion=EBANISTA WILMER MANO DE OBRA= | precio_unitario_raw=157500.0 | total_raw=0.0
10/03/2026 CAMA MANANTIAL EL SOL 2*2,"TORNILLOS DE 2""",1.0,FIJO,,,,,,unidad_raw=Unidad | seccion=EBANISTA WILMER MANO DE OBRA= | precio_unitario_raw=100.0 | total_raw=0.0
10/03/2026 CAMA MANANTIAL EL SOL 2*2,gastos de Ebanisteria e 5%,1.0,FORMULA,,,,,,seccion=EBANISTA WILMER MANO DE OBRA= | total_raw=0.0
10/03/2026 CAMA MANANTIAL EL SOL 2*2,SECCION PINTURA Y PREPARADA,1.0,FORMULA,,,,,DE NOCHERO,seccion=SECCION PINTURA Y PREPARADA DE NOCHERO
10/03/2026 CAMA MANANTIAL EL SOL 2*2,PREPARADO JOTA,2.0,FORMULA,,,,,,unidad_raw=CON EL 5% | seccion=SECCION PINTURA Y PREPARADA DE NOCHERO | precio_unitario_raw=36750.0 | total_raw=73500.0
10/03/2026 CAMA MANANTIAL EL SOL 2*2,PINTURA ALEX,2.0,FORMULA,,,,,,unidad_raw=CON EL 5% | seccion=SECCION PINTURA Y PREPARADA DE NOCHERO | precio_unitario_raw=36750.0 | total_raw=73500.0
10/03/2026 CAMA MANANTIAL EL SOL 2*2,SELLADOR,4.0,VOLUMEN,,,,,,unidad_raw=PISTOLADAS | seccion=SECCION PINTURA Y PREPARADA DE NOCHERO | precio_unitario_raw=18000.0 | total_raw=72000.0
10/03/2026 CAMA MANANTIAL EL SOL 2*2,lija 120,1.0,FIJO,,,,,,unidad_raw=unidades | seccion=SECCION PINTURA Y PREPARADA DE NOCHERO | precio_unitario_raw=2000.0 | total_raw=2000.0
10/03/2026 CAMA MANANTIAL EL SOL 2*2,lija 150,0.5,FORMULA,,,,,,unidad_raw=UNIDAD | seccion=SECCION PINTURA Y PREPARADA DE NOCHERO | precio_unitario_raw=200.0 | total_raw=100.0
10/03/2026 CAMA MANANTIAL EL SOL 2*2,VIDRIOS,1.0,FORMULA,,,,,,unidad_raw=unidad | seccion=SECCION PINTURA Y PREPARADA DE NOCHERO | precio_unitario_raw=2000.0 | total_raw=0.0
10/03/2026 CAMA MANANTIAL EL SOL 2*2,TALCO,1.0,FORMULA,,,,,,unidad_raw=unidad | seccion=SECCION PINTURA Y PREPARADA DE NOCHERO | precio_unitario_raw=2500.0 | total_raw=0.0
10/03/2026 CAMA MANANTIAL EL SOL 2*2,TINER,1.0,FORMULA,,,,,,unidad_raw=GALON | seccion=SECCION PINTURA Y PREPARADA DE NOCHERO | precio_unitario_raw=34000.0 | total_raw=0.0
10/03/2026 CAMA MANANTIAL EL SOL 2*2,TOPES,1.0,FORMULA,,,,,,unidad_raw=JALADORES | seccion=SECCION PINTURA Y PREPARADA DE NOCHERO | precio_unitario_raw=3000.0 | total_raw=0.0
10/03/2026 CAMA MANANTIAL EL SOL 2*2,BLANCO POLIURETANO,1.0,FORMULA,,,,,,unidad_raw=PISTOLADA | seccion=SECCION PINTURA Y PREPARADA DE NOCHERO | precio_unitario_raw=57500.0 | total_raw=0.0
10/03/2026 CAMA MANANTIAL EL SOL 2*2,COLOR,1.0,FORMULA,,,,,,unidad_raw=PISTOLADA | seccion=SECCION PINTURA Y PREPARADA DE NOCHERO | precio_unitario_raw=22000.0 | total_raw=0.0
10/03/2026 CAMA MANANTIAL EL SOL 2*2,ENCINA,1.0,FORMULA,,,,,,unidad_raw=galon | seccion=SECCION PINTURA Y PREPARADA DE NOCHERO | precio_unitario_raw=160000.0 | total_raw=0.0
10/03/2026 CAMA MANANTIAL EL SOL 2*2,GASOLINA,1.0,FORMULA,,,,,,unidad_raw=ML | seccion=SECCION PINTURA Y PREPARADA DE NOCHERO | precio_unitario_raw=4500.0 | total_raw=0.0
10/03/2026 CAMA MANANTIAL EL SOL 2*2,RESANE,1.0,FORMULA,,,,,,unidad_raw=LITRO | seccion=SECCION PINTURA Y PREPARADA DE NOCHERO | precio_unitario_raw=20000.0 | total_raw=0.0
10/03/2026 CAMA MANANTIAL EL SOL 2*2,LACA S/M,1.0,FORMULA,,,,,,unidad_raw=PISTOLADA | seccion=SECCION PINTURA Y PREPARADA DE NOCHERO | precio_unitario_raw=23000.0 | total_raw=0.0
10/03/2026 CAMA MANANTIAL EL SOL 2*2,Gastos de Pintura 10%,1.0,FORMULA,,,,,,seccion=SECCION PINTURA Y PREPARADA DE NOCHERO | total_raw=22110.0
10/03/2026 CAMA MANANTIAL EL SOL 2*2,SECCION PINTURA Y PREPARADA,1.0,FORMULA,,,,,PATAS,seccion=SECCION PINTURA Y PREPARADA PATAS
10/03/2026 CAMA MANANTIAL EL SOL 2*2,PREPARADO JOTA,4.0,FORMULA,,,,,,unidad_raw=CON EL 5% | seccion=SECCION PINTURA Y PREPARADA PATAS | precio_unitario_raw=1050.0 | total_raw=4200.0
10/03/2026 CAMA MANANTIAL EL SOL 2*2,PINTURA ALEX,4.0,FORMULA,,,,,,unidad_raw=CON EL 5% | seccion=SECCION PINTURA Y PREPARADA PATAS | precio_unitario_raw=2100.0 | total_raw=8400.0
10/03/2026 CAMA MANANTIAL EL SOL 2*2,PINTURA DE PATAS ALEX,1.0,FIJO,,,,,,seccion=SECCION PINTURA Y PREPARADA PATAS | precio_unitario_raw=2100.0 | total_raw=0.0
10/03/2026 CAMA MANANTIAL EL SOL 2*2,SELLADOR,0.2,VOLUMEN,,,,,,unidad_raw=PISTOLADAS | seccion=SECCION PINTURA Y PREPARADA PATAS | precio_unitario_raw=18000.0 | total_raw=3600.0
10/03/2026 CAMA MANANTIAL EL SOL 2*2,LIJA 400,1.0,FORMULA,,,,,,unidad_raw=unidades | seccion=SECCION PINTURA Y PREPARADA PATAS | precio_unitario_raw=2000.0 | total_raw=0.0
10/03/2026 CAMA MANANTIAL EL SOL 2*2,NITRO,1.0,FORMULA,,,,,,unidad_raw=galon | seccion=SECCION PINTURA Y PREPARADA PATAS | total_raw=0.0
10/03/2026 CAMA MANANTIAL EL SOL 2*2,lija 220,0.5,FORMULA,,,,,,unidad_raw=unidad | seccion=SECCION PINTURA Y PREPARADA PATAS | precio_unitario_raw=2000.0 | total_raw=1000.0
10/03/2026 CAMA MANANTIAL EL SOL 2*2,lija 120,1.0,FORMULA,,,,,,unidad_raw=unidad | seccion=SECCION PINTURA Y PREPARADA PATAS | precio_unitario_raw=2000.0 | total_raw=0.0
10/03/2026 CAMA MANANTIAL EL SOL 2*2,LACA SEMIMATE,0.2,VOLUMEN,,,,,,unidad_raw=GALON | seccion=SECCION PINTURA Y PREPARADA PATAS | precio_unitario_raw=23000.0 | total_raw=4600.0
10/03/2026 CAMA MANANTIAL EL SOL 2*2,kerosen,1.0,FORMULA,,,,,,unidad_raw=litro | seccion=SECCION PINTURA Y PREPARADA PATAS | precio_unitario_raw=18000.0 | total_raw=0.0
10/03/2026 CAMA MANANTIAL EL SOL 2*2,COLOR,0.25,VOLUMEN,,,,,,unidad_raw=PISTOLADA | seccion=SECCION PINTURA Y PREPARADA PATAS | precio_unitario_raw=22000.0 | total_raw=5500.0
10/03/2026 CAMA MANANTIAL EL SOL 2*2,TINTE MIEL,1.0,FORMULA,,,,,,unidad_raw=galon | seccion=SECCION PINTURA Y PREPARADA PATAS | total_raw=0.0
10/03/2026 CAMA MANANTIAL EL SOL 2*2,GASOLINA,1.0,FORMULA,,,,,,unidad_raw=LITRO | seccion=SECCION PINTURA Y PREPARADA PATAS | precio_unitario_raw=4.5 | total_raw=0.0
10/03/2026 CAMA MANANTIAL EL SOL 2*2,RESANE,0.5,VOLUMEN,,,,,,unidad_raw=LITRO | seccion=SECCION PINTURA Y PREPARADA PATAS | precio_unitario_raw=23000.0 | total_raw=11500.0
10/03/2026 CAMA MANANTIAL EL SOL 2*2,LACA BRILLANTE,1.0,FORMULA,,,,,,unidad_raw=PISTOLADA | seccion=SECCION PINTURA Y PREPARADA PATAS | precio_unitario_raw=23000.0 | total_raw=0.0
10/03/2026 CAMA MANANTIAL EL SOL 2*2,Gastos de Pintura 10%,1.0,FORMULA,,,,,,seccion=SECCION PINTURA Y PREPARADA PATAS | total_raw=3880.0
10/03/2026 CAMA MANANTIAL EL SOL 2*2,TOMAS NEGROS,1.0,FORMULA,,,,,,unidad_raw=UNIDAD | seccion=SECCION TERMINACION | precio_unitario_raw=10500.0 | total_raw=0.0
10/03/2026 CAMA MANANTIAL EL SOL 2*2,REGLETA ANCHA,1.0,FORMULA,,,,,,unidad_raw=UNIDAD | seccion=SECCION TERMINACION | precio_unitario_raw=20000.0 | total_raw=0.0
10/03/2026 CAMA MANANTIAL EL SOL 2*2,REGLETA DELGADA,1.0,FORMULA,,,,,,unidad_raw=UNIDAD | seccion=SECCION TERMINACION | precio_unitario_raw=20000.0 | total_raw=0.0
10/03/2026 CAMA MANANTIAL EL SOL 2*2,LAMPARAS DE LUZ,1.0,FORMULA,,,,,,unidad_raw=UNIDADES | seccion=SECCION TERMINACION | precio_unitario_raw=100000.0 | total_raw=0.0
10/03/2026 CAMA MANANTIAL EL SOL 2*2,CABLE DE 12,1.0,FORMULA,,,,,,unidad_raw=METROS | seccion=SECCION TERMINACION | precio_unitario_raw=3000.0 | total_raw=0.0
10/03/2026 CAMA MANANTIAL EL SOL 2*2,APAGADORES,1.0,FORMULA,,,,,,unidad_raw=PAR | seccion=SECCION TERMINACION | precio_unitario_raw=1500.0 | total_raw=0.0
10/03/2026 CAMA MANANTIAL EL SOL 2*2,ENCHUFLES BLANCO MACHO,1.0,FORMULA,,,,,,unidad_raw=UNIDADES | seccion=SECCION TERMINACION | precio_unitario_raw=2000.0 | total_raw=0.0
10/03/2026 CAMA MANANTIAL EL SOL 2*2,HERRAJES DE CAMA,1.0,FORMULA,,,,,,unidad_raw=PAR | seccion=SECCION TERMINACION | precio_unitario_raw=160000.0 | total_raw=0.0
10/03/2026 CAMA MANANTIAL EL SOL 2*2,JALADORES,1.0,FIJO,,,,,,unidad_raw=UNIDAD | seccion=SECCION TERMINACION | precio_unitario_raw=26800.0 | total_raw=0.0
10/03/2026 CAMA MANANTIAL EL SOL 2*2,MULTIUSOS,1.0,FORMULA,,,,,,unidad_raw=UNIDADES | seccion=SECCION TERMINACION | precio_unitario_raw=3000.0 | total_raw=0.0
10/03/2026 CAMA MANANTIAL EL SOL 2*2,CORREDERAS,1.0,FIJO,,,,,,unidad_raw=unidades | seccion=SECCION TERMINACION | precio_unitario_raw=8000.0 | total_raw=0.0
10/03/2026 CAMA MANANTIAL EL SOL 2*2,EMBALADA,1.0,FORMULA,,,,,,unidad_raw=unidades | seccion=SECCION TERMINACION | precio_unitario_raw=150000.0 | total_raw=0.0
10/03/2026 CAMA MANANTIAL EL SOL 2*2,SECCION TENDIDO,1.0,FORMULA,,,,,,seccion=SECCION TERMINACION | total_raw=0.0
10/03/2026 CAMA MANANTIAL EL SOL 2*2,MADERA 60X1X4,1.0,FORMULA,,,,,,unidad_raw=APAMATE | seccion=SECCION TERMINACION | precio_unitario_raw=140.0 | total_raw=0.0
10/03/2026 CAMA MANANTIAL EL SOL 2*2,PEOPE,1.0,FORMULA,,,,,,seccion=SECCION TERMINACION | precio_unitario_raw=3500.0 | total_raw=0.0
10/03/2026 CAMA MANANTIAL EL SOL 2*2,GRAPAS,1.0,FIJO,,,,,,unidad_raw=CAJA | seccion=SECCION TERMINACION | precio_unitario_raw=12000.0 | total_raw=0.0
10/03/2026 CAMA MANANTIAL EL SOL 2*2,MDF DE 9,1.0,FORMULA,,,,,,unidad_raw=LAMINA | seccion=SECCION TERMINACION | precio_unitario_raw=140000.0 | total_raw=0.0
10/03/2026 CAMA MANANTIAL EL SOL 2*2,COLBON,1.0,FORMULA,,,,,,unidad_raw=LITRO | seccion=SECCION TERMINACION | precio_unitario_raw=14000.0 | total_raw=0.0
10/03/2026 CAMA MANANTIAL EL SOL 2*2,"TORNILLOS DE 2""",1.0,FIJO,,,,,,unidad_raw=UNIDAD | seccion=SECCION TERMINACION | precio_unitario_raw=100.0 | total_raw=0.0
10/03/2026 CAMA MANANTIAL EL SOL 2*2,CLAVILLO,1.0,FIJO,,,,,,unidad_raw=TIRA | seccion=SECCION TERMINACION | precio_unitario_raw=1000.0 | total_raw=0.0
10/03/2026 CAMA MANANTIAL EL SOL 2*2,HECHURA,1.0,FIJO,,,,,,unidad_raw=UNIDAD | seccion=SECCION TERMINACION | precio_unitario_raw=63000.0 | total_raw=0.0
10/03/2026 CAMA MANANTIAL EL SOL 2*2,SECCION TAPICERIA,1.0,FORMULA,,,,,,unidad_raw=MANO DE OBRA= | seccion=SECCION TAPICERIA MANO DE OBRA=
10/03/2026 CAMA MANANTIAL EL SOL 2*2,TELA DIVERSA,1.0,FORMULA,,,,,,unidad_raw=METROS | seccion=SECCION TAPICERIA MANO DE OBRA= | precio_unitario_raw=14500.0 | total_raw=0.0
10/03/2026 CAMA MANANTIAL EL SOL 2*2,"ESPUMA 1"" ROSADA",1.0,FORMULA,,,,,,unidad_raw=LAMINA | seccion=SECCION TAPICERIA MANO DE OBRA= | precio_unitario_raw=25125.0 | total_raw=0.0
10/03/2026 CAMA MANANTIAL EL SOL 2*2,GRAPAS,1.0,FIJO,,,,,,unidad_raw=CAJA DE GRAPAS | seccion=SECCION TAPICERIA MANO DE OBRA= | precio_unitario_raw=12000.0 | total_raw=0.0
10/03/2026 CAMA MANANTIAL EL SOL 2*2,PATAS L PLATEADAS,1.0,FIJO,,,,,,unidad_raw=UNIDADES | seccion=SECCION TAPICERIA MANO DE OBRA= | precio_unitario_raw=8000.0 | total_raw=0.0
10/03/2026 CAMA MANANTIAL EL SOL 2*2,TORNILLOS,1.0,FIJO,,,,,,unidad_raw=UNIDADES | seccion=SECCION TAPICERIA MANO DE OBRA= | precio_unitario_raw=100.0 | total_raw=0.0
10/03/2026 CAMA MANANTIAL EL SOL 2*2,ESPUMA DE 1 1/2'' ROSADA,1.0,FORMULA,,,,,,unidad_raw=UNIDADES | seccion=SECCION TAPICERIA MANO DE OBRA= | precio_unitario_raw=30000.0 | total_raw=0.0
10/03/2026 CAMA MANANTIAL EL SOL 2*2,ESPUMA 2 AZUL,1.0,FORMULA,,,,,,unidad_raw=LAMINA | seccion=SECCION TAPICERIA MANO DE OBRA= | precio_unitario_raw=41000.0 | total_raw=0.0
10/03/2026 CAMA MANANTIAL EL SOL 2*2,ESPUMA 1 1/2'' AZUL,1.0,FORMULA,,,,,,unidad_raw=MTS | seccion=SECCION TAPICERIA MANO DE OBRA= | precio_unitario_raw=30000.0 | total_raw=0.0
10/03/2026 CAMA MANANTIAL EL SOL 2*2,COSTAL,1.0,FORMULA,,,,,,unidad_raw=METROS | seccion=SECCION TAPICERIA MANO DE OBRA= | precio_unitario_raw=4000.0 | total_raw=0.0
10/03/2026 CAMA MANANTIAL EL SOL 2*2,HILO,1.0,FORMULA,,,,,,unidad_raw=UNIDAD | seccion=SECCION TAPICERIA MANO DE OBRA= | precio_unitario_raw=28000.0 | total_raw=0.0
10/03/2026 CAMA MANANTIAL EL SOL 2*2,CABULLA,1.0,FORMULA,,,,,,seccion=SECCION TAPICERIA MANO DE OBRA= | precio_unitario_raw=18000.0 | total_raw=0.0
10/03/2026 CAMA MANANTIAL EL SOL 2*2,CANAMO,1.0,FORMULA,,,,,,unidad_raw=ROLLO | seccion=SECCION TAPICERIA MANO DE OBRA= | precio_unitario_raw=12000.0 | total_raw=0.0
10/03/2026 CAMA MANANTIAL EL SOL 2*2,SUPER SPRAY,1.0,FORMULA,,,,,,unidad_raw=LITRO | seccion=SECCION TAPICERIA MANO DE OBRA= | precio_unitario_raw=19000.0 | total_raw=0.0
10/03/2026 CAMA MANANTIAL EL SOL 2*2,CARTON,1.0,FORMULA,,,,,,unidad_raw=UNIDADES | seccion=SECCION TAPICERIA MANO DE OBRA= | precio_unitario_raw=5000.0 | total_raw=0.0
10/03/2026 CAMA MANANTIAL EL SOL 2*2,HECHURA,1.0,FIJO,,,,,,unidad_raw=CAMA | seccion=SECCION TAPICERIA MANO DE OBRA= | precio_unitario_raw=210000.0 | total_raw=0.0
10/03/2026 CAMA MANANTIAL EL SOL 2*2,LENCILLO,1.0,FORMULA,,,,,,unidad_raw=METROS | seccion=SECCION TAPICERIA MANO DE OBRA= | precio_unitario_raw=3500.0 | total_raw=0.0
10/03/2026 CAMA MANANTIAL EL SOL 2*2,MADERA,530.0,FORMULA,,,,,,unidad_raw=APAMATE | seccion=EBANISTA WILMER MANO DE OBRA= | precio_unitario_raw=140.0 | total_raw=74200.0
10/03/2026 CAMA MANANTIAL EL SOL 2*2,"MDF DE 2,7""",1.25,AREA,,,,,,unidad_raw=LAMINA | seccion=EBANISTA WILMER MANO DE OBRA= | precio_unitario_raw=68000.0 | total_raw=85000.0
10/03/2026 CAMA MANANTIAL EL SOL 2*2,LAMINA DE 15,0.5,AREA,,,,,,unidad_raw=LAMINA | seccion=EBANISTA WILMER MANO DE OBRA= | precio_unitario_raw=220000.0 | total_raw=110000.0
10/03/2026 CAMA MANANTIAL EL SOL 2*2,TABLA,0.5,FORMULA,,,,,,unidad_raw=3*21*25 | seccion=EBANISTA WILMER MANO DE OBRA= | precio_unitario_raw=31500.0 | total_raw=15750.0
10/03/2026 CAMA MANANTIAL EL SOL 2*2,TABLA,0.5,FORMULA,,,,,,"unidad_raw=30*2,5*3 | seccion=EBANISTA WILMER MANO DE OBRA= | precio_unitario_raw=46500.0 | total_raw=23250.0"
10/03/2026 CAMA MANANTIAL EL SOL 2*2,TABLA,0.5,FORMULA,,,,,,"unidad_raw=29*2,5*2 | seccion=EBANISTA WILMER MANO DE OBRA= | precio_unitario_raw=31000.0 | total_raw=15500.0"
10/03/2026 CAMA MANANTIAL EL SOL 2*2,COLBON,1.0,VOLUMEN,,,,,,unidad_raw=LITRO | seccion=EBANISTA WILMER MANO DE OBRA= | precio_unitario_raw=14000.0 | total_raw=14000.0
10/03/2026 CAMA MANANTIAL EL SOL 2*2,GRAPAS,0.5,ESPACIADO,,,,,,unidad_raw=CAJA | seccion=EBANISTA WILMER MANO DE OBRA= | precio_unitario_raw=12000.0 | total_raw=6000.0
10/03/2026 CAMA MANANTIAL EL SOL 2*2,CLAVILLO,10.0,ESPACIADO,,,,,,unidad_raw=TIRAS | seccion=EBANISTA WILMER MANO DE OBRA= | precio_unitario_raw=1000.0 | total_raw=10000.0
10/03/2026 CAMA MANANTIAL EL SOL 2*2,"TORNILLOS DE 1"" 1/2",100.0,ESPACIADO,,,,,,unidad_raw=Unidad | seccion=EBANISTA WILMER MANO DE OBRA= | precio_unitario_raw=100.0 | total_raw=10000.0
10/03/2026 CAMA MANANTIAL EL SOL 2*2,ebanisteria 300.000 x 5% de m.o,1.0,FORMULA,,,,,,seccion=EBANISTA WILMER MANO DE OBRA= | total_raw=315000.0
10/03/2026 CAMA MANANTIAL EL SOL 2*2,gastos de Ebanisteria e 10%,1.0,FORMULA,,,,,,seccion=EBANISTA WILMER MANO DE OBRA= | total_raw=67870.0
10/03/2026 CAMA MANANTIAL EL SOL 2*2,CORREDERAS,2.0,FORMULA,,,,,,unidad_raw=UNIDADES | seccion=EBANISTA WILMER MANO DE OBRA= | precio_unitario_raw=10000.0 | total_raw=20000.0
10/03/2026 CAMA MANANTIAL EL SOL 2*2,HECHURA,2.0,FORMULA,,,,,,unidad_raw=LUIS ALFONSO | seccion=EBANISTA WILMER MANO DE OBRA= | precio_unitario_raw=250000.0 | total_raw=500000.0
10/03/2026 CAMA MANANTIAL EL SOL 2*2,SECCION PINTURA Y PREPARADA,1.0,FORMULA,,,,,DE NOCHERO,seccion=SECCION PINTURA Y PREPARADA DE NOCHERO
10/03/2026 CAMA MANANTIAL EL SOL 2*2,PREPARADO JOTA,2.0,FORMULA,,,,,,unidad_raw=CON EL 5% | seccion=SECCION PINTURA Y PREPARADA DE NOCHERO | precio_unitario_raw=36750.0 | total_raw=73500.0
10/03/2026 CAMA MANANTIAL EL SOL 2*2,PINTURA ALEX,2.0,FORMULA,,,,,,unidad_raw=CON EL 5% | seccion=SECCION PINTURA Y PREPARADA DE NOCHERO | precio_unitario_raw=36750.0 | total_raw=73500.0
10/03/2026 CAMA MANANTIAL EL SOL 2*2,SELLADOR,4.0,VOLUMEN,,,,,,unidad_raw=PISTOLADAS | seccion=SECCION PINTURA Y PREPARADA DE NOCHERO | precio_unitario_raw=18000.0 | total_raw=72000.0
10/03/2026 CAMA MANANTIAL EL SOL 2*2,lija 150,0.5,FORMULA,,,,,,unidad_raw=unidades | seccion=SECCION PINTURA Y PREPARADA DE NOCHERO | precio_unitario_raw=2000.0 | total_raw=1000.0
10/03/2026 CAMA MANANTIAL EL SOL 2*2,LIJA 2000,0.5,FORMULA,,,,,,unidad_raw=UNIDAD | seccion=SECCION PINTURA Y PREPARADA DE NOCHERO | precio_unitario_raw=4000.0 | total_raw=2000.0
10/03/2026 CAMA MANANTIAL EL SOL 2*2,lija 120,1.0,FIJO,,,,,,unidad_raw=unidad | seccion=SECCION PINTURA Y PREPARADA DE NOCHERO | precio_unitario_raw=2000.0 | total_raw=2000.0
10/03/2026 CAMA MANANTIAL EL SOL 2*2,COLOR,2.5,VOLUMEN,,,,,,unidad_raw=PISTOLADA | seccion=SECCION PINTURA Y PREPARADA DE NOCHERO | precio_unitario_raw=22000.0 | total_raw=55000.0
10/03/2026 CAMA MANANTIAL EL SOL 2*2,RESANE,1.0,VOLUMEN,,,,,,unidad_raw=LITRO | seccion=SECCION PINTURA Y PREPARADA DE NOCHERO | precio_unitario_raw=20000.0 | total_raw=20000.0
10/03/2026 CAMA MANANTIAL EL SOL 2*2,LACA S/M,2.0,VOLUMEN,,,,,,unidad_raw=PISTOLADA | seccion=SECCION PINTURA Y PREPARADA DE NOCHERO | precio_unitario_raw=23000.0 | total_raw=46000.0
10/03/2026 CAMA MANANTIAL EL SOL 2*2,Gastos de Pintura 10%,1.0,FORMULA,,,,,,seccion=SECCION PINTURA Y PREPARADA DE NOCHERO | total_raw=34500.0
10/03/2026 CAMA MANANTIAL EL SOL 2*2,SECCION PINTURA Y PREPARADA,1.0,FORMULA,,,,,PATAS,seccion=SECCION PINTURA Y PREPARADA PATAS
10/03/2026 CAMA MANANTIAL EL SOL 2*2,PREPARADO JOTA,4.0,FORMULA,,,,,,unidad_raw=CON EL 5% | seccion=SECCION PINTURA Y PREPARADA PATAS | precio_unitario_raw=1050.0 | total_raw=4200.0
10/03/2026 CAMA MANANTIAL EL SOL 2*2,PINTURA ALEX,4.0,FORMULA,,,,,,unidad_raw=CON EL 5% | seccion=SECCION PINTURA Y PREPARADA PATAS | precio_unitario_raw=2100.0 | total_raw=8400.0
10/03/2026 CAMA MANANTIAL EL SOL 2*2,SELLADOR,0.5,VOLUMEN,,,,,,unidad_raw=PISTOLADAS | seccion=SECCION PINTURA Y PREPARADA PATAS | precio_unitario_raw=18000.0 | total_raw=9000.0
10/03/2026 CAMA MANANTIAL EL SOL 2*2,LIJA 400,0.5,FORMULA,,,,,,unidad_raw=unidades | seccion=SECCION PINTURA Y PREPARADA PATAS | precio_unitario_raw=2000.0 | total_raw=1000.0
10/03/2026 CAMA MANANTIAL EL SOL 2*2,lija 1650,0.5,FORMULA,,,,,,unidad_raw=unidad | seccion=SECCION PINTURA Y PREPARADA PATAS | precio_unitario_raw=2000.0 | total_raw=1000.0
10/03/2026 CAMA MANANTIAL EL SOL 2*2,LACA SEMIMATE,0.3,VOLUMEN,,,,,,unidad_raw=GALON | seccion=SECCION PINTURA Y PREPARADA PATAS | precio_unitario_raw=23000.0 | total_raw=6900.0
10/03/2026 CAMA MANANTIAL EL SOL 2*2,COLOR,0.3,VOLUMEN,,,,,,unidad_raw=PISTOLADA | seccion=SECCION PINTURA Y PREPARADA PATAS | precio_unitario_raw=22000.0 | total_raw=6600.0
10/03/2026 CAMA MANANTIAL EL SOL 2*2,RESANE,0.5,VOLUMEN,,,,,,unidad_raw=LITRO | seccion=SECCION PINTURA Y PREPARADA PATAS | precio_unitario_raw=23000.0 | total_raw=11500.0
10/03/2026 CAMA MANANTIAL EL SOL 2*2,Gastos de Pintura 10%,1.0,FORMULA,,,,,,seccion=SECCION PINTURA Y PREPARADA PATAS | total_raw=4860.0
10/03/2026 CAMA MANANTIAL EL SOL 2*2,TOMAS NEGROS,1.0,FORMULA,,,,,,unidad_raw=UNIDAD | seccion=SECCION TERMINACION | precio_unitario_raw=10500.0 | total_raw=0.0
10/03/2026 CAMA MANANTIAL EL SOL 2*2,MULTIUSOS,1.0,FORMULA,,,,,,unidad_raw=UNIDADES | seccion=SECCION TERMINACION | precio_unitario_raw=3000.0 | total_raw=0.0
10/03/2026 CAMA MANANTIAL EL SOL 2*2,CORREDERAS,1.0,FIJO,,,,,,unidad_raw=unidades | seccion=SECCION TERMINACION | precio_unitario_raw=8000.0 | total_raw=0.0
10/03/2026 CAMA MANANTIAL EL SOL 2*2,EMBALADA,1.0,FIJO,,,,,,unidad_raw=unidades | seccion=SECCION TERMINACION | precio_unitario_raw=150000.0 | total_raw=150000.0
10/03/2026 CAMA MANANTIAL EL SOL 2*2,"MADERA 2*12*12 / 1,50*26*9",639.0,FORMULA,,,,,,unidad_raw=APAMATE | seccion=SECCION TENDIDO | precio_unitario_raw=140.0 | total_raw=89460.0
10/03/2026 CAMA MANANTIAL EL SOL 2*2,PEOPE,4.2,FORMULA,,,,,,seccion=SECCION TENDIDO | precio_unitario_raw=3500.0 | total_raw=14700.0
10/03/2026 CAMA MANANTIAL EL SOL 2*2,GRAPAS,0.5,ESPACIADO,,,,,,unidad_raw=CAJA | seccion=SECCION TENDIDO | precio_unitario_raw=12000.0 | total_raw=6000.0
10/03/2026 CAMA MANANTIAL EL SOL 2*2,MDF DE 9,1.0,AREA,,,,,,unidad_raw=LAMINA | seccion=SECCION TENDIDO | precio_unitario_raw=140000.0 | total_raw=140000.0
10/03/2026 CAMA MANANTIAL EL SOL 2*2,"TORNILLOS DE 2""",40.0,ESPACIADO,,,,,,unidad_raw=UNIDAD | seccion=SECCION TENDIDO | precio_unitario_raw=100.0 | total_raw=4000.0
10/03/2026 CAMA MANANTIAL EL SOL 2*2,CLAVILLO,3.0,ESPACIADO,,,,,,unidad_raw=TIRA | seccion=SECCION TENDIDO | precio_unitario_raw=1000.0 | total_raw=3000.0
10/03/2026 CAMA MANANTIAL EL SOL 2*2,PINTURA TENDIDOS,2.0,VOLUMEN,,,,,,unidad_raw=PISTOLADAS | seccion=SECCION TENDIDO | precio_unitario_raw=6300.0 | total_raw=12600.0
10/03/2026 CAMA MANANTIAL EL SOL 2*2,COLOR NEGRO TENDIDOS,0.5,VOLUMEN,,,,,,unidad_raw=PISTOLADA | seccion=SECCION TENDIDO | precio_unitario_raw=22000.0 | total_raw=11000.0
10/03/2026 CAMA MANANTIAL EL SOL 2*2,HECHURA,1.0,FIJO,,,,,,unidad_raw=UNIDAD | seccion=SECCION TENDIDO | precio_unitario_raw=63000.0 | total_raw=63000.0
10/03/2026 CAMA MANANTIAL EL SOL 2*2,SECCION TAPICERIA,1.0,FORMULA,,,,,,unidad_raw=MANO DE OBRA= | seccion=SECCION TAPICERIA MANO DE OBRA=
10/03/2026 CAMA MANANTIAL EL SOL 2*2,TELA CENTURY OATMEAL,14.0,AREA,,,,,,unidad_raw=METROS | seccion=SECCION TAPICERIA MANO DE OBRA= | precio_unitario_raw=35000.0 | total_raw=490000.0
10/03/2026 CAMA MANANTIAL EL SOL 2*2,ESPUMA 1/2 ROSADA,1.0,AREA,,,,,,unidad_raw=LAMINA | seccion=SECCION TAPICERIA MANO DE OBRA= | precio_unitario_raw=8000.0 | total_raw=8000.0
10/03/2026 CAMA MANANTIAL EL SOL 2*2,GRAPAS,0.5,ESPACIADO,,,,,,unidad_raw=CAJA DE GRAPAS | seccion=SECCION TAPICERIA MANO DE OBRA= | precio_unitario_raw=12000.0 | total_raw=6000.0
10/03/2026 CAMA MANANTIAL EL SOL 2*2,CABUYA,0.5,FORMULA,,,,,,unidad_raw=UNIDADES | seccion=SECCION TAPICERIA MANO DE OBRA= | precio_unitario_raw=10000.0 | total_raw=5000.0
10/03/2026 CAMA MANANTIAL EL SOL 2*2,ESPUMA DE 1 1/2'' ROSADA,1.0,AREA,,,,,,unidad_raw=UNIDADES | seccion=SECCION TAPICERIA MANO DE OBRA= | precio_unitario_raw=30000.0 | total_raw=30000.0
10/03/2026 CAMA MANANTIAL EL SOL 2*2,ESPUMA 2 AZUL,3.5,AREA,,,,,,unidad_raw=LAMINA | seccion=SECCION TAPICERIA MANO DE OBRA= | precio_unitario_raw=41000.0 | total_raw=143500.0
10/03/2026 CAMA MANANTIAL EL SOL 2*2,COSTAL,2.0,AREA,,,,,,unidad_raw=METROS | seccion=SECCION TAPICERIA MANO DE OBRA= | precio_unitario_raw=4000.0 | total_raw=8000.0
10/03/2026 CAMA MANANTIAL EL SOL 2*2,HILO,0.5,FORMULA,,,,,,unidad_raw=UNIDAD | seccion=SECCION TAPICERIA MANO DE OBRA= | precio_unitario_raw=25000.0 | total_raw=12500.0
10/03/2026 CAMA MANANTIAL EL SOL 2*2,CIERRE MAGICO,1.0,LINEAL,,,,,,unidad_raw=METRO | seccion=SECCION TAPICERIA MANO DE OBRA= | precio_unitario_raw=1000.0 | total_raw=1000.0
10/03/2026 CAMA MANANTIAL EL SOL 2*2,PEGANTE SPRAY,1.0,VOLUMEN,,,,,,unidad_raw=LITRO | seccion=SECCION TAPICERIA MANO DE OBRA= | precio_unitario_raw=19000.0 | total_raw=19000.0
10/03/2026 CAMA MANANTIAL EL SOL 2*2,SUPER,1.0,VOLUMEN,,,,,,unidad_raw=LITRO | seccion=SECCION TAPICERIA MANO DE OBRA= | precio_unitario_raw=14000.0 | total_raw=14000.0
10/03/2026 CAMA MANANTIAL EL SOL 2*2,GUATA 300,0.5,LINEAL,,,,,,unidad_raw=METROS | seccion=SECCION TAPICERIA MANO DE OBRA= | precio_unitario_raw=19000.0 | total_raw=9500.0
10/03/2026 CAMA MANANTIAL EL SOL 2*2,BARRA DE SILICONA,2.0,FORMULA,,,,,,unidad_raw=UNIDAD | seccion=SECCION TAPICERIA MANO DE OBRA= | precio_unitario_raw=2000.0 | total_raw=4000.0
10/03/2026 CAMA MANANTIAL EL SOL 2*2,HECHURA,1.0,FIJO,,,,,,unidad_raw=CAMA | seccion=SECCION TAPICERIA MANO DE OBRA= | precio_unitario_raw=210000.0 | total_raw=210000.0
25/03/2026 CAMA TAUPE EL SOL 2*2,MADERA,400.0,FORMULA,,,,,,unidad_raw=APAMATE | seccion=EBANISTA WILMER MANO DE OBRA= | precio_unitario_raw=140.0 | total_raw=56000.0
25/03/2026 CAMA TAUPE EL SOL 2*2,"MDF DE 2,5""",1.25,AREA,,,,,,unidad_raw=LAMINA | seccion=EBANISTA WILMER MANO DE OBRA= | precio_unitario_raw=65000.0 | total_raw=81250.0
25/03/2026 CAMA TAUPE EL SOL 2*2,LAMINA DE 15,0.5,AREA,,,,,,unidad_raw=LAMINA | seccion=EBANISTA WILMER MANO DE OBRA= | precio_unitario_raw=220000.0 | total_raw=110000.0
25/03/2026 CAMA TAUPE EL SOL 2*2,"LAMINA DE 5.5""",0.25,AREA,,,,,,unidad_raw=LAMINA | seccion=EBANISTA WILMER MANO DE OBRA= | precio_unitario_raw=140000.0 | total_raw=35000.0
25/03/2026 CAMA TAUPE EL SOL 2*2,TABLA,0.5,FORMULA,,,,,,"unidad_raw=3*31*2,5 | seccion=EBANISTA WILMER MANO DE OBRA= | precio_unitario_raw=46500.0 | total_raw=23250.0"
25/03/2026 CAMA TAUPE EL SOL 2*2,COLBON,1.5,VOLUMEN,,,,,,unidad_raw=LITRO | seccion=EBANISTA WILMER MANO DE OBRA= | precio_unitario_raw=14000.0 | total_raw=21000.0
25/03/2026 CAMA TAUPE EL SOL 2*2,GRAPAS,0.25,ESPACIADO,,,,,,unidad_raw=CAJA | seccion=EBANISTA WILMER MANO DE OBRA= | precio_unitario_raw=12000.0 | total_raw=3000.0
25/03/2026 CAMA TAUPE EL SOL 2*2,GANCHOS,1.0,FIJO,,,,,,unidad_raw=PAR | seccion=EBANISTA WILMER MANO DE OBRA= | precio_unitario_raw=20000.0 | total_raw=20000.0
25/03/2026 CAMA TAUPE EL SOL 2*2,CLAVILLO,13.0,ESPACIADO,,,,,,unidad_raw=TIRAS | seccion=EBANISTA WILMER MANO DE OBRA= | precio_unitario_raw=1000.0 | total_raw=13000.0
25/03/2026 CAMA TAUPE EL SOL 2*2,"TORNILLOS DE 2""",140.0,ESPACIADO,,,,,,unidad_raw=Unidad | seccion=EBANISTA WILMER MANO DE OBRA= | precio_unitario_raw=100.0 | total_raw=14000.0
25/03/2026 CAMA TAUPE EL SOL 2*2,ebanisteria 300.000 x 10% de m.o,1.0,FORMULA,,,,,,seccion=EBANISTA WILMER MANO DE OBRA= | total_raw=315000.0
25/03/2026 CAMA TAUPE EL SOL 2*2,gastos de Ebanisteria e 10%,1.0,FORMULA,,,,,,seccion=EBANISTA WILMER MANO DE OBRA= | total_raw=69150.0
25/03/2026 CAMA TAUPE EL SOL 2*2,CORREDERAS 35 NORMAL,4.0,FORMULA,,,,,,unidad_raw=PAR | seccion=EBANISTA WILMER MANO DE OBRA= | precio_unitario_raw=10000.0 | total_raw=40000.0
25/03/2026 CAMA TAUPE EL SOL 2*2,"TORNILLOS DE 2""",1.0,FIJO,,,,,,unidad_raw=Unidad | seccion=EBANISTA WILMER MANO DE OBRA= | precio_unitario_raw=100.0 | total_raw=0.0
25/03/2026 CAMA TAUPE EL SOL 2*2,NOCHEROS,2.0,FORMULA,,,,,,unidad_raw=LUIS ALFONSO | seccion=EBANISTA WILMER MANO DE OBRA= | precio_unitario_raw=250000.0 | total_raw=500000.0
25/03/2026 CAMA TAUPE EL SOL 2*2,SECCION PINTURA Y PREPARADA,1.0,FORMULA,,,,,DE NOCHERO,seccion=SECCION PINTURA Y PREPARADA DE NOCHERO
25/03/2026 CAMA TAUPE EL SOL 2*2,SECCION PINTURA Y PREPARADA,1.0,FORMULA,,,,,DE NOCHERO,seccion=SECCION PINTURA Y PREPARADA DE NOCHERO
25/03/2026 CAMA TAUPE EL SOL 2*2,PREPARADO JOTA,2.0,FORMULA,,,,,,unidad_raw=CON EL 5% | seccion=SECCION PINTURA Y PREPARADA DE NOCHERO | precio_unitario_raw=36750.0 | total_raw=73500.0
25/03/2026 CAMA TAUPE EL SOL 2*2,PINTURA ALEX,2.0,FORMULA,,,,,,unidad_raw=CON EL 5% | seccion=SECCION PINTURA Y PREPARADA DE NOCHERO | precio_unitario_raw=36750.0 | total_raw=73500.0
25/03/2026 CAMA TAUPE EL SOL 2*2,SELLADOR,4.0,VOLUMEN,,,,,,unidad_raw=PISTOLADAS | seccion=SECCION PINTURA Y PREPARADA DE NOCHERO | precio_unitario_raw=18000.0 | total_raw=72000.0
25/03/2026 CAMA TAUPE EL SOL 2*2,lija 150,0.5,FORMULA,,,,,,unidad_raw=unidades | seccion=SECCION PINTURA Y PREPARADA DE NOCHERO | precio_unitario_raw=2000.0 | total_raw=1000.0
25/03/2026 CAMA TAUPE EL SOL 2*2,LIJA 400,0.5,FORMULA,,,,,,unidad_raw=UNIDAD | seccion=SECCION PINTURA Y PREPARADA DE NOCHERO | precio_unitario_raw=2000.0 | total_raw=1000.0
25/03/2026 CAMA TAUPE EL SOL 2*2,lija 120,1.0,FIJO,,,,,,unidad_raw=unidad | seccion=SECCION PINTURA Y PREPARADA DE NOCHERO | precio_unitario_raw=2000.0 | total_raw=2000.0
25/03/2026 CAMA TAUPE EL SOL 2*2,COLOR MIEL,2.5,VOLUMEN,,,,,,unidad_raw=PISTOLADA | seccion=SECCION PINTURA Y PREPARADA DE NOCHERO | precio_unitario_raw=22000.0 | total_raw=55000.0
25/03/2026 CAMA TAUPE EL SOL 2*2,RESANE,1.0,VOLUMEN,,,,,,unidad_raw=LITRO | seccion=SECCION PINTURA Y PREPARADA DE NOCHERO | precio_unitario_raw=20000.0 | total_raw=20000.0
25/03/2026 CAMA TAUPE EL SOL 2*2,GASOLINA,0.5,VOLUMEN,,,,,,unidad_raw=LITRO | seccion=SECCION PINTURA Y PREPARADA DE NOCHERO | precio_unitario_raw=5000.0 | total_raw=2500.0
25/03/2026 CAMA TAUPE EL SOL 2*2,LACA S/M,2.0,VOLUMEN,,,,,,unidad_raw=PISTOLADA | seccion=SECCION PINTURA Y PREPARADA DE NOCHERO | precio_unitario_raw=23000.0 | total_raw=46000.0
25/03/2026 CAMA TAUPE EL SOL 2*2,Gastos de Pintura 10%,1.0,FORMULA,,,,,,seccion=SECCION PINTURA Y PREPARADA DE NOCHERO | total_raw=34650.0
25/03/2026 CAMA TAUPE EL SOL 2*2,SECCION PINTURA Y PREPARADA,1.0,FORMULA,,,,,PATAS,seccion=SECCION PINTURA Y PREPARADA PATAS
25/03/2026 CAMA TAUPE EL SOL 2*2,PREPARADO JOTA,8.0,FORMULA,,,,,,unidad_raw=CON EL 5% | seccion=SECCION PINTURA Y PREPARADA PATAS | precio_unitario_raw=1050.0 | total_raw=8400.0
25/03/2026 CAMA TAUPE EL SOL 2*2,PINTURA ALEX,8.0,FORMULA,,,,,,unidad_raw=CON EL 5% | seccion=SECCION PINTURA Y PREPARADA PATAS | precio_unitario_raw=2100.0 | total_raw=16800.0
25/03/2026 CAMA TAUPE EL SOL 2*2,SELLADOR,0.3,VOLUMEN,,,,,,unidad_raw=PISTOLADAS | seccion=SECCION PINTURA Y PREPARADA PATAS | precio_unitario_raw=18000.0 | total_raw=5400.0
25/03/2026 CAMA TAUPE EL SOL 2*2,lija 120,1.0,FIJO,,,,,,unidad_raw=unidad | seccion=SECCION PINTURA Y PREPARADA PATAS | precio_unitario_raw=2000.0 | total_raw=2000.0
25/03/2026 CAMA TAUPE EL SOL 2*2,LACA SEMIMATE,0.3,VOLUMEN,,,,,,unidad_raw=GALON | seccion=SECCION PINTURA Y PREPARADA PATAS | precio_unitario_raw=23000.0 | total_raw=6900.0
25/03/2026 CAMA TAUPE EL SOL 2*2,COLOR NEGRO,0.3,VOLUMEN,,,,,,unidad_raw=PISTOLADA | seccion=SECCION PINTURA Y PREPARADA PATAS | precio_unitario_raw=22000.0 | total_raw=6600.0
25/03/2026 CAMA TAUPE EL SOL 2*2,RESANE,0.5,VOLUMEN,,,,,,unidad_raw=LITRO | seccion=SECCION PINTURA Y PREPARADA PATAS | precio_unitario_raw=23000.0 | total_raw=11500.0
25/03/2026 CAMA TAUPE EL SOL 2*2,Gastos de Pintura 10%,1.0,FORMULA,,,,,,seccion=SECCION PINTURA Y PREPARADA PATAS | total_raw=5760.0
25/03/2026 CAMA TAUPE EL SOL 2*2,TOMAS NEGROS,1.0,FORMULA,,,,,,unidad_raw=UNIDAD | seccion=SECCION TERMINACION | precio_unitario_raw=10500.0 | total_raw=0.0
25/03/2026 CAMA TAUPE EL SOL 2*2,JALADORES,1.0,FIJO,,,,,,unidad_raw=UNIDAD | seccion=SECCION TERMINACION | precio_unitario_raw=26800.0 | total_raw=0.0
25/03/2026 CAMA TAUPE EL SOL 2*2,MULTIUSOS,1.0,FORMULA,,,,,,unidad_raw=UNIDADES | seccion=SECCION TERMINACION | precio_unitario_raw=3000.0 | total_raw=0.0
25/03/2026 CAMA TAUPE EL SOL 2*2,CORREDERAS,1.0,FIJO,,,,,,unidad_raw=unidades | seccion=SECCION TERMINACION | precio_unitario_raw=8000.0 | total_raw=0.0
25/03/2026 CAMA TAUPE EL SOL 2*2,EMBALADA,1.0,FIJO,,,,,,unidad_raw=unidades | seccion=SECCION TERMINACION | precio_unitario_raw=150000.0 | total_raw=150000.0
25/03/2026 CAMA TAUPE EL SOL 2*2,SECCION TENDIDO,1.0,FORMULA,,,,,,seccion=SECCION TERMINACION | total_raw=0.0
25/03/2026 CAMA TAUPE EL SOL 2*2,MADERA 60X1X4,639.0,FORMULA,,,,,,unidad_raw=APAMATE | seccion=SECCION TERMINACION | precio_unitario_raw=140.0 | total_raw=89460.0
25/03/2026 CAMA TAUPE EL SOL 2*2,PEOPE,4.2,LINEAL,,,,,,unidad_raw=METROS | seccion=SECCION TERMINACION | precio_unitario_raw=3500.0 | total_raw=14700.0
25/03/2026 CAMA TAUPE EL SOL 2*2,GRAPAS,0.5,ESPACIADO,,,,,,unidad_raw=CAJA | seccion=SECCION TERMINACION | precio_unitario_raw=12000.0 | total_raw=6000.0
25/03/2026 CAMA TAUPE EL SOL 2*2,PINTURA DE TENDIDO,12.0,FORMULA,,,,,,unidad_raw=UNIDADES | seccion=SECCION TERMINACION | precio_unitario_raw=1050.0 | total_raw=12600.0
25/03/2026 CAMA TAUPE EL SOL 2*2,COLOR PARA LAS PATAS DEL TENDIDO,0.5,FORMULA,,,,,,unidad_raw=UNIDADES | seccion=SECCION TERMINACION | precio_unitario_raw=22000.0 | total_raw=11000.0
25/03/2026 CAMA TAUPE EL SOL 2*2,MDF DE 9,1.0,AREA,,,,,,unidad_raw=LAMINA | seccion=SECCION TERMINACION | precio_unitario_raw=140000.0 | total_raw=140000.0
25/03/2026 CAMA TAUPE EL SOL 2*2,"TORNILLOS DE 2""",40.0,ESPACIADO,,,,,,unidad_raw=UNIDAD | seccion=SECCION TERMINACION | precio_unitario_raw=100.0 | total_raw=4000.0
25/03/2026 CAMA TAUPE EL SOL 2*2,CLAVILLO,3.0,ESPACIADO,,,,,,unidad_raw=TIRA | seccion=SECCION TERMINACION | precio_unitario_raw=1000.0 | total_raw=3000.0
25/03/2026 CAMA TAUPE EL SOL 2*2,HECHURA,1.0,FIJO,,,,,,unidad_raw=UNIDAD | seccion=SECCION TERMINACION | precio_unitario_raw=63000.0 | total_raw=63000.0
25/03/2026 CAMA TAUPE EL SOL 2*2,SECCION TAPICERIA,1.0,FORMULA,,,,,,unidad_raw=MANO DE OBRA= | seccion=SECCION TAPICERIA MANO DE OBRA=
25/03/2026 CAMA TAUPE EL SOL 2*2,TELA PRANA NEGRA/PLATA/CAMEL/GRIS,12.0,AREA,,,,,,unidad_raw=METROS | seccion=SECCION TAPICERIA MANO DE OBRA= | precio_unitario_raw=35000.0 | total_raw=420000.0
25/03/2026 CAMA TAUPE EL SOL 2*2,"ESPUMA 1/2"" ROSADA",0.5,AREA,,,,,,unidad_raw=LAMINA | seccion=SECCION TAPICERIA MANO DE OBRA= | precio_unitario_raw=8000.0 | total_raw=4000.0
25/03/2026 CAMA TAUPE EL SOL 2*2,GRAPAS,0.5,ESPACIADO,,,,,,unidad_raw=CAJA DE GRAPAS | seccion=SECCION TAPICERIA MANO DE OBRA= | precio_unitario_raw=12000.0 | total_raw=6000.0
25/03/2026 CAMA TAUPE EL SOL 2*2,ESPUMA DE 1 1/2'' ROSADA,3.0,AREA,,,,,,unidad_raw=UNIDADES | seccion=SECCION TAPICERIA MANO DE OBRA= | precio_unitario_raw=30000.0 | total_raw=90000.0
25/03/2026 CAMA TAUPE EL SOL 2*2,ESPUMA 2 ROSADA,2.0,AREA,,,,,,unidad_raw=LAMINA | seccion=SECCION TAPICERIA MANO DE OBRA= | precio_unitario_raw=48000.0 | total_raw=96000.0
25/03/2026 CAMA TAUPE EL SOL 2*2,SUPER SPRAY,0.5,LINEAL,,,,,,unidad_raw=MTS | seccion=SECCION TAPICERIA MANO DE OBRA= | precio_unitario_raw=25000.0 | total_raw=12500.0
25/03/2026 CAMA TAUPE EL SOL 2*2,COSTAL,4.0,AREA,,,,,,unidad_raw=METROS | seccion=SECCION TAPICERIA MANO DE OBRA= | precio_unitario_raw=3500.0 | total_raw=14000.0
25/03/2026 CAMA TAUPE EL SOL 2*2,HILO,0.25,FORMULA,,,,,,unidad_raw=UNIDAD | seccion=SECCION TAPICERIA MANO DE OBRA= | precio_unitario_raw=25000.0 | total_raw=6250.0
25/03/2026 CAMA TAUPE EL SOL 2*2,SUPER NORMAL,0.5,VOLUMEN,,,,,,unidad_raw=LITRO | seccion=SECCION TAPICERIA MANO DE OBRA= | precio_unitario_raw=17000.0 | total_raw=8500.0
25/03/2026 CAMA TAUPE EL SOL 2*2,COLA E RATA,11.0,FORMULA,,,,,,unidad_raw=ROLLO | seccion=SECCION TAPICERIA MANO DE OBRA= | precio_unitario_raw=500.0 | total_raw=5500.0
25/03/2026 CAMA TAUPE EL SOL 2*2,HECHURA,1.0,FIJO,,,,,,unidad_raw=CAMA | seccion=SECCION TAPICERIA MANO DE OBRA= | precio_unitario_raw=210000.0 | total_raw=210000.0
10/03/2026 CAMA MINIMALISTA EL SOL 2*2,MADERA,505.0,FORMULA,,,,,,unidad_raw=APAMATE | seccion=EBANISTA WILMER MANO DE OBRA= | precio_unitario_raw=140.0 | total_raw=70700.0
10/03/2026 CAMA MINIMALISTA EL SOL 2*2,"MDF DE 2,7""",1.0,AREA,,,,,,unidad_raw=LAMINA | seccion=EBANISTA WILMER MANO DE OBRA= | precio_unitario_raw=68000.0 | total_raw=68000.0
10/03/2026 CAMA MINIMALISTA EL SOL 2*2,LAMINA DE 15,0.5,AREA,,,,,,unidad_raw=LAMINA | seccion=EBANISTA WILMER MANO DE OBRA= | precio_unitario_raw=220000.0 | total_raw=110000.0
10/03/2026 CAMA MINIMALISTA EL SOL 2*2,COLBON,1.5,VOLUMEN,,,,,,unidad_raw=LITRO | seccion=EBANISTA WILMER MANO DE OBRA= | precio_unitario_raw=14000.0 | total_raw=21000.0
10/03/2026 CAMA MINIMALISTA EL SOL 2*2,GRAPAS,0.5,ESPACIADO,,,,,,unidad_raw=CAJA | seccion=EBANISTA WILMER MANO DE OBRA= | precio_unitario_raw=12000.0 | total_raw=6000.0
10/03/2026 CAMA MINIMALISTA EL SOL 2*2,GANCHOS,1.0,FIJO,,,,,,unidad_raw=PAR | seccion=EBANISTA WILMER MANO DE OBRA= | precio_unitario_raw=20000.0 | total_raw=20000.0
10/03/2026 CAMA MINIMALISTA EL SOL 2*2,F40,5.0,FORMULA,,,,,,unidad_raw=TIRAS | seccion=EBANISTA WILMER MANO DE OBRA= | precio_unitario_raw=1000.0 | total_raw=5000.0
10/03/2026 CAMA MINIMALISTA EL SOL 2*2,TORNILLOS TUERCA UNA,4.0,ESPACIADO,,,,,,unidad_raw=UNIDAD | seccion=EBANISTA WILMER MANO DE OBRA= | precio_unitario_raw=1000.0 | total_raw=4000.0
10/03/2026 CAMA MINIMALISTA EL SOL 2*2,"TORNILLOS DE 2""",100.0,ESPACIADO,,,,,,unidad_raw=Unidad | seccion=EBANISTA WILMER MANO DE OBRA= | precio_unitario_raw=100.0 | total_raw=10000.0
10/03/2026 CAMA MINIMALISTA EL SOL 2*2,ebanisteria 300.000 x 5% de m.o,1.0,FORMULA,,,,,,seccion=EBANISTA WILMER MANO DE OBRA= | total_raw=315000.0
10/03/2026 CAMA MINIMALISTA EL SOL 2*2,gastos de Ebanisteria e 10%,1.0,FORMULA,,,,,,seccion=EBANISTA WILMER MANO DE OBRA= | total_raw=62970.0
10/03/2026 CAMA MINIMALISTA EL SOL 2*2,CORREDERAS 35 NORMAL,1.0,FIJO,,,,,,unidad_raw=PAR | seccion=EBANISTA WILMER MANO DE OBRA= | total_raw=0.0
10/03/2026 CAMA MINIMALISTA EL SOL 2*2,HECHURA,1.0,FIJO,,,,,,unidad_raw=PAR | seccion=EBANISTA WILMER MANO DE OBRA= | total_raw=0.0
10/03/2026 CAMA MINIMALISTA EL SOL 2*2,"TORNILLOS DE 2""",1.0,FIJO,,,,,,unidad_raw=Unidad | seccion=EBANISTA WILMER MANO DE OBRA= | total_raw=0.0
10/03/2026 CAMA MINIMALISTA EL SOL 2*2,NOCHEROS,2.0,FORMULA,,,,,,unidad_raw=LUIS ALFONSO | seccion=EBANISTA WILMER MANO DE OBRA= | precio_unitario_raw=250000.0 | total_raw=500000.0
10/03/2026 CAMA MINIMALISTA EL SOL 2*2,SECCION PINTURA Y PREPARADA,1.0,FORMULA,,,,,DOS NOCHERO,seccion=SECCION PINTURA Y PREPARADA DOS NOCHERO
10/03/2026 CAMA MINIMALISTA EL SOL 2*2,PREPARADO JOTA,2.0,FORMULA,,,,,,unidad_raw=CON EL 5% | seccion=SECCION PINTURA Y PREPARADA DOS NOCHERO | precio_unitario_raw=36750.0 | total_raw=73500.0
10/03/2026 CAMA MINIMALISTA EL SOL 2*2,PINTURA ALEX,2.0,FORMULA,,,,,,unidad_raw=CON EL 5% | seccion=SECCION PINTURA Y PREPARADA DOS NOCHERO | precio_unitario_raw=36750.0 | total_raw=73500.0
10/03/2026 CAMA MINIMALISTA EL SOL 2*2,SELLADOR,4.0,VOLUMEN,,,,,,unidad_raw=PISTOLADAS | seccion=SECCION PINTURA Y PREPARADA DOS NOCHERO | precio_unitario_raw=18000.0 | total_raw=72000.0
10/03/2026 CAMA MINIMALISTA EL SOL 2*2,lija 150,0.5,FORMULA,,,,,,unidad_raw=unidades | seccion=SECCION PINTURA Y PREPARADA DOS NOCHERO | precio_unitario_raw=2000.0 | total_raw=1000.0
10/03/2026 CAMA MINIMALISTA EL SOL 2*2,LIJA 400,0.5,FORMULA,,,,,,unidad_raw=unidades | seccion=SECCION PINTURA Y PREPARADA DOS NOCHERO | precio_unitario_raw=4000.0 | total_raw=2000.0
10/03/2026 CAMA MINIMALISTA EL SOL 2*2,lija 120,1.0,FIJO,,,,,,unidad_raw=unidades | seccion=SECCION PINTURA Y PREPARADA DOS NOCHERO | precio_unitario_raw=2000.0 | total_raw=2000.0
10/03/2026 CAMA MINIMALISTA EL SOL 2*2,COLOR GRIS,2.0,VOLUMEN,,,,,,unidad_raw=PISTOLADA | seccion=SECCION PINTURA Y PREPARADA DOS NOCHERO | precio_unitario_raw=22000.0 | total_raw=44000.0
10/03/2026 CAMA MINIMALISTA EL SOL 2*2,GASOLINA,0.3,LINEAL,,,,,,unidad_raw=ML | seccion=SECCION PINTURA Y PREPARADA DOS NOCHERO | precio_unitario_raw=5000.0 | total_raw=1500.0
10/03/2026 CAMA MINIMALISTA EL SOL 2*2,RESANE,0.5,VOLUMEN,,,,,,unidad_raw=LITRO | seccion=SECCION PINTURA Y PREPARADA DOS NOCHERO | precio_unitario_raw=20000.0 | total_raw=10000.0
10/03/2026 CAMA MINIMALISTA EL SOL 2*2,LACA S/M,2.0,VOLUMEN,,,,,,unidad_raw=PISTOLADA | seccion=SECCION PINTURA Y PREPARADA DOS NOCHERO | precio_unitario_raw=23000.0 | total_raw=46000.0
10/03/2026 CAMA MINIMALISTA EL SOL 2*2,Gastos de Pintura 10%,1.0,FORMULA,,,,,,seccion=SECCION PINTURA Y PREPARADA DOS NOCHERO | total_raw=32550.0
10/03/2026 CAMA MINIMALISTA EL SOL 2*2,SECCION PINTURA Y PREPARADA,1.0,FORMULA,,,,,PATAS,seccion=SECCION PINTURA Y PREPARADA PATAS
10/03/2026 CAMA MINIMALISTA EL SOL 2*2,PREPARADO JOTA,6.0,FORMULA,,,,,,unidad_raw=CON EL 5% | seccion=SECCION PINTURA Y PREPARADA PATAS | precio_unitario_raw=1050.0 | total_raw=6300.0
10/03/2026 CAMA MINIMALISTA EL SOL 2*2,PINTURA ALEX,6.0,FORMULA,,,,,,unidad_raw=CON EL 5% | seccion=SECCION PINTURA Y PREPARADA PATAS | precio_unitario_raw=2100.0 | total_raw=12600.0
10/03/2026 CAMA MINIMALISTA EL SOL 2*2,SELLADOR,0.3,VOLUMEN,,,,,,unidad_raw=PISTOLADAS | seccion=SECCION PINTURA Y PREPARADA PATAS | precio_unitario_raw=18000.0 | total_raw=5400.0
10/03/2026 CAMA MINIMALISTA EL SOL 2*2,LIJA 400,0.5,FORMULA,,,,,,unidad_raw=unidades | seccion=SECCION PINTURA Y PREPARADA PATAS | precio_unitario_raw=2000.0 | total_raw=1000.0
10/03/2026 CAMA MINIMALISTA EL SOL 2*2,lija 120,0.5,FORMULA,,,,,,unidad_raw=unidad | seccion=SECCION PINTURA Y PREPARADA PATAS | precio_unitario_raw=2000.0 | total_raw=1000.0
10/03/2026 CAMA MINIMALISTA EL SOL 2*2,LACA SEMIMATE,0.3,VOLUMEN,,,,,,unidad_raw=GALON | seccion=SECCION PINTURA Y PREPARADA PATAS | precio_unitario_raw=23000.0 | total_raw=6900.0
10/03/2026 CAMA MINIMALISTA EL SOL 2*2,COLOR,0.3,VOLUMEN,,,,,,unidad_raw=PISTOLADA | seccion=SECCION PINTURA Y PREPARADA PATAS | precio_unitario_raw=22000.0 | total_raw=6600.0
10/03/2026 CAMA MINIMALISTA EL SOL 2*2,RESANE,0.5,VOLUMEN,,,,,,unidad_raw=LITRO | seccion=SECCION PINTURA Y PREPARADA PATAS | precio_unitario_raw=23000.0 | total_raw=11500.0
10/03/2026 CAMA MINIMALISTA EL SOL 2*2,Gastos de Pintura 10%,1.0,FORMULA,,,,,,seccion=SECCION PINTURA Y PREPARADA PATAS | total_raw=5130.0
10/03/2026 CAMA MINIMALISTA EL SOL 2*2,SECCION PINTURA Y PREPARADA,1.0,FORMULA,,,,,TENDIDOS,seccion=SECCION PINTURA Y PREPARADA TENDIDOS
10/03/2026 CAMA MINIMALISTA EL SOL 2*2,PINTURA TENDIDOS,2.0,FORMULA,,,,,,unidad_raw=CON EL 5% | seccion=SECCION PINTURA Y PREPARADA TENDIDOS | precio_unitario_raw=6300.0 | total_raw=12600.0
10/03/2026 CAMA MINIMALISTA EL SOL 2*2,COLOR NEGRO TENDIDOS,0.5,VOLUMEN,,,,,,unidad_raw=PISTOLADAS | seccion=SECCION PINTURA Y PREPARADA TENDIDOS | precio_unitario_raw=22000.0 | total_raw=11000.0
10/03/2026 CAMA MINIMALISTA EL SOL 2*2,Gastos de Pintura 10%,1.0,FORMULA,,,,,,seccion=SECCION PINTURA Y PREPARADA TENDIDOS | total_raw=2360.0
10/03/2026 CAMA MINIMALISTA EL SOL 2*2,TOMAS NEGROS,1.0,FORMULA,,,,,,unidad_raw=UNIDAD | seccion=SECCION TERMINACION | precio_unitario_raw=10500.0 | total_raw=0.0
10/03/2026 CAMA MINIMALISTA EL SOL 2*2,CORREDERAS,1.0,FIJO,,,,,,unidad_raw=unidades | seccion=SECCION TERMINACION | precio_unitario_raw=8000.0 | total_raw=0.0
10/03/2026 CAMA MINIMALISTA EL SOL 2*2,EMBALADA,1.0,FIJO,,,,,,unidad_raw=unidades | seccion=SECCION TERMINACION | precio_unitario_raw=100000.0 | total_raw=100000.0
10/03/2026 CAMA MINIMALISTA EL SOL 2*2,SECCION TENDIDO,1.0,FORMULA,,,,,,seccion=SECCION TERMINACION | total_raw=0.0
10/03/2026 CAMA MINIMALISTA EL SOL 2*2,MADERA 60X1X4,639.0,FORMULA,,,,,,unidad_raw=APAMATE | seccion=SECCION TERMINACION | precio_unitario_raw=140.0 | total_raw=89460.0
10/03/2026 CAMA MINIMALISTA EL SOL 2*2,PEOPE,4.2,LINEAL,,,,,,unidad_raw=METROS | seccion=SECCION TERMINACION | precio_unitario_raw=3500.0 | total_raw=14700.0
10/03/2026 CAMA MINIMALISTA EL SOL 2*2,GRAPAS,0.5,ESPACIADO,,,,,,unidad_raw=CAJA | seccion=SECCION TERMINACION | precio_unitario_raw=12000.0 | total_raw=6000.0
10/03/2026 CAMA MINIMALISTA EL SOL 2*2,MDF DE 9,1.0,AREA,,,,,,unidad_raw=LAMINA | seccion=SECCION TERMINACION | precio_unitario_raw=140000.0 | total_raw=140000.0
10/03/2026 CAMA MINIMALISTA EL SOL 2*2,"TORNILLOS DE 2""",40.0,ESPACIADO,,,,,,unidad_raw=UNIDAD | seccion=SECCION TERMINACION | precio_unitario_raw=100.0 | total_raw=4000.0
10/03/2026 CAMA MINIMALISTA EL SOL 2*2,CLAVILLO,3.0,ESPACIADO,,,,,,unidad_raw=TIRA | seccion=SECCION TERMINACION | precio_unitario_raw=1000.0 | total_raw=3000.0
10/03/2026 CAMA MINIMALISTA EL SOL 2*2,HECHURA,1.0,FIJO,,,,,,unidad_raw=UNIDAD | seccion=SECCION TERMINACION | precio_unitario_raw=63000.0 | total_raw=63000.0
10/03/2026 CAMA MINIMALISTA EL SOL 2*2,SECCION TAPICERIA,1.0,FORMULA,,,,,,unidad_raw=MANO DE OBRA= TATI | seccion=SECCION TAPICERIA MANO DE OBRA= TATI
10/03/2026 CAMA MINIMALISTA EL SOL 2*2,TELA CABA PLATA,12.0,AREA,,,,,,unidad_raw=METROS | seccion=SECCION TAPICERIA MANO DE OBRA= TATI | precio_unitario_raw=18000.0 | total_raw=216000.0
10/03/2026 CAMA MINIMALISTA EL SOL 2*2,"ESPUMA 1/2"" ROSADA",0.5,AREA,,,,,,unidad_raw=LAMINA | seccion=SECCION TAPICERIA MANO DE OBRA= TATI | precio_unitario_raw=8000.0 | total_raw=4000.0
10/03/2026 CAMA MINIMALISTA EL SOL 2*2,GRAPAS,0.5,ESPACIADO,,,,,,unidad_raw=CAJA DE GRAPAS | seccion=SECCION TAPICERIA MANO DE OBRA= TATI | precio_unitario_raw=12000.0 | total_raw=6000.0
10/03/2026 CAMA MINIMALISTA EL SOL 2*2,RIATA,9.0,LINEAL,,,,,,unidad_raw=METROS | seccion=SECCION TAPICERIA MANO DE OBRA= TATI | precio_unitario_raw=1000.0 | total_raw=9000.0
10/03/2026 CAMA MINIMALISTA EL SOL 2*2,ESPUMA DE 1 1/2'' ROSADA,3.0,AREA,,,,,,unidad_raw=UNIDADES | seccion=SECCION TAPICERIA MANO DE OBRA= TATI | precio_unitario_raw=30000.0 | total_raw=90000.0
10/03/2026 CAMA MINIMALISTA EL SOL 2*2,ESPUMA 2 ROSADA,1.5,AREA,,,,,,unidad_raw=LAMINA | seccion=SECCION TAPICERIA MANO DE OBRA= TATI | precio_unitario_raw=48000.0 | total_raw=72000.0
10/03/2026 CAMA MINIMALISTA EL SOL 2*2,COSTAL,4.0,AREA,,,,,,unidad_raw=METROS | seccion=SECCION TAPICERIA MANO DE OBRA= TATI | precio_unitario_raw=4000.0 | total_raw=16000.0
10/03/2026 CAMA MINIMALISTA EL SOL 2*2,GUATA,4.0,FORMULA,,,,,,unidad_raw=UNIDAD | seccion=SECCION TAPICERIA MANO DE OBRA= TATI | precio_unitario_raw=19000.0 | total_raw=76000.0
10/03/2026 CAMA MINIMALISTA EL SOL 2*2,CASQUETES,18.0,FORMULA,,,,,,unidad_raw=UNIDAD | seccion=SECCION TAPICERIA MANO DE OBRA= TATI | precio_unitario_raw=100.0 | total_raw=1800.0
10/03/2026 CAMA MINIMALISTA EL SOL 2*2,COLA E RATA,6.0,LINEAL,,,,,,unidad_raw=METRO | seccion=SECCION TAPICERIA MANO DE OBRA= TATI | precio_unitario_raw=500.0 | total_raw=3000.0
10/03/2026 CAMA MINIMALISTA EL SOL 2*2,SUPER,1.0,VOLUMEN,,,,,,unidad_raw=LITRO | seccion=SECCION TAPICERIA MANO DE OBRA= TATI | precio_unitario_raw=19000.0 | total_raw=19000.0
10/03/2026 CAMA MINIMALISTA EL SOL 2*2,HECHURA,1.0,FIJO,,,,,,unidad_raw=CAMA | seccion=SECCION TAPICERIA MANO DE OBRA= TATI | precio_unitario_raw=210000.0 | total_raw=210000.0
18/03/2026 CAMA CADENETA SIN ESPEJO Y USB DE 1.60,MADERA,932.0,LINEAL,,,,,,unidad_raw=CMS | precio_unitario_raw=140.0 | total_raw=130480.0
18/03/2026 CAMA CADENETA SIN ESPEJO Y USB DE 1.60,"LAM MFF 9""",1.5,FORMULA,,,,,,unidad_raw=LAMINA | precio_unitario_raw=140000.0 | total_raw=210000.0
18/03/2026 CAMA CADENETA SIN ESPEJO Y USB DE 1.60,"LAM MDF 5,5""",2.0,AREA,,,,,,unidad_raw=LAMINA | precio_unitario_raw=140000.0 | total_raw=280000.0
18/03/2026 CAMA CADENETA SIN ESPEJO Y USB DE 1.60,LAM MDF 15,0.5,AREA,,,,,,unidad_raw=LAMINA | precio_unitario_raw=220000.0 | total_raw=110000.0
18/03/2026 CAMA CADENETA SIN ESPEJO Y USB DE 1.60,TABLA,1.0,FIJO,,,,,,"unidad_raw=30*31*2,5 | precio_unitario_raw=46500.0 | total_raw=46500.0"
18/03/2026 CAMA CADENETA SIN ESPEJO Y USB DE 1.60,LAM MDF 2.7,2.0,AREA,,,,,,unidad_raw=LAMINA | precio_unitario_raw=68000.0 | total_raw=136000.0
18/03/2026 CAMA CADENETA SIN ESPEJO Y USB DE 1.60,COLBON,1.0,VOLUMEN,,,,,,unidad_raw=litros | precio_unitario_raw=14000.0 | total_raw=14000.0
18/03/2026 CAMA CADENETA SIN ESPEJO Y USB DE 1.60,GANCHOS,1.0,FIJO,,,,,,unidad_raw=PAR | precio_unitario_raw=20000.0 | total_raw=20000.0
18/03/2026 CAMA CADENETA SIN ESPEJO Y USB DE 1.60,GRAPAS,0.5,ESPACIADO,,,,,,unidad_raw=CAJAS | precio_unitario_raw=12000.0 | total_raw=6000.0
18/03/2026 CAMA CADENETA SIN ESPEJO Y USB DE 1.60,CLAVILLOS,6.0,ESPACIADO,,,,,,unidad_raw=TIRA | precio_unitario_raw=1000.0 | total_raw=6000.0
18/03/2026 CAMA CADENETA SIN ESPEJO Y USB DE 1.60,"TORNILLOS DE 2""",80.0,ESPACIADO,,,,,,unidad_raw=Unidad | precio_unitario_raw=100.0 | total_raw=8000.0
18/03/2026 CAMA CADENETA SIN ESPEJO Y USB DE 1.60,FABRICACION 300.000 *5%,1.0,FORMULA,,,,,,total_raw=315000.0
18/03/2026 CAMA CADENETA SIN ESPEJO Y USB DE 1.60,gastos de Ebanisteria e 10%,1.0,FORMULA,,,,,,total_raw=128198.0
18/03/2026 CAMA CADENETA SIN ESPEJO Y USB DE 1.60,SECCION PINTURA,1.0,FORMULA,,,,,2 CABACEROS Y 6 PATAS,seccion=SECCION PINTURA 2 CABACEROS Y 6 PATAS
18/03/2026 CAMA CADENETA SIN ESPEJO Y USB DE 1.60,PREPARADO CABECERO,1.0,FIJO,,,,,,unidad_raw=CON EL 5% | seccion=SECCION PINTURA 2 CABACEROS Y 6 PATAS | precio_unitario_raw=31500.0 | total_raw=31500.0
18/03/2026 CAMA CADENETA SIN ESPEJO Y USB DE 1.60,PINTURA CABECERO,1.0,FIJO,,,,,,unidad_raw=CON EL 5% | seccion=SECCION PINTURA 2 CABACEROS Y 6 PATAS | precio_unitario_raw=21000.0 | total_raw=21000.0
18/03/2026 CAMA CADENETA SIN ESPEJO Y USB DE 1.60,PREPARADO PATAS,6.0,FORMULA,,,,,,unidad_raw=CON EL 5% | seccion=SECCION PINTURA 2 CABACEROS Y 6 PATAS | precio_unitario_raw=1050.0 | total_raw=6300.0
18/03/2026 CAMA CADENETA SIN ESPEJO Y USB DE 1.60,PINTURA PATAS,6.0,FORMULA,,,,,,unidad_raw=CON EL 5% | seccion=SECCION PINTURA 2 CABACEROS Y 6 PATAS | precio_unitario_raw=2100.0 | total_raw=12600.0
18/03/2026 CAMA CADENETA SIN ESPEJO Y USB DE 1.60,SELLADOR,2.0,VOLUMEN,,,,,,unidad_raw=PISTOLADAS | seccion=SECCION PINTURA 2 CABACEROS Y 6 PATAS | precio_unitario_raw=18000.0 | total_raw=36000.0
18/03/2026 CAMA CADENETA SIN ESPEJO Y USB DE 1.60,LIJA,1.0,FIJO,,,,,,unidad_raw=unidad | seccion=SECCION PINTURA 2 CABACEROS Y 6 PATAS | precio_unitario_raw=2000.0 | total_raw=2000.0
18/03/2026 CAMA CADENETA SIN ESPEJO Y USB DE 1.60,LIJA 2000,1.0,FIJO,,,,,,unidad_raw=UNIDAD | seccion=SECCION PINTURA 2 CABACEROS Y 6 PATAS | precio_unitario_raw=2000.0 | total_raw=2000.0
18/03/2026 CAMA CADENETA SIN ESPEJO Y USB DE 1.60,LIJA,0.5,FORMULA,,,,,,unidad_raw=unidades | seccion=SECCION PINTURA 2 CABACEROS Y 6 PATAS | precio_unitario_raw=2000.0 | total_raw=1000.0
18/03/2026 CAMA CADENETA SIN ESPEJO Y USB DE 1.60,COLOR GRIS HUMO,6.0,VOLUMEN,,,,,,unidad_raw=PISTOLADA | seccion=SECCION PINTURA 2 CABACEROS Y 6 PATAS | precio_unitario_raw=23000.0 | total_raw=138000.0
18/03/2026 CAMA CADENETA SIN ESPEJO Y USB DE 1.60,RESANE,1.0,VOLUMEN,,,,,,unidad_raw=LITRO | seccion=SECCION PINTURA 2 CABACEROS Y 6 PATAS | precio_unitario_raw=10000.0 | total_raw=10000.0
18/03/2026 CAMA CADENETA SIN ESPEJO Y USB DE 1.60,LACA,3.0,VOLUMEN,,,,,,unidad_raw=PISTOLADA | seccion=SECCION PINTURA 2 CABACEROS Y 6 PATAS | precio_unitario_raw=23000.0 | total_raw=69000.0
18/03/2026 CAMA CADENETA SIN ESPEJO Y USB DE 1.60,Gastos de Pintura 10%,1.0,FORMULA,,,,,,seccion=SECCION PINTURA 2 CABACEROS Y 6 PATAS | total_raw=32940.0
18/03/2026 CAMA CADENETA SIN ESPEJO Y USB DE 1.60,SECCION EBANISTERIA,1.0,FORMULA,,,,,NOCHEROS EN CRUDO,seccion=SECCION EBANISTERIA NOCHEROS EN CRUDO
18/03/2026 CAMA CADENETA SIN ESPEJO Y USB DE 1.60,MADERA,225.0,FORMULA,,,,,,seccion=SECCION EBANISTERIA NOCHEROS EN CRUDO | precio_unitario_raw=140.0 | total_raw=31500.0
18/03/2026 CAMA CADENETA SIN ESPEJO Y USB DE 1.60,"LAM MFF 9""",0.17,FORMULA,,,,,,"unidad_raw=PEDASO DE 1.20 X 0,40 | seccion=SECCION EBANISTERIA NOCHEROS EN CRUDO | precio_unitario_raw=140000.0 | total_raw=23800.0"
18/03/2026 CAMA CADENETA SIN ESPEJO Y USB DE 1.60,"LAM MDF 5,5""",0.27,AREA,,,,,,"unidad_raw=4 PEDASOS DE 38X0,45 | seccion=SECCION EBANISTERIA NOCHEROS EN CRUDO | precio_unitario_raw=140000.0 | total_raw=37800.0"
18/03/2026 CAMA CADENETA SIN ESPEJO Y USB DE 1.60,"LAM MDF 2,7",0.34,AREA,,,,,,"unidad_raw=1 PEDAZO DE 2,7X 1,83 | seccion=SECCION EBANISTERIA NOCHEROS EN CRUDO | precio_unitario_raw=68000.0 | total_raw=23120.0"
18/03/2026 CAMA CADENETA SIN ESPEJO Y USB DE 1.60,LAM MDF 15,0.2,AREA,,,,,,"unidad_raw=1 PEDASO DE 15X0,80X1,83 | seccion=SECCION EBANISTERIA NOCHEROS EN CRUDO | precio_unitario_raw=220000.0 | total_raw=44000.0"
18/03/2026 CAMA CADENETA SIN ESPEJO Y USB DE 1.60,COLBON,0.3,VOLUMEN,,,,,,unidad_raw=litros | seccion=SECCION EBANISTERIA NOCHEROS EN CRUDO | precio_unitario_raw=14000.0 | total_raw=4200.0
18/03/2026 CAMA CADENETA SIN ESPEJO Y USB DE 1.60,GRAPAS,0.5,ESPACIADO,,,,,,unidad_raw=CAJAS | seccion=SECCION EBANISTERIA NOCHEROS EN CRUDO | precio_unitario_raw=12000.0 | total_raw=6000.0
18/03/2026 CAMA CADENETA SIN ESPEJO Y USB DE 1.60,CLAVILLOS,8.0,ESPACIADO,,,,,,unidad_raw=TIRA | seccion=SECCION EBANISTERIA NOCHEROS EN CRUDO | precio_unitario_raw=1000.0 | total_raw=8000.0
18/03/2026 CAMA CADENETA SIN ESPEJO Y USB DE 1.60,"TORNILLOS DE 2""",30.0,ESPACIADO,,,,,,unidad_raw=Unidad | seccion=SECCION EBANISTERIA NOCHEROS EN CRUDO | precio_unitario_raw=100.0 | total_raw=3000.0
18/03/2026 CAMA CADENETA SIN ESPEJO Y USB DE 1.60,CORREDERAS 35 NORMAL,4.0,FORMULA,,,,,,unidad_raw=PARES | seccion=SECCION EBANISTERIA NOCHEROS EN CRUDO | precio_unitario_raw=10000.0 | total_raw=40000.0
18/03/2026 CAMA CADENETA SIN ESPEJO Y USB DE 1.60,CORREDERAS 35 PUSH,1.0,FIJO,,,,,,unidad_raw=PAR | seccion=SECCION EBANISTERIA NOCHEROS EN CRUDO | precio_unitario_raw=18000.0 | total_raw=18000.0
18/03/2026 CAMA CADENETA SIN ESPEJO Y USB DE 1.60,MANO DE OBRA 100.000 *5%,1.0,FORMULA,,,,,,seccion=SECCION EBANISTERIA NOCHEROS EN CRUDO | total_raw=210000.0
18/03/2026 CAMA CADENETA SIN ESPEJO Y USB DE 1.60,gastos de Ebanisteria e 10%,1.0,FORMULA,,,,,,seccion=SECCION EBANISTERIA NOCHEROS EN CRUDO | total_raw=44942.0
18/03/2026 CAMA CADENETA SIN ESPEJO Y USB DE 1.60,SECCION PINTURA,1.0,FORMULA,,,,,NOCHEROS,seccion=SECCION PINTURA NOCHEROS
18/03/2026 CAMA CADENETA SIN ESPEJO Y USB DE 1.60,PREPARADO,2.0,FORMULA,,,,,,unidad_raw=CON EL 5% | seccion=SECCION PINTURA NOCHEROS | precio_unitario_raw=36750.0 | total_raw=73500.0
18/03/2026 CAMA CADENETA SIN ESPEJO Y USB DE 1.60,PINTURA,2.0,FORMULA,,,,,,unidad_raw=CON EL 5% | seccion=SECCION PINTURA NOCHEROS | precio_unitario_raw=36750.0 | total_raw=73500.0
18/03/2026 CAMA CADENETA SIN ESPEJO Y USB DE 1.60,SELLADOR,4.0,VOLUMEN,,,,,,unidad_raw=PISTOLADAS | seccion=SECCION PINTURA NOCHEROS | precio_unitario_raw=18000.0 | total_raw=72000.0
18/03/2026 CAMA CADENETA SIN ESPEJO Y USB DE 1.60,lija 150,1.0,FIJO,,,,,,unidad_raw=unidad | seccion=SECCION PINTURA NOCHEROS | precio_unitario_raw=2000.0 | total_raw=2000.0
18/03/2026 CAMA CADENETA SIN ESPEJO Y USB DE 1.60,LIJA 400,1.0,FIJO,,,,,,unidad_raw=unidad | seccion=SECCION PINTURA NOCHEROS | precio_unitario_raw=2000.0 | total_raw=2000.0
18/03/2026 CAMA CADENETA SIN ESPEJO Y USB DE 1.60,lija 120,1.0,FIJO,,,,,,unidad_raw=unidades | seccion=SECCION PINTURA NOCHEROS | precio_unitario_raw=2000.0 | total_raw=2000.0
18/03/2026 CAMA CADENETA SIN ESPEJO Y USB DE 1.60,COLOR GRIS HUMO,1.5,VOLUMEN,,,,,,unidad_raw=PISTOLADA | seccion=SECCION PINTURA NOCHEROS | precio_unitario_raw=23000.0 | total_raw=34500.0
18/03/2026 CAMA CADENETA SIN ESPEJO Y USB DE 1.60,COLOR GRIS ALUMINIO,0.5,VOLUMEN,,,,,,unidad_raw=galon | seccion=SECCION PINTURA NOCHEROS | precio_unitario_raw=23000.0 | total_raw=11500.0
18/03/2026 CAMA CADENETA SIN ESPEJO Y USB DE 1.60,GASOLINA,0.5,VOLUMEN,,,,,,unidad_raw=LITRO | seccion=SECCION PINTURA NOCHEROS | precio_unitario_raw=5000.0 | total_raw=2500.0
18/03/2026 CAMA CADENETA SIN ESPEJO Y USB DE 1.60,RESANE,0.5,VOLUMEN,,,,,,unidad_raw=LITRO | seccion=SECCION PINTURA NOCHEROS | precio_unitario_raw=10000.0 | total_raw=5000.0
18/03/2026 CAMA CADENETA SIN ESPEJO Y USB DE 1.60,LACA,2.0,VOLUMEN,,,,,,unidad_raw=PISTOLADA | seccion=SECCION PINTURA NOCHEROS | precio_unitario_raw=22000.0 | total_raw=44000.0
18/03/2026 CAMA CADENETA SIN ESPEJO Y USB DE 1.60,Gastos de Pintura 10%,1.0,FORMULA,,,,,,seccion=SECCION PINTURA NOCHEROS | total_raw=32250.0
18/03/2026 CAMA CADENETA SIN ESPEJO Y USB DE 1.60,SISTEMA ELECTRICO,1.0,FIJO,,,,,,unidad_raw=MANO DE OBRA | seccion=SECCION TERMINACION | precio_unitario_raw=73500.0 | total_raw=73500.0
18/03/2026 CAMA CADENETA SIN ESPEJO Y USB DE 1.60,ROLLO DE LUZ LED,1.0,FIJO,,,,,,unidad_raw=ROLLO | seccion=SECCION TERMINACION | precio_unitario_raw=45000.0 | total_raw=45000.0
18/03/2026 CAMA CADENETA SIN ESPEJO Y USB DE 1.60,APAGADOR CAFETERO,1.0,FIJO,,,,,,unidad_raw=unidades | seccion=SECCION TERMINACION | precio_unitario_raw=2000.0 | total_raw=2000.0
18/03/2026 CAMA CADENETA SIN ESPEJO Y USB DE 1.60,CABLE,7.0,LINEAL,,,,,,unidad_raw=METROS | seccion=SECCION TERMINACION | precio_unitario_raw=1500.0 | total_raw=10500.0
18/03/2026 CAMA CADENETA SIN ESPEJO Y USB DE 1.60,TOMA EXPANDIBLE,1.0,FIJO,,,,,,unidad_raw=unidades | seccion=SECCION TERMINACION | precio_unitario_raw=260000.0 | total_raw=260000.0
18/03/2026 CAMA CADENETA SIN ESPEJO Y USB DE 1.60,EMBALADA,1.0,FIJO,,,,,,unidad_raw=unidades | seccion=SECCION TERMINACION | precio_unitario_raw=100000.0 | total_raw=100000.0
18/03/2026 CAMA CADENETA SIN ESPEJO Y USB DE 1.60,MADERA,639.0,LINEAL,,,,,,unidad_raw=CMS | seccion=SECCION TENDIDO | precio_unitario_raw=140.0 | total_raw=89460.0
18/03/2026 CAMA CADENETA SIN ESPEJO Y USB DE 1.60,lamina de 9 mdf,1.0,AREA,,,,,,unidad_raw=LAMINA | seccion=SECCION TENDIDO | precio_unitario_raw=140000.0 | total_raw=140000.0
18/03/2026 CAMA CADENETA SIN ESPEJO Y USB DE 1.60,"TORNILLOS DE 2""",40.0,ESPACIADO,,,,,,unidad_raw=UNIDAD | seccion=SECCION TENDIDO | precio_unitario_raw=100.0 | total_raw=4000.0
18/03/2026 CAMA CADENETA SIN ESPEJO Y USB DE 1.60,CLAVILLO f.50,3.0,ESPACIADO,,,,,,unidad_raw=TIRAS | seccion=SECCION TENDIDO | precio_unitario_raw=1000.0 | total_raw=3000.0
18/03/2026 CAMA CADENETA SIN ESPEJO Y USB DE 1.60,PEOPLE,4.2,LINEAL,,,,,,unidad_raw=METROS | seccion=SECCION TENDIDO | precio_unitario_raw=4000.0 | total_raw=16800.0
18/03/2026 CAMA CADENETA SIN ESPEJO Y USB DE 1.60,GRAPAS,0.5,ESPACIADO,,,,,,unidad_raw=CAJA DE GRAPAS | seccion=SECCION TENDIDO | precio_unitario_raw=12000.0 | total_raw=6000.0
18/03/2026 CAMA CADENETA SIN ESPEJO Y USB DE 1.60,HECHURA,1.0,FIJO,,,,,,unidad_raw=*5% | seccion=SECCION TENDIDO | precio_unitario_raw=63000.0 | total_raw=63000.0
18/03/2026 CAMA CADENETA SIN ESPEJO Y USB DE 1.60,postura,1.0,FIJO,,,,,,unidad_raw=PEOPLE | seccion=SECCION TENDIDO | precio_unitario_raw=10500.0 | total_raw=10500.0
18/03/2026 CAMA CADENETA SIN ESPEJO Y USB DE 1.60,TELA DILAN 10 GRIS,8.0,AREA,,,,,,unidad_raw=METROS | seccion=SECCION TAPICERIA | precio_unitario_raw=25000.0 | total_raw=200000.0
18/03/2026 CAMA CADENETA SIN ESPEJO Y USB DE 1.60,"ESPUMA DE 1""1/2 ROSADA",2.5,AREA,,,,,,unidad_raw=LAMINAS | seccion=SECCION TAPICERIA | precio_unitario_raw=30000.0 | total_raw=75000.0
18/03/2026 CAMA CADENETA SIN ESPEJO Y USB DE 1.60,GRAPAS,0.5,ESPACIADO,,,,,,unidad_raw=CAJA DE GRAPAS | seccion=SECCION TAPICERIA | precio_unitario_raw=12000.0 | total_raw=6000.0
18/03/2026 CAMA CADENETA SIN ESPEJO Y USB DE 1.60,"ESPUMA ROSADA 2""",1.5,AREA,,,,,,unidad_raw=LAMINA | seccion=SECCION TAPICERIA | precio_unitario_raw=48000.0 | total_raw=72000.0
18/03/2026 CAMA CADENETA SIN ESPEJO Y USB DE 1.60,"TORNILLOS DE 1"" 1/2",100.0,ESPACIADO,,,,,,unidad_raw=UNIDAD 0 | seccion=SECCION TAPICERIA | precio_unitario_raw=100.0 | total_raw=10000.0
18/03/2026 CAMA CADENETA SIN ESPEJO Y USB DE 1.60,HILO,1.0,FIJO,,,,,,unidad_raw=UNIIDAD | seccion=SECCION TAPICERIA | precio_unitario_raw=25000.0 | total_raw=25000.0
18/03/2026 CAMA CADENETA SIN ESPEJO Y USB DE 1.60,SUPER,1.0,VOLUMEN,,,,,,unidad_raw=LITRO | seccion=SECCION TAPICERIA | precio_unitario_raw=14000.0 | total_raw=14000.0
18/03/2026 CAMA CADENETA SIN ESPEJO Y USB DE 1.60,HECHURA,1.0,FIJO,,,,,,unidad_raw=TATI | seccion=SECCION TAPICERIA | precio_unitario_raw=210000.0 | total_raw=210000.0
26/03/20266 CAMA NAUTICA 2*2,MADERA,400.0,FORMULA,,,,,,unidad_raw=APAMATE | precio_unitario_raw=140.0 | total_raw=56000.0
26/03/20266 CAMA NAUTICA 2*2,"MDF DE 15""",0.25,AREA,,,,,,unidad_raw=LAMINA | precio_unitario_raw=220000.0 | total_raw=55000.0
26/03/20266 CAMA NAUTICA 2*2,"LAMINA DE 2.5""",1.25,AREA,,,,,,unidad_raw=LAMINA | precio_unitario_raw=65000.0 | total_raw=81250.0
26/03/20266 CAMA NAUTICA 2*2,LAMINA DE 9,0.75,AREA,,,,,,unidad_raw=Unidad | precio_unitario_raw=140000.0 | total_raw=105000.0
26/03/20266 CAMA NAUTICA 2*2,TABLA,0.5,FORMULA,,,,,,"unidad_raw=2,60*22*2,5 | precio_unitario_raw=28600.0 | total_raw=14300.0"
26/03/20266 CAMA NAUTICA 2*2,COLBON,1.5,VOLUMEN,,,,,,unidad_raw=LITROS | precio_unitario_raw=14000.0 | total_raw=21000.0
26/03/20266 CAMA NAUTICA 2*2,GRAPAS,0.5,ESPACIADO,,,,,,unidad_raw=CAJA DE GRAPAS | precio_unitario_raw=12000.0 | total_raw=6000.0
26/03/20266 CAMA NAUTICA 2*2,CLAVILLOS,8.0,ESPACIADO,,,,,,unidad_raw=TIRA | precio_unitario_raw=1000.0 | total_raw=8000.0
26/03/20266 CAMA NAUTICA 2*2,"TORNILLOS DE 2""",100.0,ESPACIADO,,,,,,unidad_raw=Unidad | precio_unitario_raw=100.0 | total_raw=10000.0
26/03/20266 CAMA NAUTICA 2*2,ebanisteria 300.000 x 5% de m.o,1.0,FORMULA,,,,,,total_raw=315000.0
26/03/20266 CAMA NAUTICA 2*2,gastos de Ebanisteria e 10%,1.0,FORMULA,,,,,,total_raw=67155.0
26/03/20266 CAMA NAUTICA 2*2,CORREDERAS,4.0,FORMULA,,,,,,unidad_raw=UNIDADES | precio_unitario_raw=10000.0 | total_raw=40000.0
26/03/20266 CAMA NAUTICA 2*2,SECCION PINTURA Y PREPARADA,1.0,FORMULA,,,,,DOS NOCHERO,seccion=SECCION PINTURA Y PREPARADA DOS NOCHERO
26/03/20266 CAMA NAUTICA 2*2,PREPARADO JOTA,2.0,FORMULA,,,,,,unidad_raw=CON EL 5% | seccion=SECCION PINTURA Y PREPARADA DOS NOCHERO | precio_unitario_raw=36750.0 | total_raw=73500.0
26/03/20266 CAMA NAUTICA 2*2,PINTURA ALEX,2.0,FORMULA,,,,,,unidad_raw=CON EL 5% | seccion=SECCION PINTURA Y PREPARADA DOS NOCHERO | precio_unitario_raw=36750.0 | total_raw=73500.0
26/03/20266 CAMA NAUTICA 2*2,SELLADOR,4.0,VOLUMEN,,,,,,unidad_raw=PISTOLADAS | seccion=SECCION PINTURA Y PREPARADA DOS NOCHERO | precio_unitario_raw=18000.0 | total_raw=72000.0
26/03/20266 CAMA NAUTICA 2*2,lija 150,0.5,FORMULA,,,,,,unidad_raw=unidades | seccion=SECCION PINTURA Y PREPARADA DOS NOCHERO | precio_unitario_raw=2000.0 | total_raw=1000.0
26/03/20266 CAMA NAUTICA 2*2,LIJA 400,0.5,FORMULA,,,,,,unidad_raw=unidades | seccion=SECCION PINTURA Y PREPARADA DOS NOCHERO | precio_unitario_raw=4000.0 | total_raw=2000.0
26/03/20266 CAMA NAUTICA 2*2,lija 120,1.0,FIJO,,,,,,unidad_raw=unidades | seccion=SECCION PINTURA Y PREPARADA DOS NOCHERO | precio_unitario_raw=2000.0 | total_raw=2000.0
26/03/20266 CAMA NAUTICA 2*2,COLOR GRIS,2.0,VOLUMEN,,,,,,unidad_raw=PISTOLADA | seccion=SECCION PINTURA Y PREPARADA DOS NOCHERO | precio_unitario_raw=22000.0 | total_raw=44000.0
26/03/20266 CAMA NAUTICA 2*2,GASOLINA,0.3,LINEAL,,,,,,unidad_raw=ML | seccion=SECCION PINTURA Y PREPARADA DOS NOCHERO | precio_unitario_raw=5000.0 | total_raw=1500.0
26/03/20266 CAMA NAUTICA 2*2,RESANE,0.5,VOLUMEN,,,,,,unidad_raw=LITRO | seccion=SECCION PINTURA Y PREPARADA DOS NOCHERO | precio_unitario_raw=20000.0 | total_raw=10000.0
26/03/20266 CAMA NAUTICA 2*2,LACA S/M,2.0,VOLUMEN,,,,,,unidad_raw=PISTOLADA | seccion=SECCION PINTURA Y PREPARADA DOS NOCHERO | precio_unitario_raw=23000.0 | total_raw=46000.0
26/03/20266 CAMA NAUTICA 2*2,Gastos de Pintura 10%,1.0,FORMULA,,,,,,seccion=SECCION PINTURA Y PREPARADA DOS NOCHERO | total_raw=32550.0
26/03/20266 CAMA NAUTICA 2*2,SECCION PINTURA Y PREPARADA,1.0,FORMULA,,,,,PATAS,seccion=SECCION PINTURA Y PREPARADA PATAS
26/03/20266 CAMA NAUTICA 2*2,PREPARADO JOTA,6.0,FORMULA,,,,,,unidad_raw=CON EL 5% | seccion=SECCION PINTURA Y PREPARADA PATAS | precio_unitario_raw=1050.0 | total_raw=6300.0
26/03/20266 CAMA NAUTICA 2*2,PINTURA ALEX,6.0,FORMULA,,,,,,unidad_raw=CON EL 5% | seccion=SECCION PINTURA Y PREPARADA PATAS | precio_unitario_raw=2100.0 | total_raw=12600.0
26/03/20266 CAMA NAUTICA 2*2,SELLADOR,0.3,VOLUMEN,,,,,,unidad_raw=PISTOLADAS | seccion=SECCION PINTURA Y PREPARADA PATAS | precio_unitario_raw=18000.0 | total_raw=5400.0
26/03/20266 CAMA NAUTICA 2*2,LIJA 400,0.5,FORMULA,,,,,,unidad_raw=unidades | seccion=SECCION PINTURA Y PREPARADA PATAS | precio_unitario_raw=2000.0 | total_raw=1000.0
26/03/20266 CAMA NAUTICA 2*2,lija 120,0.5,FORMULA,,,,,,unidad_raw=unidad | seccion=SECCION PINTURA Y PREPARADA PATAS | precio_unitario_raw=2000.0 | total_raw=1000.0
26/03/20266 CAMA NAUTICA 2*2,LACA SEMIMATE,0.3,VOLUMEN,,,,,,unidad_raw=GALON | seccion=SECCION PINTURA Y PREPARADA PATAS | precio_unitario_raw=23000.0 | total_raw=6900.0
26/03/20266 CAMA NAUTICA 2*2,COLOR NEGRA/BEIGE/GRIS,0.3,VOLUMEN,,,,,,unidad_raw=PISTOLADA | seccion=SECCION PINTURA Y PREPARADA PATAS | precio_unitario_raw=22000.0 | total_raw=6600.0
26/03/20266 CAMA NAUTICA 2*2,RESANE,0.5,VOLUMEN,,,,,,unidad_raw=LITRO | seccion=SECCION PINTURA Y PREPARADA PATAS | precio_unitario_raw=23000.0 | total_raw=11500.0
26/03/20266 CAMA NAUTICA 2*2,Gastos de Pintura 10%,1.0,FORMULA,,,,,,seccion=SECCION PINTURA Y PREPARADA PATAS | total_raw=5130.0
26/03/20266 CAMA NAUTICA 2*2,COLAPATO,1.0,FORMULA,,,,,,unidad_raw=2X7X5+1X7X5=105 | seccion=SECCION TERMINACION | precio_unitario_raw=35000.0 | total_raw=0.0
26/03/20266 CAMA NAUTICA 2*2,MULTIUSO,1.0,FORMULA,,,,,,unidad_raw=PAR | seccion=SECCION TERMINACION | precio_unitario_raw=6000.0 | total_raw=0.0
26/03/20266 CAMA NAUTICA 2*2,PATAS DE CAMAS,1.0,FIJO,,,,,,unidad_raw=unidades | seccion=SECCION TERMINACION | precio_unitario_raw=11000.0 | total_raw=0.0
26/03/20266 CAMA NAUTICA 2*2,TORNILLOS,1.0,FIJO,,,,,,unidad_raw=unidades | seccion=SECCION TERMINACION | precio_unitario_raw=100.0 | total_raw=0.0
26/03/20266 CAMA NAUTICA 2*2,EMBALADA,1.0,FIJO,,,,,,unidad_raw=unidades | seccion=SECCION TERMINACION | precio_unitario_raw=150000.0 | total_raw=150000.0
26/03/20266 CAMA NAUTICA 2*2,SECCION TENDIDO,1.0,FORMULA,,,,,,seccion=SECCION TERMINACION | total_raw=0.0
26/03/20266 CAMA NAUTICA 2*2,MADERA,639.0,FORMULA,,,,,,unidad_raw=APAMATE | seccion=SECCION TERMINACION | precio_unitario_raw=140.0 | total_raw=89460.0
26/03/20266 CAMA NAUTICA 2*2,PEOPE,4.2,LINEAL,,,,,,unidad_raw=METROS | seccion=SECCION TERMINACION | precio_unitario_raw=3500.0 | total_raw=14700.0
26/03/20266 CAMA NAUTICA 2*2,GRAPAS,0.5,ESPACIADO,,,,,,unidad_raw=CAJA | seccion=SECCION TERMINACION | precio_unitario_raw=12000.0 | total_raw=6000.0
26/03/20266 CAMA NAUTICA 2*2,MDF DE 9,1.0,AREA,,,,,,unidad_raw=LAMINA | seccion=SECCION TERMINACION | precio_unitario_raw=140000.0 | total_raw=140000.0
26/03/20266 CAMA NAUTICA 2*2,"TORNILLOS DE 2""",40.0,ESPACIADO,,,,,,unidad_raw=UNIDAD | seccion=SECCION TERMINACION | precio_unitario_raw=100.0 | total_raw=4000.0
26/03/20266 CAMA NAUTICA 2*2,CLAVILLO,3.0,ESPACIADO,,,,,,unidad_raw=TIRA | seccion=SECCION TERMINACION | precio_unitario_raw=1000.0 | total_raw=3000.0
26/03/20266 CAMA NAUTICA 2*2,HECHURA,1.0,FIJO,,,,,,unidad_raw=UNIDAD | seccion=SECCION TERMINACION | precio_unitario_raw=63000.0 | total_raw=63000.0
26/03/20266 CAMA NAUTICA 2*2,SECCION PINTURA Y PREPARADA,1.0,FORMULA,,,,,TENDIDOS,seccion=SECCION PINTURA Y PREPARADA TENDIDOS
26/03/20266 CAMA NAUTICA 2*2,PINTURA TENDIDOS,2.0,FORMULA,,,,,,unidad_raw=CON EL 5% | seccion=SECCION PINTURA Y PREPARADA TENDIDOS | precio_unitario_raw=6300.0 | total_raw=12600.0
26/03/20266 CAMA NAUTICA 2*2,COLOR NEGRO TENDIDOS,0.5,VOLUMEN,,,,,,unidad_raw=PISTOLADAS | seccion=SECCION PINTURA Y PREPARADA TENDIDOS | precio_unitario_raw=22000.0 | total_raw=11000.0
26/03/20266 CAMA NAUTICA 2*2,Gastos de Pintura 10%,1.0,FORMULA,,,,,,seccion=SECCION PINTURA Y PREPARADA TENDIDOS | total_raw=2360.0
26/03/20266 CAMA NAUTICA 2*2,TELA VARAD Y CORAL,13.0,AREA,,,,,,unidad_raw=METROS | seccion=SECCION TAPICERIA | precio_unitario_raw=39060.0 | total_raw=507780.0
26/03/20266 CAMA NAUTICA 2*2,"ESPUMA DE 1"" 1/2 ROSADA",2.5,AREA,,,,,,unidad_raw=LAMINA | seccion=SECCION TAPICERIA | precio_unitario_raw=30000.0 | total_raw=75000.0
26/03/20266 CAMA NAUTICA 2*2,"ESPUMA DE 2"" ROSADA",1.5,AREA,,,,,,unidad_raw=LAMINA | seccion=SECCION TAPICERIA | precio_unitario_raw=48000.0 | total_raw=72000.0
26/03/20266 CAMA NAUTICA 2*2,ESPUMA DE 1/2 ROSADA,0.5,AREA,,,,,,unidad_raw=LAMINA | seccion=SECCION TAPICERIA | precio_unitario_raw=8000.0 | total_raw=4000.0
26/03/20266 CAMA NAUTICA 2*2,GRAPAS,0.5,ESPACIADO,,,,,,unidad_raw=CAJA | seccion=SECCION TAPICERIA | precio_unitario_raw=12000.0 | total_raw=6000.0
26/03/20266 CAMA NAUTICA 2*2,SUPER,1.5,VOLUMEN,,,,,,unidad_raw=LITRO | seccion=SECCION TAPICERIA | precio_unitario_raw=17000.0 | total_raw=25500.0
26/03/20266 CAMA NAUTICA 2*2,CIERRE MAGICO,1.0,LINEAL,,,,,,unidad_raw=METRO | seccion=SECCION TAPICERIA | precio_unitario_raw=1000.0 | total_raw=1000.0
26/03/20266 CAMA NAUTICA 2*2,COSTAL,2.0,AREA,,,,,,unidad_raw=METROS | seccion=SECCION TAPICERIA | precio_unitario_raw=3000.0 | total_raw=6000.0
26/03/20266 CAMA NAUTICA 2*2,GUATA PRENSADA,0.5,LINEAL,,,,,,unidad_raw=MTS | seccion=SECCION TAPICERIA | precio_unitario_raw=15000.0 | total_raw=7500.0
26/03/20266 CAMA NAUTICA 2*2,HECHURA,1.0,FIJO,,,,,,seccion=SECCION TAPICERIA | precio_unitario_raw=210000.0 | total_raw=210000.0
2026-04-27 00:00:00,MADERA,1.0,FORMULA,,,,,,unidad_raw=CMS | precio_unitario_raw=140.0 | total_raw=0.0
2026-04-27 00:00:00,"LAM MFF 9""",1.0,FORMULA,,,,,,unidad_raw=LAMINA | precio_unitario_raw=140000.0 | total_raw=0.0
2026-04-27 00:00:00,"LAM MDF 5,5""",1.0,FORMULA,,,,,,unidad_raw=LAMINA | precio_unitario_raw=29114.0 | total_raw=0.0
2026-04-27 00:00:00,LAM MDF 2.7,1.0,FORMULA,,,,,,unidad_raw=LAMINA | precio_unitario_raw=65000.0 | total_raw=0.0
2026-04-27 00:00:00,COLBON,1.0,FORMULA,,,,,,unidad_raw=litros | precio_unitario_raw=14000.0 | total_raw=0.0
2026-04-27 00:00:00,GANCHOS,1.0,FIJO,,,,,,unidad_raw=PAR | precio_unitario_raw=20000.0 | total_raw=0.0
2026-04-27 00:00:00,GRAPAS,1.0,FIJO,,,,,,unidad_raw=CAJAS | precio_unitario_raw=12000.0 | total_raw=0.0
2026-04-27 00:00:00,CLAVILLOS,1.0,FIJO,,,,,,unidad_raw=TIRA | precio_unitario_raw=1000.0 | total_raw=0.0
2026-04-27 00:00:00,"TORNILLOS DE 2""",1.0,FIJO,,,,,,unidad_raw=Unidad | precio_unitario_raw=100.0 | total_raw=0.0
2026-04-27 00:00:00,FABRICACION *5%,1.0,FORMULA,,,,,,total_raw=1200000.0
2026-04-27 00:00:00,SECCION PINTURA,1.0,FORMULA,,,,,CAMA,seccion=SECCION PINTURA CAMA
2026-04-27 00:00:00,PREPARADO CAMA,1.0,FIJO,,,,,,unidad_raw=CON EL 5% | seccion=SECCION PINTURA CAMA | precio_unitario_raw=73000.0 | total_raw=73000.0
2026-04-27 00:00:00,PINTURA CAMA,1.0,FIJO,,,,,,unidad_raw=CON EL 5% | seccion=SECCION PINTURA CAMA | precio_unitario_raw=63000.0 | total_raw=63000.0
2026-04-27 00:00:00,PREPARADO,1.0,FORMULA,,,,,,unidad_raw=CON EL 5% | seccion=SECCION PINTURA CAMA | precio_unitario_raw=9450.0 | total_raw=0.0
2026-04-27 00:00:00,PINTURA,1.0,FORMULA,,,,,,unidad_raw=CON EL 5% | seccion=SECCION PINTURA CAMA | precio_unitario_raw=12600.0 | total_raw=0.0
2026-04-27 00:00:00,SELLADOR,2.0,VOLUMEN,,,,,,unidad_raw=PISTOLADAS | seccion=SECCION PINTURA CAMA | precio_unitario_raw=18000.0 | total_raw=36000.0
2026-04-27 00:00:00,LIJA,2.0,FORMULA,,,,,,unidad_raw=unidad | seccion=SECCION PINTURA CAMA | precio_unitario_raw=2000.0 | total_raw=4000.0
2026-04-27 00:00:00,LIJA 2000,1.0,FORMULA,,,,,,unidad_raw=UNIDAD | seccion=SECCION PINTURA CAMA | precio_unitario_raw=2000.0 | total_raw=0.0
2026-04-27 00:00:00,COLOR NACARADO,1.0,FORMULA,,,,,,unidad_raw=PISTOLADA | seccion=SECCION PINTURA CAMA | precio_unitario_raw=23000.0 | total_raw=0.0
2026-04-27 00:00:00,COLOR NMIEL,3.5,VOLUMEN,,,,,,unidad_raw=PISTOLADA | seccion=SECCION PINTURA CAMA | precio_unitario_raw=22000.0 | total_raw=77000.0
2026-04-27 00:00:00,RESANE,1.0,VOLUMEN,,,,,,unidad_raw=LITRO | seccion=SECCION PINTURA CAMA | precio_unitario_raw=10000.0 | total_raw=10000.0
2026-04-27 00:00:00,LACA,3.0,VOLUMEN,,,,,,unidad_raw=PISTOLADA | seccion=SECCION PINTURA CAMA | precio_unitario_raw=23000.0 | total_raw=69000.0
2026-04-27 00:00:00,Gastos de Pintura 10%,1.0,FORMULA,,,,,,seccion=SECCION PINTURA CAMA | total_raw=33200.0
2026-04-27 00:00:00,CORREDERAS,1.0,FIJO,,,,,,unidad_raw=UNIDADES | seccion=SECCION PINTURA CAMA | precio_unitario_raw=10000.0 | total_raw=0.0
2026-04-27 00:00:00,SECCION PINTURA,1.0,FORMULA,,,,,NOCHEROS,seccion=SECCION PINTURA NOCHEROS
2026-04-27 00:00:00,PREPARADO,1.0,FIJO,,,,,,unidad_raw=CON EL 5% | seccion=SECCION PINTURA NOCHEROS | precio_unitario_raw=36750.0 | total_raw=36750.0
2026-04-27 00:00:00,PINTURA,1.0,FIJO,,,,,,unidad_raw=CON EL 5% | seccion=SECCION PINTURA NOCHEROS | precio_unitario_raw=36750.0 | total_raw=36750.0
2026-04-27 00:00:00,SELLADOR,1.0,VOLUMEN,,,,,,unidad_raw=PISTOLADAS | seccion=SECCION PINTURA NOCHEROS | precio_unitario_raw=18000.0 | total_raw=18000.0
2026-04-27 00:00:00,LIJA 400,0.5,FORMULA,,,,,,unidad_raw=unidad | seccion=SECCION PINTURA NOCHEROS | precio_unitario_raw=2000.0 | total_raw=1000.0
2026-04-27 00:00:00,lija 120,1.0,FIJO,,,,,,unidad_raw=unidades | seccion=SECCION PINTURA NOCHEROS | precio_unitario_raw=2000.0 | total_raw=2000.0
2026-04-27 00:00:00,COLOR MIEL,1.5,VOLUMEN,,,,,,unidad_raw=PISTOLADAS | seccion=SECCION PINTURA NOCHEROS | precio_unitario_raw=22000.0 | total_raw=33000.0
2026-04-27 00:00:00,COLOR NACARADO,1.5,VOLUMEN,,,,,,unidad_raw=PISTOLADA | seccion=SECCION PINTURA NOCHEROS | precio_unitario_raw=23000.0 | total_raw=34500.0
2026-04-27 00:00:00,RESANE,0.3,VOLUMEN,,,,,,unidad_raw=LITRO | seccion=SECCION PINTURA NOCHEROS | precio_unitario_raw=10000.0 | total_raw=3000.0
2026-04-27 00:00:00,LACA,1.0,VOLUMEN,,,,,,unidad_raw=PISTOLADAS | seccion=SECCION PINTURA NOCHEROS | precio_unitario_raw=23000.0 | total_raw=23000.0
2026-04-27 00:00:00,Gastos de Pintura 10%,1.0,FORMULA,,,,,,seccion=SECCION PINTURA NOCHEROS | total_raw=18800.0
2026-04-27 00:00:00,DANIEL,1.0,FORMULA,,,,,,unidad_raw=MANO DE OBRA | seccion=SECCION TERMINACION | precio_unitario_raw=73500.0 | total_raw=0.0
2026-04-27 00:00:00,ESPEJO,1.0,FORMULA,,,,,,unidad_raw=50*80 | seccion=SECCION TERMINACION | precio_unitario_raw=45000.0 | total_raw=0.0
2026-04-27 00:00:00,APAGADOR CAFETERO,1.0,FORMULA,,,,,,unidad_raw=unidades | seccion=SECCION TERMINACION | precio_unitario_raw=2000.0 | total_raw=0.0
2026-04-27 00:00:00,CABLE,1.0,FORMULA,,,,,,unidad_raw=METROS | seccion=SECCION TERMINACION | precio_unitario_raw=1500.0 | total_raw=0.0
2026-04-27 00:00:00,TOMA EXPANDIBLE,1.0,FORMULA,,,,,,unidad_raw=unidades | seccion=SECCION TERMINACION | precio_unitario_raw=260000.0 | total_raw=0.0
2026-04-27 00:00:00,EMBALADA,1.0,FIJO,,,,,,unidad_raw=unidades | seccion=SECCION TERMINACION | precio_unitario_raw=100000.0 | total_raw=100000.0
2026-04-27 00:00:00,MADERA,693.0,LINEAL,,,,,,unidad_raw=CMS | seccion=SECCION TENDIDO | precio_unitario_raw=140.0 | total_raw=97020.0
2026-04-27 00:00:00,lamina de 2.5 mdf,1.0,FORMULA,,,,,,unidad_raw=LAMINA | seccion=SECCION TENDIDO | precio_unitario_raw=65000.0 | total_raw=0.0
2026-04-27 00:00:00,COLBON,0.5,VOLUMEN,,,,,,unidad_raw=LITRO | seccion=SECCION TENDIDO | precio_unitario_raw=14000.0 | total_raw=7000.0
2026-04-27 00:00:00,CLAVILLO f.50,3.0,ESPACIADO,,,,,,unidad_raw=TIRAS | seccion=SECCION TENDIDO | precio_unitario_raw=1000.0 | total_raw=3000.0
2026-04-27 00:00:00,MANIJAS,1.0,FORMULA,,,,,,unidad_raw=METROS | seccion=SECCION TENDIDO | precio_unitario_raw=10000.0 | total_raw=0.0
2026-04-27 00:00:00,GRAPAS,0.1,ESPACIADO,,,,,,unidad_raw=CAJA DE GRAPAS | seccion=SECCION TENDIDO | precio_unitario_raw=12000.0 | total_raw=1200.0
2026-04-27 00:00:00,HECHURA BURRO,1.0,FIJO,,,,,,unidad_raw=*5% | seccion=SECCION TENDIDO | precio_unitario_raw=42000.0 | total_raw=0.0
2026-04-27 00:00:00,HECHURA TENDIDO,1.0,FIJO,,,,,,unidad_raw=*5% | seccion=SECCION TENDIDO | precio_unitario_raw=52500.0 | total_raw=52500.0
2026-04-27 00:00:00,postura,1.0,FIJO,,,,,,unidad_raw=PEOPLE | seccion=SECCION TENDIDO | precio_unitario_raw=10500.0 | total_raw=10500.0
2026-04-27 00:00:00,MANIJAS,2.0,FORMULA,,,,,,unidad_raw=UNIDADES | seccion=SECCION TERMINACION | precio_unitario_raw=10000.0 | total_raw=20000.0
2026-04-27 00:00:00,"ESPUMA DE 1""1/2 ROSADA",1.0,FORMULA,,,,,,unidad_raw=LAMINAS | seccion=SECCION TERMINACION | precio_unitario_raw=30000.0 | total_raw=0.0
2026-04-27 00:00:00,TRASPORTE,1.0,LINEAL,,,,,,unidad_raw=METRO | seccion=SECCION TERMINACION | precio_unitario_raw=125000.0 | total_raw=125000.0
2026-04-27 00:00:00,GRAPAS,1.0,FIJO,,,,,,unidad_raw=CAJA | seccion=SECCION TERMINACION | precio_unitario_raw=12000.0 | total_raw=0.0
2026-04-27 00:00:00,"TORNILLOS DE 1"" 1/2",1.0,FIJO,,,,,,unidad_raw=UNIDAD 0 | seccion=SECCION TERMINACION | precio_unitario_raw=100.0 | total_raw=0.0
2026-04-27 00:00:00,HILO,1.0,FORMULA,,,,,,unidad_raw=UNIIDAD | seccion=SECCION TERMINACION | precio_unitario_raw=25000.0 | total_raw=0.0
2026-04-27 00:00:00,SUPER,1.0,FORMULA,,,,,,unidad_raw=LITRO | seccion=SECCION TERMINACION | precio_unitario_raw=17000.0 | total_raw=0.0
2026-04-27 00:00:00,CARTON,1.0,FORMULA,,,,,,unidad_raw=UNIDAD | seccion=SECCION TERMINACION | precio_unitario_raw=6000.0 | total_raw=0.0
2026-04-27 00:00:00,HECHURA,1.0,FIJO,,,,,,unidad_raw=TATI | seccion=SECCION TERMINACION | precio_unitario_raw=210000.0 | total_raw=0.0
8//05/2026 CAMA DE 1 METRO CON SU BUTACO Y NOCHERO,MADERA,1384.0,LINEAL,,,,,,unidad_raw=CMS | precio_unitario_raw=140.0 | total_raw=193760.0
8//05/2026 CAMA DE 1 METRO CON SU BUTACO Y NOCHERO,"LAM MFF 9""",1.0,FIJO,,,,,,unidad_raw=LAMINA | precio_unitario_raw=140000.0 | total_raw=140000.0
8//05/2026 CAMA DE 1 METRO CON SU BUTACO Y NOCHERO,"LAM MDF 5,5""",1.0,FORMULA,,,,,,unidad_raw=LAMINA | precio_unitario_raw=130000.0 | total_raw=0.0
8//05/2026 CAMA DE 1 METRO CON SU BUTACO Y NOCHERO,LAM MDF 2.7,1.0,FORMULA,,,,,,unidad_raw=LAMINA | precio_unitario_raw=65000.0 | total_raw=0.0
8//05/2026 CAMA DE 1 METRO CON SU BUTACO Y NOCHERO,TABLA DE PINO,1.0,FIJO,,,,,,unidad_raw=3*31*25 | precio_unitario_raw=50000.0 | total_raw=50000.0
8//05/2026 CAMA DE 1 METRO CON SU BUTACO Y NOCHERO,COLBON,1.0,VOLUMEN,,,,,,unidad_raw=litros | precio_unitario_raw=14000.0 | total_raw=14000.0
8//05/2026 CAMA DE 1 METRO CON SU BUTACO Y NOCHERO,GANCHOS,1.0,FIJO,,,,,,unidad_raw=PAR | precio_unitario_raw=20000.0 | total_raw=20000.0
8//05/2026 CAMA DE 1 METRO CON SU BUTACO Y NOCHERO,GRAPAS,0.25,ESPACIADO,,,,,,unidad_raw=CAJAS | precio_unitario_raw=12000.0 | total_raw=3000.0
8//05/2026 CAMA DE 1 METRO CON SU BUTACO Y NOCHERO,CLAVILLOS,7.0,ESPACIADO,,,,,,unidad_raw=TIRA | precio_unitario_raw=1000.0 | total_raw=7000.0
8//05/2026 CAMA DE 1 METRO CON SU BUTACO Y NOCHERO,"TORNILLOS DE 2""",80.0,ESPACIADO,,,,,,unidad_raw=Unidad | precio_unitario_raw=100.0 | total_raw=8000.0
8//05/2026 CAMA DE 1 METRO CON SU BUTACO Y NOCHERO,FABRICACION 432000 *5%,1.0,FORMULA,,,,,,total_raw=324000.0
8//05/2026 CAMA DE 1 METRO CON SU BUTACO Y NOCHERO,gastos de Ebanisteria e 10%,1.0,FORMULA,,,,,,total_raw=75976.0
8//05/2026 CAMA DE 1 METRO CON SU BUTACO Y NOCHERO,SECCION PINTURA,1.0,FORMULA,,,,,CAMA,seccion=SECCION PINTURA CAMA
8//05/2026 CAMA DE 1 METRO CON SU BUTACO Y NOCHERO,PREPARADO CAMA,0.5,FORMULA,,,,,,unidad_raw=CON EL 5% | seccion=SECCION PINTURA CAMA | precio_unitario_raw=73500.0 | total_raw=36750.0
8//05/2026 CAMA DE 1 METRO CON SU BUTACO Y NOCHERO,PINTURA CAMA,0.5,FORMULA,,,,,,unidad_raw=CON EL 5% | seccion=SECCION PINTURA CAMA | precio_unitario_raw=63000.0 | total_raw=31500.0
8//05/2026 CAMA DE 1 METRO CON SU BUTACO Y NOCHERO,PREPARADO BURRO,1.0,FORMULA,,,,,,unidad_raw=CON EL 5% | seccion=SECCION PINTURA CAMA | precio_unitario_raw=9450.0 | total_raw=0.0
8//05/2026 CAMA DE 1 METRO CON SU BUTACO Y NOCHERO,PINTURA BURRO,1.0,FORMULA,,,,,,unidad_raw=CON EL 5% | seccion=SECCION PINTURA CAMA | precio_unitario_raw=12600.0 | total_raw=0.0
8//05/2026 CAMA DE 1 METRO CON SU BUTACO Y NOCHERO,SELLADOR,1.5,VOLUMEN,,,,,,unidad_raw=PISTOLADAS | seccion=SECCION PINTURA CAMA | precio_unitario_raw=18000.0 | total_raw=27000.0
8//05/2026 CAMA DE 1 METRO CON SU BUTACO Y NOCHERO,LIJA,2.0,FORMULA,,,,,,unidad_raw=unidad | seccion=SECCION PINTURA CAMA | precio_unitario_raw=2000.0 | total_raw=4000.0
8//05/2026 CAMA DE 1 METRO CON SU BUTACO Y NOCHERO,LIJA 2000,1.0,FORMULA,,,,,,unidad_raw=UNIDAD | seccion=SECCION PINTURA CAMA | precio_unitario_raw=2000.0 | total_raw=0.0
8//05/2026 CAMA DE 1 METRO CON SU BUTACO Y NOCHERO,COLOR NACARADO,1.5,VOLUMEN,,,,,,unidad_raw=PISTOLADA | seccion=SECCION PINTURA CAMA | precio_unitario_raw=23000.0 | total_raw=34500.0
8//05/2026 CAMA DE 1 METRO CON SU BUTACO Y NOCHERO,COLOR,1.0,FORMULA,,,,,,unidad_raw=PISTOLADA | seccion=SECCION PINTURA CAMA | precio_unitario_raw=22000.0 | total_raw=0.0
8//05/2026 CAMA DE 1 METRO CON SU BUTACO Y NOCHERO,RESANE,1.0,VOLUMEN,,,,,,unidad_raw=LITRO | seccion=SECCION PINTURA CAMA | precio_unitario_raw=10000.0 | total_raw=10000.0
8//05/2026 CAMA DE 1 METRO CON SU BUTACO Y NOCHERO,LACA,1.5,VOLUMEN,,,,,,unidad_raw=PISTOLADA | seccion=SECCION PINTURA CAMA | precio_unitario_raw=23000.0 | total_raw=34500.0
8//05/2026 CAMA DE 1 METRO CON SU BUTACO Y NOCHERO,Gastos de Pintura 10%,1.0,FORMULA,,,,,,seccion=SECCION PINTURA CAMA | total_raw=17825.0
8//05/2026 CAMA DE 1 METRO CON SU BUTACO Y NOCHERO,CORREDERAS,1.0,FIJO,,,,,,unidad_raw=UNIDADES | seccion=SECCION PINTURA CAMA | precio_unitario_raw=30000.0 | total_raw=0.0
8//05/2026 CAMA DE 1 METRO CON SU BUTACO Y NOCHERO,SECCION PINTURA,1.0,FORMULA,,,,,NOCHEROS,seccion=SECCION PINTURA NOCHEROS
8//05/2026 CAMA DE 1 METRO CON SU BUTACO Y NOCHERO,PREPARADO,1.0,FIJO,,,,,,unidad_raw=CON EL 5% | seccion=SECCION PINTURA NOCHEROS | precio_unitario_raw=36750.0 | total_raw=36750.0
8//05/2026 CAMA DE 1 METRO CON SU BUTACO Y NOCHERO,PINTURA,1.0,FIJO,,,,,,unidad_raw=CON EL 5% | seccion=SECCION PINTURA NOCHEROS | precio_unitario_raw=36750.0 | total_raw=36750.0
8//05/2026 CAMA DE 1 METRO CON SU BUTACO Y NOCHERO,SELLADOR,1.0,VOLUMEN,,,,,,unidad_raw=PISTOLADAS | seccion=SECCION PINTURA NOCHEROS | precio_unitario_raw=18000.0 | total_raw=18000.0
8//05/2026 CAMA DE 1 METRO CON SU BUTACO Y NOCHERO,LIJA 400,1.0,FIJO,,,,,,unidad_raw=unidad | seccion=SECCION PINTURA NOCHEROS | precio_unitario_raw=2000.0 | total_raw=2000.0
8//05/2026 CAMA DE 1 METRO CON SU BUTACO Y NOCHERO,lija 120,1.0,FIJO,,,,,,unidad_raw=unidades | seccion=SECCION PINTURA NOCHEROS | precio_unitario_raw=2000.0 | total_raw=2000.0
8//05/2026 CAMA DE 1 METRO CON SU BUTACO Y NOCHERO,COLOR BGRIS,1.0,VOLUMEN,,,,,,unidad_raw=PISTOLADAS | seccion=SECCION PINTURA NOCHEROS | precio_unitario_raw=22000.0 | total_raw=22000.0
8//05/2026 CAMA DE 1 METRO CON SU BUTACO Y NOCHERO,COLOR NACARADO,1.0,FORMULA,,,,,,unidad_raw=PISTOLADA | seccion=SECCION PINTURA NOCHEROS | precio_unitario_raw=23000.0 | total_raw=0.0
8//05/2026 CAMA DE 1 METRO CON SU BUTACO Y NOCHERO,RESANE,1.0,VOLUMEN,,,,,,unidad_raw=LITRO | seccion=SECCION PINTURA NOCHEROS | precio_unitario_raw=10000.0 | total_raw=10000.0
8//05/2026 CAMA DE 1 METRO CON SU BUTACO Y NOCHERO,LACA,1.0,VOLUMEN,,,,,,unidad_raw=PISTOLADAS | seccion=SECCION PINTURA NOCHEROS | precio_unitario_raw=23000.0 | total_raw=23000.0
8//05/2026 CAMA DE 1 METRO CON SU BUTACO Y NOCHERO,Gastos de Pintura 10%,1.0,FORMULA,,,,,,seccion=SECCION PINTURA NOCHEROS | total_raw=15050.0
8//05/2026 CAMA DE 1 METRO CON SU BUTACO Y NOCHERO,MANILLAS,2.0,FORMULA,,,,,,unidad_raw=UNIDAD | seccion=SECCION TERMINACION | precio_unitario_raw=10000.0 | total_raw=20000.0
8//05/2026 CAMA DE 1 METRO CON SU BUTACO Y NOCHERO,TORNILLOS,4.0,ESPACIADO,,,,,,unidad_raw=UNIDAD | seccion=SECCION TERMINACION | precio_unitario_raw=100.0 | total_raw=400.0
8//05/2026 CAMA DE 1 METRO CON SU BUTACO Y NOCHERO,SAMBLASTIADA DEL ESPEJO,1.0,FORMULA,,,,,,unidad_raw=unidades | seccion=SECCION TERMINACION | precio_unitario_raw=250000.0 | total_raw=0.0
8//05/2026 CAMA DE 1 METRO CON SU BUTACO Y NOCHERO,BUTACO,1.0,FIJO,,,,,,unidad_raw=UNIDAD | seccion=SECCION TERMINACION | precio_unitario_raw=295200.0 | total_raw=295200.0
8//05/2026 CAMA DE 1 METRO CON SU BUTACO Y NOCHERO,TOMA EXPANDIBLE,1.0,FORMULA,,,,,,unidad_raw=unidades | seccion=SECCION TERMINACION | precio_unitario_raw=260000.0 | total_raw=0.0
8//05/2026 CAMA DE 1 METRO CON SU BUTACO Y NOCHERO,EMBALADA,1.0,FIJO,,,,,,unidad_raw=unidades | seccion=SECCION TERMINACION | precio_unitario_raw=100000.0 | total_raw=100000.0
8//05/2026 CAMA DE 1 METRO CON SU BUTACO Y NOCHERO,MADERA,800.0,LINEAL,,,,,,unidad_raw=CMS | seccion=SECCION TENDIDO | precio_unitario_raw=140.0 | total_raw=112000.0
8//05/2026 CAMA DE 1 METRO CON SU BUTACO Y NOCHERO,lamina de 9mdf,0.5,AREA,,,,,,unidad_raw=LAMINA | seccion=SECCION TENDIDO | precio_unitario_raw=140000.0 | total_raw=70000.0
8//05/2026 CAMA DE 1 METRO CON SU BUTACO Y NOCHERO,COLBON,0.3,VOLUMEN,,,,,,unidad_raw=LITRO | seccion=SECCION TENDIDO | precio_unitario_raw=14000.0 | total_raw=4200.0
8//05/2026 CAMA DE 1 METRO CON SU BUTACO Y NOCHERO,CLAVILLO f.50,3.0,ESPACIADO,,,,,,unidad_raw=TIRAS | seccion=SECCION TENDIDO | precio_unitario_raw=1000.0 | total_raw=3000.0
8//05/2026 CAMA DE 1 METRO CON SU BUTACO Y NOCHERO,PEOPLE,3.2,LINEAL,,,,,,unidad_raw=METROS | seccion=SECCION TENDIDO | precio_unitario_raw=4000.0 | total_raw=12800.0
8//05/2026 CAMA DE 1 METRO CON SU BUTACO Y NOCHERO,TORNILLOS,40.0,ESPACIADO,,,,,,unidad_raw=UNIDAD | seccion=SECCION TENDIDO | precio_unitario_raw=100.0 | total_raw=4000.0
8//05/2026 CAMA DE 1 METRO CON SU BUTACO Y NOCHERO,HECHURA BURRO,1.0,FIJO,,,,,,unidad_raw=*5% | seccion=SECCION TENDIDO | precio_unitario_raw=42000.0 | total_raw=0.0
8//05/2026 CAMA DE 1 METRO CON SU BUTACO Y NOCHERO,HECHURA TENDIDO,1.0,FIJO,,,,,,unidad_raw=*5% | seccion=SECCION TENDIDO | precio_unitario_raw=54000.0 | total_raw=54000.0
8//05/2026 CAMA DE 1 METRO CON SU BUTACO Y NOCHERO,postura,1.0,FIJO,,,,,,unidad_raw=PEOPLE | seccion=SECCION TENDIDO | precio_unitario_raw=10500.0 | total_raw=10500.0
8//05/2026 CAMA DE 1 METRO CON SU BUTACO Y NOCHERO,TELA,4.0,AREA,,,,,,unidad_raw=METROS | seccion=SECCION TAPICERIA | precio_unitario_raw=30000.0 | total_raw=120000.0
8//05/2026 CAMA DE 1 METRO CON SU BUTACO Y NOCHERO,"ESPUMA DE 1""1/2 ROSADA",1.0,FORMULA,,,,,,unidad_raw=LAMINAS | seccion=SECCION TAPICERIA | precio_unitario_raw=30000.0 | total_raw=0.0
8//05/2026 CAMA DE 1 METRO CON SU BUTACO Y NOCHERO,ESPUMA DE 2 PULGADAS,1.0,AREA,,,,,,unidad_raw=LAMINA | seccion=SECCION TAPICERIA | precio_unitario_raw=48000.0 | total_raw=48000.0
8//05/2026 CAMA DE 1 METRO CON SU BUTACO Y NOCHERO,COSTAL,2.0,AREA,,,,,,unidad_raw=METRO | seccion=SECCION TAPICERIA | precio_unitario_raw=3500.0 | total_raw=7000.0
8//05/2026 CAMA DE 1 METRO CON SU BUTACO Y NOCHERO,GRAPAS,0.5,ESPACIADO,,,,,,unidad_raw=CAJA | seccion=SECCION TAPICERIA | precio_unitario_raw=12000.0 | total_raw=6000.0
8//05/2026 CAMA DE 1 METRO CON SU BUTACO Y NOCHERO,"TORNILLOS DE 1"" 1/2",1.0,FIJO,,,,,,unidad_raw=UNIDAD 0 | seccion=SECCION TAPICERIA | precio_unitario_raw=100.0 | total_raw=0.0
8//05/2026 CAMA DE 1 METRO CON SU BUTACO Y NOCHERO,COLARATA,3.0,FORMULA,,,,,,unidad_raw=UNIIDAD | seccion=SECCION TAPICERIA | precio_unitario_raw=1000.0 | total_raw=3000.0
8//05/2026 CAMA DE 1 METRO CON SU BUTACO Y NOCHERO,SUPER,0.5,VOLUMEN,,,,,,unidad_raw=LITRO | seccion=SECCION TAPICERIA | precio_unitario_raw=19000.0 | total_raw=9500.0
8//05/2026 CAMA DE 1 METRO CON SU BUTACO Y NOCHERO,TORNILLOS DE 2,1.0,FIJO,,,,,,unidad_raw=UNIDAD | seccion=SECCION TAPICERIA | precio_unitario_raw=100.0 | total_raw=0.0
8//05/2026 CAMA DE 1 METRO CON SU BUTACO Y NOCHERO,HECHURA,1.0,FIJO,,,,,,unidad_raw=TATI | seccion=SECCION TAPICERIA | precio_unitario_raw=157500.0 | total_raw=157500.0
8//05/2026 CAMA CLASICO EN BEMGUEY,MADERA,1384.0,LINEAL,,,,,,unidad_raw=CMS | precio_unitario_raw=140.0 | total_raw=193760.0
8//05/2026 CAMA CLASICO EN BEMGUEY,"LAM MFF 9""",0.5,FORMULA,,,,,,unidad_raw=LAMINA | precio_unitario_raw=140000.0 | total_raw=70000.0
8//05/2026 CAMA CLASICO EN BEMGUEY,"LAM MDF 5,5""",2.0,AREA,,,,,,unidad_raw=LAMINA | precio_unitario_raw=130000.0 | total_raw=260000.0
8//05/2026 CAMA CLASICO EN BEMGUEY,LAM MDF 2.7,1.0,FORMULA,,,,,,unidad_raw=LAMINA | precio_unitario_raw=65000.0 | total_raw=0.0
8//05/2026 CAMA CLASICO EN BEMGUEY,TABLA DE PINO,1.0,FIJO,,,,,,unidad_raw=3*31*25 | precio_unitario_raw=50000.0 | total_raw=50000.0
8//05/2026 CAMA CLASICO EN BEMGUEY,COLBON,1.0,VOLUMEN,,,,,,unidad_raw=litros | precio_unitario_raw=14000.0 | total_raw=14000.0
8//05/2026 CAMA CLASICO EN BEMGUEY,GANCHOS,1.0,FIJO,,,,,,unidad_raw=PAR | precio_unitario_raw=20000.0 | total_raw=20000.0
8//05/2026 CAMA CLASICO EN BEMGUEY,GRAPAS,0.25,ESPACIADO,,,,,,unidad_raw=CAJAS | precio_unitario_raw=12000.0 | total_raw=3000.0
8//05/2026 CAMA CLASICO EN BEMGUEY,CLAVILLOS,7.0,ESPACIADO,,,,,,unidad_raw=TIRA | precio_unitario_raw=1000.0 | total_raw=7000.0
8//05/2026 CAMA CLASICO EN BEMGUEY,"TORNILLOS DE 2""",80.0,ESPACIADO,,,,,,unidad_raw=Unidad | precio_unitario_raw=100.0 | total_raw=8000.0
8//05/2026 CAMA CLASICO EN BEMGUEY,FABRICACION 432000 *5%,1.0,FORMULA,,,,,,total_raw=432000.0
8//05/2026 CAMA CLASICO EN BEMGUEY,gastos de Ebanisteria e 10%,1.0,FORMULA,,,,,,total_raw=105776.0
8//05/2026 CAMA CLASICO EN BEMGUEY,SECCION PINTURA,1.0,FORMULA,,,,,CAMA,seccion=SECCION PINTURA CAMA
8//05/2026 CAMA CLASICO EN BEMGUEY,PREPARADO CAMA,1.0,FIJO,,,,,,unidad_raw=CON EL 5% | seccion=SECCION PINTURA CAMA | precio_unitario_raw=73500.0 | total_raw=73500.0
8//05/2026 CAMA CLASICO EN BEMGUEY,PINTURA CAMA,1.0,FIJO,,,,,,unidad_raw=CON EL 5% | seccion=SECCION PINTURA CAMA | precio_unitario_raw=63000.0 | total_raw=63000.0
8//05/2026 CAMA CLASICO EN BEMGUEY,PREPARADO BURRO,1.0,FORMULA,,,,,,unidad_raw=CON EL 5% | seccion=SECCION PINTURA CAMA | precio_unitario_raw=9450.0 | total_raw=0.0
8//05/2026 CAMA CLASICO EN BEMGUEY,PINTURA BURRO,1.0,FORMULA,,,,,,unidad_raw=CON EL 5% | seccion=SECCION PINTURA CAMA | precio_unitario_raw=12600.0 | total_raw=0.0
8//05/2026 CAMA CLASICO EN BEMGUEY,SELLADOR,3.0,VOLUMEN,,,,,,unidad_raw=PISTOLADAS | seccion=SECCION PINTURA CAMA | precio_unitario_raw=18000.0 | total_raw=54000.0
8//05/2026 CAMA CLASICO EN BEMGUEY,LIJA,4.0,FORMULA,,,,,,unidad_raw=unidad | seccion=SECCION PINTURA CAMA | precio_unitario_raw=2000.0 | total_raw=8000.0
8//05/2026 CAMA CLASICO EN BEMGUEY,LIJA 2000,1.0,FORMULA,,,,,,unidad_raw=UNIDAD | seccion=SECCION PINTURA CAMA | precio_unitario_raw=2000.0 | total_raw=0.0
8//05/2026 CAMA CLASICO EN BEMGUEY,COLOR BEGUEY,3.0,VOLUMEN,,,,,,unidad_raw=PISTOLADA | seccion=SECCION PINTURA CAMA | precio_unitario_raw=23000.0 | total_raw=69000.0
8//05/2026 CAMA CLASICO EN BEMGUEY,COLOR,1.0,FORMULA,,,,,,unidad_raw=PISTOLADA | seccion=SECCION PINTURA CAMA | precio_unitario_raw=22000.0 | total_raw=0.0
8//05/2026 CAMA CLASICO EN BEMGUEY,RESANE,1.0,VOLUMEN,,,,,,unidad_raw=LITRO | seccion=SECCION PINTURA CAMA | precio_unitario_raw=10000.0 | total_raw=10000.0
8//05/2026 CAMA CLASICO EN BEMGUEY,LACA,3.0,VOLUMEN,,,,,,unidad_raw=PISTOLADA | seccion=SECCION PINTURA CAMA | precio_unitario_raw=23000.0 | total_raw=69000.0
8//05/2026 CAMA CLASICO EN BEMGUEY,Gastos de Pintura 10%,1.0,FORMULA,,,,,,seccion=SECCION PINTURA CAMA | total_raw=34650.0
8//05/2026 CAMA CLASICO EN BEMGUEY,CORREDERAS,1.0,FIJO,,,,,,unidad_raw=UNIDADES | seccion=SECCION PINTURA CAMA | precio_unitario_raw=30000.0 | total_raw=0.0
8//05/2026 CAMA CLASICO EN BEMGUEY,SECCION PINTURA,1.0,FORMULA,,,,,NOCHEROS,seccion=SECCION PINTURA NOCHEROS
8//05/2026 CAMA CLASICO EN BEMGUEY,PREPARADO,2.0,FORMULA,,,,,,unidad_raw=CON EL 5% | seccion=SECCION PINTURA NOCHEROS | precio_unitario_raw=36750.0 | total_raw=73500.0
8//05/2026 CAMA CLASICO EN BEMGUEY,PINTURA,2.0,FORMULA,,,,,,unidad_raw=CON EL 5% | seccion=SECCION PINTURA NOCHEROS | precio_unitario_raw=36750.0 | total_raw=73500.0
8//05/2026 CAMA CLASICO EN BEMGUEY,SELLADOR,2.0,VOLUMEN,,,,,,unidad_raw=PISTOLADAS | seccion=SECCION PINTURA NOCHEROS | precio_unitario_raw=18000.0 | total_raw=36000.0
8//05/2026 CAMA CLASICO EN BEMGUEY,LIJA 400,1.0,FIJO,,,,,,unidad_raw=unidad | seccion=SECCION PINTURA NOCHEROS | precio_unitario_raw=2000.0 | total_raw=2000.0
8//05/2026 CAMA CLASICO EN BEMGUEY,lija 120,1.0,FIJO,,,,,,unidad_raw=unidades | seccion=SECCION PINTURA NOCHEROS | precio_unitario_raw=2000.0 | total_raw=2000.0
8//05/2026 CAMA CLASICO EN BEMGUEY,COLOR BGRIS,2.0,VOLUMEN,,,,,,unidad_raw=PISTOLADAS | seccion=SECCION PINTURA NOCHEROS | precio_unitario_raw=22000.0 | total_raw=44000.0
8//05/2026 CAMA CLASICO EN BEMGUEY,COLOR NACARADO,1.0,FORMULA,,,,,,unidad_raw=PISTOLADA | seccion=SECCION PINTURA NOCHEROS | precio_unitario_raw=23000.0 | total_raw=0.0
8//05/2026 CAMA CLASICO EN BEMGUEY,RESANE,1.0,VOLUMEN,,,,,,unidad_raw=LITRO | seccion=SECCION PINTURA NOCHEROS | precio_unitario_raw=10000.0 | total_raw=10000.0
8//05/2026 CAMA CLASICO EN BEMGUEY,LACA,2.0,VOLUMEN,,,,,,unidad_raw=PISTOLADAS | seccion=SECCION PINTURA NOCHEROS | precio_unitario_raw=23000.0 | total_raw=46000.0
8//05/2026 CAMA CLASICO EN BEMGUEY,Gastos de Pintura 10%,1.0,FORMULA,,,,,,seccion=SECCION PINTURA NOCHEROS | total_raw=28700.0
8//05/2026 CAMA CLASICO EN BEMGUEY,PVC,1.0,FORMULA,,,,,,"unidad_raw=TIRASDE 51X1,21 | seccion=SECCION TERMINACION | precio_unitario_raw=50000.0 | total_raw=0.0"
8//05/2026 CAMA CLASICO EN BEMGUEY,ESPEJO,1.0,FORMULA,,,,,,unidad_raw=TIRAS DE 1.20 X 1 | seccion=SECCION TERMINACION | precio_unitario_raw=12000.0 | total_raw=0.0
8//05/2026 CAMA CLASICO EN BEMGUEY,SAMBLASTIADA DEL ESPEJO,1.0,FORMULA,,,,,,unidad_raw=unidades | seccion=SECCION TERMINACION | precio_unitario_raw=250000.0 | total_raw=0.0
8//05/2026 CAMA CLASICO EN BEMGUEY,CABLE,1.0,FORMULA,,,,,,unidad_raw=METROS | seccion=SECCION TERMINACION | precio_unitario_raw=1500.0 | total_raw=0.0
8//05/2026 CAMA CLASICO EN BEMGUEY,TOMA EXPANDIBLE,1.0,FORMULA,,,,,,unidad_raw=unidades | seccion=SECCION TERMINACION | precio_unitario_raw=260000.0 | total_raw=0.0
8//05/2026 CAMA CLASICO EN BEMGUEY,EMBALADA,1.0,FIJO,,,,,,unidad_raw=unidades | seccion=SECCION TERMINACION | precio_unitario_raw=100000.0 | total_raw=100000.0
8//05/2026 CAMA CLASICO EN BEMGUEY,MADERA,840.0,LINEAL,,,,,,unidad_raw=CMS | seccion=SECCION TENDIDO | precio_unitario_raw=140.0 | total_raw=117600.0
8//05/2026 CAMA CLASICO EN BEMGUEY,lamina de 9mdf,1.0,AREA,,,,,,unidad_raw=LAMINA | seccion=SECCION TENDIDO | precio_unitario_raw=140000.0 | total_raw=140000.0
8//05/2026 CAMA CLASICO EN BEMGUEY,COLBON,0.3,VOLUMEN,,,,,,unidad_raw=LITRO | seccion=SECCION TENDIDO | precio_unitario_raw=14000.0 | total_raw=4200.0
8//05/2026 CAMA CLASICO EN BEMGUEY,CLAVILLO f.50,3.0,ESPACIADO,,,,,,unidad_raw=TIRAS | seccion=SECCION TENDIDO | precio_unitario_raw=1000.0 | total_raw=3000.0
8//05/2026 CAMA CLASICO EN BEMGUEY,PEOPLE,3.2,LINEAL,,,,,,unidad_raw=METROS | seccion=SECCION TENDIDO | precio_unitario_raw=4000.0 | total_raw=12800.0
8//05/2026 CAMA CLASICO EN BEMGUEY,TORNILLOS,40.0,ESPACIADO,,,,,,unidad_raw=UNIDAD | seccion=SECCION TENDIDO | precio_unitario_raw=100.0 | total_raw=4000.0
8//05/2026 CAMA CLASICO EN BEMGUEY,HECHURA BURRO,1.0,FIJO,,,,,,unidad_raw=*5% | seccion=SECCION TENDIDO | precio_unitario_raw=42000.0 | total_raw=0.0
8//05/2026 CAMA CLASICO EN BEMGUEY,HECHURA TENDIDO,1.0,FIJO,,,,,,unidad_raw=*5% | seccion=SECCION TENDIDO | precio_unitario_raw=54000.0 | total_raw=54000.0
8//05/2026 CAMA CLASICO EN BEMGUEY,postura,1.0,FIJO,,,,,,unidad_raw=PEOPLE | seccion=SECCION TENDIDO | precio_unitario_raw=10500.0 | total_raw=10500.0
8//05/2026 CAMA CLASICO EN BEMGUEY,TELA,1.0,FORMULA,,,,,,unidad_raw=METROS | seccion=SECCION TAPICERIA | precio_unitario_raw=32000.0 | total_raw=0.0
8//05/2026 CAMA CLASICO EN BEMGUEY,"ESPUMA DE 1""1/2 ROSADA",1.0,FORMULA,,,,,,unidad_raw=LAMINAS | seccion=SECCION TAPICERIA | precio_unitario_raw=30000.0 | total_raw=0.0
8//05/2026 CAMA CLASICO EN BEMGUEY,COSTAL,1.0,FORMULA,,,,,,unidad_raw=METRO | seccion=SECCION TAPICERIA | precio_unitario_raw=3500.0 | total_raw=0.0
8//05/2026 CAMA CLASICO EN BEMGUEY,GRAPAS,1.0,FIJO,,,,,,unidad_raw=CAJA | seccion=SECCION TAPICERIA | precio_unitario_raw=12000.0 | total_raw=0.0
8//05/2026 CAMA CLASICO EN BEMGUEY,"TORNILLOS DE 1"" 1/2",1.0,FIJO,,,,,,unidad_raw=UNIDAD 0 | seccion=SECCION TAPICERIA | precio_unitario_raw=100.0 | total_raw=0.0
8//05/2026 CAMA CLASICO EN BEMGUEY,HILO,1.0,FORMULA,,,,,,unidad_raw=UNIIDAD | seccion=SECCION TAPICERIA | precio_unitario_raw=25000.0 | total_raw=0.0
8//05/2026 CAMA CLASICO EN BEMGUEY,SUPER,1.0,FORMULA,,,,,,unidad_raw=LITRO | seccion=SECCION TAPICERIA | precio_unitario_raw=19000.0 | total_raw=0.0
8//05/2026 CAMA CLASICO EN BEMGUEY,TORNILLOS DE 2,1.0,FIJO,,,,,,unidad_raw=UNIDAD | seccion=SECCION TAPICERIA | precio_unitario_raw=100.0 | total_raw=0.0
8//05/2026 CAMA CLASICO EN BEMGUEY,HECHURA,1.0,FIJO,,,,,,unidad_raw=TATI | seccion=SECCION TAPICERIA | precio_unitario_raw=210000.0 | total_raw=0.0
8//05/2026 CAMA PVC,MADERA,1384.0,LINEAL,,,,,,unidad_raw=CMS | precio_unitario_raw=140.0 | total_raw=193760.0
8//05/2026 CAMA PVC,"LAM MFF 9""",0.5,FORMULA,,,,,,unidad_raw=LAMINA | precio_unitario_raw=140000.0 | total_raw=70000.0
8//05/2026 CAMA PVC,"LAM MDF 5,5""",2.0,AREA,,,,,,unidad_raw=LAMINA | precio_unitario_raw=130000.0 | total_raw=260000.0
8//05/2026 CAMA PVC,LAM MDF 2.7,3.0,AREA,,,,,,unidad_raw=LAMINA | precio_unitario_raw=65000.0 | total_raw=195000.0
8//05/2026 CAMA PVC,TABLA DE PINO,1.0,FIJO,,,,,,unidad_raw=3*31*25 | precio_unitario_raw=50000.0 | total_raw=50000.0
8//05/2026 CAMA PVC,COLBON,1.0,VOLUMEN,,,,,,unidad_raw=litros | precio_unitario_raw=14000.0 | total_raw=14000.0
8//05/2026 CAMA PVC,GANCHOS,1.0,FIJO,,,,,,unidad_raw=PAR | precio_unitario_raw=20000.0 | total_raw=20000.0
8//05/2026 CAMA PVC,GRAPAS,0.25,ESPACIADO,,,,,,unidad_raw=CAJAS | precio_unitario_raw=12000.0 | total_raw=3000.0
8//05/2026 CAMA PVC,CLAVILLOS,7.0,ESPACIADO,,,,,,unidad_raw=TIRA | precio_unitario_raw=1000.0 | total_raw=7000.0
8//05/2026 CAMA PVC,"TORNILLOS DE 2""",80.0,ESPACIADO,,,,,,unidad_raw=Unidad | precio_unitario_raw=100.0 | total_raw=8000.0
8//05/2026 CAMA PVC,FABRICACION 432000 *5%,1.0,FORMULA,,,,,,total_raw=432000.0
8//05/2026 CAMA PVC,gastos de Ebanisteria e 10%,1.0,FORMULA,,,,,,total_raw=125276.0
8//05/2026 CAMA PVC,SECCION PINTURA,1.0,FORMULA,,,,,CAMA,seccion=SECCION PINTURA CAMA
8//05/2026 CAMA PVC,PREPARADO CAMA,1.0,FIJO,,,,,,unidad_raw=CON EL 5% | seccion=SECCION PINTURA CAMA | precio_unitario_raw=36750.0 | total_raw=36750.0
8//05/2026 CAMA PVC,PINTURA CAMA,1.0,FIJO,,,,,,unidad_raw=CON EL 5% | seccion=SECCION PINTURA CAMA | precio_unitario_raw=31500.0 | total_raw=31500.0
8//05/2026 CAMA PVC,PREPARADO BURRO,1.0,FORMULA,,,,,,unidad_raw=CON EL 5% | seccion=SECCION PINTURA CAMA | precio_unitario_raw=9450.0 | total_raw=0.0
8//05/2026 CAMA PVC,PINTURA BURRO,1.0,FORMULA,,,,,,unidad_raw=CON EL 5% | seccion=SECCION PINTURA CAMA | precio_unitario_raw=12600.0 | total_raw=0.0
8//05/2026 CAMA PVC,SELLADOR,2.5,VOLUMEN,,,,,,unidad_raw=PISTOLADAS | seccion=SECCION PINTURA CAMA | precio_unitario_raw=18000.0 | total_raw=45000.0
8//05/2026 CAMA PVC,LIJA,3.0,FORMULA,,,,,,unidad_raw=unidad | seccion=SECCION PINTURA CAMA | precio_unitario_raw=2000.0 | total_raw=6000.0
8//05/2026 CAMA PVC,LIJA 2000,1.0,FORMULA,,,,,,unidad_raw=UNIDAD | seccion=SECCION PINTURA CAMA | precio_unitario_raw=2000.0 | total_raw=0.0
8//05/2026 CAMA PVC,COLOR GRIS,3.0,VOLUMEN,,,,,,unidad_raw=PISTOLADA | seccion=SECCION PINTURA CAMA | precio_unitario_raw=23000.0 | total_raw=69000.0
8//05/2026 CAMA PVC,COLOR,3.0,VOLUMEN,,,,,,unidad_raw=PISTOLADA | seccion=SECCION PINTURA CAMA | precio_unitario_raw=22000.0 | total_raw=66000.0
8//05/2026 CAMA PVC,RESANE,1.0,VOLUMEN,,,,,,unidad_raw=LITRO | seccion=SECCION PINTURA CAMA | precio_unitario_raw=10000.0 | total_raw=10000.0
8//05/2026 CAMA PVC,LACA,1.0,VOLUMEN,,,,,,unidad_raw=PISTOLADA | seccion=SECCION PINTURA CAMA | precio_unitario_raw=23000.0 | total_raw=23000.0
8//05/2026 CAMA PVC,Gastos de Pintura 10%,1.0,FORMULA,,,,,,seccion=SECCION PINTURA CAMA | total_raw=28725.0
8//05/2026 CAMA PVC,CORREDERAS,2.0,FORMULA,,,,,,unidad_raw=UNIDADES | seccion=SECCION PINTURA CAMA | precio_unitario_raw=30000.0 | total_raw=60000.0
8//05/2026 CAMA PVC,SECCION PINTURA,1.0,FORMULA,,,,,NOCHEROS,seccion=SECCION PINTURA NOCHEROS
8//05/2026 CAMA PVC,PREPARADO,2.0,FORMULA,,,,,,unidad_raw=CON EL 5% | seccion=SECCION PINTURA NOCHEROS | precio_unitario_raw=36750.0 | total_raw=73500.0
8//05/2026 CAMA PVC,PINTURA,2.0,FORMULA,,,,,,unidad_raw=CON EL 5% | seccion=SECCION PINTURA NOCHEROS | precio_unitario_raw=36750.0 | total_raw=73500.0
8//05/2026 CAMA PVC,SELLADOR,2.0,VOLUMEN,,,,,,unidad_raw=PISTOLADAS | seccion=SECCION PINTURA NOCHEROS | precio_unitario_raw=18000.0 | total_raw=36000.0
8//05/2026 CAMA PVC,LIJA 400,1.0,FIJO,,,,,,unidad_raw=unidad | seccion=SECCION PINTURA NOCHEROS | precio_unitario_raw=2000.0 | total_raw=2000.0
8//05/2026 CAMA PVC,lija 120,1.0,FIJO,,,,,,unidad_raw=unidades | seccion=SECCION PINTURA NOCHEROS | precio_unitario_raw=2000.0 | total_raw=2000.0
8//05/2026 CAMA PVC,COLOR BGRIS,2.0,VOLUMEN,,,,,,unidad_raw=PISTOLADAS | seccion=SECCION PINTURA NOCHEROS | precio_unitario_raw=22000.0 | total_raw=44000.0
8//05/2026 CAMA PVC,COLOR NACARADO,1.0,FORMULA,,,,,,unidad_raw=PISTOLADA | seccion=SECCION PINTURA NOCHEROS | precio_unitario_raw=23000.0 | total_raw=0.0
8//05/2026 CAMA PVC,RESANE,1.0,VOLUMEN,,,,,,unidad_raw=LITRO | seccion=SECCION PINTURA NOCHEROS | precio_unitario_raw=10000.0 | total_raw=10000.0
8//05/2026 CAMA PVC,LACA,2.0,VOLUMEN,,,,,,unidad_raw=PISTOLADAS | seccion=SECCION PINTURA NOCHEROS | precio_unitario_raw=23000.0 | total_raw=46000.0
8//05/2026 CAMA PVC,Gastos de Pintura 10%,1.0,FORMULA,,,,,,seccion=SECCION PINTURA NOCHEROS | total_raw=28700.0
8//05/2026 CAMA PVC,PVC,2.0,FORMULA,,,,,,"unidad_raw=TIRASDE 51X1,21 | seccion=SECCION TERMINACION | precio_unitario_raw=50000.0 | total_raw=100000.0"
8//05/2026 CAMA PVC,ESPEJO,10.0,FORMULA,,,,,,unidad_raw=TIRAS DE 1.20 X 1 | seccion=SECCION TERMINACION | precio_unitario_raw=12000.0 | total_raw=120000.0
8//05/2026 CAMA PVC,SAMBLASTIADA DEL ESPEJO,1.0,FIJO,,,,,,unidad_raw=unidades | seccion=SECCION TERMINACION | precio_unitario_raw=250000.0 | total_raw=250000.0
8//05/2026 CAMA PVC,CABLE,1.0,FORMULA,,,,,,unidad_raw=METROS | seccion=SECCION TERMINACION | precio_unitario_raw=1500.0 | total_raw=0.0
8//05/2026 CAMA PVC,TOMA EXPANDIBLE,1.0,FORMULA,,,,,,unidad_raw=unidades | seccion=SECCION TERMINACION | precio_unitario_raw=260000.0 | total_raw=0.0
8//05/2026 CAMA PVC,EMBALADA,1.0,FIJO,,,,,,unidad_raw=unidades | seccion=SECCION TERMINACION | precio_unitario_raw=100000.0 | total_raw=100000.0
8//05/2026 CAMA PVC,MADERA,840.0,LINEAL,,,,,,unidad_raw=CMS | seccion=SECCION TENDIDO | precio_unitario_raw=140.0 | total_raw=117600.0
8//05/2026 CAMA PVC,lamina de 9mdf,1.0,AREA,,,,,,unidad_raw=LAMINA | seccion=SECCION TENDIDO | precio_unitario_raw=140000.0 | total_raw=140000.0
8//05/2026 CAMA PVC,COLBON,0.3,VOLUMEN,,,,,,unidad_raw=LITRO | seccion=SECCION TENDIDO | precio_unitario_raw=14000.0 | total_raw=4200.0
8//05/2026 CAMA PVC,CLAVILLO f.50,3.0,ESPACIADO,,,,,,unidad_raw=TIRAS | seccion=SECCION TENDIDO | precio_unitario_raw=1000.0 | total_raw=3000.0
8//05/2026 CAMA PVC,PEOPLE,3.2,LINEAL,,,,,,unidad_raw=METROS | seccion=SECCION TENDIDO | precio_unitario_raw=4000.0 | total_raw=12800.0
8//05/2026 CAMA PVC,TORNILLOS,40.0,ESPACIADO,,,,,,unidad_raw=UNIDAD | seccion=SECCION TENDIDO | precio_unitario_raw=100.0 | total_raw=4000.0
8//05/2026 CAMA PVC,HECHURA BURRO,1.0,FIJO,,,,,,unidad_raw=*5% | seccion=SECCION TENDIDO | precio_unitario_raw=42000.0 | total_raw=0.0
8//05/2026 CAMA PVC,HECHURA TENDIDO,1.0,FIJO,,,,,,unidad_raw=*5% | seccion=SECCION TENDIDO | precio_unitario_raw=64800.0 | total_raw=64800.0
8//05/2026 CAMA PVC,postura,1.0,FIJO,,,,,,unidad_raw=PEOPLE | seccion=SECCION TENDIDO | precio_unitario_raw=10500.0 | total_raw=10500.0
8//05/2026 CAMA PVC,TELA,8.0,AREA,,,,,,unidad_raw=METROS | seccion=SECCION TAPICERIA | precio_unitario_raw=32000.0 | total_raw=256000.0
8//05/2026 CAMA PVC,"ESPUMA DE 1""1/2 ROSADA",2.5,AREA,,,,,,unidad_raw=LAMINAS | seccion=SECCION TAPICERIA | precio_unitario_raw=30000.0 | total_raw=75000.0
8//05/2026 CAMA PVC,COSTAL,1.0,FORMULA,,,,,,unidad_raw=METRO | seccion=SECCION TAPICERIA | precio_unitario_raw=3500.0 | total_raw=0.0
8//05/2026 CAMA PVC,GRAPAS,0.5,ESPACIADO,,,,,,unidad_raw=CAJA | seccion=SECCION TAPICERIA | precio_unitario_raw=12000.0 | total_raw=6000.0
8//05/2026 CAMA PVC,"TORNILLOS DE 1"" 1/2",30.0,ESPACIADO,,,,,,unidad_raw=UNIDAD 0 | seccion=SECCION TAPICERIA | precio_unitario_raw=100.0 | total_raw=3000.0
8//05/2026 CAMA PVC,HILO,1.0,FORMULA,,,,,,unidad_raw=UNIIDAD | seccion=SECCION TAPICERIA | precio_unitario_raw=25000.0 | total_raw=0.0
8//05/2026 CAMA PVC,SUPER,0.3,VOLUMEN,,,,,,unidad_raw=LITRO | seccion=SECCION TAPICERIA | precio_unitario_raw=19000.0 | total_raw=5700.0
8//05/2026 CAMA PVC,TORNILLOS DE 2,9.0,ESPACIADO,,,,,,unidad_raw=UNIDAD | seccion=SECCION TAPICERIA | precio_unitario_raw=100.0 | total_raw=900.0
8//05/2026 CAMA PVC,HECHURA,1.0,FIJO,,,,,,unidad_raw=TATI | seccion=SECCION TAPICERIA | precio_unitario_raw=210000.0 | total_raw=210000.0
18/5/2026 CAMA NUBE,MADERA,1170.0,LINEAL,,,,,,unidad_raw=CMS | precio_unitario_raw=140.0 | total_raw=163800.0
18/5/2026 CAMA NUBE,"LAM MFF 9""",1.0,FORMULA,,,,,,unidad_raw=LAMINA | precio_unitario_raw=140000.0 | total_raw=0.0
18/5/2026 CAMA NUBE,"TABLA DE 30X30X2,5",1.0,FIJO,,,,,,precio_unitario_raw=50000.0 | total_raw=50000.0
18/5/2026 CAMA NUBE,LAM MDF 15,0.13,AREA,,,,,,unidad_raw=DE 80*50 | precio_unitario_raw=220000.0 | total_raw=28600.0
18/5/2026 CAMA NUBE,LAM MDF 2.7,1.0,AREA,,,,,,unidad_raw=LAMINA | precio_unitario_raw=65000.0 | total_raw=65000.0
18/5/2026 CAMA NUBE,COLBON,3.0,VOLUMEN,,,,,,unidad_raw=litros | precio_unitario_raw=13000.0 | total_raw=39000.0
18/5/2026 CAMA NUBE,GANCHOS,1.0,FIJO,,,,,,unidad_raw=PAR | precio_unitario_raw=20000.0 | total_raw=20000.0
18/5/2026 CAMA NUBE,GRAPAS,0.5,ESPACIADO,,,,,,unidad_raw=CAJAS | precio_unitario_raw=12000.0 | total_raw=6000.0
18/5/2026 CAMA NUBE,CLAVILLOS,10.0,ESPACIADO,,,,,,unidad_raw=TIRA | precio_unitario_raw=1000.0 | total_raw=10000.0
18/5/2026 CAMA NUBE,"TORNILLOS DE 2""",200.0,ESPACIADO,,,,,,unidad_raw=Unidad | precio_unitario_raw=100.0 | total_raw=20000.0
18/5/2026 CAMA NUBE,FABRICACION 3240.000 *5%,1.0,FORMULA,,,,,,total_raw=324000.0
18/5/2026 CAMA NUBE,gastos de Ebanisteria e 10%,1.0,FORMULA,,,,,,total_raw=72640.0
18/5/2026 CAMA NUBE,SECCION PINTURA,1.0,FORMULA,,,,,CAMA,seccion=SECCION PINTURA CAMA
18/5/2026 CAMA NUBE,PREPARADO CAMA,1.0,FORMULA,,,,,,unidad_raw=CON EL 5% | seccion=SECCION PINTURA CAMA | precio_unitario_raw=31500.0 | total_raw=0.0
18/5/2026 CAMA NUBE,PINTURA CAMA,1.0,FORMULA,,,,,,unidad_raw=CON EL 5% | seccion=SECCION PINTURA CAMA | precio_unitario_raw=21000.0 | total_raw=0.0
18/5/2026 CAMA NUBE,PREPARADO BURRO,1.0,FORMULA,,,,,,unidad_raw=CON EL 5% | seccion=SECCION PINTURA CAMA | precio_unitario_raw=9450.0 | total_raw=0.0
18/5/2026 CAMA NUBE,PINTURA BURRO,1.0,FORMULA,,,,,,unidad_raw=CON EL 5% | seccion=SECCION PINTURA CAMA | precio_unitario_raw=12600.0 | total_raw=0.0
18/5/2026 CAMA NUBE,SELLADOR,1.0,FORMULA,,,,,,unidad_raw=PISTOLADAS | seccion=SECCION PINTURA CAMA | precio_unitario_raw=18000.0 | total_raw=0.0
18/5/2026 CAMA NUBE,LIJA,1.0,FORMULA,,,,,,unidad_raw=unidad | seccion=SECCION PINTURA CAMA | precio_unitario_raw=2000.0 | total_raw=0.0
18/5/2026 CAMA NUBE,LIJA 2000,1.0,FORMULA,,,,,,unidad_raw=UNIDAD | seccion=SECCION PINTURA CAMA | precio_unitario_raw=2000.0 | total_raw=0.0
18/5/2026 CAMA NUBE,COLOR NACARADO,1.0,FORMULA,,,,,,unidad_raw=PISTOLADA | seccion=SECCION PINTURA CAMA | precio_unitario_raw=23000.0 | total_raw=0.0
18/5/2026 CAMA NUBE,COLOR BLANCO,1.0,FORMULA,,,,,,unidad_raw=PISTOLADA | seccion=SECCION PINTURA CAMA | precio_unitario_raw=22000.0 | total_raw=0.0
18/5/2026 CAMA NUBE,RESANE,1.0,FORMULA,,,,,,unidad_raw=LITRO | seccion=SECCION PINTURA CAMA | precio_unitario_raw=10000.0 | total_raw=0.0
18/5/2026 CAMA NUBE,LACA,1.0,FORMULA,,,,,,unidad_raw=PISTOLADA | seccion=SECCION PINTURA CAMA | precio_unitario_raw=23000.0 | total_raw=0.0
18/5/2026 CAMA NUBE,Gastos de Pintura 10%,1.0,FORMULA,,,,,,seccion=SECCION PINTURA CAMA | total_raw=0.0
18/5/2026 CAMA NUBE,CORREDERAS,1.0,FIJO,,,,,,unidad_raw=UNIDADES | seccion=SECCION PINTURA CAMA | precio_unitario_raw=10000.0 | total_raw=0.0
18/5/2026 CAMA NUBE,SECCION PINTURA,1.0,FORMULA,,,,,NOCHEROS,seccion=SECCION PINTURA NOCHEROS
18/5/2026 CAMA NUBE,PREPARADO,1.0,FORMULA,,,,,,unidad_raw=CON EL 5% | seccion=SECCION PINTURA NOCHEROS | precio_unitario_raw=36750.0 | total_raw=0.0
18/5/2026 CAMA NUBE,PINTURA,1.0,FORMULA,,,,,,unidad_raw=CON EL 5% | seccion=SECCION PINTURA NOCHEROS | precio_unitario_raw=36750.0 | total_raw=0.0
18/5/2026 CAMA NUBE,SELLADOR,1.0,FORMULA,,,,,,unidad_raw=PISTOLADAS | seccion=SECCION PINTURA NOCHEROS | precio_unitario_raw=18000.0 | total_raw=0.0
18/5/2026 CAMA NUBE,LIJA 400,1.0,FORMULA,,,,,,unidad_raw=unidad | seccion=SECCION PINTURA NOCHEROS | precio_unitario_raw=2000.0 | total_raw=0.0
18/5/2026 CAMA NUBE,lija 120,1.0,FORMULA,,,,,,unidad_raw=unidades | seccion=SECCION PINTURA NOCHEROS | precio_unitario_raw=2000.0 | total_raw=0.0
18/5/2026 CAMA NUBE,COLOR BLANCO,1.0,FORMULA,,,,,,unidad_raw=PISTOLADAS | seccion=SECCION PINTURA NOCHEROS | precio_unitario_raw=22000.0 | total_raw=0.0
18/5/2026 CAMA NUBE,COLOR NACARADO,1.0,FORMULA,,,,,,unidad_raw=PISTOLADA | seccion=SECCION PINTURA NOCHEROS | precio_unitario_raw=23000.0 | total_raw=0.0
18/5/2026 CAMA NUBE,RESANE,1.0,FORMULA,,,,,,unidad_raw=LITRO | seccion=SECCION PINTURA NOCHEROS | precio_unitario_raw=10000.0 | total_raw=0.0
18/5/2026 CAMA NUBE,LACA,1.0,FORMULA,,,,,,unidad_raw=PISTOLADAS | seccion=SECCION PINTURA NOCHEROS | precio_unitario_raw=23000.0 | total_raw=0.0
18/5/2026 CAMA NUBE,Gastos de Pintura 10%,1.0,FORMULA,,,,,,seccion=SECCION PINTURA NOCHEROS | total_raw=0.0
18/5/2026 CAMA NUBE,DANIEL,1.0,FORMULA,,,,,,unidad_raw=MANO DE OBRA | seccion=SECCION TERMINACION | precio_unitario_raw=73500.0 | total_raw=0.0
18/5/2026 CAMA NUBE,ESPEJO,1.0,FORMULA,,,,,,unidad_raw=50*80 | seccion=SECCION TERMINACION | precio_unitario_raw=45000.0 | total_raw=0.0
18/5/2026 CAMA NUBE,APAGADOR CAFETERO,1.0,FORMULA,,,,,,unidad_raw=unidades | seccion=SECCION TERMINACION | precio_unitario_raw=2000.0 | total_raw=0.0
18/5/2026 CAMA NUBE,CABLE,1.0,FORMULA,,,,,,unidad_raw=METROS | seccion=SECCION TERMINACION | precio_unitario_raw=1500.0 | total_raw=0.0
18/5/2026 CAMA NUBE,TOMA EXPANDIBLE,1.0,FORMULA,,,,,,unidad_raw=unidades | seccion=SECCION TERMINACION | precio_unitario_raw=260000.0 | total_raw=0.0
18/5/2026 CAMA NUBE,EMBALADA,1.0,FIJO,,,,,,unidad_raw=unidades | seccion=SECCION TERMINACION | precio_unitario_raw=100000.0 | total_raw=100000.0
18/5/2026 CAMA NUBE,MADERA,840.0,LINEAL,,,,,,unidad_raw=CMS | seccion=SECCION TENDIDO | precio_unitario_raw=140.0 | total_raw=117600.0
18/5/2026 CAMA NUBE,lamina de 2.5 mdf,1.0,AREA,,,,,,unidad_raw=LAMINA | seccion=SECCION TENDIDO | precio_unitario_raw=65000.0 | total_raw=65000.0
18/5/2026 CAMA NUBE,COLBON,0.3,VOLUMEN,,,,,,unidad_raw=LITRO | seccion=SECCION TENDIDO | precio_unitario_raw=14000.0 | total_raw=4200.0
18/5/2026 CAMA NUBE,CLAVILLO f.50,3.0,ESPACIADO,,,,,,unidad_raw=TIRAS | seccion=SECCION TENDIDO | precio_unitario_raw=1000.0 | total_raw=3000.0
18/5/2026 CAMA NUBE,PEOPLE,3.2,LINEAL,,,,,,unidad_raw=METROS | seccion=SECCION TENDIDO | precio_unitario_raw=4000.0 | total_raw=12800.0
18/5/2026 CAMA NUBE,GRAPAS,0.5,ESPACIADO,,,,,,unidad_raw=CAJA DE GRAPAS | seccion=SECCION TENDIDO | precio_unitario_raw=12000.0 | total_raw=6000.0
18/5/2026 CAMA NUBE,HECHURA TAPICERIA,1.0,FIJO,,,,,,seccion=SECCION TENDIDO | total_raw=0.0
18/5/2026 CAMA NUBE,HECHURA TENDIDO,1.0,FIJO,,,,,,unidad_raw=*8% | seccion=SECCION TENDIDO | precio_unitario_raw=64800.0 | total_raw=64800.0
18/5/2026 CAMA NUBE,postura,1.0,FIJO,,,,,,unidad_raw=PEOPLE | seccion=SECCION TENDIDO | precio_unitario_raw=10500.0 | total_raw=10500.0
18/5/2026 CAMA NUBE,TELA BRUNA,12.0,AREA,,,,,,unidad_raw=METROS | seccion=SECCION TAPICERIA | precio_unitario_raw=32000.0 | total_raw=384000.0
18/5/2026 CAMA NUBE,ESPUMA DE 2 ROSADA,3.0,AREA,,,,,,unidad_raw=LAMINAS | seccion=SECCION TAPICERIA | precio_unitario_raw=48000.0 | total_raw=144000.0
18/5/2026 CAMA NUBE,ESPUMA DE 1/2 ROSADA,1.0,AREA,,,,,,unidad_raw=LAMINAS | seccion=SECCION TAPICERIA | precio_unitario_raw=30000.0 | total_raw=30000.0
18/5/2026 CAMA NUBE,CIERRE MAGICO,6.0,FORMULA,,,,,,seccion=SECCION TAPICERIA | precio_unitario_raw=1000.0 | total_raw=6000.0
18/5/2026 CAMA NUBE,COSTAL,2.5,AREA,,,,,,unidad_raw=METRO | seccion=SECCION TAPICERIA | precio_unitario_raw=3500.0 | total_raw=8750.0
18/5/2026 CAMA NUBE,CABULLA,0.5,FORMULA,,,,,,unidad_raw=UNIDAD | seccion=SECCION TAPICERIA | precio_unitario_raw=12000.0 | total_raw=6000.0
18/5/2026 CAMA NUBE,GRAPAS,0.5,ESPACIADO,,,,,,unidad_raw=CAJA | seccion=SECCION TAPICERIA | precio_unitario_raw=12000.0 | total_raw=6000.0
18/5/2026 CAMA NUBE,TORNILLOS DE 2,24.0,ESPACIADO,,,,,,unidad_raw=UNIDAD 0 | seccion=SECCION TAPICERIA | precio_unitario_raw=100.0 | total_raw=2400.0
18/5/2026 CAMA NUBE,HILO,0.5,FORMULA,,,,,,unidad_raw=UNIIDAD | seccion=SECCION TAPICERIA | precio_unitario_raw=25000.0 | total_raw=12500.0
18/5/2026 CAMA NUBE,SUPER,1.5,VOLUMEN,,,,,,unidad_raw=LITRO | seccion=SECCION TAPICERIA | precio_unitario_raw=19000.0 | total_raw=28500.0
18/5/2026 CAMA NUBE,CARTON,5.0,FORMULA,,,,,,unidad_raw=UNIDAD | seccion=SECCION TAPICERIA | precio_unitario_raw=6000.0 | total_raw=30000.0
18/5/2026 CAMA NUBE,HECHURA,1.0,FIJO,,,,,,unidad_raw=MANO DE OBRA | seccion=SECCION TAPICERIA | precio_unitario_raw=210000.0 | total_raw=210000.0
13/04/2026 CAMA CADENETA,MADERA,1211.0,LINEAL,,,,,,unidad_raw=CMS | precio_unitario_raw=140.0 | total_raw=169540.0
13/04/2026 CAMA CADENETA,"LAM MFF 9""",0.5,FORMULA,,,,,,unidad_raw=LAMINA | precio_unitario_raw=140000.0 | total_raw=70000.0
13/04/2026 CAMA CADENETA,"LAM MDF 5,5""",4.0,AREA,,,,,,unidad_raw=LAMINA | precio_unitario_raw=29114.0 | total_raw=116456.0
13/04/2026 CAMA CADENETA,LAM MDF 2.7,1.0,AREA,,,,,,unidad_raw=LAMINA | precio_unitario_raw=65000.0 | total_raw=65000.0
13/04/2026 CAMA CADENETA,COLBON,1.0,VOLUMEN,,,,,,unidad_raw=litros | precio_unitario_raw=14000.0 | total_raw=14000.0
13/04/2026 CAMA CADENETA,GANCHOS,1.0,FIJO,,,,,,unidad_raw=PAR | precio_unitario_raw=20000.0 | total_raw=20000.0
13/04/2026 CAMA CADENETA,GRAPAS,0.25,ESPACIADO,,,,,,unidad_raw=CAJAS | precio_unitario_raw=12000.0 | total_raw=3000.0
13/04/2026 CAMA CADENETA,CLAVILLOS,0.5,ESPACIADO,,,,,,unidad_raw=TIRA | precio_unitario_raw=1000.0 | total_raw=500.0
13/04/2026 CAMA CADENETA,"TORNILLOS DE 2""",100.0,ESPACIADO,,,,,,unidad_raw=Unidad | precio_unitario_raw=100.0 | total_raw=10000.0
13/04/2026 CAMA CADENETA,FABRICACION 300.000 *5%,1.0,FORMULA,,,,,,total_raw=315000.0
13/04/2026 CAMA CADENETA,gastos de Ebanisteria e 10%,1.0,FORMULA,,,,,,total_raw=78349.6
13/04/2026 CAMA CADENETA,SECCION PINTURA,1.0,FORMULA,,,,,CAMA,seccion=SECCION PINTURA CAMA
13/04/2026 CAMA CADENETA,PREPARADO CAMA,1.0,FIJO,,,,,,unidad_raw=CON EL 5% | seccion=SECCION PINTURA CAMA | precio_unitario_raw=31500.0 | total_raw=31500.0
13/04/2026 CAMA CADENETA,PINTURA CAMA,1.0,FIJO,,,,,,unidad_raw=CON EL 5% | seccion=SECCION PINTURA CAMA | precio_unitario_raw=21000.0 | total_raw=21000.0
13/04/2026 CAMA CADENETA,PREPARADO BURRO,3.0,FORMULA,,,,,,unidad_raw=CON EL 5% | seccion=SECCION PINTURA CAMA | precio_unitario_raw=9450.0 | total_raw=28350.0
13/04/2026 CAMA CADENETA,PINTURA BURRO,1.0,FIJO,,,,,,unidad_raw=CON EL 5% | seccion=SECCION PINTURA CAMA | precio_unitario_raw=12600.0 | total_raw=12600.0
13/04/2026 CAMA CADENETA,SELLADOR,2.0,VOLUMEN,,,,,,unidad_raw=PISTOLADAS | seccion=SECCION PINTURA CAMA | precio_unitario_raw=18000.0 | total_raw=36000.0
13/04/2026 CAMA CADENETA,LIJA,2.0,FORMULA,,,,,,unidad_raw=unidad | seccion=SECCION PINTURA CAMA | precio_unitario_raw=2000.0 | total_raw=4000.0
13/04/2026 CAMA CADENETA,LIJA 2000,0.25,FORMULA,,,,,,unidad_raw=UNIDAD | seccion=SECCION PINTURA CAMA | precio_unitario_raw=2000.0 | total_raw=500.0
13/04/2026 CAMA CADENETA,COLOR NACARADO,1.5,VOLUMEN,,,,,,unidad_raw=PISTOLADA | seccion=SECCION PINTURA CAMA | precio_unitario_raw=23000.0 | total_raw=34500.0
13/04/2026 CAMA CADENETA,COLOR BLANCO,3.5,VOLUMEN,,,,,,unidad_raw=PISTOLADA | seccion=SECCION PINTURA CAMA | precio_unitario_raw=22000.0 | total_raw=77000.0
13/04/2026 CAMA CADENETA,RESANE,1.0,VOLUMEN,,,,,,unidad_raw=LITRO | seccion=SECCION PINTURA CAMA | precio_unitario_raw=10000.0 | total_raw=10000.0
13/04/2026 CAMA CADENETA,LACA,1.0,VOLUMEN,,,,,,unidad_raw=PISTOLADA | seccion=SECCION PINTURA CAMA | precio_unitario_raw=23000.0 | total_raw=23000.0
13/04/2026 CAMA CADENETA,Gastos de Pintura 10%,1.0,FORMULA,,,,,,seccion=SECCION PINTURA CAMA | total_raw=27845.0
13/04/2026 CAMA CADENETA,CORREDERAS,4.0,FORMULA,,,,,,unidad_raw=UNIDADES | seccion=SECCION PINTURA CAMA | precio_unitario_raw=10000.0 | total_raw=40000.0
13/04/2026 CAMA CADENETA,SECCION PINTURA,1.0,FORMULA,,,,,NOCHEROS,seccion=SECCION PINTURA NOCHEROS
13/04/2026 CAMA CADENETA,PREPARADO,2.0,FORMULA,,,,,,unidad_raw=CON EL 5% | seccion=SECCION PINTURA NOCHEROS | precio_unitario_raw=36750.0 | total_raw=73500.0
13/04/2026 CAMA CADENETA,PINTURA,2.0,FORMULA,,,,,,unidad_raw=CON EL 5% | seccion=SECCION PINTURA NOCHEROS | precio_unitario_raw=36750.0 | total_raw=73500.0
13/04/2026 CAMA CADENETA,SELLADOR,2.0,VOLUMEN,,,,,,unidad_raw=PISTOLADAS | seccion=SECCION PINTURA NOCHEROS | precio_unitario_raw=18000.0 | total_raw=36000.0
13/04/2026 CAMA CADENETA,LIJA 400,0.5,FORMULA,,,,,,unidad_raw=unidad | seccion=SECCION PINTURA NOCHEROS | precio_unitario_raw=2000.0 | total_raw=1000.0
13/04/2026 CAMA CADENETA,lija 120,1.0,FIJO,,,,,,unidad_raw=unidades | seccion=SECCION PINTURA NOCHEROS | precio_unitario_raw=2000.0 | total_raw=2000.0
13/04/2026 CAMA CADENETA,COLOR BLANCO,3.0,VOLUMEN,,,,,,unidad_raw=PISTOLADAS | seccion=SECCION PINTURA NOCHEROS | precio_unitario_raw=22000.0 | total_raw=66000.0
13/04/2026 CAMA CADENETA,COLOR NACARADO,2.0,VOLUMEN,,,,,,unidad_raw=PISTOLADA | seccion=SECCION PINTURA NOCHEROS | precio_unitario_raw=23000.0 | total_raw=46000.0
13/04/2026 CAMA CADENETA,RESANE,1.0,VOLUMEN,,,,,,unidad_raw=LITRO | seccion=SECCION PINTURA NOCHEROS | precio_unitario_raw=10000.0 | total_raw=10000.0
13/04/2026 CAMA CADENETA,LACA,2.0,VOLUMEN,,,,,,unidad_raw=PISTOLADAS | seccion=SECCION PINTURA NOCHEROS | precio_unitario_raw=23000.0 | total_raw=46000.0
13/04/2026 CAMA CADENETA,Gastos de Pintura 10%,1.0,FORMULA,,,,,,seccion=SECCION PINTURA NOCHEROS | total_raw=35400.0
13/04/2026 CAMA CADENETA,DANIEL,1.0,FORMULA,,,,,,unidad_raw=MANO DE OBRA | seccion=SECCION TERMINACION | precio_unitario_raw=73500.0 | total_raw=0.0
13/04/2026 CAMA CADENETA,ESPEJO,1.0,FORMULA,,,,,,unidad_raw=50*80 | seccion=SECCION TERMINACION | precio_unitario_raw=45000.0 | total_raw=0.0
13/04/2026 CAMA CADENETA,APAGADOR CAFETERO,1.0,FORMULA,,,,,,unidad_raw=unidades | seccion=SECCION TERMINACION | precio_unitario_raw=2000.0 | total_raw=0.0
13/04/2026 CAMA CADENETA,CABLE,1.0,FORMULA,,,,,,unidad_raw=METROS | seccion=SECCION TERMINACION | precio_unitario_raw=1500.0 | total_raw=0.0
13/04/2026 CAMA CADENETA,TOMA EXPANDIBLE,1.0,FORMULA,,,,,,unidad_raw=unidades | seccion=SECCION TERMINACION | precio_unitario_raw=260000.0 | total_raw=0.0
13/04/2026 CAMA CADENETA,EMBALADA,1.0,FIJO,,,,,,unidad_raw=unidades | seccion=SECCION TERMINACION | precio_unitario_raw=100000.0 | total_raw=100000.0
13/04/2026 CAMA CADENETA,MADERA,840.0,LINEAL,,,,,,unidad_raw=CMS | seccion=SECCION TENDIDO | precio_unitario_raw=140.0 | total_raw=117600.0
13/04/2026 CAMA CADENETA,lamina de 2.5 mdf,1.0,AREA,,,,,,unidad_raw=LAMINA | seccion=SECCION TENDIDO | precio_unitario_raw=65000.0 | total_raw=65000.0
13/04/2026 CAMA CADENETA,COLBON,0.3,VOLUMEN,,,,,,unidad_raw=LITRO | seccion=SECCION TENDIDO | precio_unitario_raw=14000.0 | total_raw=4200.0
13/04/2026 CAMA CADENETA,CLAVILLO f.50,3.0,ESPACIADO,,,,,,unidad_raw=TIRAS | seccion=SECCION TENDIDO | precio_unitario_raw=1000.0 | total_raw=3000.0
13/04/2026 CAMA CADENETA,PEOPLE,3.2,LINEAL,,,,,,unidad_raw=METROS | seccion=SECCION TENDIDO | precio_unitario_raw=4000.0 | total_raw=12800.0
13/04/2026 CAMA CADENETA,GRAPAS,1.0,FIJO,,,,,,unidad_raw=CAJA DE GRAPAS | seccion=SECCION TENDIDO | precio_unitario_raw=12000.0 | total_raw=0.0
13/04/2026 CAMA CADENETA,HECHURA BURRO,1.0,FIJO,,,,,,unidad_raw=*5% | seccion=SECCION TENDIDO | precio_unitario_raw=42000.0 | total_raw=42000.0
13/04/2026 CAMA CADENETA,HECHURA TENDIDO,1.0,FIJO,,,,,,unidad_raw=*5% | seccion=SECCION TENDIDO | precio_unitario_raw=42000.0 | total_raw=42000.0
13/04/2026 CAMA CADENETA,postura,1.0,FIJO,,,,,,unidad_raw=PEOPLE | seccion=SECCION TENDIDO | precio_unitario_raw=10500.0 | total_raw=10500.0
13/04/2026 CAMA CADENETA,TELA JOY NEGRO,8.0,AREA,,,,,,unidad_raw=METROS | seccion=SECCION TAPICERIA | precio_unitario_raw=12500.0 | total_raw=100000.0
13/04/2026 CAMA CADENETA,"ESPUMA DE 1""1/2 ROSADA",1.0,AREA,,,,,,unidad_raw=LAMINAS | seccion=SECCION TAPICERIA | precio_unitario_raw=30000.0 | total_raw=30000.0
13/04/2026 CAMA CADENETA,COSTAL,1.0,AREA,,,,,,unidad_raw=METRO | seccion=SECCION TAPICERIA | precio_unitario_raw=3500.0 | total_raw=3500.0
13/04/2026 CAMA CADENETA,GRAPAS,0.5,ESPACIADO,,,,,,unidad_raw=CAJA | seccion=SECCION TAPICERIA | precio_unitario_raw=12000.0 | total_raw=6000.0
13/04/2026 CAMA CADENETA,"TORNILLOS DE 1"" 1/2",100.0,ESPACIADO,,,,,,unidad_raw=UNIDAD 0 | seccion=SECCION TAPICERIA | precio_unitario_raw=100.0 | total_raw=10000.0
13/04/2026 CAMA CADENETA,HILO,1.0,FORMULA,,,,,,unidad_raw=UNIIDAD | seccion=SECCION TAPICERIA | precio_unitario_raw=25000.0 | total_raw=0.0
13/04/2026 CAMA CADENETA,SUPER,1.0,VOLUMEN,,,,,,unidad_raw=LITRO | seccion=SECCION TAPICERIA | precio_unitario_raw=17000.0 | total_raw=17000.0
13/04/2026 CAMA CADENETA,CARTON,1.0,FIJO,,,,,,unidad_raw=UNIDAD | seccion=SECCION TAPICERIA | precio_unitario_raw=6000.0 | total_raw=6000.0
13/04/2026 CAMA CADENETA,HECHURA,1.0,FIJO,,,,,,unidad_raw=TATI | seccion=SECCION TAPICERIA | precio_unitario_raw=210000.0 | total_raw=210000.0
26/5/2026 CAMA CHAMBRAY,MADERA,1200.0,LINEAL,,,,,,unidad_raw=CMS | precio_unitario_raw=140.0 | total_raw=168000.0
26/5/2026 CAMA CHAMBRAY,1 TABLA,0.5,FORMULA,,,,,,unidad_raw=30X30X2.5 | precio_unitario_raw=50000.0 | total_raw=25000.0
26/5/2026 CAMA CHAMBRAY,"LAM MFF 9""",0.17,FORMULA,,,,,,unidad_raw=LAMINA | precio_unitario_raw=140000.0 | total_raw=23800.0
26/5/2026 CAMA CHAMBRAY,LAM MDF 15,0.17,AREA,,,,,,unidad_raw=LAMINA | precio_unitario_raw=220000.0 | total_raw=37400.0
26/5/2026 CAMA CHAMBRAY,LAM MDF 2.5,0.5,AREA,,,,,,unidad_raw=LAMINA | precio_unitario_raw=65000.0 | total_raw=32500.0
26/5/2026 CAMA CHAMBRAY,COLBON,1.5,VOLUMEN,,,,,,unidad_raw=litros | precio_unitario_raw=14000.0 | total_raw=21000.0
26/5/2026 CAMA CHAMBRAY,GANCHOS,1.0,FIJO,,,,,,unidad_raw=PAR | precio_unitario_raw=20000.0 | total_raw=20000.0
26/5/2026 CAMA CHAMBRAY,GRAPAS,0.3,ESPACIADO,,,,,,unidad_raw=CAJAS | precio_unitario_raw=12000.0 | total_raw=3600.0
26/5/2026 CAMA CHAMBRAY,CLAVILLOS,5.0,ESPACIADO,,,,,,unidad_raw=TIRA | precio_unitario_raw=2000.0 | total_raw=10000.0
26/5/2026 CAMA CHAMBRAY,"TORNILLOS DE 2""",200.0,ESPACIADO,,,,,,unidad_raw=Unidad | precio_unitario_raw=100.0 | total_raw=20000.0
26/5/2026 CAMA CHAMBRAY,FABRICACION 300.000 *8% EDUAR OLAYA,1.0,FORMULA,,,,,,total_raw=324000.0
26/5/2026 CAMA CHAMBRAY,gastos de Ebanisteria e 10%,1.0,FORMULA,,,,,,total_raw=68530.0
26/5/2026 CAMA CHAMBRAY,SECCION PINTURA,1.0,FORMULA,,,,,CAMA,seccion=SECCION PINTURA CAMA
26/5/2026 CAMA CHAMBRAY,PREPARADO CAMA,1.0,FORMULA,,,,,,unidad_raw=CON EL 5% | seccion=SECCION PINTURA CAMA | precio_unitario_raw=31500.0 | total_raw=0.0
26/5/2026 CAMA CHAMBRAY,PINTURA CAMA,1.0,FORMULA,,,,,,unidad_raw=CON EL 5% | seccion=SECCION PINTURA CAMA | precio_unitario_raw=21000.0 | total_raw=0.0
26/5/2026 CAMA CHAMBRAY,PREPARADO BURRO,1.0,FORMULA,,,,,,unidad_raw=CON EL 5% | seccion=SECCION PINTURA CAMA | precio_unitario_raw=9450.0 | total_raw=0.0
26/5/2026 CAMA CHAMBRAY,PINTURA BURRO,1.0,FORMULA,,,,,,unidad_raw=CON EL 5% | seccion=SECCION PINTURA CAMA | precio_unitario_raw=12600.0 | total_raw=0.0
26/5/2026 CAMA CHAMBRAY,SELLADOR,1.0,FORMULA,,,,,,unidad_raw=PISTOLADAS | seccion=SECCION PINTURA CAMA | precio_unitario_raw=18000.0 | total_raw=0.0
26/5/2026 CAMA CHAMBRAY,LIJA,1.0,FORMULA,,,,,,unidad_raw=unidad | seccion=SECCION PINTURA CAMA | precio_unitario_raw=2000.0 | total_raw=0.0
26/5/2026 CAMA CHAMBRAY,LIJA 2000,1.0,FORMULA,,,,,,unidad_raw=UNIDAD | seccion=SECCION PINTURA CAMA | precio_unitario_raw=2000.0 | total_raw=0.0
26/5/2026 CAMA CHAMBRAY,COLOR NACARADO,1.0,FORMULA,,,,,,unidad_raw=PISTOLADA | seccion=SECCION PINTURA CAMA | precio_unitario_raw=23000.0 | total_raw=0.0
26/5/2026 CAMA CHAMBRAY,COLOR BLANCO,1.0,FORMULA,,,,,,unidad_raw=PISTOLADA | seccion=SECCION PINTURA CAMA | precio_unitario_raw=22000.0 | total_raw=0.0
26/5/2026 CAMA CHAMBRAY,RESANE,1.0,FORMULA,,,,,,unidad_raw=LITRO | seccion=SECCION PINTURA CAMA | precio_unitario_raw=10000.0 | total_raw=0.0
26/5/2026 CAMA CHAMBRAY,LACA,1.0,FORMULA,,,,,,unidad_raw=PISTOLADA | seccion=SECCION PINTURA CAMA | precio_unitario_raw=23000.0 | total_raw=0.0
26/5/2026 CAMA CHAMBRAY,Gastos de Pintura 10%,1.0,FORMULA,,,,,,seccion=SECCION PINTURA CAMA | total_raw=0.0
26/5/2026 CAMA CHAMBRAY,CORREDERAS,4.0,FORMULA,,,,,,unidad_raw=UNIDADES | seccion=SECCION PINTURA CAMA | precio_unitario_raw=10000.0 | total_raw=40000.0
26/5/2026 CAMA CHAMBRAY,SECCION PINTURA,1.0,FORMULA,,,,,NOCHEROS,seccion=SECCION PINTURA NOCHEROS
26/5/2026 CAMA CHAMBRAY,PREPARADO,2.0,FORMULA,,,,,,unidad_raw=CON EL 5% | seccion=SECCION PINTURA NOCHEROS | precio_unitario_raw=36750.0 | total_raw=73500.0
26/5/2026 CAMA CHAMBRAY,PINTURA,2.0,FORMULA,,,,,,unidad_raw=CON EL 5% | seccion=SECCION PINTURA NOCHEROS | precio_unitario_raw=36750.0 | total_raw=73500.0
26/5/2026 CAMA CHAMBRAY,SELLADOR,2.0,VOLUMEN,,,,,,unidad_raw=PISTOLADAS | seccion=SECCION PINTURA NOCHEROS | precio_unitario_raw=18000.0 | total_raw=36000.0
26/5/2026 CAMA CHAMBRAY,LIJA 400,0.5,FORMULA,,,,,,unidad_raw=unidad | seccion=SECCION PINTURA NOCHEROS | precio_unitario_raw=2000.0 | total_raw=1000.0
26/5/2026 CAMA CHAMBRAY,lija 120,1.0,FIJO,,,,,,unidad_raw=unidades | seccion=SECCION PINTURA NOCHEROS | precio_unitario_raw=2000.0 | total_raw=2000.0
26/5/2026 CAMA CHAMBRAY,COLOR BLANCO,3.0,VOLUMEN,,,,,,unidad_raw=PISTOLADAS | seccion=SECCION PINTURA NOCHEROS | precio_unitario_raw=22000.0 | total_raw=66000.0
26/5/2026 CAMA CHAMBRAY,COLOR NACARADO,2.0,VOLUMEN,,,,,,unidad_raw=PISTOLADA | seccion=SECCION PINTURA NOCHEROS | precio_unitario_raw=23000.0 | total_raw=46000.0
26/5/2026 CAMA CHAMBRAY,RESANE,1.0,VOLUMEN,,,,,,unidad_raw=LITRO | seccion=SECCION PINTURA NOCHEROS | precio_unitario_raw=10000.0 | total_raw=10000.0
26/5/2026 CAMA CHAMBRAY,LACA,2.0,VOLUMEN,,,,,,unidad_raw=PISTOLADAS | seccion=SECCION PINTURA NOCHEROS | precio_unitario_raw=23000.0 | total_raw=46000.0
26/5/2026 CAMA CHAMBRAY,Gastos de Pintura 10%,1.0,FORMULA,,,,,,seccion=SECCION PINTURA NOCHEROS | total_raw=35400.0
26/5/2026 CAMA CHAMBRAY,MANIJAS,4.0,FORMULA,,,,,,unidad_raw=UNIDADES | seccion=SECCION TERMINACION | precio_unitario_raw=10000.0 | total_raw=40000.0
26/5/2026 CAMA CHAMBRAY,ESPEJO,1.0,FORMULA,,,,,,unidad_raw=50*80 | seccion=SECCION TERMINACION | precio_unitario_raw=45000.0 | total_raw=0.0
26/5/2026 CAMA CHAMBRAY,APAGADOR CAFETERO,1.0,FORMULA,,,,,,unidad_raw=unidades | seccion=SECCION TERMINACION | precio_unitario_raw=2000.0 | total_raw=0.0
26/5/2026 CAMA CHAMBRAY,CABLE,1.0,FORMULA,,,,,,unidad_raw=METROS | seccion=SECCION TERMINACION | precio_unitario_raw=1500.0 | total_raw=0.0
26/5/2026 CAMA CHAMBRAY,TOMA EXPANDIBLE,1.0,FORMULA,,,,,,unidad_raw=unidades | seccion=SECCION TERMINACION | precio_unitario_raw=260000.0 | total_raw=0.0
26/5/2026 CAMA CHAMBRAY,EMBALADA,1.0,FIJO,,,,,,unidad_raw=unidades | seccion=SECCION TERMINACION | precio_unitario_raw=100000.0 | total_raw=100000.0
26/5/2026 CAMA CHAMBRAY,MADERA,840.0,LINEAL,,,,,,unidad_raw=CMS | seccion=SECCION TENDIDO | precio_unitario_raw=140.0 | total_raw=117600.0
26/5/2026 CAMA CHAMBRAY,lamina de 2.5 mdf,1.0,AREA,,,,,,unidad_raw=LAMINA | seccion=SECCION TENDIDO | precio_unitario_raw=65000.0 | total_raw=65000.0
26/5/2026 CAMA CHAMBRAY,COLBON,0.3,VOLUMEN,,,,,,unidad_raw=LITRO | seccion=SECCION TENDIDO | precio_unitario_raw=14000.0 | total_raw=4200.0
26/5/2026 CAMA CHAMBRAY,CLAVILLO f.50,3.0,ESPACIADO,,,,,,unidad_raw=TIRAS | seccion=SECCION TENDIDO | precio_unitario_raw=1000.0 | total_raw=3000.0
26/5/2026 CAMA CHAMBRAY,PEOPLE,3.2,LINEAL,,,,,,unidad_raw=METROS | seccion=SECCION TENDIDO | precio_unitario_raw=4000.0 | total_raw=12800.0
26/5/2026 CAMA CHAMBRAY,GRAPAS,1.0,FIJO,,,,,,unidad_raw=CAJA DE GRAPAS | seccion=SECCION TENDIDO | precio_unitario_raw=12000.0 | total_raw=0.0
26/5/2026 CAMA CHAMBRAY,HECHURA BURRO,1.0,FIJO,,,,,,unidad_raw=*5% | seccion=SECCION TENDIDO | precio_unitario_raw=42000.0 | total_raw=42000.0
26/5/2026 CAMA CHAMBRAY,HECHURA TENDIDO,1.0,FIJO,,,,,,unidad_raw=*5% | seccion=SECCION TENDIDO | precio_unitario_raw=42000.0 | total_raw=42000.0
26/5/2026 CAMA CHAMBRAY,postura,1.0,FIJO,,,,,,unidad_raw=PEOPLE | seccion=SECCION TENDIDO | precio_unitario_raw=10500.0 | total_raw=10500.0
26/5/2026 CAMA CHAMBRAY,TELA JOY NEGRO,1.0,FORMULA,,,,,,unidad_raw=METROS | seccion=SECCION TAPICERIA | precio_unitario_raw=12500.0 | total_raw=0.0
26/5/2026 CAMA CHAMBRAY,"ESPUMA DE 1""1/2 ROSADA",1.0,FORMULA,,,,,,unidad_raw=LAMINAS | seccion=SECCION TAPICERIA | precio_unitario_raw=30000.0 | total_raw=0.0
26/5/2026 CAMA CHAMBRAY,COSTAL,1.0,FORMULA,,,,,,unidad_raw=METRO | seccion=SECCION TAPICERIA | precio_unitario_raw=3500.0 | total_raw=0.0
26/5/2026 CAMA CHAMBRAY,GRAPAS,1.0,FIJO,,,,,,unidad_raw=CAJA | seccion=SECCION TAPICERIA | precio_unitario_raw=12000.0 | total_raw=0.0
26/5/2026 CAMA CHAMBRAY,"TORNILLOS DE 1"" 1/2",1.0,FIJO,,,,,,unidad_raw=UNIDAD 0 | seccion=SECCION TAPICERIA | precio_unitario_raw=100.0 | total_raw=0.0
26/5/2026 CAMA CHAMBRAY,HILO,1.0,FORMULA,,,,,,unidad_raw=UNIIDAD | seccion=SECCION TAPICERIA | precio_unitario_raw=25000.0 | total_raw=0.0
26/5/2026 CAMA CHAMBRAY,SUPER,1.0,FORMULA,,,,,,unidad_raw=LITRO | seccion=SECCION TAPICERIA | precio_unitario_raw=17000.0 | total_raw=0.0
26/5/2026 CAMA CHAMBRAY,CARTON,1.0,FORMULA,,,,,,unidad_raw=UNIDAD | seccion=SECCION TAPICERIA | precio_unitario_raw=6000.0 | total_raw=0.0
26/5/2026 CAMA CHAMBRAY,HECHURA,1.0,FIJO,,,,,,unidad_raw=TATI | seccion=SECCION TAPICERIA | precio_unitario_raw=210000.0 | total_raw=0.0
27/05/2026 CAMA DE 2X2 FILA,MADERA,1.0,FORMULA,,,,,,unidad_raw=CMS | precio_unitario_raw=140.0 | total_raw=0.0
27/05/2026 CAMA DE 2X2 FILA,1 TABLA,1.0,FORMULA,,,,,,unidad_raw=30X30X2.5 | precio_unitario_raw=50000.0 | total_raw=0.0
27/05/2026 CAMA DE 2X2 FILA,"LAM MFF 9""",1.0,FORMULA,,,,,,unidad_raw=LAMINA | precio_unitario_raw=140000.0 | total_raw=0.0
27/05/2026 CAMA DE 2X2 FILA,LAM MDF 15,1.0,FORMULA,,,,,,unidad_raw=LAMINA | precio_unitario_raw=220000.0 | total_raw=0.0
27/05/2026 CAMA DE 2X2 FILA,LAM MDF 2.5,1.0,FORMULA,,,,,,unidad_raw=LAMINA | precio_unitario_raw=65000.0 | total_raw=0.0
27/05/2026 CAMA DE 2X2 FILA,COLBON,1.0,FORMULA,,,,,,unidad_raw=litros | precio_unitario_raw=14000.0 | total_raw=0.0
27/05/2026 CAMA DE 2X2 FILA,GANCHOS,1.0,FIJO,,,,,,unidad_raw=PAR | precio_unitario_raw=20000.0 | total_raw=0.0
27/05/2026 CAMA DE 2X2 FILA,GRAPAS,1.0,FIJO,,,,,,unidad_raw=CAJAS | precio_unitario_raw=12000.0 | total_raw=0.0
27/05/2026 CAMA DE 2X2 FILA,CLAVILLOS,1.0,FIJO,,,,,,unidad_raw=TIRA | precio_unitario_raw=2000.0 | total_raw=0.0
27/05/2026 CAMA DE 2X2 FILA,"TORNILLOS DE 2""",1.0,FIJO,,,,,,unidad_raw=Unidad | precio_unitario_raw=100.0 | total_raw=0.0
27/05/2026 CAMA DE 2X2 FILA,FABRICACION 300.000 *8% EDUAR OLAYA,1.0,FORMULA,,,,,,total_raw=324000.0
27/05/2026 CAMA DE 2X2 FILA,gastos de Ebanisteria e 10%,1.0,FORMULA,,,,,,total_raw=32400.0
27/05/2026 CAMA DE 2X2 FILA,SECCION PINTURA,1.0,FORMULA,,,,,CAMA,seccion=SECCION PINTURA CAMA
27/05/2026 CAMA DE 2X2 FILA,PREPARADO CAMA,1.0,FORMULA,,,,,,unidad_raw=CON EL 5% | seccion=SECCION PINTURA CAMA | precio_unitario_raw=31500.0 | total_raw=0.0
27/05/2026 CAMA DE 2X2 FILA,PINTURA CAMA,1.0,FORMULA,,,,,,unidad_raw=CON EL 5% | seccion=SECCION PINTURA CAMA | precio_unitario_raw=21000.0 | total_raw=0.0
27/05/2026 CAMA DE 2X2 FILA,PREPARADO BURRO,1.0,FORMULA,,,,,,unidad_raw=CON EL 5% | seccion=SECCION PINTURA CAMA | precio_unitario_raw=9450.0 | total_raw=0.0
27/05/2026 CAMA DE 2X2 FILA,PINTURA BURRO,1.0,FORMULA,,,,,,unidad_raw=CON EL 5% | seccion=SECCION PINTURA CAMA | precio_unitario_raw=12600.0 | total_raw=0.0
27/05/2026 CAMA DE 2X2 FILA,SELLADOR,1.0,FORMULA,,,,,,unidad_raw=PISTOLADAS | seccion=SECCION PINTURA CAMA | precio_unitario_raw=18000.0 | total_raw=0.0
27/05/2026 CAMA DE 2X2 FILA,LIJA,1.0,FORMULA,,,,,,unidad_raw=unidad | seccion=SECCION PINTURA CAMA | precio_unitario_raw=2000.0 | total_raw=0.0
27/05/2026 CAMA DE 2X2 FILA,LIJA 2000,1.0,FORMULA,,,,,,unidad_raw=UNIDAD | seccion=SECCION PINTURA CAMA | precio_unitario_raw=2000.0 | total_raw=0.0
27/05/2026 CAMA DE 2X2 FILA,COLOR NACARADO,1.0,FORMULA,,,,,,unidad_raw=PISTOLADA | seccion=SECCION PINTURA CAMA | precio_unitario_raw=23000.0 | total_raw=0.0
27/05/2026 CAMA DE 2X2 FILA,COLOR BLANCO,1.0,FORMULA,,,,,,unidad_raw=PISTOLADA | seccion=SECCION PINTURA CAMA | precio_unitario_raw=22000.0 | total_raw=0.0
27/05/2026 CAMA DE 2X2 FILA,RESANE,1.0,FORMULA,,,,,,unidad_raw=LITRO | seccion=SECCION PINTURA CAMA | precio_unitario_raw=10000.0 | total_raw=0.0
27/05/2026 CAMA DE 2X2 FILA,LACA,1.0,FORMULA,,,,,,unidad_raw=PISTOLADA | seccion=SECCION PINTURA CAMA | precio_unitario_raw=23000.0 | total_raw=0.0
27/05/2026 CAMA DE 2X2 FILA,Gastos de Pintura 10%,1.0,FORMULA,,,,,,seccion=SECCION PINTURA CAMA | total_raw=0.0
27/05/2026 CAMA DE 2X2 FILA,CORREDERAS,4.0,FORMULA,,,,,,unidad_raw=UNIDADES | seccion=SECCION PINTURA CAMA | precio_unitario_raw=10000.0 | total_raw=40000.0
27/05/2026 CAMA DE 2X2 FILA,SECCION PINTURA,1.0,FORMULA,,,,,NOCHEROS,seccion=SECCION PINTURA NOCHEROS
27/05/2026 CAMA DE 2X2 FILA,PREPARADO,2.0,FORMULA,,,,,,unidad_raw=CON EL 5% | seccion=SECCION PINTURA NOCHEROS | precio_unitario_raw=36750.0 | total_raw=73500.0
27/05/2026 CAMA DE 2X2 FILA,PINTURA,2.0,FORMULA,,,,,,unidad_raw=CON EL 5% | seccion=SECCION PINTURA NOCHEROS | precio_unitario_raw=36750.0 | total_raw=73500.0
27/05/2026 CAMA DE 2X2 FILA,SELLADOR,2.0,VOLUMEN,,,,,,unidad_raw=PISTOLADAS | seccion=SECCION PINTURA NOCHEROS | precio_unitario_raw=18000.0 | total_raw=36000.0
27/05/2026 CAMA DE 2X2 FILA,LIJA 400,0.5,FORMULA,,,,,,unidad_raw=unidad | seccion=SECCION PINTURA NOCHEROS | precio_unitario_raw=2000.0 | total_raw=1000.0
27/05/2026 CAMA DE 2X2 FILA,lija 120,1.0,FIJO,,,,,,unidad_raw=unidades | seccion=SECCION PINTURA NOCHEROS | precio_unitario_raw=2000.0 | total_raw=2000.0
27/05/2026 CAMA DE 2X2 FILA,COLOR BLANCO,3.0,VOLUMEN,,,,,,unidad_raw=PISTOLADAS | seccion=SECCION PINTURA NOCHEROS | precio_unitario_raw=22000.0 | total_raw=66000.0
27/05/2026 CAMA DE 2X2 FILA,COLOR NACARADO,2.0,VOLUMEN,,,,,,unidad_raw=PISTOLADA | seccion=SECCION PINTURA NOCHEROS | precio_unitario_raw=23000.0 | total_raw=46000.0
27/05/2026 CAMA DE 2X2 FILA,RESANE,1.0,VOLUMEN,,,,,,unidad_raw=LITRO | seccion=SECCION PINTURA NOCHEROS | precio_unitario_raw=10000.0 | total_raw=10000.0
27/05/2026 CAMA DE 2X2 FILA,LACA,2.0,VOLUMEN,,,,,,unidad_raw=PISTOLADAS | seccion=SECCION PINTURA NOCHEROS | precio_unitario_raw=23000.0 | total_raw=46000.0
27/05/2026 CAMA DE 2X2 FILA,Gastos de Pintura 10%,1.0,FORMULA,,,,,,seccion=SECCION PINTURA NOCHEROS | total_raw=35400.0
27/05/2026 CAMA DE 2X2 FILA,MANIJAS,4.0,FORMULA,,,,,,unidad_raw=UNIDADES | seccion=SECCION TERMINACION | precio_unitario_raw=10000.0 | total_raw=40000.0
27/05/2026 CAMA DE 2X2 FILA,ESPEJO,1.0,FORMULA,,,,,,unidad_raw=50*80 | seccion=SECCION TERMINACION | precio_unitario_raw=45000.0 | total_raw=0.0
27/05/2026 CAMA DE 2X2 FILA,APAGADOR CAFETERO,1.0,FORMULA,,,,,,unidad_raw=unidades | seccion=SECCION TERMINACION | precio_unitario_raw=2000.0 | total_raw=0.0
27/05/2026 CAMA DE 2X2 FILA,CABLE,1.0,FORMULA,,,,,,unidad_raw=METROS | seccion=SECCION TERMINACION | precio_unitario_raw=1500.0 | total_raw=0.0
27/05/2026 CAMA DE 2X2 FILA,TOMA EXPANDIBLE,1.0,FORMULA,,,,,,unidad_raw=unidades | seccion=SECCION TERMINACION | precio_unitario_raw=260000.0 | total_raw=0.0
27/05/2026 CAMA DE 2X2 FILA,EMBALADA,1.0,FIJO,,,,,,unidad_raw=unidades | seccion=SECCION TERMINACION | precio_unitario_raw=100000.0 | total_raw=100000.0
27/05/2026 CAMA DE 2X2 FILA,MADERA,840.0,LINEAL,,,,,,unidad_raw=CMS | seccion=SECCION TENDIDO | precio_unitario_raw=140.0 | total_raw=117600.0
27/05/2026 CAMA DE 2X2 FILA,lamina de 2.5 mdf,1.0,AREA,,,,,,unidad_raw=LAMINA | seccion=SECCION TENDIDO | precio_unitario_raw=65000.0 | total_raw=65000.0
27/05/2026 CAMA DE 2X2 FILA,COLBON,0.3,VOLUMEN,,,,,,unidad_raw=LITRO | seccion=SECCION TENDIDO | precio_unitario_raw=14000.0 | total_raw=4200.0
27/05/2026 CAMA DE 2X2 FILA,CLAVILLO f.50,3.0,ESPACIADO,,,,,,unidad_raw=TIRAS | seccion=SECCION TENDIDO | precio_unitario_raw=1000.0 | total_raw=3000.0
27/05/2026 CAMA DE 2X2 FILA,PEOPLE,3.2,LINEAL,,,,,,unidad_raw=METROS | seccion=SECCION TENDIDO | precio_unitario_raw=4000.0 | total_raw=12800.0
27/05/2026 CAMA DE 2X2 FILA,GRAPAS,1.0,FIJO,,,,,,unidad_raw=CAJA DE GRAPAS | seccion=SECCION TENDIDO | precio_unitario_raw=12000.0 | total_raw=0.0
27/05/2026 CAMA DE 2X2 FILA,HECHURA BURRO,1.0,FIJO,,,,,,unidad_raw=*5% | seccion=SECCION TENDIDO | precio_unitario_raw=42000.0 | total_raw=42000.0
27/05/2026 CAMA DE 2X2 FILA,HECHURA TENDIDO,1.0,FIJO,,,,,,unidad_raw=*5% | seccion=SECCION TENDIDO | precio_unitario_raw=42000.0 | total_raw=42000.0
27/05/2026 CAMA DE 2X2 FILA,postura,1.0,FIJO,,,,,,unidad_raw=PEOPLE | seccion=SECCION TENDIDO | precio_unitario_raw=10500.0 | total_raw=10500.0
27/05/2026 CAMA DE 2X2 FILA,TELA JOY NEGRO,1.0,FORMULA,,,,,,unidad_raw=METROS | seccion=SECCION TAPICERIA | precio_unitario_raw=12500.0 | total_raw=0.0
27/05/2026 CAMA DE 2X2 FILA,"ESPUMA DE 1""1/2 ROSADA",1.0,FORMULA,,,,,,unidad_raw=LAMINAS | seccion=SECCION TAPICERIA | precio_unitario_raw=30000.0 | total_raw=0.0
27/05/2026 CAMA DE 2X2 FILA,COSTAL,1.0,FORMULA,,,,,,unidad_raw=METRO | seccion=SECCION TAPICERIA | precio_unitario_raw=3500.0 | total_raw=0.0
27/05/2026 CAMA DE 2X2 FILA,GRAPAS,1.0,FIJO,,,,,,unidad_raw=CAJA | seccion=SECCION TAPICERIA | precio_unitario_raw=12000.0 | total_raw=0.0
27/05/2026 CAMA DE 2X2 FILA,"TORNILLOS DE 1"" 1/2",1.0,FIJO,,,,,,unidad_raw=UNIDAD 0 | seccion=SECCION TAPICERIA | precio_unitario_raw=100.0 | total_raw=0.0
27/05/2026 CAMA DE 2X2 FILA,HILO,1.0,FORMULA,,,,,,unidad_raw=UNIIDAD | seccion=SECCION TAPICERIA | precio_unitario_raw=25000.0 | total_raw=0.0
27/05/2026 CAMA DE 2X2 FILA,SUPER,1.0,FORMULA,,,,,,unidad_raw=LITRO | seccion=SECCION TAPICERIA | precio_unitario_raw=17000.0 | total_raw=0.0
27/05/2026 CAMA DE 2X2 FILA,CARTON,1.0,FORMULA,,,,,,unidad_raw=UNIDAD | seccion=SECCION TAPICERIA | precio_unitario_raw=6000.0 | total_raw=0.0
27/05/2026 CAMA DE 2X2 FILA,HECHURA,1.0,FIJO,,,,,,unidad_raw=TATI | seccion=SECCION TAPICERIA | precio_unitario_raw=210000.0 | total_raw=0.0
